minute,mor_m,rvr_m,mor_raw_m,pressure_hpa,temperature_c,relative_humidity_pct,dewpoint_c,wind_speed_mps,wind_dir_sin,wind_dir_cos,event,dewpoint_spread_c
2019-12-15 08:00:00,7000.0,3000.0,7142.0,1023.3,8.6,90.0,7.06,3.795,0.9987438097631474,0.04797285584801784,AMOS20191216,1.54
2019-12-15 08:01:00,7000.0,3000.0,7177.5,1023.3,8.6,90.0,7.06,3.77,0.9996192610877435,0.02617595156989234,AMOS20191216,1.54
2019-12-15 08:02:00,6000.0,3000.0,6827.0,1023.3,8.7,90.0,7.16,4.1325,0.9982871155733295,0.05668710010842388,AMOS20191216,1.5399999999999991
2019-12-15 08:03:00,7000.0,3000.0,7785.5,1023.3,8.8,90.0,7.26,4.2325,0.9997334781220674,0.02181417900358797,AMOS20191216,1.540000000000001
2019-12-15 08:04:00,7000.0,3000.0,8132.0,1023.3,8.9,90.0,7.36,4.335,0.9995431202643218,-0.0261746225268757,AMOS20191216,1.54
2019-12-15 08:05:00,8000.0,3000.0,7936.5,1023.3,9.0,89.0,7.3,4.845000000000001,0.9967275446186042,-0.07844415900059525,AMOS20191216,1.7000000000000002
2019-12-15 08:06:00,7500.0,3000.0,8065.5,1023.3,9.1,89.0,7.39,4.8675,0.9961946980917455,-0.08715574274765824,AMOS20191216,1.71
2019-12-15 08:07:00,8000.0,3000.0,8301.5,1023.2,9.2,88.0,7.33,4.6825,0.9961946980917455,-0.08715574274765824,AMOS20191216,1.8699999999999992
2019-12-15 08:08:00,8000.0,3000.0,8304.0,1023.3,9.2,87.0,7.16,4.42,0.9972217122178045,-0.07410629099500855,AMOS20191216,2.039999999999999
2019-12-15 08:09:00,8000.0,3000.0,8360.0,1023.3,9.2,87.0,7.16,4.2825,0.9968793741757849,-0.07845610824589178,AMOS20191216,2.039999999999999
2019-12-15 08:10:00,8000.0,3000.0,8264.0,1023.3,9.2,87.0,7.16,4.335,0.9971457452994723,-0.07410097887059641,AMOS20191216,2.039999999999999
2019-12-15 08:11:00,8000.0,3000.0,8270.5,1023.3,9.3,87.0,7.26,4.455,0.9991243979211587,-0.03925595390641803,AMOS20191216,2.040000000000001
2019-12-15 08:12:00,8000.0,3000.0,8137.5,1023.3,9.4,87.0,7.36,4.717499999999999,0.999428938021613,-0.030535066455002938,AMOS20191216,2.04
2019-12-15 08:13:00,8000.0,3000.0,8111.0,1023.3,9.4,86.0,7.19,4.7,0.9987438097631474,-0.04797285584801777,AMOS20191216,2.21
2019-12-15 08:14:00,8000.0,3000.0,8243.5,1023.3,9.5,86.0,7.29,4.515000000000001,0.9972217122178045,-0.07410629099500855,AMOS20191216,2.21
2019-12-15 08:15:00,8000.0,3000.0,8261.5,1023.3,9.5,86.0,7.29,4.3425,0.9985534866970169,-0.052331970733128494,AMOS20191216,2.21
2019-12-15 08:16:00,8000.0,3000.0,8170.0,1023.3,9.5,85.0,7.12,4.255,0.9996192610877435,-0.026175951569892216,AMOS20191216,2.38
2019-12-15 08:17:00,8000.0,3000.0,8113.5,1023.3,9.6,85.0,7.22,4.3,0.9996192610877435,-0.026175951569892216,AMOS20191216,2.38
2019-12-15 08:18:00,7000.0,3000.0,7667.0,1023.3,9.6,85.0,7.22,4.135,0.9992005039529652,-0.03925861158761168,AMOS20191216,2.38
2019-12-15 08:19:00,7000.0,3000.0,8004.5,1023.3,9.7,85.0,7.32,3.9749999999999996,0.9983631636308864,-0.05669108561823921,AMOS20191216,2.379999999999999
2019-12-15 08:20:00,8000.0,3000.0,8163.5,1023.3,9.7,85.0,7.32,4.0525,0.9987438097631474,-0.04797285584801777,AMOS20191216,2.379999999999999
2019-12-15 08:21:00,8000.0,3000.0,8436.0,1023.3,9.8,85.0,7.42,4.17,0.9993908270190958,-0.034899496702500955,AMOS20191216,2.380000000000001
2019-12-15 08:22:00,8000.0,3000.0,8741.0,1023.3,9.8,84.0,7.24,4.2575,0.999428938021613,-0.030535066455002938,AMOS20191216,2.5600000000000005
2019-12-15 08:23:00,8000.0,3000.0,8237.5,1023.3,9.9,84.0,7.34,4.15,0.999428938021613,-0.030535066455002938,AMOS20191216,2.5600000000000005
2019-12-15 08:24:00,8000.0,3000.0,8272.0,1023.3,9.9,84.0,7.34,4.39,0.9910293827308359,-0.1304735040583168,AMOS20191216,2.5600000000000005
2019-12-15 08:25:00,8000.0,3000.0,8071.5,1023.3,9.8,85.0,7.42,4.225,0.9847327575168044,-0.17363495393765904,AMOS20191216,2.380000000000001
2019-12-15 08:26:00,7000.0,3000.0,7939.0,1023.3,9.8,84.0,7.24,3.8175,0.9928131827357899,-0.11750760198386062,AMOS20191216,2.5600000000000005
2019-12-15 08:27:00,7000.0,3000.0,7843.5,1023.3,9.8,84.0,7.24,3.9375,0.9972217122178045,-0.07410629099500855,AMOS20191216,2.5600000000000005
2019-12-15 08:28:00,7000.0,3000.0,7758.5,1023.3,9.8,84.0,7.24,4.16,0.9988580267974713,-0.0436110832817134,AMOS20191216,2.5600000000000005
2019-12-15 08:29:00,7000.0,3000.0,7658.5,1023.3,9.9,85.0,7.51,4.4399999999999995,0.9998857713672935,-0.004363101609320823,AMOS20191216,2.3900000000000006
2019-12-15 08:30:00,7000.0,3000.0,7738.5,1023.2,9.9,84.0,7.34,4.452500000000001,0.9999238475781956,0.00872620321864183,AMOS20191216,2.5600000000000005
2019-12-15 08:31:00,7000.0,3000.0,7777.5,1023.3,10.0,84.0,7.44,4.52,0.9999238475781956,-0.008726203218641707,AMOS20191216,2.5599999999999996
2019-12-15 08:32:00,7000.0,3000.0,7908.0,1023.3,10.0,84.0,7.44,4.475,0.9988580267974713,-0.0436110832817134,AMOS20191216,2.5599999999999996
2019-12-15 08:33:00,8000.0,3000.0,8425.5,1023.3,10.1,84.0,7.54,3.9699999999999998,0.9965370361337652,-0.08280592549677501,AMOS20191216,2.5599999999999996
2019-12-15 08:34:00,8000.0,3000.0,8043.0,1023.3,10.1,83.0,7.36,3.63,0.9979447775313098,-0.061036917359307094,AMOS20191216,2.7399999999999993
2019-12-15 08:35:00,8000.0,3000.0,8093.0,1023.3,10.1,83.0,7.36,3.7625,0.9988198578207044,-0.04797684135783312,AMOS20191216,2.7399999999999993
2019-12-15 08:36:00,7500.0,3000.0,7756.0,1023.3,10.1,83.0,7.36,3.9875,0.9997334781220674,-0.02181417900358785,AMOS20191216,2.7399999999999993
2019-12-15 08:37:00,7000.0,3000.0,7847.5,1023.3,10.2,84.0,7.64,4.045,0.9997334781220674,-0.02181417900358785,AMOS20191216,2.5599999999999996
2019-12-15 08:38:00,7000.0,3000.0,8025.5,1023.3,10.3,84.0,7.73,4.0024999999999995,0.9986295347545738,-0.05233595624294384,AMOS20191216,2.5700000000000003
2019-12-15 08:39:00,8000.0,3000.0,8016.5,1023.3,10.3,83.0,7.56,4.0375,0.9992005039529652,-0.03925861158761168,AMOS20191216,2.740000000000001
2019-12-15 08:40:00,8000.0,3000.0,8047.5,1023.3,10.4,84.0,7.83,4.0175,0.9992005039529652,-0.03925861158761168,AMOS20191216,2.5700000000000003
2019-12-15 08:41:00,7000.0,3000.0,7889.0,1023.3,10.3,83.0,7.56,3.9924999999999997,1.0,6.123233995736766e-17,AMOS20191216,2.740000000000001
2019-12-15 08:42:00,7000.0,3000.0,7701.0,1023.3,10.3,82.0,7.38,4.140000000000001,0.9996573372986457,0.021812849960571454,AMOS20191216,2.920000000000001
2019-12-15 08:43:00,7000.0,3000.0,7712.0,1023.3,10.4,83.0,7.66,4.405,0.9991625668979256,-0.03489019583029831,AMOS20191216,2.74
2019-12-15 08:44:00,7000.0,3000.0,7813.0,1023.3,10.5,83.0,7.76,4.09,0.9961188354528971,-0.08714910562677383,AMOS20191216,2.74
2019-12-15 08:45:00,7000.0,3000.0,7893.0,1023.3,10.6,82.0,7.68,3.705,0.999428938021613,-0.021808863236361168,AMOS20191216,2.92
2019-12-15 08:46:00,7000.0,3000.0,7927.0,1023.3,10.6,82.0,7.68,3.85,0.9993147209872891,0.034896839021307434,AMOS20191216,2.92
2019-12-15 08:47:00,7000.0,3000.0,7951.5,1023.3,10.6,82.0,7.68,4.125,0.9996192610877435,-0.026175951569892216,AMOS20191216,2.92
2019-12-15 08:48:00,7000.0,3000.0,7792.0,1023.3,10.6,82.0,7.68,4.445,0.9978304213835116,-0.06540134436882997,AMOS20191216,2.92
2019-12-15 08:49:00,7000.0,3000.0,7689.0,1023.2,10.7,82.0,7.78,4.27,0.9968793741757849,-0.07845610824589178,AMOS20191216,2.919999999999999
2019-12-15 08:50:00,7000.0,3000.0,7557.0,1023.2,10.7,81.0,7.6,3.7975,0.9939522241856658,-0.10885572320640163,AMOS20191216,3.0999999999999996
2019-12-15 08:51:00,7000.0,3000.0,7495.0,1023.2,10.8,81.0,7.69,3.2725,0.9907621781548381,-0.13483656320264772,AMOS20191216,3.1100000000000003
2019-12-15 08:52:00,7000.0,3000.0,7442.0,1023.2,10.8,82.0,7.87,3.375,0.9941432421836156,-0.10448866521424907,AMOS20191216,2.9300000000000006
2019-12-15 08:53:00,7000.0,3000.0,7583.5,1023.2,10.8,81.0,7.69,4.035,0.9973362537843113,-0.06973921237441665,AMOS20191216,3.1100000000000003
2019-12-15 08:54:00,7000.0,3000.0,7708.0,1023.2,10.8,81.0,7.69,3.9400000000000004,0.9890958927630993,-0.14341031677239413,AMOS20191216,3.1100000000000003
2019-12-15 08:55:00,7000.0,3000.0,7693.0,1023.3,10.9,81.0,7.79,3.695,0.9644655857439145,-0.26294478999653037,AMOS20191216,3.1100000000000003
2019-12-15 08:56:00,7000.0,3000.0,7661.0,1023.3,10.9,81.0,7.79,3.7875,0.9624277285260062,-0.2714327781383795,AMOS20191216,3.1100000000000003
2019-12-15 08:57:00,7000.0,3000.0,7727.0,1023.2,10.9,80.0,7.61,3.5725,0.9721848045210264,-0.23340092146595326,AMOS20191216,3.29
2019-12-15 08:58:00,7000.0,3000.0,7813.5,1023.3,11.0,81.0,7.89,3.6375,0.9657048207377353,-0.258761202770096,AMOS20191216,3.1100000000000003
2019-12-15 08:59:00,7000.0,3000.0,7639.5,1023.3,11.1,80.0,7.81,3.9349999999999996,0.9635937611136935,-0.2672282004597599,AMOS20191216,3.29
2019-12-15 09:00:00,7000.0,3000.0,7768.0,1023.2,11.2,80.0,7.9,4.0775,0.9523685762121241,-0.30485567196189467,AMOS20191216,3.299999999999999
2019-12-15 09:01:00,7000.0,3000.0,7230.5,1023.3,11.4,80.0,8.1,4.0725,0.9689077123092973,-0.24607249683423676,AMOS20191216,3.3000000000000007
2019-12-15 09:02:00,7000.0,3000.0,7549.0,1023.2,11.4,79.0,7.92,4.22,0.9869681936994054,-0.16073789319690568,AMOS20191216,3.4800000000000004
2019-12-15 09:03:00,7000.0,3000.0,7575.0,1023.2,11.5,80.0,8.2,4.3425,0.9789430081035922,-0.20362018397867848,AMOS20191216,3.3000000000000007
2019-12-15 09:04:00,7000.0,3000.0,7634.0,1023.2,11.4,79.0,7.92,4.3625,0.965852268698113,-0.25879933540542716,AMOS20191216,3.4800000000000004
2019-12-15 09:05:00,7000.0,3000.0,7483.5,1023.3,11.5,80.0,8.2,4.1375,0.977128728437985,-0.21215569872050855,AMOS20191216,3.3000000000000007
2019-12-15 09:06:00,7000.0,3000.0,7229.5,1023.3,11.6,79.0,8.11,3.57,0.9938766393924656,-0.10884644256075768,AMOS20191216,3.49
2019-12-15 09:07:00,7000.0,3000.0,7205.0,1023.3,11.5,78.0,7.83,3.4725,0.9830393504900301,-0.1777586748553977,AMOS20191216,3.67
2019-12-15 09:08:00,7000.0,3000.0,7169.5,1023.3,11.6,79.0,8.11,3.9,0.9535353859489563,-0.30064855234295995,AMOS20191216,3.49
2019-12-15 09:09:00,7000.0,3000.0,7263.5,1023.3,11.7,79.0,8.21,4.785,0.9440620868959647,-0.3296811516742847,AMOS20191216,3.4899999999999984
2019-12-15 09:10:00,7000.0,3000.0,7196.0,1023.3,11.9,79.0,8.4,5.005,0.9166061959728524,-0.39855171697486297,AMOS20191216,3.5
2019-12-15 09:11:00,7000.0,3000.0,7137.5,1023.3,11.9,78.0,8.22,4.8275,0.8655618312078363,-0.4997369597207014,AMOS20191216,3.6799999999999997
2019-12-15 09:12:00,7000.0,3000.0,6971.5,1023.3,11.9,78.0,8.22,4.97,0.8885187074947957,-0.45761524282891686,AMOS20191216,3.6799999999999997
2019-12-15 09:13:00,6000.0,3000.0,6856.5,1023.3,12.0,78.0,8.31,5.4875,0.9202950874056663,-0.3906406442654493,AMOS20191216,3.6899999999999995
2019-12-15 09:14:00,6000.0,3000.0,6811.5,1023.3,12.0,78.0,8.31,5.7325,0.9041533027441563,-0.42642775918964937,AMOS20191216,3.6899999999999995
2019-12-15 09:15:00,6000.0,3000.0,6856.0,1023.3,12.1,78.0,8.41,5.7075,0.9255141042882007,-0.3786377271842525,AMOS20191216,3.6899999999999995
2019-12-15 09:16:00,6000.0,3000.0,6790.5,1023.3,12.1,77.0,8.22,6.13,0.9334382376763479,-0.3583133683707904,AMOS20191216,3.879999999999999
2019-12-15 09:17:00,6000.0,3000.0,6652.0,1023.3,12.2,77.0,8.32,6.09,0.9116664712920853,-0.4106760737616182,AMOS20191216,3.879999999999999
2019-12-15 09:18:00,6000.0,3000.0,6930.5,1023.3,12.2,77.0,8.32,5.9975000000000005,0.9205048534524403,-0.3907311284892738,AMOS20191216,3.879999999999999
2019-12-15 09:19:00,7000.0,3000.0,7055.0,1023.3,12.2,77.0,8.32,6.3575,0.9203646561046941,-0.39067161824585617,AMOS20191216,3.879999999999999
2019-12-15 09:20:00,6000.0,3000.0,6900.0,1023.3,12.1,77.0,8.22,6.49,0.9302404388255845,-0.36643145369403873,AMOS20191216,3.879999999999999
2019-12-15 09:21:00,6000.0,3000.0,6861.5,1023.3,12.1,77.0,8.22,6.3225,0.9422473769857508,-0.3336651813728689,AMOS20191216,3.879999999999999
2019-12-15 09:22:00,6000.0,3000.0,6812.5,1023.2,12.1,77.0,8.22,6.18,0.8840847474181193,-0.4651437094929346,AMOS20191216,3.879999999999999
2019-12-15 09:23:00,6000.0,3000.0,6866.0,1023.2,12.2,77.0,8.32,6.205,0.8614651269455933,-0.5074417398473989,AMOS20191216,3.879999999999999
2019-12-15 09:24:00,6000.0,3000.0,7009.5,1023.2,12.3,77.0,8.42,6.3925,0.902001107035584,-0.4302324585226279,AMOS20191216,3.880000000000001
2019-12-15 09:25:00,6000.0,3000.0,6858.0,1023.2,12.2,77.0,8.32,6.6,0.913267204037789,-0.40661275658914753,AMOS20191216,3.879999999999999
2019-12-15 09:26:00,7000.0,3000.0,7314.0,1023.2,12.2,76.0,8.13,6.713333333333334,0.8652341653060769,-0.49954317825152456,AMOS20191216,4.0699999999999985
2019-12-15 09:27:00,7000.0,3000.0,7361.5,1023.2,12.2,76.0,8.13,6.390000000000001,0.838606701150579,-0.5445975594335014,AMOS20191216,4.0699999999999985
2019-12-15 09:28:00,7000.0,3000.0,7343.5,1023.2,12.2,76.0,8.13,6.0075,0.880596687520482,-0.4731630824553263,AMOS20191216,4.0699999999999985
2019-12-15 09:29:00,7000.0,3000.0,7236.0,1023.2,12.3,77.0,8.42,6.6575,0.8846933917827251,-0.4654583023286287,AMOS20191216,3.880000000000001
2019-12-15 09:30:00,7000.0,3000.0,7144.5,1023.2,12.4,76.0,8.32,6.4925,0.8703225554619173,-0.4924048101231684,AMOS20191216,4.08
2019-12-15 09:31:00,7000.0,3000.0,6953.0,1023.2,12.4,75.0,8.13,5.94,0.8869770585236474,-0.46173103126271886,AMOS20191216,4.27
2019-12-15 09:32:00,6000.0,3000.0,6922.0,1023.2,12.5,76.0,8.42,6.245,0.8565146663387083,-0.5146459326224605,AMOS20191216,4.08
2019-12-15 09:33:00,6000.0,3000.0,6874.0,1023.2,12.6,75.0,8.32,6.2775,0.8115507568534586,-0.5842330483071163,AMOS20191216,4.279999999999999
2019-12-15 09:34:00,6000.0,3000.0,6792.5,1023.2,12.5,75.0,8.23,6.109999999999999,0.8453836854624106,-0.5333929626010898,AMOS20191216,4.27
2019-12-15 09:35:00,6000.0,3000.0,6843.5,1023.2,12.5,75.0,8.23,6.077500000000001,0.8571020253362723,-0.5149988535133283,AMOS20191216,4.27
2019-12-15 09:36:00,6000.0,3000.0,6886.0,1023.2,12.7,75.0,8.42,6.54,0.868173979623178,-0.4962024050615841,AMOS20191216,4.279999999999999
2019-12-15 09:37:00,6000.0,3000.0,6872.0,1023.2,12.6,75.0,8.32,6.734999999999999,0.8928855524114072,-0.4500510890258982,AMOS20191216,4.279999999999999
2019-12-15 09:38:00,6000.0,3000.0,6956.5,1023.2,12.5,74.0,8.03,6.5725,0.9025509166679084,-0.43049470426488845,AMOS20191216,4.470000000000001
2019-12-15 09:39:00,6000.0,3000.0,6992.5,1023.2,12.5,75.0,8.23,6.345000000000001,0.8868419676214644,-0.46166070739021303,AMOS20191216,4.27
2019-12-15 09:40:00,7000.0,3000.0,7007.0,1023.2,12.5,75.0,8.23,6.0775,0.868173979623178,-0.4962024050615841,AMOS20191216,4.27
2019-12-15 09:41:00,7000.0,3000.0,7126.0,1023.2,12.7,75.0,8.42,5.855,0.8766350741604221,-0.4809381864545297,AMOS20191216,4.279999999999999
2019-12-15 09:42:00,7000.0,3000.0,7185.0,1023.2,12.7,74.0,8.22,6.165,0.8828803542614043,-0.46943581138941637,AMOS20191216,4.479999999999999
2019-12-15 09:43:00,7000.0,3000.0,7113.0,1023.1,12.7,74.0,8.22,6.234999999999999,0.8829475928589269,-0.4694715627858909,AMOS20191216,4.479999999999999
2019-12-15 09:44:00,7000.0,3000.0,7142.0,1023.1,12.7,74.0,8.22,5.9125,0.8787164114016388,-0.47710484011963944,AMOS20191216,4.479999999999999
2019-12-15 09:45:00,7000.0,3000.0,7260.5,1023.1,12.7,75.0,8.42,5.6925,0.8987940462991669,-0.4383711467890775,AMOS20191216,4.279999999999999
2019-12-15 09:46:00,7000.0,3000.0,7241.5,1023.1,12.8,75.0,8.52,5.6675,0.913475888943573,-0.4067056690953934,AMOS20191216,4.280000000000001
2019-12-15 09:47:00,7000.0,3000.0,7287.5,1023.1,13.0,74.0,8.51,5.675,0.8924767009850226,-0.44984724322427644,AMOS20191216,4.49
2019-12-15 09:48:00,7000.0,3000.0,7368.0,1023.1,13.0,73.0,8.32,5.6525,0.8497467870717315,-0.5258358489351606,AMOS20191216,4.68
2019-12-15 09:49:00,7000.0,3000.0,7515.0,1023.1,13.0,73.0,8.32,6.2725,0.7932631228997122,-0.6086913651264956,AMOS20191216,4.68
2019-12-15 09:50:00,7000.0,3000.0,7482.0,1023.1,13.0,73.0,8.32,6.51,0.7798029779473483,-0.6258577378469233,AMOS20191216,4.68
2019-12-15 09:51:00,7000.0,3000.0,7348.0,1023.1,13.0,73.0,8.32,6.7,0.8038262522111201,-0.5948001377222607,AMOS20191216,4.68
2019-12-15 09:52:00,7000.0,3000.0,7198.0,1023.0,13.0,73.0,8.32,6.5625,0.7879507446794269,-0.6156145912133005,AMOS20191216,4.68
2019-12-15 09:53:00,7000.0,3000.0,7225.0,1023.0,13.0,73.0,8.32,5.9399999999999995,0.7630348735687595,-0.6459596405742949,AMOS20191216,4.68
2019-12-15 09:54:00,7000.0,3000.0,7248.5,1023.0,13.0,73.0,8.32,5.5425,0.8494843764488638,-0.5256812772655046,AMOS20191216,4.68
2019-12-15 09:55:00,7000.0,3000.0,7240.0,1023.0,13.1,73.0,8.41,5.6,0.8824788660121435,-0.46921782105614235,AMOS20191216,4.6899999999999995
2019-12-15 09:56:00,7000.0,3000.0,7273.0,1022.9,13.3,73.0,8.61,5.67,0.816368779164164,-0.5769539367026486,AMOS20191216,4.690000000000001
2019-12-15 09:57:00,7000.0,3000.0,7154.5,1023.0,13.4,71.0,8.3,5.52,0.8301132682451334,-0.5546716417345171,AMOS20191216,5.1
2019-12-15 09:58:00,7000.0,3000.0,7379.5,1023.0,13.4,72.0,8.5,6.21,0.9113203235100893,-0.41051759482676486,AMOS20191216,4.9
2019-12-15 09:59:00,7000.0,3000.0,7278.5,1023.0,13.4,71.0,8.3,6.4375,0.9350373806589515,-0.35425370740313744,AMOS20191216,5.1
2019-12-15 10:00:00,7000.0,3000.0,7253.0,1022.9,13.1,71.0,8.01,5.905,0.9043603343193962,-0.42652429959866367,AMOS20191216,5.09
2019-12-15 10:01:00,7000.0,3000.0,7350.0,1023.0,13.2,72.0,8.31,5.800000000000001,0.922104505057154,-0.38667023959922453,AMOS20191216,4.889999999999999
2019-12-15 10:02:00,7000.0,3000.0,7497.5,1022.9,13.2,72.0,8.31,5.6525,0.9439185234977473,-0.3296303132086402,AMOS20191216,4.889999999999999
2019-12-15 10:03:00,7000.0,3000.0,7444.0,1023.0,13.3,72.0,8.4,5.6375,0.9182032620779121,-0.3944969488240853,AMOS20191216,4.9
2019-12-15 10:04:00,7000.0,3000.0,7620.5,1022.9,13.5,72.0,8.6,5.5600000000000005,0.8762335859111612,-0.4807201961212556,AMOS20191216,4.9
2019-12-15 10:05:00,7000.0,3000.0,7292.5,1022.9,13.5,71.0,8.39,5.395,0.8571020253362723,-0.5149988535133283,AMOS20191216,5.109999999999999
2019-12-15 10:06:00,7000.0,3000.0,7594.5,1022.9,13.5,71.0,8.39,5.87,0.8888567004538246,-0.45779044162862703,AMOS20191216,5.109999999999999
2019-12-15 10:07:00,7000.0,3000.0,7571.0,1022.9,13.5,71.0,8.39,6.6025,0.9234222789604465,-0.3824940317428885,AMOS20191216,5.109999999999999
2019-12-15 10:08:00,7000.0,3000.0,7127.5,1022.8,13.5,70.0,8.18,6.8475,0.9481431171608536,-0.31724424922012734,AMOS20191216,5.32
2019-12-15 10:09:00,7000.0,3000.0,7419.5,1022.8,13.4,70.0,8.09,6.5024999999999995,0.9559406535304644,-0.29226038743790594,AMOS20191216,5.3100000000000005
2019-12-15 10:10:00,7000.0,3000.0,7425.5,1022.8,13.5,71.0,8.39,5.96,0.9454465720699239,-0.3255433616537323,AMOS20191216,5.109999999999999
2019-12-15 10:11:00,7000.0,3000.0,7348.5,1022.8,13.5,71.0,8.39,5.8525,0.9508396622517833,-0.30894513678652236,AMOS20191216,5.109999999999999
2019-12-15 10:12:00,7000.0,3000.0,7339.0,1022.8,13.6,71.0,8.49,5.875,0.9154894525154202,-0.3980661430999147,AMOS20191216,5.109999999999999
2019-12-15 10:13:00,7000.0,3000.0,7268.5,1022.8,13.7,71.0,8.58,5.7775,0.813085213051137,-0.5799843654781043,AMOS20191216,5.119999999999999
2019-12-15 10:14:00,7000.0,3000.0,7122.0,1022.8,13.8,70.0,8.47,6.35,0.7878299177239029,-0.6155218774294515,AMOS20191216,5.33
2019-12-15 10:15:00,7000.0,3000.0,7111.0,1022.7,13.8,70.0,8.47,6.4725,0.8240324280100182,-0.5663409906761783,AMOS20191216,5.33
2019-12-15 10:16:00,6000.0,3000.0,6826.5,1022.8,13.7,69.0,8.17,5.7025,0.8657616241460576,-0.4998477067547738,AMOS20191216,5.529999999999999
2019-12-15 10:17:00,6500.0,3000.0,7227.0,1022.8,13.8,70.0,8.47,5.6875,0.8949002852437674,-0.44618082326431213,AMOS20191216,5.33
2019-12-15 10:18:00,7000.0,3000.0,7153.0,1022.7,14.1,70.0,8.76,6.43,0.8679101999847969,-0.4960501118163581,AMOS20191216,5.34
2019-12-15 10:19:00,6500.0,3000.0,6904.5,1022.7,13.9,68.0,8.14,6.6425,0.8139605303165685,-0.5805924038165786,AMOS20191216,5.76
2019-12-15 10:20:00,6000.0,3000.0,6891.0,1022.7,13.7,69.0,8.17,6.359999999999999,0.8011700631009774,-0.5982617507656631,AMOS20191216,5.529999999999999
2019-12-15 10:21:00,6000.0,3000.0,6962.5,1022.7,13.7,70.0,8.38,5.895,0.8288489257052093,-0.5590640564483185,AMOS20191216,5.3199999999999985
2019-12-15 10:22:00,6000.0,3000.0,6799.5,1022.7,13.7,70.0,8.38,5.58,0.8612027163227255,-0.507287168177743,AMOS20191216,5.3199999999999985
2019-12-15 10:23:00,6000.0,3000.0,6600.0,1022.7,13.8,70.0,8.47,5.76,0.8987940462991669,-0.4383711467890775,AMOS20191216,5.33
2019-12-15 10:24:00,6500.0,3000.0,7163.0,1022.7,13.9,69.0,8.36,5.7725,0.8847599961915816,-0.46549522175532454,AMOS20191216,5.540000000000001
2019-12-15 10:25:00,7000.0,3000.0,6975.5,1022.7,14.0,69.0,8.45,5.995,0.8907351356381954,-0.45385222036653244,AMOS20191216,5.550000000000001
2019-12-15 10:26:00,6000.0,3000.0,6986.0,1022.6,14.0,69.0,8.45,6.2775,0.9203646561046941,-0.39067161824585617,AMOS20191216,5.550000000000001
2019-12-15 10:27:00,7000.0,3000.0,7269.5,1022.6,14.1,69.0,8.55,6.525,0.8762335859111612,-0.4807201961212556,AMOS20191216,5.549999999999999
2019-12-15 10:28:00,7000.0,3000.0,7079.0,1022.6,14.0,68.0,8.24,6.625,0.8338540702502328,-0.5519159692428869,AMOS20191216,5.76
2019-12-15 10:29:00,6500.0,3000.0,6994.5,1022.5,13.9,69.0,8.36,5.8825,0.8503278972928476,-0.5261989669024172,AMOS20191216,5.540000000000001
2019-12-15 10:30:00,7000.0,3000.0,7388.0,1022.5,13.8,69.0,8.26,4.9325,0.8453836854624106,-0.5333929626010898,AMOS20191216,5.540000000000001
2019-12-15 10:31:00,7000.0,3000.0,7461.0,1022.5,13.9,70.0,8.57,4.6899999999999995,0.8139605303165685,-0.5805924038165786,AMOS20191216,5.33
2019-12-15 10:32:00,7000.0,3000.0,7585.5,1022.5,14.1,69.0,8.55,5.33,0.8360700045918094,-0.5481541963305736,AMOS20191216,5.549999999999999
2019-12-15 10:33:00,7000.0,3000.0,7366.5,1022.5,14.1,68.0,8.34,6.255,0.8593818264726939,-0.5112785561825406,AMOS20191216,5.76
2019-12-15 10:34:00,7000.0,3000.0,7101.5,1022.5,14.2,68.0,8.43,6.865,0.8239692947911013,-0.5662984067823232,AMOS20191216,5.77
2019-12-15 10:35:00,6500.0,3000.0,7017.0,1022.5,14.1,68.0,8.34,6.6425,0.7713584941270052,-0.6358623178789086,AMOS20191216,5.76
2019-12-15 10:36:00,7000.0,3000.0,7468.5,1022.5,13.9,68.0,8.14,6.2275,0.7372492635482824,-0.6755644832106783,AMOS20191216,5.76
2019-12-15 10:37:00,7000.0,3000.0,7492.0,1022.5,14.0,69.0,8.45,5.6975,0.7517609185741346,-0.6592769628486908,AMOS20191216,5.550000000000001
2019-12-15 10:38:00,7000.0,3000.0,7424.5,1022.5,14.0,68.0,8.24,5.4675,0.7005623649058934,-0.7128974417662728,AMOS20191216,5.76
2019-12-15 10:39:00,7000.0,3000.0,7503.5,1022.5,14.0,68.0,8.24,5.675,0.6190293201443453,-0.7852345466419892,AMOS20191216,5.76
2019-12-15 10:40:00,7000.0,3000.0,7626.5,1022.5,14.2,68.0,8.43,5.7425,0.6718890346644355,-0.7396878174350208,AMOS20191216,5.77
2019-12-15 10:41:00,7000.0,3000.0,7463.0,1022.4,14.3,67.0,8.31,5.775,0.687909054218641,-0.7249048893364277,AMOS20191216,5.99
2019-12-15 10:42:00,7000.0,3000.0,7388.5,1022.4,14.4,67.0,8.41,5.8475,0.611822752225278,-0.7901885806448472,AMOS20191216,5.99
2019-12-15 10:43:00,7000.0,3000.0,7225.0,1022.4,14.4,66.0,8.19,5.98,0.6558092417894335,-0.7544222329181284,AMOS20191216,6.210000000000001
2019-12-15 10:44:00,7000.0,3000.0,7345.0,1022.4,14.4,66.0,8.19,6.21,0.706946185481587,-0.7069443059309282,AMOS20191216,6.210000000000001
2019-12-15 10:45:00,7000.0,3000.0,7410.0,1022.4,14.4,67.0,8.41,6.5525,0.6977704731408847,-0.7162815455506253,AMOS20191216,5.99
2019-12-15 10:46:00,7000.0,3000.0,7371.0,1022.4,14.2,66.0,8.0,6.525,0.6755644832106784,-0.7372492635482824,AMOS20191216,6.199999999999999
2019-12-15 10:47:00,7000.0,3000.0,7335.5,1022.4,14.2,67.0,8.22,6.13,0.6754615914677153,-0.737136976914497,AMOS20191216,5.979999999999999
2019-12-15 10:48:00,7000.0,3000.0,7155.5,1022.4,14.2,67.0,8.22,5.275,0.7101650359745735,-0.7039946785046599,AMOS20191216,5.979999999999999
2019-12-15 10:49:00,7000.0,3000.0,7046.5,1022.5,14.2,67.0,8.22,5.0175,0.6753057998075152,-0.7369699108128155,AMOS20191216,5.979999999999999
2019-12-15 10:50:00,7000.0,3000.0,7142.0,1022.5,14.4,67.0,8.41,4.9625,0.6189345117601183,-0.7851153561676336,AMOS20191216,5.99
2019-12-15 10:51:00,7000.0,3000.0,7246.5,1022.5,14.4,67.0,8.41,4.825,0.67862659406684,-0.7341335015943672,AMOS20191216,5.99
2019-12-15 10:52:00,7000.0,3000.0,7279.5,1022.6,14.6,67.0,8.6,5.4,0.7159009170864027,-0.6973973623067686,AMOS20191216,6.0
2019-12-15 10:53:00,7000.0,3000.0,7097.0,1022.5,14.6,66.0,8.38,5.56,0.6691306063588583,-0.7431448254773941,AMOS20191216,6.219999999999999
2019-12-15 10:54:00,7000.0,3000.0,7128.5,1022.5,14.6,66.0,8.38,5.615,0.6942852596248812,-0.7189591718744286,AMOS20191216,6.219999999999999
2019-12-15 10:55:00,6500.0,3000.0,6782.5,1022.5,14.7,65.0,8.25,5.3225,0.7312980072635966,-0.6819464242357131,AMOS20191216,6.449999999999999
2019-12-15 10:56:00,6500.0,3000.0,7360.0,1022.5,14.6,66.0,8.38,4.5375,0.6557123676843806,-0.7543047152315147,AMOS20191216,6.219999999999999
2019-12-15 10:57:00,7000.0,3000.0,7618.5,1022.5,14.6,66.0,8.38,4.84,0.5877404910220101,-0.8089553857715449,AMOS20191216,6.219999999999999
2019-12-15 10:58:00,7000.0,3000.0,7345.0,1022.5,14.6,66.0,8.38,5.6775,0.662493901274601,-0.7488131376095786,AMOS20191216,6.219999999999999
2019-12-15 10:59:00,7000.0,3000.0,7362.0,1022.4,14.7,66.0,8.47,5.65,0.70399467850466,-0.7101650359745735,AMOS20191216,6.229999999999999
2019-12-15 11:00:00,7000.0,3000.0,7183.0,1022.4,14.8,66.0,8.57,5.545,0.6851114268348377,-0.7282945319434668,AMOS20191216,6.23
2019-12-15 11:01:00,7000.0,3000.0,7385.0,1022.4,14.7,65.0,8.25,6.0600000000000005,0.6943938869866388,-0.7190659196855274,AMOS20191216,6.449999999999999
2019-12-15 11:02:00,7000.0,3000.0,7405.5,1022.4,14.8,66.0,8.57,6.2,0.7339089625303927,-0.6784208419227356,AMOS20191216,6.23
2019-12-15 11:03:00,7000.0,3000.0,7395.0,1022.4,15.0,65.0,8.54,5.7325,0.7770275983628501,-0.6292245425060988,AMOS20191216,6.460000000000001
2019-12-15 11:04:00,7000.0,3000.0,7034.5,1022.4,15.1,65.0,8.63,5.155,0.7798621594944087,-0.6259056621187925,AMOS20191216,6.469999999999999
2019-12-15 11:05:00,7000.0,3000.0,7147.5,1022.4,15.0,65.0,8.54,4.71,0.8535242546260451,-0.5179237540663061,AMOS20191216,6.460000000000001
2019-12-15 11:06:00,7000.0,3000.0,7308.5,1022.4,14.8,65.0,8.35,4.8525,0.9170251555475206,-0.39873388578253705,AMOS20191216,6.450000000000001
2019-12-15 11:07:00,7000.0,3000.0,7409.0,1022.4,14.8,66.0,8.57,5.7175,0.90630778703665,-0.42261826174069933,AMOS20191216,6.23
2019-12-15 11:08:00,7000.0,3000.0,7437.5,1022.3,15.1,66.0,8.86,5.7125,0.8889917913560077,-0.4578607655011328,AMOS20191216,6.24
2019-12-15 11:09:00,6500.0,3000.0,6786.5,1022.3,15.2,65.0,8.73,5.1850000000000005,0.8888567004538246,-0.45779044162862703,AMOS20191216,6.469999999999999
2019-12-15 11:10:00,7000.0,3000.0,7592.5,1022.2,15.3,64.0,8.6,5.3825,0.9003987209593362,-0.434299403597867,AMOS20191216,6.700000000000001
2019-12-15 11:11:00,7000.0,3000.0,7287.0,1022.2,15.3,63.0,8.37,5.375,0.9271132472708042,-0.37457806621659956,AMOS20191216,6.9300000000000015
2019-12-15 11:12:00,7000.0,3000.0,7265.0,1022.2,15.2,63.0,8.27,5.3825,0.9186253371270795,-0.3946717780337898,AMOS20191216,6.93
2019-12-15 11:13:00,7000.0,3000.0,7115.5,1022.2,15.3,64.0,8.6,5.6825,0.8888567004538246,-0.45779044162862703,AMOS20191216,6.700000000000001
2019-12-15 11:14:00,7000.0,3000.0,7135.0,1022.2,15.3,63.0,8.37,5.53,0.906238769503767,-0.42258607833656914,AMOS20191216,6.9300000000000015
2019-12-15 11:15:00,6500.0,3000.0,6900.5,1022.2,15.3,64.0,8.6,5.225,0.9335093320867749,-0.35834065895804534,AMOS20191216,6.700000000000001
2019-12-15 11:16:00,7000.0,3000.0,7327.0,1022.1,15.3,64.0,8.6,5.3149999999999995,0.8826174800458819,-0.4643379784867642,AMOS20191216,6.700000000000001
2019-12-15 11:17:00,7000.0,3000.0,7075.0,1022.1,15.5,64.0,8.79,5.1925,0.7198065789175558,-0.6890824682421339,AMOS20191216,6.710000000000001
2019-12-15 11:18:00,7000.0,3000.0,7822.0,1022.1,15.7,63.0,8.75,4.7700000000000005,0.6558592022733376,-0.7544797058804213,AMOS20191216,6.949999999999999
2019-12-15 11:19:00,7000.0,3000.0,7855.5,1022.1,15.4,62.0,8.23,4.39,0.7771249919032597,-0.623725024390577,AMOS20191216,7.17
2019-12-15 11:20:00,7000.0,3000.0,7670.0,1022.0,15.4,63.0,8.46,4.6274999999999995,0.9023592221292851,-0.4255926280769041,AMOS20191216,6.9399999999999995
2019-12-15 11:21:00,7000.0,3000.0,7283.0,1022.0,15.4,63.0,8.46,5.5,0.9634470011166048,-0.2671875003104811,AMOS20191216,6.9399999999999995
2019-12-15 11:22:00,7000.0,3000.0,7628.5,1021.9,15.4,63.0,8.46,5.765000000000001,0.9456070141226132,-0.32098550541005,AMOS20191216,6.9399999999999995
2019-12-15 11:23:00,7000.0,3000.0,7519.5,1021.9,15.3,63.0,8.37,5.62,0.8465570979551174,-0.5290016826032051,AMOS20191216,6.9300000000000015
2019-12-15 11:24:00,7000.0,3000.0,7055.5,1021.9,15.1,63.0,8.18,5.695,0.7985746920190637,-0.601769193480557,AMOS20191216,6.92
2019-12-15 11:25:00,7000.0,3000.0,7351.0,1021.9,15.1,64.0,8.41,5.365,0.8115507568534586,-0.5842330483071163,AMOS20191216,6.6899999999999995
2019-12-15 11:26:00,7000.0,3000.0,7089.5,1021.9,15.1,64.0,8.41,4.8225,0.8215610459435057,-0.5699368738962531,AMOS20191216,6.6899999999999995
2019-12-15 11:27:00,7000.0,3000.0,7469.5,1021.9,15.3,64.0,8.6,4.93,0.7593994582283958,-0.648575306094735,AMOS20191216,6.700000000000001
2019-12-15 11:28:00,7000.0,3000.0,7600.5,1021.8,15.4,64.0,8.69,5.4275,0.5979388763851698,-0.8007460104360636,AMOS20191216,6.710000000000001
2019-12-15 11:29:00,7000.0,3000.0,7775.5,1021.8,15.5,63.0,8.56,5.655,0.658671618139401,-0.7510767008474104,AMOS20191216,6.9399999999999995
2019-12-15 11:30:00,7000.0,3000.0,7727.0,1021.8,15.3,63.0,8.37,5.4775,0.8104414054694347,-0.5834287001356349,AMOS20191216,6.9300000000000015
2019-12-15 11:31:00,7000.0,3000.0,7641.5,1021.8,15.2,63.0,8.27,4.955,0.8882461537164006,-0.45747935252780364,AMOS20191216,6.93
2019-12-15 11:32:00,7000.0,3000.0,7584.5,1021.8,15.0,64.0,8.31,4.8100000000000005,0.9521509007749971,-0.30478634236351226,AMOS20191216,6.6899999999999995
2019-12-15 11:33:00,7000.0,3000.0,7491.5,1021.8,14.9,64.0,8.22,4.865,0.9303821405319945,-0.36648727148060617,AMOS20191216,6.68
2019-12-15 11:34:00,7000.0,3000.0,7373.0,1021.7,15.0,65.0,8.54,4.69,0.922174603731027,-0.3866999947209334,AMOS20191216,6.460000000000001
2019-12-15 11:35:00,7000.0,3000.0,7390.0,1021.7,15.1,65.0,8.63,5.2175,0.9333676303803647,-0.35828484117147785,AMOS20191216,6.469999999999999
2019-12-15 11:36:00,7000.0,3000.0,7399.0,1021.6,15.1,64.0,8.41,5.455,0.9079786184562268,-0.4185846996899375,AMOS20191216,6.6899999999999995
2019-12-15 11:37:00,7000.0,3000.0,7570.5,1021.6,15.4,64.0,8.69,4.905,0.9364938693623036,-0.35014071018600945,AMOS20191216,6.710000000000001
2019-12-15 11:38:00,7000.0,3000.0,7661.5,1021.6,15.3,63.0,8.37,5.2,0.9535353859489563,-0.30064855234295995,AMOS20191216,6.9300000000000015
2019-12-15 11:39:00,7000.0,3000.0,7919.5,1021.5,15.5,63.0,8.56,5.295,0.936636523641555,-0.35019404643548446,AMOS20191216,6.9399999999999995
2019-12-15 11:40:00,8000.0,3000.0,8140.5,1021.5,15.5,62.0,8.32,4.8175,0.8791816936248367,-0.47241974184301994,AMOS20191216,7.18
2019-12-15 11:41:00,8000.0,3000.0,7981.0,1021.5,15.7,63.0,8.75,4.8475,0.8190896638769931,-0.573532757116328,AMOS20191216,6.949999999999999
2019-12-15 11:42:00,7000.0,3000.0,7819.5,1021.5,15.8,62.0,8.61,5.1,0.838415120220488,-0.5444731453227887,AMOS20191216,7.190000000000001
2019-12-15 11:43:00,7000.0,3000.0,7240.5,1021.4,15.7,62.0,8.51,5.2700000000000005,0.9040865737951946,-0.4263907776695477,AMOS20191216,7.1899999999999995
2019-12-15 11:44:00,7000.0,3000.0,7733.5,1021.4,15.6,62.0,8.42,4.8950000000000005,0.9333676303803647,-0.35828484117147785,AMOS20191216,7.18
2019-12-15 11:45:00,7000.0,3000.0,7794.5,1021.4,15.5,62.0,8.32,4.385,0.9287123902534078,-0.37051840524894664,AMOS20191216,7.18
2019-12-15 11:46:00,7000.0,3000.0,7907.5,1021.4,15.3,62.0,8.13,4.4975000000000005,0.9608957062058134,-0.27553240994996814,AMOS20191216,7.17
2019-12-15 11:47:00,7000.0,3000.0,7765.0,1021.4,15.3,63.0,8.37,4.9475,0.9742958641450682,-0.2249339237762893,AMOS20191216,6.9300000000000015
2019-12-15 11:48:00,7000.0,3000.0,7585.0,1021.3,15.3,63.0,8.37,5.5325,0.9548474458659267,-0.2964872299299073,AMOS20191216,6.9300000000000015
2019-12-15 11:49:00,7000.0,3000.0,7814.5,1021.3,15.4,63.0,8.46,5.87,0.9250214219430501,-0.37843437077523556,AMOS20191216,6.9399999999999995
2019-12-15 11:50:00,7000.0,3000.0,7361.0,1021.3,15.5,62.0,8.32,5.7375,0.890667283333535,-0.45381764789050116,AMOS20191216,7.18
2019-12-15 11:51:00,7000.0,3000.0,7519.5,1021.3,15.7,62.0,8.51,4.967499999999999,0.8615963522432755,-0.507519037455027,AMOS20191216,7.1899999999999995
2019-12-15 11:52:00,7000.0,3000.0,7491.0,1021.3,15.5,62.0,8.32,4.28,0.8882461537164006,-0.45747935252780364,AMOS20191216,7.18
2019-12-15 11:53:00,7000.0,3000.0,8178.5,1021.2,15.4,63.0,8.46,5.085,0.9379503580656557,-0.3460277129688814,AMOS20191216,6.9399999999999995
2019-12-15 11:54:00,8000.0,3000.0,8406.5,1021.2,15.5,63.0,8.56,6.0,0.9549926960460651,-0.29653302713578933,AMOS20191216,6.9399999999999995
2019-12-15 11:55:00,8000.0,3000.0,8201.5,1021.1,15.6,62.0,8.42,5.9375,0.9549926960460651,-0.29653302713578933,AMOS20191216,7.18
2019-12-15 11:56:00,8000.0,3000.0,8261.5,1021.1,15.6,62.0,8.42,5.575,0.9265494705152268,-0.37434741922032766,AMOS20191216,7.18
2019-12-15 11:57:00,7000.0,3000.0,8152.5,1021.1,15.8,62.0,8.61,4.965,0.8827452633592214,-0.4693654875169106,AMOS20191216,7.190000000000001
2019-12-15 11:58:00,8000.0,3000.0,8691.5,1021.1,15.9,62.0,8.7,4.52,0.890802374235718,-0.453887971763007,AMOS20191216,7.200000000000001
2019-12-15 11:59:00,8000.0,3000.0,7597.5,1021.1,15.9,61.0,8.46,4.5425,0.913337302711662,-0.40664251171085636,AMOS20191216,7.4399999999999995
2019-12-15 12:00:00,7000.0,3000.0,7596.5,1021.1,15.8,61.0,8.37,4.43,0.852218169138244,-0.5222399657150857,AMOS20191216,7.4300000000000015
2019-12-15 12:01:00,7000.0,3000.0,7520.5,1021.0,15.7,61.0,8.27,4.1725,0.84329546525608,-0.5372376740425903,AMOS20191216,7.43
2019-12-15 12:02:00,7000.0,3000.0,7392.5,1021.0,15.8,62.0,8.61,4.1225,0.9029863335558521,-0.42586893485254446,AMOS20191216,7.190000000000001
2019-12-15 12:03:00,7000.0,3000.0,7644.5,1020.9,15.9,62.0,8.7,3.9974999999999996,0.9498184704890922,-0.3086398738630898,AMOS20191216,7.200000000000001
2019-12-15 12:04:00,7000.0,3000.0,7711.0,1020.9,16.0,61.0,8.56,4.255,0.9847327575168044,-0.17363495393765904,AMOS20191216,7.4399999999999995
2019-12-15 12:05:00,7000.0,3000.0,7856.0,1020.9,16.0,61.0,8.56,5.14,0.9649719322245468,-0.25855519649427616,AMOS20191216,7.4399999999999995
2019-12-15 12:06:00,7000.0,3000.0,7820.5,1020.8,15.9,61.0,8.46,5.3325,0.8701345287557087,-0.487328714744779,AMOS20191216,7.4399999999999995
2019-12-15 12:07:00,7000.0,3000.0,7753.0,1020.9,15.8,61.0,8.37,4.8475,0.8288474393223628,-0.559066260101511,AMOS20191216,7.4300000000000015
2019-12-15 12:08:00,7000.0,3000.0,7836.0,1020.9,15.9,62.0,8.7,4.737500000000001,0.8903281251462833,-0.45364483816269213,AMOS20191216,7.200000000000001
2019-12-15 12:09:00,7000.0,3000.0,7728.5,1020.8,16.1,61.0,8.65,4.6225000000000005,0.9396210609170839,-0.34199409766344857,AMOS20191216,7.450000000000001
2019-12-15 12:10:00,7000.0,3000.0,7820.5,1020.8,16.2,61.0,8.75,3.9475,0.9271132472708042,-0.37457806621659956,AMOS20191216,7.449999999999999
2019-12-15 12:11:00,7000.0,3000.0,7815.0,1020.8,16.1,60.0,8.41,3.335,0.8785147160905993,-0.47699759682043785,AMOS20191216,7.690000000000001
2019-12-15 12:12:00,7000.0,3000.0,7763.5,1020.8,16.0,60.0,8.32,3.645,0.8849623256912871,-0.46560129702430486,AMOS20191216,7.68
2019-12-15 12:13:00,7000.0,3000.0,7327.0,1020.8,16.0,61.0,8.56,4.612500000000001,0.836951977204887,-0.5435118829807604,AMOS20191216,7.4399999999999995
2019-12-15 12:14:00,7000.0,3000.0,7500.5,1020.7,16.1,60.0,8.41,4.925,0.7003527253518316,-0.7126765277707298,AMOS20191216,7.690000000000001
2019-12-15 12:15:00,7000.0,3000.0,7429.0,1020.7,16.1,60.0,8.41,4.875,0.6491745427881701,-0.760088801188971,AMOS20191216,7.690000000000001
2019-12-15 12:16:00,7000.0,3000.0,7421.5,1020.7,16.1,60.0,8.41,4.885,0.6883283652607478,-0.7253467509789109,AMOS20191216,7.690000000000001
2019-12-15 12:17:00,7000.0,3000.0,7425.5,1020.7,16.1,59.0,8.17,4.99,0.7281274658417853,-0.6849556351746375,AMOS20191216,7.9300000000000015
2019-12-15 12:18:00,7000.0,3000.0,7633.0,1020.7,16.0,60.0,8.32,5.115,0.7953112428764846,-0.6047715391248991,AMOS20191216,7.68
2019-12-15 12:19:00,7000.0,3000.0,7559.0,1020.7,16.1,60.0,8.41,4.62,0.8827465112550253,-0.46936314056624606,AMOS20191216,7.690000000000001
2019-12-15 12:20:00,7000.0,3000.0,7434.5,1020.7,16.1,59.0,8.17,3.94,0.9214031378062195,-0.3863739706839617,AMOS20191216,7.9300000000000015
2019-12-15 12:21:00,7000.0,3000.0,7428.5,1020.7,16.1,60.0,8.41,3.64,0.9481431171608536,-0.31724424922012734,AMOS20191216,7.690000000000001
2019-12-15 12:22:00,7000.0,3000.0,7449.0,1020.6,16.0,59.0,8.07,3.835,0.9505612454042055,-0.30426005591215477,AMOS20191216,7.93
2019-12-15 12:23:00,7000.0,3000.0,7467.0,1020.6,16.0,60.0,8.32,3.9825,0.8786498069927824,-0.4770679206929436,AMOS20191216,7.68
2019-12-15 12:24:00,7000.0,3000.0,7610.5,1020.6,16.1,60.0,8.41,4.1175,0.902973898385103,-0.42589538265953747,AMOS20191216,7.690000000000001
2019-12-15 12:25:00,7000.0,3000.0,7690.0,1020.6,16.1,59.0,8.17,4.4475,0.9729817405477914,-0.2291029479490957,AMOS20191216,7.9300000000000015
2019-12-15 12:26:00,7000.0,3000.0,7643.0,1020.5,16.0,59.0,8.07,4.3625,0.9722590051611935,-0.233418052033529,AMOS20191216,7.93
2019-12-15 12:27:00,7000.0,3000.0,7693.0,1020.5,15.8,59.0,7.88,3.965,0.9635937611136935,-0.2672282004597599,AMOS20191216,7.920000000000001
2019-12-15 12:28:00,7000.0,3000.0,7567.5,1020.5,15.9,61.0,8.46,3.82,0.9563047559630355,-0.29237170472273666,AMOS20191216,7.4399999999999995
2019-12-15 12:29:00,7000.0,3000.0,7722.0,1020.5,15.9,60.0,8.22,3.5875,0.9458974702382779,-0.32107708587154155,AMOS20191216,7.68
2019-12-15 12:30:00,7000.0,3000.0,7952.0,1020.5,15.7,60.0,8.03,3.9625,0.8215985944733853,-0.5646432914406305,AMOS20191216,7.67
2019-12-15 12:31:00,7000.0,3000.0,7542.0,1020.5,15.8,61.0,8.37,4.91,0.6282093599121576,-0.7757929494484785,AMOS20191216,7.4300000000000015
2019-12-15 12:32:00,7000.0,3000.0,7502.5,1020.4,15.8,60.0,8.13,5.025,0.601769193480557,-0.7985746920190637,AMOS20191216,7.67
2019-12-15 12:33:00,7000.0,3000.0,7544.0,1020.5,15.8,60.0,8.13,4.33,0.601769193480557,-0.7985746920190637,AMOS20191216,7.67
2019-12-15 12:34:00,7000.0,3000.0,7644.0,1020.5,15.9,60.0,8.22,4.2125,0.5806808443217596,-0.8140845193319697,AMOS20191216,7.68
2019-12-15 12:35:00,7000.0,3000.0,7303.5,1020.5,15.8,60.0,8.13,4.795,0.6799226033879688,-0.7291277251117799,AMOS20191216,7.67
2019-12-15 12:36:00,7000.0,3000.0,7354.0,1020.4,15.9,60.0,8.22,4.6725,0.8230226810802874,-0.5656599077722194,AMOS20191216,7.68
2019-12-15 12:37:00,7000.0,3000.0,7307.0,1020.4,15.8,59.0,7.88,4.6625,0.8565146663387083,-0.5146459326224605,AMOS20191216,7.920000000000001
2019-12-15 12:38:00,7000.0,3000.0,7818.0,1020.4,15.7,60.0,8.03,4.7325,0.7540131233771015,-0.6554676930668881,AMOS20191216,7.67
2019-12-15 12:39:00,8000.0,3000.0,8352.0,1020.4,15.7,61.0,8.27,4.05,0.5895921295088906,-0.8040832567893866,AMOS20191216,7.43
2019-12-15 12:40:00,8000.0,3000.0,8258.5,1020.4,15.8,60.0,8.13,3.3049999999999997,0.42972989702464903,-0.9008919269552202,AMOS20191216,7.67
2019-12-15 12:41:00,8000.0,3000.0,8188.5,1020.5,15.8,60.0,8.13,3.0375,0.37807748150291154,-0.9241806435065083,AMOS20191216,7.67
2019-12-15 12:42:00,8000.0,3000.0,8057.0,1020.5,15.8,59.0,7.88,3.0925000000000002,0.6357119255163928,-0.7643873496273506,AMOS20191216,7.920000000000001
2019-12-15 12:43:00,7000.0,3000.0,7939.0,1020.5,15.8,59.0,7.88,3.1925,0.8505313820190806,-0.5212063012390382,AMOS20191216,7.920000000000001
2019-12-15 12:44:00,7000.0,3000.0,7882.5,1020.5,15.7,60.0,8.03,3.4275,0.9186253371270795,-0.3946717780337898,AMOS20191216,7.67
2019-12-15 12:45:00,7000.0,3000.0,7810.0,1020.4,15.8,60.0,8.13,3.9625,0.8848950870937646,-0.46556554562783037,AMOS20191216,7.67
2019-12-15 12:46:00,7000.0,3000.0,7774.5,1020.4,15.8,60.0,8.13,4.3549999999999995,0.8209929623533361,-0.5695536966764054,AMOS20191216,7.67
2019-12-15 12:47:00,7000.0,3000.0,7767.0,1020.3,15.8,61.0,8.37,4.52,0.843230884339751,-0.5371973194072582,AMOS20191216,7.4300000000000015
2019-12-15 12:48:00,7000.0,3000.0,7744.5,1020.3,15.9,61.0,8.46,4.7225,0.8457037141036756,-0.5335992069286604,AMOS20191216,7.4399999999999995
2019-12-15 12:49:00,7000.0,3000.0,7714.5,1020.2,15.9,61.0,8.46,4.9575,0.7762626622900972,-0.6285965612983898,AMOS20191216,7.4399999999999995
2019-12-15 12:50:00,7000.0,3000.0,7702.5,1020.2,16.0,60.0,8.32,4.8075,0.7283502262990407,-0.6851633626616231,AMOS20191216,7.68
2019-12-15 12:51:00,7000.0,3000.0,7717.5,1020.2,15.9,60.0,8.22,4.38,0.7628615915046204,-0.645810769773303,AMOS20191216,7.68
2019-12-15 12:52:00,7000.0,3000.0,7735.0,1020.2,15.8,59.0,7.88,4.245,0.8213739237091875,-0.5698058494972171,AMOS20191216,7.920000000000001
2019-12-15 12:53:00,7000.0,3000.0,7618.0,1020.2,15.8,60.0,8.13,4.1425,0.8287219256914473,-0.5589799969729378,AMOS20191216,7.67
2019-12-15 12:54:00,7000.0,3000.0,7376.0,1020.2,15.7,60.0,8.03,3.935,0.8265030572696123,-0.5627462027969665,AMOS20191216,7.67
2019-12-15 12:55:00,7000.0,3000.0,7625.0,1020.2,15.7,61.0,8.27,3.605,0.7959793209371501,-0.6052766361954509,AMOS20191216,7.43
2019-12-15 12:56:00,7000.0,3000.0,7801.5,1020.1,15.8,61.0,8.37,3.2649999999999997,0.7741938826387985,-0.6325423973320907,AMOS20191216,7.4300000000000015
2019-12-15 12:57:00,7000.0,3000.0,7762.5,1020.1,15.8,60.0,8.13,3.4625,0.8257501666358125,-0.5622287554004465,AMOS20191216,7.67
2019-12-15 12:58:00,7000.0,3000.0,7793.5,1020.0,15.9,61.0,8.46,3.92,0.8888567004538246,-0.45779044162862703,AMOS20191216,7.4399999999999995
2019-12-15 12:59:00,7000.0,3000.0,7689.5,1020.0,15.9,60.0,8.22,4.0575,0.913475888943573,-0.4067056690953934,AMOS20191216,7.68
2019-12-15 13:00:00,7000.0,3000.0,7268.5,1020.0,15.9,60.0,8.22,4.06,0.9303821405319945,-0.36648727148060617,AMOS20191216,7.68
2019-12-15 13:01:00,7000.0,3000.0,7573.5,1020.0,15.8,60.0,8.13,4.0175,0.9381645722137317,-0.3461070948805766,AMOS20191216,7.67
2019-12-15 13:02:00,7000.0,3000.0,7393.5,1020.0,15.9,60.0,8.22,3.9825,0.9133362215706721,-0.4066449399932778,AMOS20191216,7.68
2019-12-15 13:03:00,7000.0,3000.0,7659.5,1020.0,16.0,60.0,8.32,4.0425,0.8947639875957779,-0.44611286776380366,AMOS20191216,7.68
2019-12-15 13:04:00,7000.0,3000.0,7665.5,1020.0,15.9,60.0,8.22,3.9675000000000002,0.8909386718837073,-0.45395592726351547,AMOS20191216,7.68
2019-12-15 13:05:00,7000.0,3000.0,7704.5,1020.0,16.0,60.0,8.32,3.8175,0.8967108681234777,-0.4422080295261863,AMOS20191216,7.68
2019-12-15 13:06:00,7000.0,3000.0,7579.5,1020.0,16.0,60.0,8.32,4.1825,0.8501980410106788,-0.5261193908703591,AMOS20191216,7.68
2019-12-15 13:07:00,7000.0,3000.0,7610.0,1020.0,16.0,59.0,8.07,4.465,0.8063600146896311,-0.591247933736904,AMOS20191216,7.93
2019-12-15 13:08:00,7000.0,3000.0,7588.0,1019.9,16.0,60.0,8.32,4.0600000000000005,0.8629577761462295,-0.5032577745916712,AMOS20191216,7.68
2019-12-15 13:09:00,7000.0,3000.0,7513.0,1019.9,15.9,60.0,8.22,3.74,0.9078411555800148,-0.41851913326133006,AMOS20191216,7.68
2019-12-15 13:10:00,7000.0,3000.0,7541.0,1019.9,15.8,60.0,8.13,3.84,0.9001916893840962,-0.4342028631888527,AMOS20191216,7.67
2019-12-15 13:11:00,7000.0,3000.0,7672.0,1019.9,15.9,60.0,8.22,3.9875,0.8909386718837073,-0.45395592726351547,AMOS20191216,7.68
2019-12-15 13:12:00,7000.0,3000.0,7677.5,1019.8,15.9,60.0,8.22,3.9575,0.8787170455903048,-0.4771036720894181,AMOS20191216,7.68
2019-12-15 13:13:00,7000.0,3000.0,7721.5,1019.8,15.9,60.0,8.22,3.6725,0.8456391331873466,-0.5335588522933283,AMOS20191216,7.68
2019-12-15 13:14:00,7000.0,3000.0,7771.0,1019.8,15.9,60.0,8.22,3.44,0.8454454101103326,-0.5334378006797446,AMOS20191216,7.68
2019-12-15 13:15:00,7000.0,3000.0,7826.0,1019.8,15.9,60.0,8.22,3.69,0.8967787204281382,-0.4422426020022176,AMOS20191216,7.68
2019-12-15 13:16:00,7000.0,3000.0,7695.5,1019.7,16.0,60.0,8.32,3.965,0.9005350186073257,-0.43436735909837554,AMOS20191216,7.68
2019-12-15 13:17:00,7000.0,3000.0,7731.0,1019.7,16.1,60.0,8.41,4.015000000000001,0.8849623256912871,-0.46560129702430486,AMOS20191216,7.690000000000001
2019-12-15 13:18:00,7000.0,3000.0,7733.5,1019.7,16.0,60.0,8.32,3.8525,0.9079786184562268,-0.4185846996899375,AMOS20191216,7.68
2019-12-15 13:19:00,7000.0,3000.0,7784.5,1019.7,15.9,60.0,8.22,3.775,0.9350373806589515,-0.35425370740313744,AMOS20191216,7.68
2019-12-15 13:20:00,7000.0,3000.0,7696.0,1019.7,15.9,60.0,8.22,3.645,0.9396210609170839,-0.34199409766344857,AMOS20191216,7.68
2019-12-15 13:21:00,7000.0,3000.0,7736.0,1019.6,16.0,60.0,8.32,3.0375,0.9439900833665719,-0.32965635887086037,AMOS20191216,7.68
2019-12-15 13:22:00,7000.0,3000.0,7691.0,1019.6,16.0,60.0,8.32,2.895,0.9622809685289174,-0.27139207798910064,AMOS20191216,7.68
2019-12-15 13:23:00,7000.0,3000.0,7605.0,1019.6,15.9,60.0,8.22,3.17,0.9689819129494645,-0.2460896274018125,AMOS20191216,7.68
2019-12-15 13:24:00,7000.0,3000.0,7623.0,1019.6,15.9,60.0,8.22,3.1675,0.9436314404321142,-0.32952865176324053,AMOS20191216,7.68
2019-12-15 13:25:00,7000.0,3000.0,7687.5,1019.6,15.9,61.0,8.46,3.24,0.9238443540096138,-0.38266886095259295,AMOS20191216,7.4399999999999995
2019-12-15 13:26:00,7000.0,3000.0,7810.5,1019.6,16.0,61.0,8.56,3.2075,0.9205048534524403,-0.3907311284892738,AMOS20191216,7.4399999999999995
2019-12-15 13:27:00,7000.0,3000.0,7871.0,1019.6,16.0,60.0,8.32,3.3775,0.9408628918117916,-0.3378029713934212,AMOS20191216,7.68
2019-12-15 13:28:00,7000.0,3000.0,7978.0,1019.6,15.9,60.0,8.22,3.4775,0.9719631559204817,-0.23334565826304637,AMOS20191216,7.68
2019-12-15 13:29:00,7000.0,3000.0,7948.5,1019.6,16.0,61.0,8.56,3.2824999999999998,0.9679633283221547,-0.2503323377157632,AMOS20191216,7.4399999999999995
2019-12-15 13:30:00,7000.0,3000.0,7900.0,1019.6,16.0,61.0,8.56,3.2975,0.950984091038165,-0.308993461982447,AMOS20191216,7.4399999999999995
2019-12-15 13:31:00,7000.0,3000.0,7777.0,1019.6,16.0,60.0,8.32,3.075,0.9231429867586793,-0.3823725920373301,AMOS20191216,7.68
2019-12-15 13:32:00,7000.0,3000.0,7812.0,1019.6,15.9,60.0,8.22,3.315,0.852218169138244,-0.5222399657150857,AMOS20191216,7.68
2019-12-15 13:33:00,7000.0,3000.0,7787.5,1019.6,16.0,61.0,8.56,4.1275,0.7710043403830212,-0.6355738196729189,AMOS20191216,7.4399999999999995
2019-12-15 13:34:00,7000.0,3000.0,7656.5,1019.6,16.1,61.0,8.65,4.76,0.7430882331991828,-0.6690796504426805,AMOS20191216,7.450000000000001
2019-12-15 13:35:00,7000.0,3000.0,7668.5,1019.5,16.0,60.0,8.32,4.67,0.7739588830625967,-0.632348678630776,AMOS20191216,7.68
2019-12-15 13:36:00,7000.0,3000.0,7469.5,1019.5,16.0,60.0,8.32,4.3025,0.8162447901487628,-0.5768654961974676,AMOS20191216,7.68
2019-12-15 13:37:00,7000.0,3000.0,7076.0,1019.5,15.9,60.0,8.22,4.225,0.8454454101103326,-0.5334378006797446,AMOS20191216,7.68
2019-12-15 13:38:00,7000.0,3000.0,7648.5,1019.5,16.0,60.0,8.32,4.235,0.898725600955838,-0.43833776376460026,AMOS20191216,7.68
2019-12-15 13:39:00,7000.0,3000.0,7794.0,1019.5,16.0,60.0,8.32,4.24,0.9300286384453013,-0.36634588078576247,AMOS20191216,7.68
2019-12-15 13:40:00,7000.0,3000.0,7971.5,1019.5,16.0,60.0,8.32,4.64,0.9454465720699239,-0.3255433616537323,AMOS20191216,7.68
2019-12-15 13:41:00,8000.0,3000.0,8080.0,1019.5,16.0,60.0,8.32,4.779999999999999,0.941005546091043,-0.33785630764289626,AMOS20191216,7.68
2019-12-15 13:42:00,8000.0,3000.0,8156.0,1019.6,16.0,60.0,8.32,4.29,0.9351084750693784,-0.35428099799039237,AMOS20191216,7.68
2019-12-15 13:43:00,8000.0,3000.0,8192.5,1019.6,15.9,60.0,8.22,3.875,0.9481431171608536,-0.31724424922012734,AMOS20191216,7.68
2019-12-15 13:44:00,8000.0,3000.0,8212.5,1019.6,15.9,61.0,8.46,3.5925000000000002,0.9439900833665719,-0.32965635887086037,AMOS20191216,7.4399999999999995
2019-12-15 13:45:00,8000.0,3000.0,8215.5,1019.6,15.8,61.0,8.37,3.8600000000000003,0.9454465720699239,-0.3255433616537323,AMOS20191216,7.4300000000000015
2019-12-15 13:46:00,8000.0,3000.0,8158.5,1019.6,15.9,61.0,8.46,4.065,0.9692032512792644,-0.24614618297538104,AMOS20191216,7.4399999999999995
2019-12-15 13:47:00,8000.0,3000.0,8031.5,1019.6,16.1,61.0,8.65,3.8525,0.9780731124251276,-0.20789585783898212,AMOS20191216,7.450000000000001
2019-12-15 13:48:00,7000.0,3000.0,7946.5,1019.6,16.1,61.0,8.65,3.6325,0.9670183012858004,-0.2545947577268076,AMOS20191216,7.450000000000001
2019-12-15 13:49:00,7000.0,3000.0,7898.5,1019.6,16.2,61.0,8.75,3.96,0.9242441116835308,-0.3781231834462814,AMOS20191216,7.449999999999999
2019-12-15 13:50:00,7000.0,3000.0,7800.0,1019.5,16.3,60.0,8.6,4.0725,0.839791181919823,-0.5401881289156537,AMOS20191216,7.700000000000001
2019-12-15 13:51:00,7000.0,3000.0,7724.5,1019.6,16.2,60.0,8.51,3.3899999999999997,0.8596875266026154,-0.5064108383382774,AMOS20191216,7.6899999999999995
2019-12-15 13:52:00,7000.0,3000.0,7749.0,1019.6,16.0,60.0,8.32,3.4525,0.9518604446593323,-0.3046947619020207,AMOS20191216,7.68
2019-12-15 13:53:00,7000.0,3000.0,7687.5,1019.5,16.0,61.0,8.56,4.37,0.9797381504947282,-0.19932997955127488,AMOS20191216,7.4399999999999995
2019-12-15 13:54:00,7000.0,3000.0,7717.0,1019.5,16.0,60.0,8.32,4.8075,0.9954362103471909,-0.0870893836685863,AMOS20191216,7.68
2019-12-15 13:55:00,7000.0,3000.0,7693.5,1019.5,16.1,61.0,8.65,4.7425,0.9990101808868348,-0.0436177264727224,AMOS20191216,7.450000000000001
2019-12-15 13:56:00,7000.0,3000.0,7677.0,1019.4,16.0,60.0,8.32,4.5475,0.9845964191392441,-0.16476493367098405,AMOS20191216,7.68
2019-12-15 13:57:00,7000.0,3000.0,7641.5,1019.4,16.0,61.0,8.56,4.2,0.9389771528779987,-0.34175973430361684,AMOS20191216,7.4399999999999995
2019-12-15 13:58:00,7000.0,3000.0,7632.5,1019.4,16.1,61.0,8.65,4.1475,0.9253027910223611,-0.3785509176639187,AMOS20191216,7.450000000000001
2019-12-15 13:59:00,7000.0,3000.0,7579.0,1019.4,16.0,60.0,8.32,4.109999999999999,0.9495276023348128,-0.313106459199575,AMOS20191216,7.68
2019-12-15 14:00:00,7000.0,3000.0,7633.5,1019.4,15.9,60.0,8.22,4.045,0.9319101891041712,-0.36240031992569827,AMOS20191216,7.68
2019-12-15 14:01:00,7000.0,3000.0,7609.5,1019.4,16.0,61.0,8.56,4.0675,0.906238769503767,-0.42258607833656914,AMOS20191216,7.4399999999999995
2019-12-15 14:02:00,7000.0,3000.0,7619.0,1019.4,16.0,60.0,8.32,4.1,0.9025509166679084,-0.43049470426488845,AMOS20191216,7.68
2019-12-15 14:03:00,7000.0,3000.0,7767.5,1019.3,15.9,60.0,8.22,3.9375,0.90630778703665,-0.42261826174069933,AMOS20191216,7.68
2019-12-15 14:04:00,7000.0,3000.0,7848.5,1019.3,15.9,60.0,8.22,3.8975,0.8928855524114072,-0.4500510890258982,AMOS20191216,7.68
2019-12-15 14:05:00,7000.0,3000.0,7771.0,1019.3,16.0,61.0,8.56,4.077500000000001,0.8763014382158217,-0.4807547685972869,AMOS20191216,7.4399999999999995
2019-12-15 14:06:00,7000.0,3000.0,7759.0,1019.3,16.0,60.0,8.32,4.465,0.8724711313006566,-0.4886072151847527,AMOS20191216,7.68
2019-12-15 14:07:00,7000.0,3000.0,7655.5,1019.3,16.0,61.0,8.56,4.7875,0.8480480961564261,-0.5299192642332048,AMOS20191216,7.4399999999999995
2019-12-15 14:08:00,7000.0,3000.0,7482.0,1019.3,16.0,61.0,8.56,4.87,0.8524778421471003,-0.5223990935395715,AMOS20191216,7.4399999999999995
2019-12-15 14:09:00,7000.0,3000.0,7332.5,1019.2,15.9,61.0,8.46,4.925,0.8887204028058352,-0.4577224861281185,AMOS20191216,7.4399999999999995
2019-12-15 14:10:00,7000.0,3000.0,7420.0,1019.2,15.8,61.0,8.37,4.825,0.9271132472708042,-0.37457806621659956,AMOS20191216,7.4300000000000015
2019-12-15 14:11:00,7000.0,3000.0,7437.5,1019.2,15.8,61.0,8.37,4.81,0.9150070529902489,-0.4026113779425159,AMOS20191216,7.4300000000000015
2019-12-15 14:12:00,7000.0,3000.0,7452.0,1019.2,15.9,61.0,8.46,4.7075,0.8966424227801487,-0.44217464650170907,AMOS20191216,7.4399999999999995
2019-12-15 14:13:00,7000.0,3000.0,7501.5,1019.2,15.9,61.0,8.46,4.3925,0.8928855524114072,-0.4500510890258982,AMOS20191216,7.4399999999999995
2019-12-15 14:14:00,7000.0,3000.0,7454.0,1019.2,15.9,61.0,8.46,4.0275,0.8929534047160677,-0.4500856615019294,AMOS20191216,7.4399999999999995
2019-12-15 14:15:00,7000.0,3000.0,7286.5,1019.2,15.8,61.0,8.37,3.6325,0.9166061959728524,-0.39855171697486297,AMOS20191216,7.4300000000000015
2019-12-15 14:16:00,7000.0,3000.0,7237.5,1019.2,15.7,61.0,8.27,3.6174999999999997,0.9237036480397576,-0.3826105786315716,AMOS20191216,7.43
2019-12-15 14:17:00,7000.0,3000.0,7269.5,1019.2,15.8,62.0,8.61,3.7725,0.9080481871552547,-0.41861567367034436,AMOS20191216,7.190000000000001
2019-12-15 14:18:00,7000.0,3000.0,7325.5,1019.2,15.9,61.0,8.46,3.5375,0.9198039948236159,-0.39043363165161465,AMOS20191216,7.4399999999999995
2019-12-15 14:19:00,7000.0,3000.0,7447.5,1019.2,15.9,61.0,8.46,3.6875,0.9584176137011556,-0.2838983100416404,AMOS20191216,7.4399999999999995
2019-12-15 14:20:00,7000.0,3000.0,7521.0,1019.1,15.9,61.0,8.46,4.3525,0.9723328955306159,-0.2334364749717664,AMOS20191216,7.4399999999999995
2019-12-15 14:21:00,7000.0,3000.0,7522.0,1019.1,15.9,61.0,8.46,4.575,0.9597296736181261,-0.27973698762858773,AMOS20191216,7.4399999999999995
2019-12-15 14:22:00,7000.0,3000.0,7535.0,1019.1,15.9,60.0,8.22,4.2925,0.9536806361290946,-0.300694349548842,AMOS20191216,7.68
2019-12-15 14:23:00,7000.0,3000.0,7488.5,1019.2,15.9,60.0,8.22,4.2775,0.9668708533254227,-0.2545566250914765,AMOS20191216,7.68
2019-12-15 14:24:00,7000.0,3000.0,7443.0,1019.1,15.9,60.0,8.22,4.2524999999999995,0.9733514801579255,-0.2291937646578157,AMOS20191216,7.68
2019-12-15 14:25:00,7000.0,3000.0,7398.0,1019.1,15.9,61.0,8.46,4.2725,0.9573979636275732,-0.2881448622307354,AMOS20191216,7.4399999999999995
2019-12-15 14:26:00,7000.0,3000.0,7373.0,1019.1,15.8,61.0,8.37,4.3725000000000005,0.9536806361290946,-0.300694349548842,AMOS20191216,7.4300000000000015
2019-12-15 14:27:00,7000.0,3000.0,7356.0,1019.1,15.8,61.0,8.37,4.015,0.9622809685289174,-0.27139207798910064,AMOS20191216,7.4300000000000015
2019-12-15 14:28:00,7000.0,3000.0,7352.5,1019.1,15.8,61.0,8.37,3.9800000000000004,0.9435594369027213,-0.3295038589598162,AMOS20191216,7.4300000000000015
2019-12-15 14:29:00,7000.0,3000.0,7450.5,1019.0,15.9,61.0,8.46,4.5,0.9187650044999804,-0.39473250713590546,AMOS20191216,7.4399999999999995
2019-12-15 14:30:00,7000.0,3000.0,7544.5,1019.0,15.9,61.0,8.46,4.6225000000000005,0.9252316966119343,-0.3785236270766637,AMOS20191216,7.4399999999999995
2019-12-15 14:31:00,7000.0,3000.0,7674.0,1019.0,16.0,61.0,8.56,4.2725,0.9597296736181261,-0.27973698762858773,AMOS20191216,7.4399999999999995
2019-12-15 14:32:00,7000.0,3000.0,7668.0,1019.0,16.0,61.0,8.56,4.155,0.9635852492703483,-0.26270065108537943,AMOS20191216,7.4399999999999995
2019-12-15 14:33:00,7000.0,3000.0,7638.0,1019.0,15.9,62.0,8.7,4.3825,0.9348956789525413,-0.35419788961657,AMOS20191216,7.200000000000001
2019-12-15 14:34:00,7000.0,3000.0,7589.5,1019.0,16.0,61.0,8.56,4.6925,0.8929534047160677,-0.4500856615019294,AMOS20191216,7.4399999999999995
2019-12-15 14:35:00,7000.0,3000.0,7469.5,1019.0,16.1,61.0,8.65,4.9425,0.8277753119806336,-0.5583414979628339,AMOS20191216,7.450000000000001
2019-12-15 14:36:00,7000.0,3000.0,7322.5,1019.0,15.9,61.0,8.46,5.05,0.8061752076460009,-0.5911136635602317,AMOS20191216,7.4399999999999995
2019-12-15 14:37:00,7000.0,3000.0,7352.0,1019.0,15.7,61.0,8.27,5.09,0.8456391331873466,-0.5335588522933283,AMOS20191216,7.43
2019-12-15 14:38:00,7000.0,3000.0,7478.0,1019.0,15.7,62.0,8.51,4.890000000000001,0.868173979623178,-0.4962024050615841,AMOS20191216,7.1899999999999995
2019-12-15 14:39:00,7000.0,3000.0,7151.0,1019.0,15.7,62.0,8.51,4.9075,0.8703225554619173,-0.4924048101231684,AMOS20191216,7.1899999999999995
2019-12-15 14:40:00,7000.0,3000.0,7511.5,1019.0,15.7,62.0,8.51,4.9925,0.8889239390513471,-0.4578261930251015,AMOS20191216,7.1899999999999995
2019-12-15 14:41:00,7000.0,3000.0,7424.5,1019.1,15.8,62.0,8.61,4.8525,0.9152157378960328,-0.4027042904487618,AMOS20191216,7.190000000000001
2019-12-15 14:42:00,7000.0,3000.0,7353.5,1019.0,15.7,62.0,8.51,4.5825,0.9003987209593362,-0.434299403597867,AMOS20191216,7.1899999999999995
2019-12-15 14:43:00,7000.0,3000.0,7229.5,1019.1,15.6,62.0,8.42,4.445,0.8380320167177135,-0.544224354999106,AMOS20191216,7.18
2019-12-15 14:44:00,7000.0,3000.0,7121.0,1019.1,15.6,63.0,8.65,4.7125,0.8089553857715448,-0.5877404910220101,AMOS20191216,6.949999999999999
2019-12-15 14:45:00,7000.0,3000.0,7150.0,1019.0,15.6,63.0,8.65,4.8775,0.8377092104899403,-0.5440226432807652,AMOS20191216,6.949999999999999
2019-12-15 14:46:00,7000.0,3000.0,7181.5,1019.0,15.7,62.0,8.51,4.8149999999999995,0.8984518404316364,-0.43820424183548434,AMOS20191216,7.1899999999999995
2019-12-15 14:47:00,7000.0,3000.0,7049.0,1019.0,15.6,63.0,8.65,4.5375,0.905962720395644,-0.4224573545234246,AMOS20191216,6.949999999999999
2019-12-15 14:48:00,6000.0,3000.0,6686.0,1019.0,15.6,63.0,8.65,4.2825,0.8805319854844438,-0.4731226592937597,AMOS20191216,6.949999999999999
2019-12-15 14:49:00,6000.0,3000.0,6886.5,1019.0,15.6,63.0,8.65,3.875,0.8479189343237682,-0.5298385549625406,AMOS20191216,6.949999999999999
2019-12-15 14:50:00,7000.0,3000.0,7347.0,1019.1,15.7,63.0,8.75,3.4775,0.8311272404587844,-0.5553459627707233,AMOS20191216,6.949999999999999
2019-12-15 14:51:00,6000.0,3000.0,6809.5,1019.1,15.7,62.0,8.51,3.6125,0.8610714910250432,-0.5072098705701149,AMOS20191216,7.1899999999999995
2019-12-15 14:52:00,6000.0,3000.0,6857.0,1019.1,15.6,63.0,8.65,3.7800000000000002,0.8503278972928476,-0.5261989669024172,AMOS20191216,6.949999999999999
2019-12-15 14:53:00,6000.0,3000.0,6915.0,1019.1,15.7,63.0,8.75,3.7975,0.8633512921614648,-0.5034895732393273,AMOS20191216,6.949999999999999
2019-12-15 14:54:00,6000.0,3000.0,6938.0,1019.1,15.7,63.0,8.75,3.985,0.9025509166679084,-0.43049470426488845,AMOS20191216,6.949999999999999
2019-12-15 14:55:00,6000.0,3000.0,6880.0,1019.1,15.6,62.0,8.42,4.16,0.9117360399911132,-0.41070704774202504,AMOS20191216,7.18
2019-12-15 14:56:00,6000.0,3000.0,6786.5,1019.1,15.7,62.0,8.51,4.3025,0.9044293518522792,-0.42655648300279386,AMOS20191216,7.1899999999999995
2019-12-15 14:57:00,6000.0,3000.0,6705.0,1019.1,15.6,62.0,8.42,4.22,0.898725600955838,-0.43833776376460026,AMOS20191216,7.18
2019-12-15 14:58:00,6000.0,3000.0,6637.5,1019.1,15.7,63.0,8.75,3.835,0.8889239390513471,-0.4578261930251015,AMOS20191216,6.949999999999999
2019-12-15 14:59:00,6000.0,3000.0,6615.0,1019.1,15.6,62.0,8.42,3.64,0.905962720395644,-0.4224573545234246,AMOS20191216,7.18
2019-12-15 15:00:00,6000.0,3000.0,6676.0,1019.1,15.5,63.0,8.56,3.5625,0.9335093320867749,-0.35834065895804534,AMOS20191216,6.9399999999999995
2019-12-15 15:01:00,6000.0,3000.0,6684.0,1019.1,15.6,63.0,8.65,3.775,0.906100183271856,-0.42252292095203203,AMOS20191216,6.949999999999999
2019-12-15 15:02:00,6000.0,3000.0,6714.5,1019.1,15.6,63.0,8.65,4.07,0.9006724814835377,-0.434432925526983,AMOS20191216,6.949999999999999
2019-12-15 15:03:00,6000.0,3000.0,6776.0,1019.1,15.6,63.0,8.65,4.045,0.9350373806589515,-0.35425370740313744,AMOS20191216,6.949999999999999
2019-12-15 15:04:00,6000.0,3000.0,6765.0,1019.0,15.6,63.0,8.65,3.815,0.9335804264972017,-0.35836794954530027,AMOS20191216,6.949999999999999
2019-12-15 15:05:00,6000.0,3000.0,6674.0,1019.1,15.6,63.0,8.65,3.7225,0.9254434969922174,-0.37860919998494,AMOS20191216,6.949999999999999
2019-12-15 15:06:00,6000.0,3000.0,6720.5,1019.1,15.6,63.0,8.65,3.5,0.9254434969922174,-0.37860919998494,AMOS20191216,6.949999999999999
2019-12-15 15:07:00,6000.0,3000.0,6693.0,1019.1,15.5,63.0,8.56,3.1950000000000003,0.9335093320867749,-0.35834065895804534,AMOS20191216,6.9399999999999995
2019-12-15 15:08:00,6000.0,3000.0,6626.5,1019.1,15.5,63.0,8.56,3.425,0.915077151664122,-0.4026411330642248,AMOS20191216,6.9399999999999995
2019-12-15 15:09:00,6000.0,3000.0,6641.0,1019.1,15.6,63.0,8.65,3.815,0.8928855524114072,-0.4500510890258982,AMOS20191216,6.949999999999999
2019-12-15 15:10:00,6000.0,3000.0,6609.0,1019.1,15.6,63.0,8.65,3.78,0.8848272347891042,-0.4655309731517991,AMOS20191216,6.949999999999999
2019-12-15 15:11:00,6000.0,3000.0,6537.0,1019.1,15.6,63.0,8.65,3.4075,0.9307025043095085,-0.36193530956959463,AMOS20191216,6.949999999999999
2019-12-15 15:12:00,6000.0,3000.0,6573.5,1019.1,15.5,63.0,8.56,3.42,0.9828434823557937,-0.18215724495021787,AMOS20191216,6.9399999999999995
2019-12-15 15:13:00,6000.0,3000.0,6696.5,1019.1,15.6,63.0,8.65,3.285,0.9868179833448775,-0.16071275660426795,AMOS20191216,6.949999999999999
2019-12-15 15:14:00,6000.0,3000.0,6695.0,1019.1,15.7,63.0,8.75,3.42,0.9753144487723778,-0.2206912134623386,AMOS20191216,6.949999999999999
2019-12-15 15:15:00,6000.0,3000.0,6757.5,1019.1,15.7,63.0,8.75,4.0525,0.983712651483812,-0.17788549120532496,AMOS20191216,6.949999999999999
2019-12-15 15:16:00,6000.0,3000.0,6776.0,1019.1,15.7,63.0,8.75,4.359999999999999,0.9979447775313098,-0.061036917359307094,AMOS20191216,6.949999999999999
2019-12-15 15:17:00,6000.0,3000.0,6807.0,1019.1,15.7,63.0,8.75,4.35,0.9987438097631474,-0.04797285584801777,AMOS20191216,6.949999999999999
2019-12-15 15:18:00,6000.0,3000.0,6778.5,1019.1,15.6,63.0,8.65,4.135,0.9944461601174035,-0.10452050317202818,AMOS20191216,6.949999999999999
2019-12-15 15:19:00,6000.0,3000.0,6803.5,1019.1,15.6,64.0,8.88,3.9875,0.9889782046683541,-0.14780378300014807,AMOS20191216,6.719999999999999
2019-12-15 15:20:00,6000.0,3000.0,6846.0,1019.1,15.6,63.0,8.65,3.8875,0.9889782046683541,-0.14780378300014807,AMOS20191216,6.949999999999999
2019-12-15 15:21:00,6000.0,3000.0,6957.0,1019.1,15.7,64.0,8.98,4.055,0.9895890889393709,-0.13908036037166654,AMOS20191216,6.719999999999999
2019-12-15 15:22:00,6000.0,3000.0,6989.5,1019.1,15.7,63.0,8.75,4.285,0.9979447775313098,-0.061036917359307094,AMOS20191216,6.949999999999999
2019-12-15 15:23:00,7000.0,3000.0,7086.5,1019.1,15.6,63.0,8.65,4.295,0.9993908270190958,-0.034899496702500955,AMOS20191216,6.949999999999999
2019-12-15 15:24:00,7000.0,3000.0,7191.0,1019.1,15.5,64.0,8.79,4.0675,0.9990101808868348,-0.0436177264727224,AMOS20191216,6.710000000000001
2019-12-15 15:25:00,7000.0,3000.0,7212.0,1019.1,15.6,64.0,8.88,3.935,0.9999238475781956,6.071532165918825e-17,AMOS20191216,6.719999999999999
2019-12-15 15:26:00,7000.0,3000.0,7112.5,1019.1,15.6,64.0,8.88,4.0600000000000005,0.9996192610877435,0.026175951569892338,AMOS20191216,6.719999999999999
2019-12-15 15:27:00,7000.0,3000.0,7152.5,1019.1,15.5,64.0,8.79,4.3025,0.9999238475781956,6.071532165918825e-17,AMOS20191216,6.710000000000001
2019-12-15 15:28:00,7000.0,3000.0,7162.0,1019.1,15.5,64.0,8.79,4.4799999999999995,0.9998476951563913,0.008726203218641829,AMOS20191216,6.710000000000001
2019-12-15 15:29:00,7000.0,3000.0,7114.5,1019.1,15.6,64.0,8.88,4.42,0.9998857713672935,0.004363101609320946,AMOS20191216,6.719999999999999
2019-12-15 15:30:00,7000.0,3000.0,7174.5,1019.1,15.5,65.0,9.02,4.1025,0.9998857713672935,0.004363101609320946,AMOS20191216,6.48
2019-12-15 15:31:00,7000.0,3000.0,7275.0,1019.1,15.5,65.0,9.02,3.9450000000000003,0.9988202288559059,0.03924001308118161,AMOS20191216,6.48
2019-12-15 15:32:00,7000.0,3000.0,7348.0,1019.1,15.5,65.0,9.02,4.0975,0.9913316988797759,0.13051062381391834,AMOS20191216,6.48
2019-12-15 15:33:00,7000.0,3000.0,7226.5,1019.1,15.4,65.0,8.92,4.555,0.9807572877691993,0.19508466923684856,AMOS20191216,6.48
2019-12-15 15:34:00,7000.0,3000.0,7171.0,1019.0,15.4,65.0,8.92,4.7425,0.981627183447664,0.19080899537654492,AMOS20191216,6.48
2019-12-15 15:35:00,7000.0,3000.0,7119.5,1019.0,15.4,66.0,9.14,4.855,0.974221663504901,0.22491679320871355,AMOS20191216,6.26
2019-12-15 15:36:00,7000.0,3000.0,7116.5,1019.0,15.4,66.0,9.14,4.9325,0.9742958641450681,0.22493392377628924,AMOS20191216,6.26
2019-12-15 15:37:00,7000.0,3000.0,7114.0,1019.0,15.3,66.0,9.05,4.35,0.9790174964122702,0.2036360169574558,AMOS20191216,6.25
2019-12-15 15:38:00,7000.0,3000.0,7111.0,1019.0,15.3,66.0,9.05,4.265000000000001,0.9679633283221547,0.25033233771576313,AMOS20191216,6.25
2019-12-15 15:39:00,7000.0,3000.0,7143.5,1019.0,15.3,67.0,9.27,4.665,0.9635937611136935,0.2672282004597599,AMOS20191216,6.030000000000001
2019-12-15 15:40:00,7000.0,3000.0,7139.0,1019.0,15.3,66.0,9.05,4.734999999999999,0.9659258262890683,0.25881904510252074,AMOS20191216,6.25
2019-12-15 15:41:00,7000.0,3000.0,6985.0,1019.0,15.3,66.0,9.05,4.635,0.9712404205338838,0.23766076234747957,AMOS20191216,6.25
2019-12-15 15:42:00,6000.0,3000.0,6998.0,1019.0,15.2,66.0,8.95,4.535,0.9723328955306159,0.23343647497176628,AMOS20191216,6.25
2019-12-15 15:43:00,7000.0,3000.0,7043.0,1019.0,15.3,66.0,9.05,4.4399999999999995,0.9702218359065742,0.24190347266143025,AMOS20191216,6.25
2019-12-15 15:44:00,7000.0,3000.0,7180.5,1019.1,15.3,66.0,9.05,4.5925,0.9805332928858642,0.1950397751238713,AMOS20191216,6.25
2019-12-15 15:45:00,7000.0,3000.0,7267.5,1019.1,15.3,67.0,9.27,4.675,0.9815524301603353,0.19079446480944492,AMOS20191216,6.030000000000001
2019-12-15 15:46:00,7000.0,3000.0,7291.5,1019.1,15.3,66.0,9.05,4.57,0.9739990841866336,0.2248654067241232,AMOS20191216,6.25
2019-12-15 15:47:00,7000.0,3000.0,7286.0,1019.1,15.2,66.0,8.95,4.4475,0.9659258262890683,0.25881904510252074,AMOS20191216,6.25
2019-12-15 15:48:00,7000.0,3000.0,6986.5,1019.1,15.2,66.0,8.95,4.234999999999999,0.9692032512792644,0.24614618297538093,AMOS20191216,6.25
2019-12-15 15:49:00,6000.0,3000.0,6910.5,1019.1,15.2,66.0,8.95,4.1025,0.9634470011166048,0.2671875003104811,AMOS20191216,6.25
2019-12-15 15:50:00,6000.0,3000.0,6931.5,1019.2,15.2,66.0,8.95,4.422499999999999,0.9454465720699239,0.32554336165373243,AMOS20191216,6.25
2019-12-15 15:51:00,6000.0,3000.0,6964.5,1019.2,15.2,67.0,9.17,4.875,0.9411491094892604,0.3379071461085408,AMOS20191216,6.029999999999999
2019-12-15 15:52:00,7000.0,3000.0,7043.0,1019.2,15.2,66.0,8.95,4.9675,0.9509840910381648,0.3089934619824471,AMOS20191216,6.25
2019-12-15 15:53:00,7000.0,3000.0,7087.0,1019.2,15.2,66.0,8.95,4.8549999999999995,0.969926296936607,0.24182978652028608,AMOS20191216,6.25
2019-12-15 15:54:00,7000.0,3000.0,7111.0,1019.1,15.1,66.0,8.86,4.65,0.9882580577726217,0.15210721115682307,AMOS20191216,6.24
2019-12-15 15:55:00,7000.0,3000.0,7029.0,1019.1,15.1,67.0,9.08,4.275,0.9929645027798597,0.11752484272512997,AMOS20191216,6.02
2019-12-15 15:56:00,7000.0,3000.0,7043.0,1019.1,15.2,67.0,9.17,4.109999999999999,0.9839376151256685,0.17792515836506279,AMOS20191216,6.029999999999999
2019-12-15 15:57:00,6500.0,3000.0,6959.0,1019.1,15.2,67.0,9.17,4.2775,0.9753144487723778,0.22069121346233855,AMOS20191216,6.029999999999999
2019-12-15 15:58:00,6000.0,3000.0,6906.0,1019.1,15.1,67.0,9.08,4.220000000000001,0.9753144487723778,0.22069121346233855,AMOS20191216,6.02
2019-12-15 15:59:00,6000.0,3000.0,6908.0,1019.2,15.1,67.0,9.08,4.1375,0.9847327575168044,0.17363495393765915,AMOS20191216,6.02
2019-12-15 16:00:00,6000.0,3000.0,6877.0,1019.2,15.1,67.0,9.08,4.346666666666667,0.99016752032601,0.13915896980181464,AMOS20191216,6.02
2019-12-15 16:01:00,6000.0,3000.0,6801.5,1019.2,15.1,67.0,9.08,4.5625,0.977923870829121,0.2078654942931049,AMOS20191216,6.02
2019-12-15 16:02:00,6000.0,3000.0,6795.5,1019.1,15.1,67.0,9.08,4.77,0.9761101438106753,0.21639840903445923,AMOS20191216,6.02
2019-12-15 16:03:00,6000.0,3000.0,6795.0,1019.1,15.1,67.0,9.08,4.88,0.9923195707432516,0.12184018374517133,AMOS20191216,6.02
2019-12-15 16:04:00,6000.0,3000.0,6811.5,1019.1,15.1,67.0,9.08,4.67,0.9935340235047976,0.11319890333640048,AMOS20191216,6.02
2019-12-15 16:05:00,6000.0,3000.0,6843.0,1019.1,15.1,67.0,9.08,4.46,0.9975265768504418,0.06538009748930593,AMOS20191216,6.02
2019-12-15 16:06:00,6000.0,3000.0,6819.0,1019.1,15.1,67.0,9.08,4.342499999999999,0.9996192610877435,-0.026175951569892216,AMOS20191216,6.02
2019-12-15 16:07:00,6000.0,3000.0,6820.0,1019.1,15.1,67.0,9.08,4.172499999999999,0.9970320847190586,0.06972327154918011,AMOS20191216,6.02
2019-12-15 16:08:00,6000.0,3000.0,6834.5,1019.1,15.2,67.0,9.17,4.165,0.9844327983795444,0.1735820630486502,AMOS20191216,6.029999999999999
2019-12-15 16:09:00,6000.0,3000.0,6806.5,1019.1,15.2,67.0,9.17,4.445,0.9807572877691993,0.19508466923684856,AMOS20191216,6.029999999999999
2019-12-15 16:10:00,6000.0,3000.0,6820.0,1019.0,15.2,67.0,9.17,4.7125,0.9823475725514714,0.1865042603820413,AMOS20191216,6.029999999999999
2019-12-15 16:11:00,6000.0,3000.0,6883.0,1019.0,15.1,67.0,9.08,4.8025,0.9798873920907347,0.19936034309715217,AMOS20191216,6.02
2019-12-15 16:12:00,6000.0,3000.0,6856.0,1019.0,15.1,67.0,9.08,4.93,0.9839376151256685,0.17792515836506279,AMOS20191216,6.02
2019-12-15 16:13:00,6000.0,3000.0,6756.5,1019.0,15.1,68.0,9.3,4.8225,0.9941432421836155,0.10448866521424909,AMOS20191216,5.799999999999999
2019-12-15 16:14:00,6000.0,3000.0,6761.5,1019.0,15.1,68.0,9.3,4.5525,0.9984013326076534,0.05232532754211951,AMOS20191216,5.799999999999999
2019-12-15 16:15:00,6000.0,3000.0,6765.0,1019.0,15.1,68.0,9.3,4.415,0.9998857713672935,0.004363101609320946,AMOS20191216,5.799999999999999
2019-12-15 16:16:00,6000.0,3000.0,6760.5,1019.0,15.2,67.0,9.17,4.295,0.9998857713672935,-0.004363101609320823,AMOS20191216,6.029999999999999
2019-12-15 16:17:00,6000.0,3000.0,6795.0,1019.0,15.2,67.0,9.17,4.1525,0.9998857713672935,-0.004363101609320823,AMOS20191216,6.029999999999999
2019-12-15 16:18:00,6000.0,3000.0,6797.5,1019.0,15.1,67.0,9.08,4.01,0.9996192610877435,0.026175951569892338,AMOS20191216,6.02
2019-12-15 16:19:00,6000.0,3000.0,6797.0,1019.0,15.1,67.0,9.08,4.345,0.9971457452994723,0.07410097887059637,AMOS20191216,6.02
2019-12-15 16:20:00,6000.0,3000.0,6800.5,1019.0,15.1,68.0,9.3,4.79,0.9981351005974404,0.05667780247419638,AMOS20191216,5.799999999999999
2019-12-15 16:21:00,6000.0,3000.0,6786.5,1019.0,15.1,68.0,9.3,4.8225,0.9988198578207044,0.04797684135783324,AMOS20191216,5.799999999999999
2019-12-15 16:22:00,6000.0,3000.0,6761.5,1019.0,15.1,68.0,9.3,4.9325,0.9959670058957165,0.08713715638147726,AMOS20191216,5.799999999999999
2019-12-15 16:23:00,6000.0,3000.0,6788.0,1019.0,15.1,68.0,9.3,5.015,0.9953582967300094,0.0958421030076558,AMOS20191216,5.799999999999999
2019-12-15 16:24:00,6000.0,3000.0,6750.5,1019.0,15.1,68.0,9.3,4.7325,0.9940279594365354,0.10886368330202696,AMOS20191216,5.799999999999999
2019-12-15 16:25:00,6000.0,3000.0,6681.0,1019.0,15.1,68.0,9.3,4.275,0.9847327575168044,0.17363495393765915,AMOS20191216,5.799999999999999
2019-12-15 16:26:00,6000.0,3000.0,6644.0,1019.0,15.1,68.0,9.3,4.2275,0.9889782046683541,0.14780378300014818,AMOS20191216,5.799999999999999
2019-12-15 16:27:00,6000.0,3000.0,6638.5,1019.0,15.0,68.0,9.2,4.3925,0.9943704248665337,0.10451254307640281,AMOS20191216,5.800000000000001
2019-12-15 16:28:00,6000.0,3000.0,6576.0,1019.0,15.0,68.0,9.2,4.3775,0.9971457452994723,0.07410097887059637,AMOS20191216,5.800000000000001
2019-12-15 16:29:00,6000.0,3000.0,6463.5,1019.0,15.0,68.0,9.2,4.6775,0.9996192610877435,0.026175951569892338,AMOS20191216,5.800000000000001
2019-12-15 16:30:00,6000.0,3000.0,6438.0,1019.0,15.0,69.0,9.42,5.0,0.9991243979211587,0.03925595390641815,AMOS20191216,5.58
2019-12-15 16:31:00,6000.0,3000.0,6472.5,1019.0,15.1,69.0,9.51,4.945,0.9994670142325153,0.026171964845682176,AMOS20191216,5.59
2019-12-15 16:32:00,6000.0,3000.0,6471.5,1018.9,15.0,69.0,9.42,4.6675,0.9995431202643218,-0.0261746225268757,AMOS20191216,5.58
2019-12-15 16:33:00,6000.0,3000.0,6532.0,1018.9,15.1,69.0,9.51,4.625,0.9996573372986457,-0.021812849960571333,AMOS20191216,5.59
2019-12-15 16:34:00,6000.0,3000.0,6664.0,1018.9,15.0,68.0,9.2,4.6125,0.9969178676847347,0.07408504411548447,AMOS20191216,5.800000000000001
2019-12-15 16:35:00,6000.0,3000.0,6728.0,1018.8,15.1,68.0,9.3,4.3575,0.990762178154838,0.13483656320264784,AMOS20191216,5.799999999999999
2019-12-15 16:36:00,6000.0,3000.0,6735.0,1018.9,15.0,69.0,9.42,4.2725,0.9964996670038666,0.0784282242454833,AMOS20191216,5.58
2019-12-15 16:37:00,6000.0,3000.0,6710.5,1018.9,14.9,69.0,9.32,4.175,0.9996192610877435,0.026175951569892338,AMOS20191216,5.58
2019-12-15 16:38:00,6000.0,3000.0,6659.0,1018.9,14.9,69.0,9.32,4.2524999999999995,0.9987438097631474,0.04797285584801784,AMOS20191216,5.58
2019-12-15 16:39:00,6000.0,3000.0,6577.0,1018.9,14.9,69.0,9.32,4.555,0.9987438097631474,0.04797285584801784,AMOS20191216,5.58
2019-12-15 16:40:00,6000.0,3000.0,6459.0,1018.9,14.9,70.0,9.53,4.5425,0.9997715543329696,-0.008724874175625192,AMOS20191216,5.370000000000001
2019-12-15 16:41:00,6000.0,3000.0,6377.0,1018.9,14.9,69.0,9.32,4.395,0.9995050440534197,-0.030537724136196584,AMOS20191216,5.58
2019-12-15 16:42:00,6000.0,3000.0,6379.0,1018.9,15.0,69.0,9.42,4.54,0.9997715543329696,0.008724874175625317,AMOS20191216,5.58
2019-12-15 16:43:00,6000.0,3000.0,6400.0,1018.9,14.9,69.0,9.32,4.6125,0.9996192610877435,0.026175951569892338,AMOS20191216,5.58
2019-12-15 16:44:00,6000.0,3000.0,6436.5,1018.8,14.9,69.0,9.32,4.54,0.9996573372986457,-0.021812849960571333,AMOS20191216,5.58
2019-12-15 16:45:00,6000.0,3000.0,6521.0,1018.9,14.9,70.0,9.53,4.6475,0.9997715543329695,-0.008724874175625192,AMOS20191216,5.370000000000001
2019-12-15 16:46:00,6000.0,3000.0,6583.0,1018.8,15.0,70.0,9.63,4.6625,0.9987438097631474,0.04797285584801784,AMOS20191216,5.369999999999999
2019-12-15 16:47:00,6000.0,3000.0,6573.5,1018.8,15.0,69.0,9.42,4.5649999999999995,0.9972217122178045,0.07410629099500846,AMOS20191216,5.58
2019-12-15 16:48:00,6000.0,3000.0,6539.5,1018.8,15.0,69.0,9.42,4.54,0.9971457452994723,0.07410097887059637,AMOS20191216,5.58
2019-12-15 16:49:00,6000.0,3000.0,6509.0,1018.8,14.9,70.0,9.53,4.4925,0.9996192610877435,0.026175951569892338,AMOS20191216,5.370000000000001
2019-12-15 16:50:00,6000.0,3000.0,6459.0,1018.8,14.9,70.0,9.53,4.6775,0.9998857713672935,-0.013089304827962592,AMOS20191216,5.370000000000001
2019-12-15 16:51:00,6000.0,3000.0,6422.0,1018.8,14.8,70.0,9.44,5.0175,0.9998857713672935,0.013089304827962715,AMOS20191216,5.360000000000001
2019-12-15 16:52:00,6000.0,3000.0,6403.5,1018.7,14.9,70.0,9.53,4.885,0.9998857713672935,0.013089304827962715,AMOS20191216,5.370000000000001
2019-12-15 16:53:00,6000.0,3000.0,6334.0,1018.8,15.0,70.0,9.63,4.48,0.9999238475781956,0.008726203218641829,AMOS20191216,5.369999999999999
2019-12-15 16:54:00,6000.0,3000.0,6250.5,1018.8,14.9,70.0,9.53,4.375,0.9998476951563913,0.0174524064372836,AMOS20191216,5.370000000000001
2019-12-15 16:55:00,6000.0,3000.0,6213.0,1018.8,14.9,70.0,9.53,4.2075,0.9997715543329696,-0.01745107739426696,AMOS20191216,5.370000000000001
2019-12-15 16:56:00,6000.0,3000.0,6160.5,1018.8,14.8,70.0,9.44,4.08,0.9986295347545738,-0.05233595624294384,AMOS20191216,5.360000000000001
2019-12-15 16:57:00,6000.0,3000.0,6110.0,1018.8,14.8,70.0,9.44,4.04,0.9988198578207044,-0.04797684135783312,AMOS20191216,5.360000000000001
2019-12-15 16:58:00,6000.0,3000.0,6071.0,1018.8,14.7,71.0,9.55,3.8925,0.9993908270190958,-0.034899496702500955,AMOS20191216,5.149999999999999
2019-12-15 16:59:00,6000.0,3000.0,6097.5,1018.8,14.6,71.0,9.45,3.8025,0.9995050440534197,-0.030537724136196584,AMOS20191216,5.15
2019-12-15 17:00:00,6000.0,3000.0,6098.0,1018.8,14.6,71.0,9.45,3.83,0.9997715543329696,1.3290430165759787e-06,AMOS20191216,5.15
2019-12-15 17:01:00,6000.0,3000.0,6137.0,1018.9,14.6,71.0,9.45,3.88,0.9979447775313098,0.06103691735930711,AMOS20191216,5.15
2019-12-15 17:02:00,6000.0,3000.0,6127.5,1018.9,14.6,71.0,9.45,3.58,0.9953582967300094,0.0958421030076558,AMOS20191216,5.15
2019-12-15 17:03:00,6000.0,3000.0,6142.0,1018.9,14.5,72.0,9.56,3.505,0.9945218953682733,0.10452846326765346,AMOS20191216,4.9399999999999995
2019-12-15 17:04:00,6000.0,3000.0,6144.5,1018.9,14.5,72.0,9.56,3.615,0.9929645027798597,0.11752484272512997,AMOS20191216,4.9399999999999995
2019-12-15 17:05:00,6000.0,3000.0,6125.0,1018.9,14.4,72.0,9.47,3.3225,0.9830677194472038,0.18220083222536643,AMOS20191216,4.93
2019-12-15 17:06:00,6000.0,3000.0,6003.5,1018.9,14.3,72.0,9.37,3.0125,0.9657048207377353,0.258761202770096,AMOS20191216,4.9300000000000015
2019-12-15 17:07:00,5000.0,3000.0,5943.5,1019.0,14.2,72.0,9.27,2.9725,0.9549198711229153,0.2965107623224077,AMOS20191216,4.93
2019-12-15 17:08:00,5000.0,3000.0,5972.0,1019.0,14.1,73.0,9.38,3.0025,0.9562319310398858,0.292349439909355,AMOS20191216,4.719999999999999
2019-12-15 17:09:00,5000.0,3000.0,5942.5,1019.0,14.1,73.0,9.38,3.065,0.9635937611136935,0.2672282004597599,AMOS20191216,4.719999999999999
2019-12-15 17:10:00,5000.0,3000.0,5894.5,1019.0,14.1,73.0,9.38,3.1925,0.9732772795177584,0.22917663409023992,AMOS20191216,4.719999999999999
2019-12-15 17:11:00,5000.0,3000.0,5934.5,1019.0,14.1,74.0,9.58,3.4975,0.9880324361064236,0.1520714761954972,AMOS20191216,4.52
2019-12-15 17:12:00,5000.0,3000.0,6006.0,1019.0,14.0,74.0,9.48,3.885,0.9953582967300094,0.0958421030076558,AMOS20191216,4.52
2019-12-15 17:13:00,5000.0,3000.0,5973.0,1019.0,14.1,74.0,9.58,3.87,0.9971457452994723,0.07410097887059637,AMOS20191216,4.52
2019-12-15 17:14:00,5000.0,3000.0,5952.5,1019.0,14.2,74.0,9.68,3.55,0.9992005039529652,0.039258611587611805,AMOS20191216,4.52
2019-12-15 17:15:00,5000.0,3000.0,5970.5,1019.1,14.3,74.0,9.77,3.265,0.9987438097631474,0.04797285584801784,AMOS20191216,4.530000000000001
2019-12-15 17:16:00,5000.0,3000.0,5936.5,1019.1,14.2,74.0,9.68,3.1725,0.9939522241856658,0.10885572320640165,AMOS20191216,4.52
2019-12-15 17:17:00,5000.0,3000.0,5843.0,1019.1,14.2,74.0,9.68,3.1775,0.986892978840281,0.1607259803335393,AMOS20191216,4.52
2019-12-15 17:18:00,5000.0,3000.0,5789.0,1019.1,14.1,74.0,9.58,3.28,0.984012610621072,0.17793838209433405,AMOS20191216,4.52
2019-12-15 17:19:00,5000.0,3000.0,5757.0,1019.1,14.1,74.0,9.58,3.32,0.9824223258388,0.18651879094914128,AMOS20191216,4.52
2019-12-15 17:20:00,5000.0,3000.0,5709.5,1019.1,14.0,74.0,9.48,3.225,0.9752402481322107,0.22067408289476287,AMOS20191216,4.52
2019-12-15 17:21:00,5000.0,3000.0,5678.5,1019.1,13.9,74.0,9.39,3.09,0.9586371986213941,0.283961275004301,AMOS20191216,4.51
2019-12-15 17:22:00,5000.0,3000.0,5638.0,1019.1,13.9,75.0,9.58,2.935,0.9440620868959646,0.3296811516742848,AMOS20191216,4.32
2019-12-15 17:23:00,5000.0,3000.0,5622.0,1019.1,13.8,75.0,9.49,2.8575,0.9396926207859083,0.3420201433256688,AMOS20191216,4.3100000000000005
2019-12-15 17:24:00,5000.0,3000.0,5618.0,1019.1,13.8,75.0,9.49,2.695,0.9303821405319945,0.36648727148060617,AMOS20191216,4.3100000000000005
2019-12-15 17:25:00,5000.0,3000.0,5612.5,1019.1,13.8,75.0,9.49,2.6975000000000002,0.9335093320867748,0.3583406589580454,AMOS20191216,4.3100000000000005
2019-12-15 17:26:00,5000.0,3000.0,5609.5,1019.1,13.8,75.0,9.49,2.9025,0.9495996058642056,0.3131312520029994,AMOS20191216,4.3100000000000005
2019-12-15 17:27:00,5000.0,3000.0,5647.0,1019.1,13.8,75.0,9.49,2.8525,0.9612616959383189,0.27563735581699916,AMOS20191216,4.3100000000000005
2019-12-15 17:28:00,5000.0,3000.0,5652.5,1019.1,13.8,75.0,9.49,2.825,0.9612616959383189,0.27563735581699916,AMOS20191216,4.3100000000000005
2019-12-15 17:29:00,5000.0,3000.0,5636.0,1019.1,13.8,75.0,9.49,3.1,0.9611884935321854,0.27561636536481393,AMOS20191216,4.3100000000000005
2019-12-15 17:30:00,5000.0,3000.0,5639.0,1019.1,13.7,76.0,9.59,3.44,0.9670183012858004,0.25459475772680745,AMOS20191216,4.109999999999999
2019-12-15 17:31:00,5000.0,3000.0,5639.0,1019.1,13.7,76.0,9.59,3.39,0.9723328955306159,0.23343647497176628,AMOS20191216,4.109999999999999
2019-12-15 17:32:00,5000.0,3000.0,5595.0,1019.1,13.7,76.0,9.59,3.1375,0.964759793701381,0.26302362278114033,AMOS20191216,4.109999999999999
2019-12-15 17:33:00,5000.0,3000.0,5578.0,1019.1,13.7,76.0,9.59,3.2575,0.9624277285260062,0.27143277813837957,AMOS20191216,4.109999999999999
2019-12-15 17:34:00,5000.0,3000.0,5597.0,1019.1,13.7,76.0,9.59,3.4825,0.9712404205338838,0.23766076234747957,AMOS20191216,4.109999999999999
2019-12-15 17:35:00,5000.0,3000.0,5588.5,1019.1,13.8,76.0,9.68,3.4450000000000003,0.9713143109033062,0.237679185285717,AMOS20191216,4.120000000000001
2019-12-15 17:36:00,5000.0,3000.0,5564.0,1019.1,13.8,76.0,9.68,3.4225000000000003,0.9733514801579255,0.2291937646578156,AMOS20191216,4.120000000000001
2019-12-15 17:37:00,5000.0,3000.0,5594.0,1019.1,13.8,76.0,9.68,3.4725,0.9815524301603353,0.19079446480944492,AMOS20191216,4.120000000000001
2019-12-15 17:38:00,5000.0,3000.0,5624.5,1019.1,13.9,76.0,9.78,3.63,0.9912561140865759,0.13050134316827433,AMOS20191216,4.120000000000001
2019-12-15 17:39:00,5000.0,3000.0,5642.0,1019.1,14.0,76.0,9.88,3.84,0.9953582967300094,0.0958421030076558,AMOS20191216,4.119999999999999
2019-12-15 17:40:00,5000.0,3000.0,5669.5,1019.1,14.1,76.0,9.98,3.76,0.9975640502598242,0.06975647374412523,AMOS20191216,4.119999999999999
2019-12-15 17:41:00,5000.0,3000.0,5731.5,1019.1,14.2,76.0,10.07,3.6925,0.9982871155733295,0.05668710010842388,AMOS20191216,4.129999999999999
2019-12-15 17:42:00,5000.0,3000.0,5771.0,1019.1,14.2,75.0,9.88,3.6025,0.9997334781220674,0.02181417900358797,AMOS20191216,4.3199999999999985
2019-12-15 17:43:00,5000.0,3000.0,5798.0,1019.1,14.2,75.0,9.88,3.3425,0.9999238475781956,0.008726203218641829,AMOS20191216,4.3199999999999985
2019-12-15 17:44:00,5000.0,3000.0,5793.0,1019.1,14.2,75.0,9.88,3.3,0.9980967925071991,0.0610462149935346,AMOS20191216,4.3199999999999985
2019-12-15 17:45:00,5000.0,3000.0,5738.5,1019.1,14.2,75.0,9.88,3.42,0.9953582967300094,0.0958421030076558,AMOS20191216,4.3199999999999985
2019-12-15 17:46:00,5000.0,3000.0,5701.0,1019.1,14.1,75.0,9.78,3.41,0.992546151641322,0.12186934340514749,AMOS20191216,4.32
2019-12-15 17:47:00,5000.0,3000.0,5619.0,1019.1,14.1,75.0,9.78,3.36,0.9896231367049622,0.14348844198010682,AMOS20191216,4.32
2019-12-15 17:48:00,5000.0,3000.0,5546.5,1019.1,14.1,75.0,9.78,3.2625,0.9838628618383398,0.1779106277979628,AMOS20191216,4.32
2019-12-15 17:49:00,5000.0,3000.0,5491.5,1019.1,14.0,75.0,9.68,3.1225,0.9732772795177584,0.22917663409023992,AMOS20191216,4.32
2019-12-15 17:50:00,5000.0,3000.0,5460.0,1019.1,13.9,75.0,9.58,3.21,0.9713143109033062,0.237679185285717,AMOS20191216,4.32
2019-12-15 17:51:00,5000.0,3000.0,5426.5,1019.1,13.8,76.0,9.68,3.38,0.9797381504947282,0.19932997955127493,AMOS20191216,4.120000000000001
2019-12-15 17:52:00,5000.0,3000.0,5417.5,1019.1,13.7,76.0,9.59,3.3775,0.9882580577726217,0.15210721115682307,AMOS20191216,4.109999999999999
2019-12-15 17:53:00,5000.0,3000.0,5391.0,1019.1,13.6,77.0,9.68,3.3125,0.9919766309163841,0.12619528279387698,AMOS20191216,3.92
2019-12-15 17:54:00,5000.0,3000.0,5362.0,1019.1,13.5,77.0,9.59,3.295,0.9902680687415704,0.13917310096006547,AMOS20191216,3.91
2019-12-15 17:55:00,5000.0,3000.0,5347.5,1019.2,13.5,77.0,9.59,3.2800000000000002,0.9902680687415704,0.13917310096006547,AMOS20191216,3.91
2019-12-15 17:56:00,5000.0,3000.0,5310.0,1019.2,13.5,77.0,9.59,3.2225,0.9896231367049622,0.14348844198010682,AMOS20191216,3.91
2019-12-15 17:57:00,5000.0,3000.0,5286.5,1019.2,13.4,77.0,9.49,3.385,0.9914071101914461,0.13052122218260648,AMOS20191216,3.91
2019-12-15 17:58:00,5000.0,3000.0,5305.0,1019.2,13.4,78.0,9.68,3.575,0.9914071101914461,0.13052122218260648,AMOS20191216,3.7200000000000006
2019-12-15 17:59:00,5000.0,3000.0,5342.5,1019.2,13.4,78.0,9.68,3.7025,0.9902680687415704,0.13917310096006547,AMOS20191216,3.7200000000000006
2019-12-15 18:00:00,5000.0,3000.0,5342.5,1019.1,13.5,78.0,9.78,3.9025,0.9854529044125369,0.1693315257809843,AMOS20191216,3.7200000000000006
2019-12-15 18:01:00,5000.0,3000.0,5358.0,1019.2,13.6,78.0,9.87,3.8825000000000003,0.981627183447664,0.19080899537654492,AMOS20191216,3.7300000000000004
2019-12-15 18:02:00,5000.0,3000.0,5406.5,1019.2,13.7,78.0,9.97,3.5325,0.9807572877691993,0.19508466923684856,AMOS20191216,3.7299999999999986
2019-12-15 18:03:00,5000.0,3000.0,5374.0,1019.2,13.7,78.0,9.97,3.37,0.9866673571740829,0.16069024537221344,AMOS20191216,3.7299999999999986
2019-12-15 18:04:00,5000.0,3000.0,5350.5,1019.2,13.7,78.0,9.97,3.5675,0.9967275446186042,0.0784441590005952,AMOS20191216,3.7299999999999986
2019-12-15 18:05:00,5000.0,3000.0,5368.5,1019.2,13.7,78.0,9.97,3.5949999999999998,0.9996192610877435,0.026175951569892338,AMOS20191216,3.7299999999999986
2019-12-15 18:06:00,5000.0,3000.0,5409.5,1019.3,13.9,78.0,10.17,3.4325,0.9998857713672935,0.004363101609320946,AMOS20191216,3.7300000000000004
2019-12-15 18:07:00,5000.0,3000.0,5400.0,1019.3,14.0,77.0,10.07,3.3175,0.9998476951563913,-0.017452406437283477,AMOS20191216,3.9299999999999997
2019-12-15 18:08:00,5000.0,3000.0,5377.5,1019.3,14.0,77.0,10.07,3.32,0.9999238475781956,-0.008726203218641707,AMOS20191216,3.9299999999999997
2019-12-15 18:09:00,5000.0,3000.0,5374.0,1019.3,14.1,76.0,9.98,3.3725,0.9998857713672935,-0.004363101609320823,AMOS20191216,4.119999999999999
2019-12-15 18:10:00,5000.0,3000.0,5379.0,1019.3,14.0,76.0,9.88,3.505,0.9998857713672935,-0.013089304827962592,AMOS20191216,4.119999999999999
2019-12-15 18:11:00,5000.0,3000.0,5396.0,1019.3,14.0,76.0,9.88,3.63,0.9996192610877435,-0.026175951569892216,AMOS20191216,4.119999999999999
2019-12-15 18:12:00,5000.0,3000.0,5416.5,1019.4,14.0,76.0,9.88,3.6325,0.9977166565236141,-0.06102496204388595,AMOS20191216,4.119999999999999
2019-12-15 18:13:00,5000.0,3000.0,5502.5,1019.3,14.1,77.0,10.17,3.5875,0.9898910351542353,-0.1391201123449905,AMOS20191216,3.9299999999999997
2019-12-15 18:14:00,5000.0,3000.0,5547.0,1019.3,14.3,76.0,10.17,3.33,0.9869681936994054,-0.16073789319690568,AMOS20191216,4.130000000000001
2019-12-15 18:15:00,5000.0,3000.0,5573.5,1019.3,14.4,75.0,10.07,3.4975,0.9889782046683541,-0.14780378300014807,AMOS20191216,4.33
2019-12-15 18:16:00,5000.0,3000.0,5575.0,1019.3,14.3,75.0,9.97,4.0649999999999995,0.9933827034607279,-0.11318166259513113,AMOS20191216,4.33
2019-12-15 18:17:00,5000.0,3000.0,5602.0,1019.3,14.4,75.0,10.07,3.915,0.9988961030083734,-0.03924798167239252,AMOS20191216,4.33
2019-12-15 18:18:00,5000.0,3000.0,5623.5,1019.3,14.5,75.0,10.17,3.65,0.9998857713672935,0.013089304827962714,AMOS20191216,4.33
2019-12-15 18:19:00,5000.0,3000.0,5646.5,1019.3,14.5,74.0,9.97,3.6425,0.9999619237890978,0.004363101609320946,AMOS20191216,4.529999999999999
2019-12-15 18:20:00,5000.0,3000.0,5665.0,1019.4,14.4,75.0,10.07,3.7475,0.9999619237890978,-0.004363101609320823,AMOS20191216,4.33
2019-12-15 18:21:00,5000.0,3000.0,5680.5,1019.4,14.5,75.0,10.17,3.8725,0.997032640918704,-0.06971531752367938,AMOS20191216,4.33
2019-12-15 18:22:00,5000.0,3000.0,5657.5,1019.4,14.5,74.0,9.97,3.6625,0.986892978840281,-0.1607259803335392,AMOS20191216,4.529999999999999
2019-12-15 18:23:00,5000.0,3000.0,5623.0,1019.4,14.6,74.0,10.06,3.3425000000000002,0.9876131257360135,-0.15642255217686432,AMOS20191216,4.539999999999999
2019-12-15 18:24:00,5000.0,3000.0,5567.5,1019.4,14.5,74.0,9.97,3.2925,0.9925461516413221,-0.12186934340514737,AMOS20191216,4.529999999999999
2019-12-15 18:25:00,5000.0,3000.0,5529.0,1019.4,14.4,74.0,9.87,3.45,0.9919766309163842,-0.12619528279387687,AMOS20191216,4.530000000000001
2019-12-15 18:26:00,5000.0,3000.0,5509.0,1019.4,14.4,74.0,9.87,3.3674999999999997,0.9939522241856658,-0.10885572320640163,AMOS20191216,4.530000000000001
2019-12-15 18:27:00,5000.0,3000.0,5487.5,1019.4,14.4,75.0,10.07,3.6100000000000003,0.9983631636308864,-0.05669108561823921,AMOS20191216,4.33
2019-12-15 18:28:00,5000.0,3000.0,5516.0,1019.4,14.4,75.0,10.07,4.1875,0.9997334781220674,-0.02181417900358785,AMOS20191216,4.33
2019-12-15 18:29:00,5000.0,3000.0,5551.0,1019.3,14.5,75.0,10.17,4.325,0.9998096305438717,-0.013087975784946077,AMOS20191216,4.33
2019-12-15 18:30:00,5000.0,3000.0,5599.0,1019.3,14.6,74.0,10.06,4.1925,0.9999238475781956,6.071532165918825e-17,AMOS20191216,4.539999999999999
2019-12-15 18:31:00,5000.0,3000.0,5595.0,1019.3,14.7,74.0,10.16,3.8675,0.9997334781220674,-0.02181417900358785,AMOS20191216,4.539999999999999
2019-12-15 18:32:00,5000.0,3000.0,5592.0,1019.4,14.7,74.0,10.16,3.4175,0.9995050440534197,-0.030537724136196584,AMOS20191216,4.539999999999999
2019-12-15 18:33:00,5000.0,3000.0,5545.5,1019.4,14.5,74.0,9.97,3.3075,0.9999619237890978,-0.004363101609320823,AMOS20191216,4.529999999999999
2019-12-15 18:34:00,5000.0,3000.0,5520.0,1019.4,14.4,74.0,9.87,3.4775,0.9999619237890978,0.004363101609320946,AMOS20191216,4.530000000000001
2019-12-15 18:35:00,5000.0,3000.0,5485.5,1019.4,14.3,74.0,9.77,3.5949999999999998,0.9999238475781956,-0.008726203218641707,AMOS20191216,4.530000000000001
2019-12-15 18:36:00,5000.0,3000.0,5495.0,1019.4,14.2,75.0,9.88,3.643333333333333,0.999949231718797,-0.005817468812427785,AMOS20191216,4.3199999999999985
2019-12-15 18:37:00,5000.0,3000.0,5520.0,1019.4,14.2,75.0,9.88,3.5025,0.9999619237890978,-0.004363101609320823,AMOS20191216,4.3199999999999985
2019-12-15 18:38:00,5000.0,3000.0,5516.5,1019.4,14.3,76.0,10.17,3.25,0.9995050440534197,-0.030537724136196584,AMOS20191216,4.130000000000001
2019-12-15 18:39:00,5000.0,3000.0,5502.5,1019.5,14.2,76.0,10.07,3.1149999999999998,0.9993908270190958,-0.034899496702500955,AMOS20191216,4.129999999999999
2019-12-15 18:40:00,5000.0,3000.0,5479.5,1019.5,14.1,75.0,9.78,3.215,0.9999619237890978,-0.004363101609320823,AMOS20191216,4.32
2019-12-15 18:41:00,5000.0,3000.0,5427.0,1019.5,14.0,76.0,9.88,3.36,0.9999238475781956,-0.008726203218641707,AMOS20191216,4.119999999999999
2019-12-15 18:42:00,5000.0,3000.0,5369.0,1019.5,13.9,76.0,9.78,3.34,0.9998476951563913,-0.017452406437283477,AMOS20191216,4.120000000000001
2019-12-15 18:43:00,5000.0,3000.0,5334.0,1019.5,13.9,77.0,9.97,3.2375,0.9999619237890978,-0.004363101609320823,AMOS20191216,3.9299999999999997
2019-12-15 18:44:00,5000.0,3000.0,5270.0,1019.5,13.8,77.0,9.88,3.355,1.0,6.123233995736766e-17,AMOS20191216,3.92
2019-12-15 18:45:00,5000.0,3000.0,5265.0,1019.5,13.8,77.0,9.88,3.57,0.9998857713672935,-0.013089304827962592,AMOS20191216,3.92
2019-12-15 18:46:00,5000.0,3000.0,5310.5,1019.5,13.8,77.0,9.88,3.5725,0.9979447775313098,-0.061036917359307094,AMOS20191216,3.92
2019-12-15 18:47:00,5000.0,3000.0,5326.0,1019.5,13.9,78.0,10.17,3.4625,0.9982871155733295,-0.056687100108423864,AMOS20191216,3.7300000000000004
2019-12-15 18:48:00,5000.0,3000.0,5371.5,1019.5,13.9,77.0,9.97,3.22,0.9990103200426973,0.03488620910608821,AMOS20191216,3.9299999999999997
2019-12-15 18:49:00,5000.0,3000.0,5414.5,1019.5,13.9,77.0,9.97,3.3225,0.9948643607982716,0.10017732304202931,AMOS20191216,3.9299999999999997
2019-12-15 18:50:00,5000.0,3000.0,5436.5,1019.5,13.8,77.0,9.88,4.05,0.9967275446186042,0.0784441590005952,AMOS20191216,3.92
2019-12-15 18:51:00,5000.0,3000.0,5459.5,1019.5,13.7,77.0,9.78,4.24,0.9996192610877435,0.01744974835125057,AMOS20191216,3.92
2019-12-15 18:52:00,5000.0,3000.0,5510.0,1019.5,13.9,78.0,10.17,3.875,0.9982871155733295,-0.056687100108423864,AMOS20191216,3.7300000000000004
2019-12-15 18:53:00,5000.0,3000.0,5515.5,1019.5,14.1,78.0,10.36,3.75,0.9957006347720291,-0.09149228575677266,AMOS20191216,3.74
2019-12-15 18:54:00,5000.0,3000.0,5569.0,1019.5,14.1,77.0,10.17,3.895,0.9980208255888667,-0.06104090286912244,AMOS20191216,3.9299999999999997
2019-12-15 18:55:00,5000.0,3000.0,5597.5,1019.5,14.0,76.0,9.88,3.9924999999999997,0.9990101808868348,-0.0436177264727224,AMOS20191216,4.119999999999999
2019-12-15 18:56:00,5000.0,3000.0,5590.5,1019.5,14.0,77.0,10.07,4.1275,0.999428938021613,-0.030535066455002938,AMOS20191216,3.9299999999999997
2019-12-15 18:57:00,5000.0,3000.0,5628.5,1019.5,14.1,77.0,10.17,4.195,0.9999619237890978,-0.004363101609320823,AMOS20191216,3.9299999999999997
2019-12-15 18:58:00,5000.0,3000.0,5705.5,1019.5,14.3,77.0,10.36,4.17,0.9998857713672935,0.004363101609320946,AMOS20191216,3.9400000000000013
2019-12-15 18:59:00,5000.0,3000.0,5773.0,1019.5,14.3,76.0,10.17,4.27,0.9998476951563913,0.0174524064372836,AMOS20191216,4.130000000000001
2019-12-15 19:00:00,5000.0,3000.0,5850.5,1019.4,14.3,76.0,10.17,4.225,0.9999238475781956,-0.008726203218641707,AMOS20191216,4.130000000000001
2019-12-15 19:01:00,5000.0,3000.0,5898.5,1019.4,14.2,76.0,10.07,4.1025,0.9996192610877435,-0.026175951569892216,AMOS20191216,4.129999999999999
2019-12-15 19:02:00,5000.0,3000.0,5873.5,1019.4,14.2,76.0,10.07,3.97,0.9996192610877435,-0.026175951569892216,AMOS20191216,4.129999999999999
2019-12-15 19:03:00,5000.0,3000.0,5837.0,1019.4,14.2,76.0,10.07,3.9725,0.9992005039529652,-0.03925861158761168,AMOS20191216,4.129999999999999
2019-12-15 19:04:00,5000.0,3000.0,5831.0,1019.4,14.1,76.0,9.98,3.7475,0.9921682506991818,-0.12182294300390198,AMOS20191216,4.119999999999999
2019-12-15 19:05:00,5000.0,3000.0,5767.0,1019.4,14.1,76.0,9.98,3.6574999999999998,0.9889782046683541,-0.14780378300014807,AMOS20191216,4.119999999999999
2019-12-15 19:06:00,5000.0,3000.0,5756.5,1019.4,14.1,76.0,9.98,3.9225,0.9948643607982717,-0.10017732304202935,AMOS20191216,4.119999999999999
2019-12-15 19:07:00,5000.0,3000.0,5749.0,1019.4,14.1,76.0,9.98,4.047499999999999,0.9953582967300094,-0.09584210300765589,AMOS20191216,4.119999999999999
2019-12-15 19:08:00,5000.0,3000.0,5785.0,1019.4,14.2,76.0,10.07,3.9575,0.9968793741757849,-0.07845610824589178,AMOS20191216,4.129999999999999
2019-12-15 19:09:00,5000.0,3000.0,5749.0,1019.4,14.3,76.0,10.17,3.8674999999999997,0.9961946980917455,-0.08715574274765824,AMOS20191216,4.130000000000001
2019-12-15 19:10:00,5000.0,3000.0,5781.0,1019.4,14.2,76.0,10.07,3.9450000000000003,0.9975640502598242,-0.06975647374412533,AMOS20191216,4.129999999999999
2019-12-15 19:11:00,5000.0,3000.0,5775.0,1019.5,14.1,76.0,9.98,3.735,0.9992005039529652,-0.03925861158761168,AMOS20191216,4.119999999999999
2019-12-15 19:12:00,5000.0,3000.0,5815.5,1019.5,14.0,76.0,9.88,3.7975,0.997488083341492,-0.06975116161971319,AMOS20191216,4.119999999999999
2019-12-15 19:13:00,5000.0,3000.0,5840.0,1019.5,13.9,77.0,9.97,4.0325,0.9957006347720291,-0.09149228575677266,AMOS20191216,3.9299999999999997
2019-12-15 19:14:00,5000.0,3000.0,5883.5,1019.5,14.1,77.0,10.17,3.6799999999999997,0.9935340235047977,-0.11319890333640045,AMOS20191216,3.9299999999999997
2019-12-15 19:15:00,5000.0,3000.0,5864.5,1019.6,14.1,77.0,10.17,3.53,0.9960817791296858,-0.08276742978967215,AMOS20191216,3.9299999999999997
2019-12-15 19:16:00,5000.0,3000.0,5874.0,1019.6,14.0,76.0,9.88,3.7725,0.9992005039529652,-0.03925861158761168,AMOS20191216,4.119999999999999
2019-12-15 19:17:00,5000.0,3000.0,5882.5,1019.6,14.0,77.0,10.07,3.775,0.9988198578207044,-0.04797684135783312,AMOS20191216,3.9299999999999997
2019-12-15 19:18:00,5000.0,3000.0,5852.5,1019.5,14.0,77.0,10.07,3.8024999999999998,0.9971457452994723,-0.07410097887059641,AMOS20191216,3.9299999999999997
2019-12-15 19:19:00,5000.0,3000.0,5903.5,1019.5,14.0,77.0,10.07,3.925,0.9975640502598242,-0.06975647374412533,AMOS20191216,3.9299999999999997
2019-12-15 19:20:00,5000.0,3000.0,5980.5,1019.5,14.0,77.0,10.07,3.765,0.9968793741757849,-0.07845610824589178,AMOS20191216,3.9299999999999997
2019-12-15 19:21:00,5500.0,3000.0,6010.5,1019.5,14.0,77.0,10.07,3.635,0.9961946980917455,-0.08715574274765824,AMOS20191216,3.9299999999999997
2019-12-15 19:22:00,6000.0,3000.0,6078.0,1019.5,14.0,77.0,10.07,3.6575,0.9935340235047977,-0.11319890333640045,AMOS20191216,3.9299999999999997
2019-12-15 19:23:00,6000.0,3000.0,6168.5,1019.5,14.0,77.0,10.07,3.6025,0.983712651483812,-0.17788549120532496,AMOS20191216,3.9299999999999997
2019-12-15 19:24:00,6000.0,3000.0,6169.0,1019.5,14.0,77.0,10.07,3.5,0.9772032167466631,-0.21217153169928576,AMOS20191216,3.9299999999999997
2019-12-15 19:25:00,6000.0,3000.0,6082.5,1019.5,14.0,77.0,10.07,3.52,0.9772032167466631,-0.21217153169928576,AMOS20191216,3.9299999999999997
2019-12-15 19:26:00,6000.0,3000.0,6081.5,1019.5,13.9,77.0,9.97,3.7925,0.9823475725514714,-0.18650426038204118,AMOS20191216,3.9299999999999997
2019-12-15 19:27:00,6000.0,3000.0,6125.5,1019.5,13.7,77.0,9.78,3.9275,0.986248046803673,-0.16504132135358057,AMOS20191216,3.92
2019-12-15 19:28:00,6000.0,3000.0,6080.0,1019.5,13.8,78.0,10.07,3.615,0.977923870829121,-0.2078654942931049,AMOS20191216,3.7300000000000004
2019-12-15 19:29:00,6000.0,3000.0,6007.0,1019.5,13.9,78.0,10.17,3.3249999999999997,0.9700737448969847,-0.2418679191556172,AMOS20191216,3.7300000000000004
2019-12-15 19:30:00,6000.0,3000.0,6028.0,1019.5,13.7,77.0,9.78,3.56,0.977128728437985,-0.21215569872050855,AMOS20191216,3.92
2019-12-15 19:31:00,6000.0,3000.0,6073.0,1019.5,13.6,78.0,9.87,3.865,0.984012610621072,-0.17793838209433394,AMOS20191216,3.7300000000000004
2019-12-15 19:32:00,6000.0,3000.0,6034.0,1019.5,13.7,78.0,9.97,3.895,0.9789430081035922,-0.20362018397867848,AMOS20191216,3.7299999999999986
2019-12-15 19:33:00,6000.0,3000.0,6065.0,1019.5,13.8,79.0,10.26,4.2,0.9702218359065742,-0.24190347266143036,AMOS20191216,3.540000000000001
2019-12-15 19:34:00,6000.0,3000.0,6200.0,1019.5,13.9,78.0,10.17,4.295,0.9635937611136935,-0.2672282004597599,AMOS20191216,3.7300000000000004
2019-12-15 19:35:00,6000.0,3000.0,6305.5,1019.5,14.1,78.0,10.36,4.1575,0.9712404205338838,-0.23766076234747968,AMOS20191216,3.74
2019-12-15 19:36:00,6000.0,3000.0,6371.0,1019.4,14.1,77.0,10.17,4.13,0.9790174964122702,-0.2036360169574557,AMOS20191216,3.9299999999999997
2019-12-15 19:37:00,6000.0,3000.0,6414.5,1019.4,14.2,77.0,10.27,3.815,0.9713143109033062,-0.2376791852857171,AMOS20191216,3.9299999999999997
2019-12-15 19:38:00,6000.0,3000.0,6468.0,1019.4,14.1,77.0,10.17,3.9,0.9574711660337067,-0.2881658526829205,AMOS20191216,3.9299999999999997
2019-12-15 19:39:00,6000.0,3000.0,6488.0,1019.4,14.0,77.0,10.07,4.0125,0.9482875459472353,-0.31729257441605196,AMOS20191216,3.9299999999999997
2019-12-15 19:40:00,6000.0,3000.0,6476.5,1019.4,14.0,77.0,10.07,3.915,0.9481431171608536,-0.31724424922012734,AMOS20191216,3.9299999999999997
2019-12-15 19:41:00,6000.0,3000.0,6378.5,1019.4,13.9,77.0,9.97,4.09,0.9586371986213941,-0.28396127500430096,AMOS20191216,3.9299999999999997
2019-12-15 19:42:00,6000.0,3000.0,6363.5,1019.4,13.8,77.0,9.88,4.1850000000000005,0.9624277285260062,-0.2714327781383795,AMOS20191216,3.92
2019-12-15 19:43:00,6000.0,3000.0,6322.0,1019.4,13.9,78.0,10.17,4.2975,0.964759793701381,-0.2630236227811404,AMOS20191216,3.7300000000000004
2019-12-15 19:44:00,6000.0,3000.0,6309.0,1019.4,14.0,78.0,10.26,4.6450000000000005,0.9692032512792644,-0.24614618297538104,AMOS20191216,3.74
2019-12-15 19:45:00,6000.0,3000.0,6379.5,1019.3,13.9,77.0,9.97,5.09,0.9491663634994683,-0.31298629113554816,AMOS20191216,3.9299999999999997
2019-12-15 19:46:00,6000.0,3000.0,6513.5,1019.4,13.9,78.0,10.17,5.155,0.9237036480397576,-0.3826105786315716,AMOS20191216,3.7300000000000004
2019-12-15 19:47:00,6000.0,3000.0,6546.5,1019.3,14.0,78.0,10.26,4.8625,0.9380930123449072,-0.3460810492183565,AMOS20191216,3.74
2019-12-15 19:48:00,6000.0,3000.0,6563.5,1019.3,14.1,77.0,10.17,4.5424999999999995,0.9408628918117916,-0.3378029713934212,AMOS20191216,3.9299999999999997
2019-12-15 19:49:00,6000.0,3000.0,6594.0,1019.3,14.0,77.0,10.07,4.609999999999999,0.9348947263797001,-0.3542003711536624,AMOS20191216,3.9299999999999997
2019-12-15 19:50:00,6000.0,3000.0,6646.5,1019.3,14.0,77.0,10.07,5.0175,0.9468310572438832,-0.32140557163318,AMOS20191216,3.9299999999999997
2019-12-15 19:51:00,6000.0,3000.0,6700.5,1019.3,14.1,77.0,10.17,4.7825,0.9411491094892606,-0.33790714610854067,AMOS20191216,3.9299999999999997
2019-12-15 19:52:00,6000.0,3000.0,6740.0,1019.3,14.2,77.0,10.27,4.525,0.9255141042882007,-0.3786377271842525,AMOS20191216,3.9299999999999997
2019-12-15 19:53:00,6000.0,3000.0,6848.5,1019.3,14.3,77.0,10.36,4.5625,0.9095810045324746,-0.4145177546146984,AMOS20191216,3.9400000000000013
2019-12-15 19:54:00,6000.0,3000.0,6914.5,1019.3,14.4,76.0,10.27,4.6125,0.9025509166679084,-0.43049470426488845,AMOS20191216,4.130000000000001
2019-12-15 19:55:00,6000.0,3000.0,6862.0,1019.4,14.4,76.0,10.27,4.87,0.913475888943573,-0.4067056690953934,AMOS20191216,4.130000000000001
2019-12-15 19:56:00,6000.0,3000.0,6853.0,1019.4,14.2,76.0,10.07,4.895,0.9269715455643941,-0.3745222484300321,AMOS20191216,4.129999999999999
2019-12-15 19:57:00,6000.0,3000.0,6831.5,1019.3,14.3,76.0,10.17,4.76,0.9350373806589515,-0.35425370740313744,AMOS20191216,4.130000000000001
2019-12-15 19:58:00,6000.0,3000.0,6782.0,1019.4,14.2,76.0,10.07,4.955,0.9271132472708042,-0.37457806621659956,AMOS20191216,4.129999999999999
2019-12-15 19:59:00,6000.0,3000.0,6824.5,1019.4,14.1,77.0,10.17,5.1274999999999995,0.9187650044999804,-0.39473250713590546,AMOS20191216,3.9299999999999997
2019-12-15 20:00:00,6000.0,3000.0,6937.5,1019.4,14.1,77.0,10.17,4.88,0.922174603731027,-0.3866999947209334,AMOS20191216,3.9299999999999997
2019-12-15 20:01:00,6000.0,3000.0,6964.5,1019.3,14.2,77.0,10.27,4.6075,0.9061697519708839,-0.4225538949324389,AMOS20191216,3.9299999999999997
2019-12-15 20:02:00,6000.0,3000.0,7001.0,1019.4,14.2,77.0,10.27,4.795,0.8949002852437674,-0.44618082326431213,AMOS20191216,3.9299999999999997
2019-12-15 20:03:00,7000.0,3000.0,7070.0,1019.3,14.0,77.0,10.07,5.165,0.9043603343193962,-0.42652429959866367,AMOS20191216,3.9299999999999997
2019-12-15 20:04:00,7000.0,3000.0,7016.5,1019.3,14.1,78.0,10.36,5.06,0.8985893033078485,-0.4382698082640918,AMOS20191216,3.74
2019-12-15 20:05:00,6000.0,3000.0,6891.5,1019.3,14.2,78.0,10.46,5.1975,0.8787836499991614,-0.477140591516114,AMOS20191216,3.7399999999999984
2019-12-15 20:06:00,6000.0,3000.0,6791.0,1019.3,14.3,77.0,10.36,5.615,0.8787836499991614,-0.477140591516114,AMOS20191216,3.9400000000000013
2019-12-15 20:07:00,6000.0,3000.0,6759.0,1019.3,14.4,77.0,10.46,5.345000000000001,0.8849623256912871,-0.46560129702430486,AMOS20191216,3.9399999999999995
2019-12-15 20:08:00,6000.0,3000.0,6737.0,1019.4,14.4,76.0,10.27,5.0874999999999995,0.8746197071393959,-0.484809620246337,AMOS20191216,4.130000000000001
2019-12-15 20:09:00,6000.0,3000.0,6748.0,1019.4,14.4,76.0,10.27,5.0175,0.8703225554619173,-0.4924048101231684,AMOS20191216,4.130000000000001
2019-12-15 20:10:00,6000.0,3000.0,6737.0,1019.4,14.3,76.0,10.17,4.7825,0.8928171070680782,-0.45001770600142094,AMOS20191216,4.130000000000001
2019-12-15 20:11:00,6000.0,3000.0,6740.0,1019.4,14.3,77.0,10.36,4.8950000000000005,0.9080481871552547,-0.41861567367034436,AMOS20191216,3.9400000000000013
2019-12-15 20:12:00,6000.0,3000.0,6678.5,1019.4,14.3,77.0,10.36,4.7875,0.8909386718837073,-0.45395592726351547,AMOS20191216,3.9400000000000013
2019-12-15 20:13:00,6000.0,3000.0,6566.0,1019.3,14.4,77.0,10.46,4.525,0.8828803542614043,-0.46943581138941637,AMOS20191216,3.9399999999999995
2019-12-15 20:14:00,6000.0,3000.0,6499.5,1019.4,14.3,76.0,10.17,4.625,0.8828803542614043,-0.46943581138941637,AMOS20191216,4.130000000000001
2019-12-15 20:15:00,6000.0,3000.0,6527.5,1019.4,14.3,76.0,10.17,4.5575,0.8745531027305393,-0.4847727008196412,AMOS20191216,4.130000000000001
2019-12-15 20:16:00,6000.0,3000.0,6502.5,1019.3,14.3,77.0,10.36,4.1875,0.8767016785692786,-0.4809751058812255,AMOS20191216,3.9400000000000013
2019-12-15 20:17:00,6000.0,3000.0,6487.0,1019.4,14.2,77.0,10.27,3.8025,0.8787836499991614,-0.477140591516114,AMOS20191216,3.9299999999999997
2019-12-15 20:18:00,6000.0,3000.0,6480.5,1019.4,14.2,77.0,10.27,3.61,0.8610714910250432,-0.5072098705701149,AMOS20191216,3.9299999999999997
2019-12-15 20:19:00,6000.0,3000.0,6408.5,1019.4,14.1,77.0,10.17,3.8575,0.8548222241998508,-0.5187191508441159,AMOS20191216,3.9299999999999997
2019-12-15 20:20:00,6000.0,3000.0,6347.5,1019.4,13.9,77.0,9.97,4.4725,0.8787836499991614,-0.477140591516114,AMOS20191216,3.9299999999999997
2019-12-15 20:21:00,6000.0,3000.0,6377.0,1019.4,14.0,78.0,10.26,4.53,0.8659374705419823,-0.499949231718797,AMOS20191216,3.74
2019-12-15 20:22:00,6000.0,3000.0,6423.0,1019.4,14.1,78.0,10.36,4.0649999999999995,0.8480480961564261,-0.5299192642332048,AMOS20191216,3.74
2019-12-15 20:23:00,6000.0,3000.0,6472.0,1019.4,14.0,78.0,10.26,4.33,0.8409510832033295,-0.5409176167380458,AMOS20191216,3.74
2019-12-15 20:24:00,6000.0,3000.0,6554.0,1019.4,13.9,78.0,10.17,4.96,0.8239692947911013,-0.5662984067823232,AMOS20191216,3.7300000000000004
2019-12-15 20:25:00,6000.0,3000.0,6630.5,1019.4,14.0,79.0,10.45,4.7925,0.838606701150579,-0.5445975594335014,AMOS20191216,3.5500000000000007
2019-12-15 20:26:00,6000.0,3000.0,6594.5,1019.3,14.2,78.0,10.46,4.245,0.8410149499981745,-0.5409590923195715,AMOS20191216,3.7399999999999984
2019-12-15 20:27:00,6000.0,3000.0,6562.5,1019.4,14.3,78.0,10.56,4.61,0.8409510832033295,-0.5409176167380458,AMOS20191216,3.74
2019-12-15 20:28:00,6000.0,3000.0,6535.5,1019.4,14.2,77.0,10.27,4.8100000000000005,0.8190896638769931,-0.573532757116328,AMOS20191216,3.9299999999999997
2019-12-15 20:29:00,6000.0,3000.0,6419.0,1019.4,14.1,78.0,10.36,4.5575,0.8114891482500559,-0.5841882870366535,AMOS20191216,3.74
2019-12-15 20:30:00,6000.0,3000.0,6339.5,1019.4,14.1,78.0,10.36,4.585,0.8191520442889917,-0.5735764363510462,AMOS20191216,3.74
2019-12-15 20:31:00,6000.0,3000.0,6342.0,1019.4,14.1,78.0,10.36,4.3775,0.8010476364693457,-0.5981711598237089,AMOS20191216,3.74
2019-12-15 20:32:00,6000.0,3000.0,6269.5,1019.4,14.1,78.0,10.36,3.885,0.7957360673499944,-0.6050933314696475,AMOS20191216,3.74
2019-12-15 20:33:00,6000.0,3000.0,6231.5,1019.4,14.0,78.0,10.26,3.6875,0.8265661904885292,-0.5627887866908216,AMOS20191216,3.74
2019-12-15 20:34:00,6000.0,3000.0,6230.0,1019.3,13.9,78.0,10.17,3.8325,0.8313826881837204,-0.5555118524629618,AMOS20191216,3.7300000000000004
2019-12-15 20:35:00,6000.0,3000.0,6251.5,1019.3,13.9,78.0,10.17,3.9375,0.8362623190978284,-0.548277502128957,AMOS20191216,3.7300000000000004
2019-12-15 20:36:00,6000.0,3000.0,6203.0,1019.3,13.9,78.0,10.17,3.77,0.8479835152400972,-0.5298789095978728,AMOS20191216,3.7300000000000004
2019-12-15 20:37:00,6000.0,3000.0,6232.0,1019.3,13.9,79.0,10.35,3.4375,0.8265661904885292,-0.5627887866908216,AMOS20191216,3.5500000000000007
2019-12-15 20:38:00,6000.0,3000.0,6227.5,1019.3,13.8,79.0,10.26,3.52,0.8455752663925016,-0.5335173767118027,AMOS20191216,3.540000000000001
2019-12-15 20:39:00,6000.0,3000.0,6240.0,1019.3,13.8,79.0,10.26,3.7875,0.8480480961564261,-0.5299192642332048,AMOS20191216,3.540000000000001
2019-12-15 20:40:00,6000.0,3000.0,6161.5,1019.3,13.8,79.0,10.26,3.835,0.8313188213888754,-0.5554703768814361,AMOS20191216,3.540000000000001
2019-12-15 20:41:00,6000.0,3000.0,6131.0,1019.3,13.8,79.0,10.26,3.825,0.8362623190978284,-0.548277502128957,AMOS20191216,3.540000000000001
2019-12-15 20:42:00,6000.0,3000.0,6126.5,1019.3,13.8,79.0,10.26,3.745,0.8287219256914473,-0.5589799969729378,AMOS20191216,3.540000000000001
2019-12-15 20:43:00,6000.0,3000.0,6115.0,1019.4,13.8,79.0,10.26,3.6075,0.7985746920190637,-0.601769193480557,AMOS20191216,3.540000000000001
2019-12-15 20:44:00,6000.0,3000.0,6116.5,1019.4,13.7,79.0,10.16,3.4325,0.8335376898107103,-0.5517041710574073,AMOS20191216,3.539999999999999
2019-12-15 20:45:00,6000.0,3000.0,6098.5,1019.4,13.6,80.0,10.25,3.3825,0.8548874995656908,-0.5187583722408419,AMOS20191216,3.3499999999999996
2019-12-15 20:46:00,6000.0,3000.0,6058.5,1019.4,13.7,80.0,10.35,3.2824999999999998,0.8312556881699584,-0.555427792987581,AMOS20191216,3.3499999999999996
2019-12-15 20:47:00,5500.0,3000.0,5974.5,1019.4,13.7,80.0,10.35,3.1975,0.8114267678380573,-0.5841446078019352,AMOS20191216,3.3499999999999996
2019-12-15 20:48:00,5000.0,3000.0,5938.0,1019.4,13.5,79.0,9.96,3.32,0.7629774006064666,-0.6459096800903907,AMOS20191216,3.539999999999999
2019-12-15 20:49:00,5000.0,3000.0,5862.5,1019.4,13.4,80.0,10.05,3.1550000000000002,0.7632107273949266,-0.6461054645125313,AMOS20191216,3.3499999999999996
2019-12-15 20:50:00,5000.0,3000.0,5836.0,1019.4,13.4,81.0,10.24,2.995,0.8037038255794885,-0.5947095467803065,AMOS20191216,3.16
2019-12-15 20:51:00,5000.0,3000.0,5799.5,1019.4,13.3,81.0,10.14,3.07,0.8165559013984821,-0.5770849611016847,AMOS20191216,3.16
2019-12-15 20:52:00,5000.0,3000.0,5831.0,1019.4,13.3,81.0,10.14,3.4050000000000002,0.8410149499981745,-0.5409590923195715,AMOS20191216,3.16
2019-12-15 20:53:00,5000.0,3000.0,5838.0,1019.4,13.3,81.0,10.14,3.5525,0.8214979127245887,-0.5698942900023981,AMOS20191216,3.16
2019-12-15 20:54:00,5000.0,3000.0,5828.0,1019.4,13.5,82.0,10.52,3.3775,0.8335376898107103,-0.5517041710574073,AMOS20191216,2.9800000000000004
2019-12-15 20:55:00,5000.0,3000.0,5847.5,1019.4,13.5,81.0,10.34,3.2575000000000003,0.8824788660121435,-0.46921782105614235,AMOS20191216,3.16
2019-12-15 20:56:00,5000.0,3000.0,5874.0,1019.4,13.5,81.0,10.34,3.0875,0.8765678355628996,-0.48090243505805513,AMOS20191216,3.16
2019-12-15 20:57:00,5000.0,3000.0,5822.5,1019.4,13.5,80.0,10.15,3.27,0.868173979623178,-0.4962024050615841,AMOS20191216,3.3499999999999996
2019-12-15 20:58:00,5000.0,3000.0,5798.5,1019.4,13.3,81.0,10.14,3.495,0.8787836499991614,-0.477140591516114,AMOS20191216,3.16
2019-12-15 20:59:00,5000.0,3000.0,5753.0,1019.4,13.4,81.0,10.24,3.5875,0.8985893033078485,-0.4382698082640918,AMOS20191216,3.16
2019-12-15 21:00:00,5000.0,3000.0,5668.0,1019.4,13.3,81.0,10.14,3.64,0.9169555868484927,-0.3987029118021302,AMOS20191216,3.16
2019-12-15 21:01:00,5000.0,3000.0,5621.0,1019.4,13.3,81.0,10.14,3.6750000000000003,0.9170251555475206,-0.39873388578253705,AMOS20191216,3.16
2019-12-15 21:02:00,5000.0,3000.0,5609.5,1019.4,13.3,81.0,10.14,3.49,0.9044293518522792,-0.42655648300279386,AMOS20191216,3.16
2019-12-15 21:03:00,5000.0,3000.0,5506.5,1019.5,13.4,82.0,10.42,3.1075,0.8967787204281382,-0.4422426020022176,AMOS20191216,2.9800000000000004
2019-12-15 21:04:00,5000.0,3000.0,5495.0,1019.5,13.3,81.0,10.14,2.975,0.9099266223396254,-0.4146774524082498,AMOS20191216,3.16
2019-12-15 21:05:00,5000.0,3000.0,5448.5,1019.5,13.2,81.0,10.04,2.9975,0.9332249761011132,-0.35823150492200284,AMOS20191216,3.16
2019-12-15 21:06:00,5000.0,3000.0,5451.0,1019.5,13.1,82.0,10.13,3.2375,0.9560866808597476,-0.29230364270347287,AMOS20191216,2.969999999999999
2019-12-15 21:07:00,5000.0,3000.0,5430.0,1019.5,13.0,82.0,10.03,3.4075,0.9741477731354787,-0.22489837027047616,AMOS20191216,2.9700000000000006
2019-12-15 21:08:00,5000.0,3000.0,5466.5,1019.5,13.1,82.0,10.13,3.44,0.9806825344818708,-0.19507013866974846,AMOS20191216,2.969999999999999
2019-12-15 21:09:00,5000.0,3000.0,5542.5,1019.5,13.0,82.0,10.03,3.665,0.9876883405951378,-0.1564344650402308,AMOS20191216,2.9700000000000006
2019-12-15 21:10:00,5000.0,3000.0,5626.5,1019.5,13.1,83.0,10.31,3.8125,0.9908375894665082,-0.13484716157133586,AMOS20191216,2.789999999999999
2019-12-15 21:11:00,5000.0,3000.0,5634.5,1019.5,13.3,83.0,10.5,3.7475,0.9925461516413221,-0.12186934340514737,AMOS20191216,2.8000000000000007
2019-12-15 21:12:00,5000.0,3000.0,5660.5,1019.5,13.3,82.0,10.32,3.7025,0.9940279594365355,-0.108863683302027,AMOS20191216,2.9800000000000004
2019-12-15 21:13:00,5000.0,3000.0,5727.0,1019.5,13.3,82.0,10.32,3.775,0.9949400960491414,-0.10018528313765472,AMOS20191216,2.9800000000000004
2019-12-15 21:14:00,5000.0,3000.0,5746.0,1019.4,13.4,82.0,10.42,3.73,0.9975640502598242,-0.06975647374412533,AMOS20191216,2.9800000000000004
2019-12-15 21:15:00,5000.0,3000.0,5727.5,1019.4,13.5,82.0,10.52,3.4175,0.9953582967300094,-0.09584210300765589,AMOS20191216,2.9800000000000004
2019-12-15 21:16:00,5000.0,3000.0,5687.5,1019.4,13.4,81.0,10.24,3.205,0.9940279594365355,-0.108863683302027,AMOS20191216,3.16
2019-12-15 21:17:00,5000.0,3000.0,5647.5,1019.4,13.3,81.0,10.14,3.255,0.9957764974108775,-0.09149892287765707,AMOS20191216,3.16
2019-12-15 21:18:00,5000.0,3000.0,5559.5,1019.4,13.1,81.0,9.94,3.4875,0.9948643607982717,-0.10017732304202935,AMOS20191216,3.16
2019-12-15 21:19:00,5000.0,3000.0,5423.5,1019.4,13.1,82.0,10.13,3.7675,0.9919010461231841,-0.1261860021482329,AMOS20191216,2.969999999999999
2019-12-15 21:20:00,5000.0,3000.0,5360.5,1019.4,13.0,82.0,10.03,3.92,0.9889782046683541,-0.14780378300014807,AMOS20191216,2.9700000000000006
2019-12-15 21:21:00,5000.0,3000.0,5366.0,1019.4,13.0,83.0,10.21,3.9125,0.9918256348115138,-0.12617540377954478,AMOS20191216,2.789999999999999
2019-12-15 21:22:00,5000.0,3000.0,5367.5,1019.4,13.1,83.0,10.31,4.0675,0.9957006347720291,-0.09149228575677266,AMOS20191216,2.789999999999999
2019-12-15 21:23:00,5000.0,3000.0,5388.0,1019.4,13.1,83.0,10.31,4.2,0.9948643607982717,-0.10017732304202935,AMOS20191216,2.789999999999999
2019-12-15 21:24:00,5000.0,3000.0,5483.5,1019.4,13.3,83.0,10.5,4.5725,0.9876883405951378,-0.1564344650402308,AMOS20191216,2.8000000000000007
2019-12-15 21:25:00,5000.0,3000.0,5578.0,1019.3,13.4,83.0,10.6,4.9025,0.988333272631746,-0.15211912402018946,AMOS20191216,2.8000000000000007
2019-12-15 21:26:00,5000.0,3000.0,5643.5,1019.3,13.5,83.0,10.7,4.6125,0.991331698879776,-0.13051062381391823,AMOS20191216,2.8000000000000007
2019-12-15 21:27:00,5000.0,3000.0,5669.5,1019.3,13.7,82.0,10.71,4.63,0.9906111820499677,-0.13481668418831563,AMOS20191216,2.9899999999999984
2019-12-15 21:28:00,5000.0,3000.0,5701.5,1019.3,13.6,81.0,10.43,4.5725,0.9953582967300094,-0.09584210300765589,AMOS20191216,3.17
2019-12-15 21:29:00,5000.0,3000.0,5639.5,1019.3,13.6,81.0,10.43,4.1775,0.9925864513800498,-0.11747976287390316,AMOS20191216,3.17
2019-12-15 21:30:00,5000.0,3000.0,5587.5,1019.3,13.5,81.0,10.34,4.1274999999999995,0.9869681936994054,-0.16073789319690568,AMOS20191216,3.16
2019-12-15 21:31:00,5000.0,3000.0,5481.5,1019.3,13.3,81.0,10.14,4.335,0.9933827034607279,-0.11318166259513113,AMOS20191216,3.16
2019-12-15 21:32:00,5000.0,3000.0,5404.5,1019.3,13.3,82.0,10.32,4.5,0.992470566848122,-0.12186006275950341,AMOS20191216,2.9800000000000004
2019-12-15 21:33:00,5000.0,3000.0,5317.5,1019.3,13.2,82.0,10.22,4.3225,0.9869681936994054,-0.16073789319690568,AMOS20191216,2.9799999999999986
2019-12-15 21:34:00,5000.0,3000.0,5268.0,1019.4,13.2,83.0,10.4,4.555,0.9907621781548381,-0.13483656320264772,AMOS20191216,2.799999999999999
2019-12-15 21:35:00,5000.0,3000.0,5286.5,1019.4,13.2,82.0,10.22,5.0275,0.9965370361337652,-0.08280592549677501,AMOS20191216,2.9799999999999986
2019-12-15 21:36:00,5000.0,3000.0,5323.0,1019.4,13.4,83.0,10.6,4.6225000000000005,0.9988580267974713,-0.0436110832817134,AMOS20191216,2.8000000000000007
2019-12-15 21:37:00,5000.0,3000.0,5332.0,1019.4,13.4,83.0,10.6,3.9525,0.9995812312668391,0.013083989060736038,AMOS20191216,2.8000000000000007
2019-12-15 21:38:00,5000.0,3000.0,5358.5,1019.4,13.2,82.0,10.22,3.8025,0.9960429728140487,0.08714246850588935,AMOS20191216,2.9799999999999986
2019-12-15 21:39:00,5000.0,3000.0,5386.5,1019.3,12.9,81.0,9.75,3.885,0.9860978364491451,0.16501618476094293,AMOS20191216,3.1500000000000004
2019-12-15 21:40:00,5000.0,3000.0,5372.0,1019.3,12.7,82.0,9.73,3.975,0.9807572877691993,0.19508466923684856,AMOS20191216,2.969999999999999
2019-12-15 21:41:00,5000.0,3000.0,5464.0,1019.3,12.4,83.0,9.62,3.955,0.9832174682299359,0.18222858652173768,AMOS20191216,2.780000000000001
2019-12-15 21:42:00,5000.0,3000.0,5400.0,1019.3,12.3,83.0,9.52,3.8625,0.988333272631746,0.15211912402018957,AMOS20191216,2.780000000000001
2019-12-15 21:43:00,5000.0,3000.0,5395.0,1019.3,12.2,84.0,9.6,3.9975,0.986892978840281,0.1607259803335393,AMOS20191216,2.5999999999999996
2019-12-15 21:44:00,5000.0,3000.0,5468.0,1019.3,12.1,85.0,9.68,4.0275,0.9807572877691993,0.19508466923684856,AMOS20191216,2.42
2019-12-15 21:45:00,5000.0,3000.0,5395.0,1019.4,12.0,85.0,9.58,3.7824999999999998,0.9882580577726217,0.15210721115682307,AMOS20191216,2.42
2019-12-15 21:46:00,5000.0,3000.0,5390.0,1019.4,12.0,86.0,9.75,3.8,0.9919766309163841,0.12619528279387698,AMOS20191216,2.25
2019-12-15 21:47:00,5000.0,3000.0,5400.0,1019.5,11.9,86.0,9.65,3.8725,0.9902680687415704,0.13917310096006547,AMOS20191216,2.25
2019-12-15 21:48:00,5000.0,3000.0,5443.0,1019.5,11.9,87.0,9.82,3.65,0.9908375894665082,0.13484716157133597,AMOS20191216,2.08
2019-12-15 21:49:00,5000.0,3000.0,5479.0,1019.5,11.8,87.0,9.73,3.6225,0.9889782046683541,0.14780378300014818,AMOS20191216,2.0700000000000003
2019-12-15 21:50:00,5000.0,3000.0,5520.0,1019.5,11.8,87.0,9.73,3.7,0.9797381504947282,0.19932997955127493,AMOS20191216,2.0700000000000003
2019-12-15 21:51:00,5000.0,3000.0,5602.5,1019.5,11.8,87.0,9.73,3.6075,0.9733514801579255,0.2291937646578156,AMOS20191216,2.0700000000000003
2019-12-15 21:52:00,5000.0,3000.0,5675.0,1019.5,11.7,87.0,9.63,3.5774999999999997,0.9743700647852352,0.22495105434386492,AMOS20191216,2.0699999999999985
2019-12-15 21:53:00,5000.0,3000.0,5725.5,1019.4,11.6,87.0,9.53,3.6475,0.9753144487723778,0.22069121346233855,AMOS20191216,2.0700000000000003
2019-12-15 21:54:00,5000.0,3000.0,5781.0,1019.4,11.6,87.0,9.53,3.66,0.9824223258388,0.18651879094914128,AMOS20191216,2.0700000000000003
2019-12-15 21:55:00,5000.0,3000.0,5789.0,1019.4,11.6,87.0,9.53,3.4775,0.9869681936994054,0.1607378931969058,AMOS20191216,2.0700000000000003
2019-12-15 21:56:00,5000.0,3000.0,5758.5,1019.4,11.5,88.0,9.6,3.2975,0.9923949820549218,0.12185078211385947,AMOS20191216,1.9000000000000004
2019-12-15 21:57:00,5000.0,3000.0,5714.5,1019.4,11.4,87.0,9.33,3.285,0.991901046123184,0.12618600214823297,AMOS20191216,2.0700000000000003
2019-12-15 21:58:00,5000.0,3000.0,5654.0,1019.4,11.3,87.0,9.23,3.4725,0.9882580577726217,0.15210721115682307,AMOS20191216,2.0700000000000003
2019-12-15 21:59:00,5000.0,3000.0,5637.5,1019.4,11.2,87.0,9.13,3.505,0.9896231367049622,0.14348844198010682,AMOS20191216,2.0699999999999985
2019-12-15 22:00:00,5000.0,3000.0,5626.0,1019.4,11.2,88.0,9.3,3.4425,0.988333272631746,0.15211912402018957,AMOS20191216,1.8999999999999986
2019-12-15 22:01:00,5000.0,3000.0,5626.0,1019.5,11.1,88.0,9.2,3.4975,0.9895477253932919,0.1434778436114187,AMOS20191216,1.9000000000000004
2019-12-15 22:02:00,5000.0,3000.0,5628.5,1019.5,11.0,88.0,9.11,3.4325,0.9961188354528971,0.08714910562677375,AMOS20191216,1.8900000000000006
2019-12-15 22:03:00,5000.0,3000.0,5628.0,1019.5,10.9,88.0,9.01,3.3625,0.9975640502598242,0.06975647374412523,AMOS20191216,1.8900000000000006
2019-12-15 22:04:00,5000.0,3000.0,5612.0,1019.4,10.9,89.0,9.17,3.525,0.997488083341492,0.06975116161971315,AMOS20191216,1.7300000000000004
2019-12-15 22:05:00,5000.0,3000.0,5625.5,1019.4,11.0,89.0,9.27,3.56,0.9988198578207044,0.04797684135783324,AMOS20191216,1.7300000000000004
2019-12-15 22:06:00,5000.0,3000.0,5698.0,1019.4,11.1,90.0,9.54,3.425,0.9988198578207044,0.04797684135783324,AMOS20191216,1.5600000000000005
2019-12-15 22:07:00,5000.0,3000.0,5881.5,1019.4,11.2,90.0,9.63,3.53,0.9988198578207044,0.04797684135783324,AMOS20191216,1.5699999999999985
2019-12-15 22:08:00,5000.0,3000.0,5933.5,1019.4,11.4,90.0,9.83,3.665,0.9972217122178045,0.07410629099500846,AMOS20191216,1.5700000000000003
2019-12-15 22:09:00,6000.0,3000.0,6063.5,1019.4,11.5,90.0,9.93,3.645,0.9953582967300094,0.0958421030076558,AMOS20191216,1.5700000000000003
2019-12-15 22:10:00,6000.0,3000.0,6157.0,1019.4,11.5,90.0,9.93,3.8025,0.9976024394892902,0.06538673461019033,AMOS20191216,1.5700000000000003
2019-12-15 22:11:00,6000.0,3000.0,6264.0,1019.3,11.5,89.0,9.77,3.85,0.9998857713672935,-0.004363101609320823,AMOS20191216,1.7300000000000004
2019-12-15 22:12:00,6000.0,3000.0,6282.0,1019.3,11.7,89.0,9.96,3.68,0.9997715543329696,-1.3290430164528133e-06,AMOS20191216,1.7399999999999984
2019-12-15 22:13:00,6000.0,3000.0,6326.5,1019.3,11.7,89.0,9.96,3.475,0.9983631636308864,0.05669108561823928,AMOS20191216,1.7399999999999984
2019-12-15 22:14:00,6000.0,3000.0,6313.0,1019.3,11.6,88.0,9.7,3.3825000000000003,0.9957006347720291,0.09149228575677257,AMOS20191216,1.9000000000000004
2019-12-15 22:15:00,6000.0,3000.0,6251.0,1019.3,11.5,88.0,9.6,3.5375,0.9935340235047976,0.11319890333640048,AMOS20191216,1.9000000000000004
2019-12-15 22:16:00,6000.0,3000.0,6078.5,1019.3,11.4,88.0,9.5,3.5475,0.9953582967300094,0.0958421030076558,AMOS20191216,1.9000000000000004
2019-12-15 22:17:00,5000.0,3000.0,5900.5,1019.3,11.2,88.0,9.3,3.4125,0.9961188354528971,0.08714910562677375,AMOS20191216,1.8999999999999986
2019-12-15 22:18:00,5000.0,3000.0,5683.0,1019.3,11.2,88.0,9.3,3.295,0.990762178154838,0.13483656320264784,AMOS20191216,1.8999999999999986
2019-12-15 22:19:00,5000.0,3000.0,5611.5,1019.3,11.1,89.0,9.37,3.2625,0.9815524301603353,0.19079446480944492,AMOS20191216,1.7300000000000004
2019-12-15 22:20:00,5000.0,3000.0,5437.5,1019.3,11.0,89.0,9.27,3.135,0.9691293609098421,0.2461277600371435,AMOS20191216,1.7300000000000004
2019-12-15 22:21:00,5000.0,3000.0,5395.0,1019.3,11.0,89.0,9.27,3.0300000000000002,0.9611884935321854,0.27561636536481393,AMOS20191216,1.7300000000000004
2019-12-15 22:22:00,5000.0,3000.0,5340.5,1019.3,11.0,89.0,9.27,2.9925,0.9562319310398858,0.292349439909355,AMOS20191216,1.7300000000000004
2019-12-15 22:23:00,5000.0,3000.0,5333.5,1019.3,11.0,90.0,9.44,2.9475000000000002,0.9466874938456655,0.3213547331675357,AMOS20191216,1.5600000000000005
2019-12-15 22:24:00,5000.0,3000.0,5394.0,1019.3,11.1,90.0,9.54,2.635,0.9185552384532064,0.3946420229120809,AMOS20191216,1.5600000000000005
2019-12-15 22:25:00,5000.0,3000.0,5392.5,1019.3,11.2,91.0,9.8,2.4125,0.9043603343193962,0.42652429959866367,AMOS20191216,1.3999999999999986
2019-12-15 22:26:00,5000.0,3000.0,5395.0,1019.3,11.2,90.0,9.63,2.65,0.9270426399748211,0.37454953901728705,AMOS20191216,1.5699999999999985
2019-12-15 22:27:00,5000.0,3000.0,5430.5,1019.3,11.2,90.0,9.63,2.62,0.9455185755993167,0.32556815445715676,AMOS20191216,1.5699999999999985
2019-12-15 22:28:00,5000.0,3000.0,5430.5,1019.3,11.2,90.0,9.63,2.4475,0.9495996058642056,0.3131312520029994,AMOS20191216,1.5699999999999985
2019-12-15 22:29:00,5000.0,3000.0,5372.5,1019.3,11.2,90.0,9.63,2.33,0.9455185755993167,0.32556815445715676,AMOS20191216,1.5699999999999985
2019-12-15 22:30:00,5000.0,3000.0,5339.5,1019.3,11.2,90.0,9.63,2.1075,0.9440620868959646,0.3296811516742848,AMOS20191216,1.5699999999999985
2019-12-15 22:31:00,5000.0,3000.0,5311.0,1019.3,11.2,90.0,9.63,1.98,0.9410775496204359,0.3378811004463207,AMOS20191216,1.5699999999999985
2019-12-15 22:32:00,5000.0,3000.0,5250.0,1019.3,11.1,90.0,9.54,2.0324999999999998,0.9380930123449072,0.3460810492183566,AMOS20191216,1.5600000000000005
2019-12-15 22:33:00,5000.0,3000.0,5447.5,1019.3,11.1,90.0,9.54,2.13,0.9426055981926125,0.3337941488914128,AMOS20191216,1.5600000000000005
2019-12-15 22:34:00,5000.0,3000.0,5356.0,1019.3,11.0,90.0,9.44,2.2,0.952368576212124,0.3048556719618948,AMOS20191216,1.5600000000000005
2019-12-15 22:35:00,5000.0,3000.0,5235.0,1019.3,11.0,90.0,9.44,2.205,0.9575439909568563,0.28818811749630235,AMOS20191216,1.5600000000000005
2019-12-15 22:36:00,5000.0,3000.0,5375.0,1019.3,11.0,90.0,9.44,2.2075,0.9692032512792644,0.24614618297538093,AMOS20191216,1.5600000000000005
2019-12-15 22:37:00,5000.0,3000.0,5038.0,1019.3,10.9,90.0,9.34,2.225,0.9762588327595204,0.2164313725808122,AMOS20191216,1.5600000000000005
2019-12-15 22:38:00,4950.0,3000.0,5059.0,1019.2,10.9,90.0,9.34,2.32,0.9837126514838119,0.17788549120532507,AMOS20191216,1.5600000000000005
2019-12-15 22:39:00,5000.0,3000.0,5271.5,1019.2,10.8,90.0,9.24,2.6,0.994979516157373,0.09580362792899234,AMOS20191216,1.5600000000000005
2019-12-15 22:40:00,5000.0,3000.0,5249.0,1019.2,10.7,90.0,9.14,2.78,0.9967275446186042,0.0784441590005952,AMOS20191216,1.5599999999999987
2019-12-15 22:41:00,4850.0,3000.0,4866.5,1019.2,10.7,90.0,9.14,2.605,0.985872214782947,0.16498044979961707,AMOS20191216,1.5599999999999987
2019-12-15 22:42:00,4800.0,3000.0,4908.5,1019.2,10.7,91.0,9.3,2.4425,0.9721848045210264,0.2334009214659532,AMOS20191216,1.3999999999999986
2019-12-15 22:43:00,4550.0,3000.0,4541.0,1019.1,10.6,90.0,9.04,2.435,0.964759793701381,0.26302362278114033,AMOS20191216,1.5600000000000005
2019-12-15 22:44:00,4750.0,3000.0,4972.5,1019.1,10.5,90.0,8.94,2.55,0.973054700199491,0.22912524760564956,AMOS20191216,1.5600000000000005
2019-12-15 22:45:00,4850.0,3000.0,4815.5,1019.1,10.4,90.0,8.84,2.665,0.9847327575168044,0.17363495393765915,AMOS20191216,1.5600000000000005
2019-12-15 22:46:00,4800.0,3000.0,4861.0,1019.1,10.5,91.0,9.1,2.505,0.9807572877691993,0.19508466923684856,AMOS20191216,1.4000000000000004
2019-12-15 22:47:00,4600.0,3000.0,4598.5,1019.1,10.5,91.0,9.1,2.38,0.9845825471622766,0.17360981734502143,AMOS20191216,1.4000000000000004
2019-12-15 22:48:00,4550.0,3000.0,4699.5,1019.1,10.5,92.0,9.27,2.4425,0.9988580267974713,0.008716901941599749,AMOS20191216,1.2300000000000004
2019-12-15 22:49:00,4850.0,3000.0,4948.0,1019.2,10.5,92.0,9.27,2.6525,0.9962336086868664,-0.0827793790349687,AMOS20191216,1.2300000000000004
2019-12-15 22:50:00,5000.0,3000.0,5104.0,1019.2,10.7,92.0,9.46,2.9975,0.9953582967300094,-0.09584210300765589,AMOS20191216,1.2399999999999984
2019-12-15 22:51:00,4900.0,3000.0,4696.0,1019.2,10.8,92.0,9.56,2.8225,0.9952066988402912,-0.09582750579114613,AMOS20191216,1.2400000000000002
2019-12-15 22:52:00,4600.0,3000.0,4696.5,1019.2,11.1,93.0,10.02,2.3125,0.9998096305438717,-0.013087975784946077,AMOS20191216,1.08
2019-12-15 22:53:00,4700.0,3000.0,4810.5,1019.2,11.0,93.0,9.92,2.26,0.9988580267974713,-0.0436110832817134,AMOS20191216,1.08
2019-12-15 22:54:00,4700.0,3000.0,4605.0,1019.2,10.9,92.0,9.66,2.1950000000000003,0.9993527971981914,-0.013083989060735914,AMOS20191216,1.2400000000000002
2019-12-15 22:55:00,4500.0,3000.0,4640.5,1019.2,10.9,92.0,9.66,2.0475,0.9964611734949168,0.08279928837589051,AMOS20191216,1.2400000000000002
2019-12-15 22:56:00,4600.0,3000.0,4555.0,1019.2,10.9,92.0,9.66,2.06,0.9960057310721289,0.08276344427985681,AMOS20191216,1.2400000000000002
2019-12-15 22:57:00,4500.0,3000.0,4635.5,1019.2,10.8,92.0,9.56,2.1525,0.9985156887554516,-0.04796090053259663,AMOS20191216,1.2400000000000002
2019-12-15 22:58:00,4700.0,3000.0,4764.5,1019.2,10.7,92.0,9.46,2.4325,0.983712651483812,-0.17788549120532496,AMOS20191216,1.2399999999999984
2019-12-15 22:59:00,4950.0,3000.0,5197.0,1019.2,10.7,92.0,9.46,2.95,0.9552107392771949,-0.29204417698592233,AMOS20191216,1.2399999999999984
2019-12-15 23:00:00,5000.0,3000.0,5308.0,1019.2,10.8,92.0,9.56,3.56,0.9303821405319945,-0.36648727148060617,AMOS20191216,1.2400000000000002
2019-12-15 23:01:00,5000.0,3000.0,5166.0,1019.1,11.3,93.0,10.22,3.785,0.9270426399748211,-0.37454953901728705,AMOS20191216,1.08
2019-12-15 23:02:00,5000.0,3000.0,5195.5,1019.1,11.8,94.0,10.87,3.8,0.9185552384532064,-0.39464202291208095,AMOS20191216,0.9300000000000015
2019-12-15 23:03:00,5000.0,3000.0,5244.0,1019.1,11.9,93.0,10.81,3.6525,0.9117360399911132,-0.41070704774202504,AMOS20191216,1.0899999999999999
2019-12-15 23:04:00,5000.0,3000.0,4966.0,1019.1,12.0,93.0,10.91,3.325,0.9116664712920853,-0.4106760737616182,AMOS20191216,1.0899999999999999
2019-12-15 23:05:00,4900.0,3000.0,4996.0,1019.1,12.0,92.0,10.75,3.1625,0.9152157378960328,-0.4027042904487618,AMOS20191216,1.25
2019-12-15 23:06:00,5000.0,3000.0,5206.5,1019.1,12.0,91.0,10.59,3.2225,0.9006040361402088,-0.43439954250250573,AMOS20191216,1.4100000000000001
2019-12-15 23:07:00,5000.0,3000.0,5113.5,1019.1,12.0,91.0,10.59,3.1075,0.8968471657714672,-0.44227598502669485,AMOS20191216,1.4100000000000001
2019-12-15 23:08:00,4900.0,3000.0,4991.0,1019.1,12.1,91.0,10.69,2.8525,0.8845583008805421,-0.46538797845612295,AMOS20191216,1.4100000000000001
2019-12-15 23:09:00,5000.0,3000.0,5027.0,1019.1,12.1,90.0,10.52,2.8925,0.8787836499991614,-0.477140591516114,AMOS20191216,1.58
2019-12-15 23:10:00,4900.0,3000.0,4938.5,1019.0,12.1,90.0,10.52,2.9475,0.9097880361077145,-0.4146142950237127,AMOS20191216,1.58
2019-12-15 23:11:00,4900.0,3000.0,5030.5,1019.0,12.0,90.0,10.43,2.9775,0.9117360399911132,-0.41070704774202504,AMOS20191216,1.5700000000000003
2019-12-15 23:12:00,5000.0,3000.0,5057.5,1019.0,12.0,90.0,10.43,3.1125,0.8928855524114072,-0.4500510890258982,AMOS20191216,1.5700000000000003
2019-12-15 23:13:00,5000.0,3000.0,5228.5,1019.0,12.1,90.0,10.52,3.57,0.913475888943573,-0.4067056690953934,AMOS20191216,1.58
2019-12-15 23:14:00,5000.0,3000.0,5033.0,1019.0,12.2,90.0,10.62,3.885,0.9006040361402088,-0.43439954250250573,AMOS20191216,1.58
2019-12-15 23:15:00,5000.0,3000.0,5004.5,1019.0,12.3,90.0,10.72,3.69,0.8724711313006566,-0.4886072151847527,AMOS20191216,1.58
2019-12-15 23:16:00,4900.0,3000.0,4887.5,1019.0,12.3,89.0,10.56,3.51,0.8746197071393959,-0.484809620246337,AMOS20191216,1.7400000000000002
2019-12-15 23:17:00,4750.0,3000.0,4770.5,1019.0,12.3,89.0,10.56,3.4225,0.8724711313006566,-0.4886072151847527,AMOS20191216,1.7400000000000002
2019-12-15 23:18:00,4450.0,3000.0,4330.0,1018.9,12.2,89.0,10.46,3.465,0.8889917913560077,-0.4578607655011328,AMOS20191216,1.7399999999999984
2019-12-15 23:19:00,4550.0,3000.0,4820.0,1018.9,12.2,89.0,10.46,3.35,0.8987940462991669,-0.4383711467890775,AMOS20191216,1.7399999999999984
2019-12-15 23:20:00,4800.0,3000.0,4855.0,1018.9,12.2,89.0,10.46,3.1675,0.8949002852437674,-0.44618082326431213,AMOS20191216,1.7399999999999984
2019-12-15 23:21:00,4900.0,3000.0,4948.5,1019.0,12.2,89.0,10.46,3.2475,0.8987940462991669,-0.4383711467890775,AMOS20191216,1.7399999999999984
2019-12-15 23:22:00,4900.0,3000.0,4974.5,1019.0,12.1,89.0,10.36,3.425,0.8908035809815245,-0.4538856033910097,AMOS20191216,1.7400000000000002
2019-12-15 23:23:00,4800.0,3000.0,4641.0,1019.0,12.1,89.0,10.36,3.5675,0.8787836499991614,-0.477140591516114,AMOS20191216,1.7400000000000002
2019-12-15 23:24:00,4750.0,3000.0,4936.0,1019.0,12.1,89.0,10.36,3.4775,0.8928171070680782,-0.45001770600142094,AMOS20191216,1.7400000000000002
2019-12-15 23:25:00,4900.0,3000.0,5004.5,1019.0,12.2,90.0,10.62,3.3649999999999998,0.922174603731027,-0.3866999947209334,AMOS20191216,1.58
2019-12-15 23:26:00,4900.0,3000.0,4897.5,1019.0,12.2,89.0,10.46,3.44,0.9099266223396254,-0.4146774524082498,AMOS20191216,1.7399999999999984
2019-12-15 23:27:00,5000.0,3000.0,5081.0,1019.0,12.3,89.0,10.56,3.2475,0.9079786184562268,-0.4185846996899375,AMOS20191216,1.7400000000000002
2019-12-15 23:28:00,4850.0,3000.0,4836.0,1019.0,12.3,89.0,10.56,2.815,0.9334382376763479,-0.3583133683707904,AMOS20191216,1.7400000000000002
2019-12-15 23:29:00,4850.0,3000.0,5039.0,1019.0,12.3,89.0,10.56,2.9625,0.9411491094892606,-0.33790714610854067,AMOS20191216,1.7400000000000002
2019-12-15 23:30:00,4950.0,3000.0,4940.0,1019.0,12.2,89.0,10.46,3.0375,0.9468310572438832,-0.32140557163318,AMOS20191216,1.7399999999999984
2019-12-15 23:31:00,4900.0,3000.0,4982.0,1019.0,12.3,89.0,10.56,2.73,0.9271132472708042,-0.37457806621659956,AMOS20191216,1.7400000000000002
2019-12-15 23:32:00,5000.0,3000.0,5017.0,1019.1,12.2,88.0,10.29,2.6025,0.8928171070680782,-0.45001770600142094,AMOS20191216,1.9100000000000001
2019-12-15 23:33:00,4900.0,3000.0,4914.5,1019.0,12.1,88.0,10.19,2.5575,0.8848950870937646,-0.46556554562783037,AMOS20191216,1.9100000000000001
2019-12-15 23:34:00,4900.0,3000.0,4982.0,1019.0,12.0,88.0,10.09,2.5975,0.9078411555800148,-0.41851913326133006,AMOS20191216,1.9100000000000001
2019-12-15 23:35:00,4700.0,3000.0,4750.0,1019.0,12.0,89.0,10.26,2.77,0.9379503580656557,-0.3460277129688814,AMOS20191216,1.7400000000000002
2019-12-15 23:36:00,4900.0,3000.0,5049.0,1019.0,12.1,89.0,10.36,2.955,0.9218942303882699,-0.3865809832977964,AMOS20191216,1.7400000000000002
2019-12-15 23:37:00,5000.0,3000.0,5070.0,1019.0,12.1,89.0,10.36,2.8024999999999998,0.8967787204281382,-0.4422426020022176,AMOS20191216,1.7400000000000002
2019-12-15 23:38:00,4900.0,3000.0,4952.5,1019.0,12.0,89.0,10.26,2.7075,0.8807983828315216,-0.47327032575452793,AMOS20191216,1.7400000000000002
2019-12-15 23:39:00,4950.0,3000.0,5104.0,1019.0,12.0,89.0,10.26,2.8475,0.8887204028058352,-0.4577224861281185,AMOS20191216,1.7400000000000002
2019-12-15 23:40:00,5000.0,3000.0,4956.0,1018.9,12.0,90.0,10.43,2.7,0.9081172046881377,-0.41864785707447455,AMOS20191216,1.5700000000000003
2019-12-15 23:41:00,4800.0,3000.0,4787.5,1018.9,12.1,90.0,10.52,2.535,0.8926820161658952,-0.44994738212891516,AMOS20191216,1.58
2019-12-15 23:42:00,4800.0,3000.0,4974.0,1018.9,12.0,90.0,10.43,2.84,0.8926820161658952,-0.44994738212891516,AMOS20191216,1.5700000000000003
2019-12-15 23:43:00,5000.0,3000.0,5074.0,1018.9,11.9,89.0,10.16,3.16,0.9252316966119343,-0.3785236270766637,AMOS20191216,1.7400000000000002
2019-12-15 23:44:00,4950.0,3000.0,4915.5,1018.9,12.1,90.0,10.52,3.1,0.9468310572438832,-0.32140557163318,AMOS20191216,1.58
2019-12-15 23:45:00,4700.0,3000.0,4755.5,1018.9,12.1,90.0,10.52,2.885,0.9482875459472353,-0.31729257441605196,AMOS20191216,1.58
2019-12-15 23:46:00,4700.0,3000.0,4763.5,1018.9,12.0,90.0,10.43,2.9675,0.9408628918117916,-0.3378029713934212,AMOS20191216,1.5700000000000003
2019-12-15 23:47:00,4800.0,3000.0,4810.5,1018.9,11.9,89.0,10.16,2.9625,0.922174603731027,-0.3866999947209334,AMOS20191216,1.7400000000000002
2019-12-15 23:48:00,4750.0,3000.0,4745.5,1018.9,11.9,90.0,10.33,2.5875,0.9479978669807152,-0.31719845201424524,AMOS20191216,1.5700000000000003
2019-12-15 23:49:00,4550.0,3000.0,4506.0,1018.9,11.8,90.0,10.23,2.21,0.9888709291212429,-0.14337064961265641,AMOS20191216,1.5700000000000003
2019-12-15 23:50:00,4200.0,3000.0,4238.0,1018.9,11.7,90.0,10.13,2.2225,0.9823475725514714,-0.18650426038204118,AMOS20191216,1.5699999999999985
2019-12-15 23:51:00,4450.0,3000.0,4539.5,1018.9,11.5,90.0,9.93,2.5,0.9622077661227839,-0.27137108753691547,AMOS20191216,1.5700000000000003
2019-12-15 23:52:00,4300.0,3000.0,4073.0,1018.9,11.4,89.0,9.67,2.1774999999999998,0.9911054879157813,-0.13047883193621965,AMOS20191216,1.7300000000000004
2019-12-15 23:53:00,4000.0,3000.0,4131.5,1018.9,11.4,90.0,9.83,1.91,0.9947130407542017,-0.10016008230076001,AMOS20191216,1.5700000000000003
2019-12-15 23:54:00,4100.0,3000.0,4139.5,1018.9,11.3,90.0,9.73,2.0324999999999998,0.9805332928858642,-0.19503977512387125,AMOS20191216,1.5700000000000003
2019-12-15 23:55:00,4150.0,3000.0,4217.5,1018.9,11.1,90.0,9.54,1.8975,0.9969948429771387,-0.0653442473231475,AMOS20191216,1.5600000000000005
2019-12-15 23:56:00,4100.0,3000.0,4219.0,1018.8,10.9,90.0,9.34,1.7825,0.9983634419002233,0.047956913808386535,AMOS20191216,1.5600000000000005
2019-12-15 23:57:00,4300.0,3000.0,4480.0,1018.8,10.8,90.0,9.24,2.1,0.9927405515752792,-0.1087310423826552,AMOS20191216,1.5600000000000005
2019-12-15 23:58:00,4850.0,3000.0,5096.5,1018.8,10.8,91.0,9.4,2.69,0.9777751818802759,-0.20783253074675198,AMOS20191216,1.4000000000000004
2019-12-15 23:59:00,5000.0,3000.0,5005.5,1018.8,10.9,91.0,9.5,3.2199999999999998,0.9831427149426074,-0.18221405595463758,AMOS20191216,1.4000000000000004
2019-12-16 00:00:00,4800.0,3000.0,4874.5,1018.8,11.3,93.0,10.22,3.3775,0.9790174964122702,-0.2036360169574557,AMOS20191216,1.08
2019-12-16 00:01:00,4950.0,3000.0,4964.5,1018.8,11.6,93.0,10.52,3.2625,0.9597296736181261,-0.27973698762858773,AMOS20191216,1.08
2019-12-16 00:02:00,4650.0,3000.0,4568.5,1018.7,11.7,93.0,10.62,3.2,0.9536806361290946,-0.300694349548842,AMOS20191216,1.08
2019-12-16 00:03:00,4500.0,3000.0,4498.5,1018.7,11.7,93.0,10.62,3.125,0.9784953287760083,-0.20352910259007712,AMOS20191216,1.08
2019-12-16 00:04:00,4150.0,3000.0,4139.5,1018.7,11.6,92.0,10.36,2.8325,0.9919766309163842,-0.12619528279387687,AMOS20191216,1.2400000000000002
2019-12-16 00:05:00,3950.0,3000.0,3825.0,1018.7,11.4,91.0,10.0,2.225,0.9980208255888667,-0.06104090286912244,AMOS20191216,1.4000000000000004
2019-12-16 00:06:00,3700.0,3000.0,3711.0,1018.7,11.2,91.0,9.8,2.08,0.9997715543329696,-0.01745107739426696,AMOS20191216,1.3999999999999986
2019-12-16 00:07:00,4000.0,3000.0,4217.0,1018.7,10.9,90.0,9.34,2.5875,0.9986679820006776,-0.039236026356971376,AMOS20191216,1.5600000000000005
2019-12-16 00:08:00,4250.0,3000.0,4438.0,1018.6,10.7,90.0,9.14,2.9850000000000003,0.984702867153948,-0.16920062352140564,AMOS20191216,1.5599999999999987
2019-12-16 00:09:00,4600.0,3000.0,4688.5,1018.6,10.8,91.0,9.4,3.2025,0.9376623658810566,-0.3459285493073123,AMOS20191216,1.4000000000000004
2019-12-16 00:10:00,4600.0,3000.0,4554.0,1018.6,11.2,92.0,9.96,3.315,0.9133362215706721,-0.4066449399932778,AMOS20191216,1.2399999999999984
2019-12-16 00:11:00,4400.0,3000.0,4393.5,1018.5,11.4,93.0,10.32,3.0975,0.9238443540096138,-0.38266886095259295,AMOS20191216,1.08
2019-12-16 00:12:00,4200.0,3000.0,4251.0,1018.5,11.5,93.0,10.42,2.8225,0.931839581808188,-0.36237179272638576,AMOS20191216,1.08
2019-12-16 00:13:00,4300.0,3000.0,4353.0,1018.5,11.4,93.0,10.32,2.83,0.9238443540096138,-0.38266886095259295,AMOS20191216,1.08
2019-12-16 00:14:00,4300.0,3000.0,4315.0,1018.5,11.4,93.0,10.32,2.7625,0.9170251555475206,-0.39873388578253705,AMOS20191216,1.08
2019-12-16 00:15:00,4300.0,3000.0,4337.5,1018.5,11.4,93.0,10.32,2.7325,0.913475888943573,-0.4067056690953934,AMOS20191216,1.08
2019-12-16 00:16:00,4150.0,3000.0,3963.5,1018.5,11.4,93.0,10.32,2.5475,0.9332249761011132,-0.35823150492200284,AMOS20191216,1.08
2019-12-16 00:17:00,3550.0,3000.0,3517.0,1018.5,11.4,93.0,10.32,2.0675,0.9535353859489563,-0.30064855234295995,AMOS20191216,1.08
2019-12-16 00:18:00,3550.0,3000.0,3620.0,1018.5,11.0,92.0,9.76,1.9324999999999999,0.9752402481322108,-0.22067408289476287,AMOS20191216,1.2400000000000002
2019-12-16 00:19:00,3600.0,3000.0,3716.5,1018.5,10.7,91.0,9.3,1.9124999999999999,0.9927377714241197,-0.11749700361517249,AMOS20191216,1.3999999999999986
2019-12-16 00:20:00,3650.0,3000.0,3613.0,1018.5,10.5,91.0,9.1,1.89,0.9952825614791396,-0.09583414291203052,AMOS20191216,1.4000000000000004
2019-12-16 00:21:00,3600.0,3000.0,3825.0,1018.5,10.4,91.0,9.01,2.005,0.9901926574299001,-0.13916250259137722,AMOS20191216,1.3900000000000006
2019-12-16 00:22:00,3850.0,3000.0,3752.0,1018.5,10.3,91.0,8.91,1.98,0.9900416613250298,-0.13914262357704513,AMOS20191216,1.3900000000000006
2019-12-16 00:23:00,3550.0,3000.0,3495.0,1018.5,10.4,92.0,9.17,1.85,0.9959670058957165,-0.0871371563814773,AMOS20191216,1.2300000000000004
2019-12-16 00:24:00,3350.0,3000.0,3413.5,1018.4,10.3,92.0,9.07,1.8925,0.9998857713672935,-0.004363101609320823,AMOS20191216,1.2300000000000004
2019-12-16 00:25:00,3500.0,3000.0,3514.5,1018.4,10.2,92.0,8.97,1.8925,0.9904598620058979,0.13479944344704636,AMOS20191216,1.2299999999999986
2019-12-16 00:26:00,3400.0,3000.0,3431.0,1018.4,10.1,92.0,8.87,1.8225,0.9776254330975438,0.20780477645038076,AMOS20191216,1.2300000000000004
2019-12-16 00:27:00,3400.0,3000.0,3426.0,1018.4,10.1,93.0,9.03,1.7625,0.9922927455715231,0.09116614600714186,AMOS20191216,1.0700000000000003
2019-12-16 00:28:00,3550.0,3000.0,3856.5,1018.4,10.2,93.0,9.13,1.9324999999999999,0.9926653367161549,-0.10871912951928872,AMOS20191216,1.0699999999999985
2019-12-16 00:29:00,4000.0,3000.0,3988.5,1018.4,10.1,93.0,9.03,2.085,0.984012610621072,-0.17793838209433394,AMOS20191216,1.0700000000000003
2019-12-16 00:30:00,4000.0,3000.0,4072.5,1018.3,10.4,94.0,9.48,1.885,0.9762588327595205,-0.2164313725808122,AMOS20191216,0.9199999999999999
2019-12-16 00:31:00,3850.0,3000.0,3850.5,1018.3,10.7,95.0,9.94,1.6,0.9742958641450682,-0.2249339237762893,AMOS20191216,0.7599999999999998
2019-12-16 00:32:00,4000.0,3000.0,4302.0,1018.3,10.8,95.0,10.04,1.7975,0.9691293609098421,-0.24612776003714362,AMOS20191216,0.7600000000000016
2019-12-16 00:33:00,4200.0,3000.0,3946.5,1018.3,10.7,95.0,9.94,1.9575,0.9685383729939411,-0.24598041020036754,AMOS20191216,0.7599999999999998
2019-12-16 00:34:00,3650.0,3000.0,3670.0,1018.3,10.7,95.0,9.94,1.6125,0.9946801188498943,-0.06081928605802068,AMOS20191216,0.7599999999999998
2019-12-16 00:35:00,3450.0,3000.0,3332.5,1018.3,10.6,94.0,9.68,1.225,0.9850445600386236,0.164853397355852,AMOS20191216,0.9199999999999999
2019-12-16 00:36:00,3200.0,3000.0,3257.5,1018.4,10.4,94.0,9.48,0.865,0.9717405766022142,0.23329427177845607,AMOS20191216,0.9199999999999999
2019-12-16 00:37:00,3300.0,3000.0,3425.0,1018.4,10.3,94.0,9.38,0.8375,0.9952458872810604,0.09144849855369704,AMOS20191216,0.9199999999999999
2019-12-16 00:38:00,3400.0,3000.0,3473.5,1018.4,10.2,94.0,9.28,0.9299999999999999,0.9992006431088278,-0.021800891002335655,AMOS20191216,0.9199999999999999
2019-12-16 00:39:00,3350.0,3000.0,3330.0,1018.4,10.2,94.0,9.28,0.97,0.9792024532673194,-0.18593754755025574,AMOS20191216,0.9199999999999999
2019-12-16 00:40:00,3500.0,3000.0,3959.5,1018.4,10.2,94.0,9.28,1.325,0.9522961509551354,-0.3048321395693943,AMOS20191216,0.9199999999999999
2019-12-16 00:41:00,3950.0,3000.0,3905.5,1018.4,10.1,94.0,9.19,1.47,0.9517930916067499,-0.30009920904699167,AMOS20191216,0.9100000000000001
2019-12-16 00:42:00,3550.0,3000.0,3535.5,1018.4,10.2,94.0,9.28,1.3575000000000002,0.9598764336152149,-0.2797776877778666,AMOS20191216,0.9199999999999999
2019-12-16 00:43:00,3850.0,3000.0,4018.5,1018.4,10.2,95.0,9.44,1.37,0.9804582973904606,-0.1950265513946,AMOS20191216,0.7599999999999998
2019-12-16 00:44:00,3650.0,3000.0,3537.5,1018.4,10.2,95.0,9.44,1.3525,0.9888275784975595,-0.14778127176809347,AMOS20191216,0.7599999999999998
2019-12-16 00:45:00,3550.0,3000.0,3620.0,1018.3,10.2,95.0,9.44,1.42,0.9700001873060293,-0.24184820945852348,AMOS20191216,0.7599999999999998
2019-12-16 00:46:00,3750.0,3000.0,4033.0,1018.3,10.2,95.0,9.44,1.4925,0.9611152911260519,-0.27559537491262875,AMOS20191216,0.7599999999999998
2019-12-16 00:47:00,3850.0,3000.0,3621.5,1018.3,10.1,95.0,9.34,1.5925,0.9784969865491511,-0.20352130338063518,AMOS20191216,0.7599999999999998
2019-12-16 00:48:00,3500.0,3000.0,3520.0,1018.3,10.2,95.0,9.44,1.6075000000000002,0.9832174682299359,-0.18222858652173757,AMOS20191216,0.7599999999999998
2019-12-16 00:49:00,3250.0,3000.0,3144.0,1018.3,10.2,95.0,9.44,1.4449999999999998,0.9832174682299359,-0.18222858652173757,AMOS20191216,0.7599999999999998
2019-12-16 00:50:00,3100.0,3000.0,3220.5,1018.3,10.2,95.0,9.44,1.355,0.9905359671908435,-0.13480477132494914,AMOS20191216,0.7599999999999998
2019-12-16 00:51:00,3200.0,3000.0,3243.5,1018.3,10.2,95.0,9.44,1.4575,0.9944461601174035,-0.10452050317202818,AMOS20191216,0.7599999999999998
2019-12-16 00:52:00,3200.0,3000.0,3258.0,1018.3,10.2,95.0,9.44,1.6925,0.9948643607982717,-0.10017732304202935,AMOS20191216,0.7599999999999998
2019-12-16 00:53:00,3350.0,3000.0,3465.5,1018.3,10.1,95.0,9.34,1.655,0.9875379108768891,-0.15641063931349783,AMOS20191216,0.7599999999999998
2019-12-16 00:54:00,3250.0,3000.0,3089.0,1018.3,10.0,95.0,9.24,1.4024999999999999,0.9893215144292974,-0.14344605173372,AMOS20191216,0.7599999999999998
2019-12-16 00:55:00,2950.0,3000.0,3037.0,1018.3,9.8,95.0,9.04,1.36,0.9993147209872891,2.6576811937104733e-06,AMOS20191216,0.7600000000000016
2019-12-16 00:56:00,3100.0,3000.0,3198.5,1018.3,9.8,95.0,9.04,1.4024999999999999,0.9970698826606239,0.07409434174971197,AMOS20191216,0.7600000000000016
2019-12-16 00:57:00,3050.0,3000.0,3055.5,1018.3,9.8,96.0,9.2,1.3924999999999998,0.9919766309163841,0.12619528279387698,AMOS20191216,0.6000000000000014
2019-12-16 00:58:00,3000.0,3000.0,3056.0,1018.3,9.7,95.0,8.94,1.38,0.9855278999079404,0.16934474951025555,AMOS20191216,0.7599999999999998
2019-12-16 00:59:00,2900.0,3000.0,2876.0,1018.2,9.7,95.0,8.94,1.3450000000000002,0.9766827068835439,0.21205681812246524,AMOS20191216,0.7599999999999998
2019-12-16 01:00:00,2800.0,3000.0,2874.5,1018.2,9.7,96.0,9.1,1.365,0.9307025043095085,0.3619353095695947,AMOS20191216,0.5999999999999996
2019-12-16 01:01:00,2800.0,3000.0,2776.5,1018.2,9.6,96.0,9.0,1.4475,0.8807983828315216,0.473270325754528,AMOS20191216,0.5999999999999996
2019-12-16 01:02:00,2700.0,3000.0,2760.5,1018.2,9.5,96.0,8.9,1.5275,0.8808656214290441,0.4733060771510024,AMOS20191216,0.5999999999999996
2019-12-16 01:03:00,2700.0,3000.0,2779.5,1018.2,9.3,95.0,8.55,1.5950000000000002,0.8614651269455932,0.507441739847399,AMOS20191216,0.75
2019-12-16 01:04:00,2700.0,3000.0,2671.5,1018.2,9.3,96.0,8.7,1.5550000000000002,0.8314458214026373,0.5555544363568169,AMOS20191216,0.6000000000000014
2019-12-16 01:05:00,2600.0,3000.0,2693.5,1018.2,9.2,96.0,8.6,1.5175,0.8449941561713854,0.533154258744546,AMOS20191216,0.5999999999999996
2019-12-16 01:06:00,2250.0,3000.0,2212.5,1018.3,9.1,96.0,8.5,1.3425,0.9545733851538596,0.28723548355399103,AMOS20191216,0.5999999999999996
2019-12-16 01:07:00,2450.0,3000.0,2809.5,1018.3,8.9,96.0,8.3,1.255,0.992470566848122,0.12186006275950348,AMOS20191216,0.5999999999999996
2019-12-16 01:08:00,2800.0,3000.0,2916.0,1018.4,8.8,96.0,8.2,1.4025,0.9410988721356277,0.3287057704416571,AMOS20191216,0.6000000000000014
2019-12-16 01:09:00,2900.0,3000.0,2890.0,1018.4,9.2,96.0,8.6,1.4575,0.838221397143474,0.544352093709205,AMOS20191216,0.5999999999999996
2019-12-16 01:10:00,2750.0,3000.0,2724.0,1018.4,9.5,97.0,9.05,1.3025,0.8012308811292065,0.5983075804371546,AMOS20191216,0.4499999999999993
2019-12-16 01:11:00,2550.0,3000.0,2471.5,1018.4,9.4,97.0,8.95,1.1675,0.7959793209371502,0.6052766361954509,AMOS20191216,0.45000000000000107
2019-12-16 01:12:00,2400.0,3000.0,2478.0,1018.4,9.3,97.0,8.85,1.2775,0.8111172189721076,0.5839229924609449,AMOS20191216,0.45000000000000107
2019-12-16 01:13:00,2400.0,3000.0,2529.5,1018.4,9.4,97.0,8.95,1.3475000000000001,0.8718718133448569,0.4882750078171549,AMOS20191216,0.45000000000000107
2019-12-16 01:14:00,2600.0,3000.0,2654.0,1018.3,9.4,97.0,8.95,1.3775,0.9025509166679084,0.43049470426488845,AMOS20191216,0.45000000000000107
2019-12-16 01:15:00,2450.0,3000.0,2381.0,1018.3,9.4,97.0,8.95,1.3675,0.9376650929610281,0.34592105671666956,AMOS20191216,0.45000000000000107
2019-12-16 01:16:00,2350.0,3000.0,2562.0,1018.3,9.3,97.0,8.85,1.365,0.9623545261198727,0.27141178768619434,AMOS20191216,0.45000000000000107
2019-12-16 01:17:00,2600.0,3000.0,2683.0,1018.3,9.2,97.0,8.75,1.505,0.9463978148791456,0.321260610765729,AMOS20191216,0.4499999999999993
2019-12-16 01:18:00,2600.0,3000.0,2611.0,1018.3,9.4,97.0,8.95,1.705,0.9116664712920852,0.4106760737616182,AMOS20191216,0.45000000000000107
2019-12-16 01:19:00,2600.0,3000.0,2618.0,1018.3,9.5,97.0,9.05,1.865,0.8968471657714672,0.4422759850266948,AMOS20191216,0.4499999999999993
2019-12-16 01:20:00,2500.0,3000.0,2492.5,1018.3,9.6,97.0,9.15,1.9875,0.8869770585236474,0.46173103126271886,AMOS20191216,0.4499999999999993
2019-12-16 01:21:00,2400.0,3000.0,2439.5,1018.3,9.6,97.0,9.15,2.135,0.8909386718837073,0.45395592726351547,AMOS20191216,0.4499999999999993
2019-12-16 01:22:00,2400.0,3000.0,2501.0,1018.3,9.5,97.0,9.05,2.1625,0.8889917913560076,0.4578607655011328,AMOS20191216,0.4499999999999993
2019-12-16 01:23:00,2500.0,3000.0,2577.0,1018.3,9.4,97.0,8.95,2.08,0.8767016785692785,0.48097510588122555,AMOS20191216,0.45000000000000107
2019-12-16 01:24:00,2500.0,3000.0,2536.0,1018.3,9.3,97.0,8.85,1.9675,0.8767016785692785,0.48097510588122555,AMOS20191216,0.45000000000000107
2019-12-16 01:25:00,2400.0,3000.0,2480.0,1018.3,9.3,97.0,8.85,1.9175,0.8767016785692785,0.48097510588122555,AMOS20191216,0.45000000000000107
2019-12-16 01:26:00,2500.0,3000.0,2538.5,1018.3,9.2,97.0,8.75,2.0,0.8724711313006565,0.48860721518475286,AMOS20191216,0.4499999999999993
2019-12-16 01:27:00,2500.0,3000.0,2552.5,1018.3,9.1,97.0,8.65,2.015,0.8848950870937645,0.46556554562783037,AMOS20191216,0.4499999999999993
2019-12-16 01:28:00,2450.0,3000.0,2430.5,1018.3,9.2,97.0,8.75,1.9475,0.9006724814835377,0.434432925526983,AMOS20191216,0.4499999999999993
2019-12-16 01:29:00,2400.0,3000.0,2409.5,1018.3,9.3,98.0,9.0,1.9525,0.9152157378960328,0.40270429044876177,AMOS20191216,0.3000000000000007
2019-12-16 01:30:00,2400.0,3000.0,2400.0,1018.3,9.4,98.0,9.1,1.96,0.9303110461215677,0.3664599808933512,AMOS20191216,0.3000000000000007
2019-12-16 01:31:00,2300.0,3000.0,2369.0,1018.3,9.3,97.0,8.85,1.9925,0.9468310572438831,0.3214055716331801,AMOS20191216,0.45000000000000107
2019-12-16 01:32:00,2300.0,3000.0,2405.5,1018.3,9.3,98.0,9.0,2.0775,0.9635205587075601,0.26720721000757475,AMOS20191216,0.3000000000000007
2019-12-16 01:33:00,2400.0,3000.0,2451.5,1018.3,9.4,98.0,9.1,2.2025,0.9702957262759965,0.24192189559966767,AMOS20191216,0.3000000000000007
2019-12-16 01:34:00,2400.0,3000.0,2384.0,1018.3,9.5,98.0,9.2,2.31,0.9723328955306159,0.23343647497176628,AMOS20191216,0.3000000000000007
2019-12-16 01:35:00,2300.0,3000.0,2327.5,1018.3,9.5,98.0,9.2,2.4050000000000002,0.9780731124251276,0.20789585783898218,AMOS20191216,0.3000000000000007
2019-12-16 01:36:00,2300.0,3000.0,2287.5,1018.3,9.5,98.0,9.2,2.4825,0.9832174682299359,0.18222858652173768,AMOS20191216,0.3000000000000007
2019-12-16 01:37:00,2200.0,3000.0,2248.5,1018.3,9.5,98.0,9.2,2.64,0.984012610621072,0.17793838209433405,AMOS20191216,0.3000000000000007
2019-12-16 01:38:00,2150.0,3000.0,2155.5,1018.3,9.3,98.0,9.0,2.8275,0.9869681936994054,0.1607378931969058,AMOS20191216,0.3000000000000007
2019-12-16 01:39:00,2000.0,3000.0,1970.0,1018.3,9.1,97.0,8.65,2.8925,0.988333272631746,0.15211912402018957,AMOS20191216,0.4499999999999993
2019-12-16 01:40:00,1900.0,3000.0,1947.0,1018.3,8.9,97.0,8.45,2.88,0.9908375894665082,0.13484716157133597,AMOS20191216,0.45000000000000107
2019-12-16 01:41:00,2150.0,3000.0,2254.0,1018.3,8.9,97.0,8.45,2.9425,0.9968035115369365,0.07844947112500729,AMOS20191216,0.45000000000000107
2019-12-16 01:42:00,2400.0,3000.0,2537.5,1018.2,8.9,98.0,8.6,3.175,0.9957006347720291,0.09149228575677257,AMOS20191216,0.3000000000000007
2019-12-16 01:43:00,2400.0,3000.0,2421.5,1018.2,9.1,98.0,8.8,3.3175,0.9901926574299001,0.13916250259137733,AMOS20191216,0.29999999999999893
2019-12-16 01:44:00,2300.0,3000.0,2326.0,1018.2,9.3,98.0,9.0,3.0425,0.9966903028766843,0.07406513477456267,AMOS20191216,0.3000000000000007
2019-12-16 01:45:00,2350.0,3000.0,2486.5,1018.2,9.3,98.0,9.0,2.5300000000000002,0.9998857713672935,-0.004363101609320823,AMOS20191216,0.3000000000000007
2019-12-16 01:46:00,2500.0,3000.0,2522.0,1018.2,9.3,98.0,9.0,2.255,0.9996192610877435,-0.026175951569892216,AMOS20191216,0.3000000000000007
2019-12-16 01:47:00,2250.0,3000.0,2142.5,1018.1,9.3,98.0,9.0,2.26,0.9983631636308864,-0.05669108561823921,AMOS20191216,0.3000000000000007
2019-12-16 01:48:00,1950.0,3000.0,1928.0,1018.1,9.2,98.0,8.9,2.31,0.9990101808868348,-0.0436177264727224,AMOS20191216,0.29999999999999893
2019-12-16 01:49:00,1900.0,3000.0,1992.0,1018.1,8.9,97.0,8.45,2.4625,0.9997334781220674,-0.013087975784946079,AMOS20191216,0.45000000000000107
2019-12-16 01:50:00,2350.0,3000.0,2591.0,1018.1,8.8,98.0,8.5,2.695,0.9993147209872891,0.034896839021307434,AMOS20191216,0.3000000000000007
2019-12-16 01:51:00,2500.0,3000.0,2484.5,1018.1,8.9,98.0,8.6,2.7425,0.9965370361337652,0.08280592549677492,AMOS20191216,0.3000000000000007
2019-12-16 01:52:00,2250.0,3000.0,2218.0,1018.1,9.0,98.0,8.7,2.5625,0.9929645027798597,0.11752484272512997,AMOS20191216,0.3000000000000007
2019-12-16 01:53:00,2050.0,3000.0,1970.5,1018.1,8.8,98.0,8.5,2.4425,0.9902680687415704,0.13917310096006547,AMOS20191216,0.3000000000000007
2019-12-16 01:54:00,1800.0,3000.0,1791.0,1018.1,8.7,98.0,8.4,2.4225,0.9902680687415704,0.13917310096006547,AMOS20191216,0.29999999999999893
2019-12-16 01:55:00,1700.0,3000.0,1724.0,1018.1,8.7,98.0,8.4,2.385,0.9876131257360135,0.15642255217686443,AMOS20191216,0.29999999999999893
2019-12-16 01:56:00,1700.0,3000.0,1804.5,1018.1,8.8,98.0,8.5,2.3475,0.986248046803673,0.16504132135358068,AMOS20191216,0.3000000000000007
2019-12-16 01:57:00,1750.0,3000.0,1830.5,1018.1,8.7,98.0,8.4,2.33,0.9925105887412013,0.11747312575301877,AMOS20191216,0.29999999999999893
2019-12-16 01:58:00,1950.0,3000.0,2264.0,1018.1,8.8,98.0,8.5,2.3475,0.9988198578207044,0.04797684135783324,AMOS20191216,0.3000000000000007
2019-12-16 01:59:00,2400.0,3000.0,2287.0,1018.1,8.9,98.0,8.6,2.3274999999999997,0.9962336086868664,0.08277937903496871,AMOS20191216,0.3000000000000007
2019-12-16 02:00:00,2000.0,3000.0,2028.0,1018.1,9.3,98.0,9.0,2.2925,0.9895477253932919,0.1434778436114187,AMOS20191216,0.3000000000000007
2019-12-16 02:01:00,2150.0,3000.0,2233.5,1018.1,9.3,98.0,9.0,2.3899999999999997,0.9914071101914461,0.13052122218260648,AMOS20191216,0.3000000000000007
2019-12-16 02:02:00,2050.0,3000.0,1990.5,1018.1,9.2,98.0,8.9,2.51,0.9901926574299001,0.13916250259137733,AMOS20191216,0.29999999999999893
2019-12-16 02:03:00,1950.0,3000.0,2041.5,1018.1,9.2,98.0,8.9,2.54,0.9847327575168044,0.17363495393765915,AMOS20191216,0.29999999999999893
2019-12-16 02:04:00,2000.0,3000.0,1999.5,1018.1,9.2,98.0,8.9,2.6425,0.9742958641450681,0.22493392377628924,AMOS20191216,0.29999999999999893
2019-12-16 02:05:00,1900.0,3000.0,1932.0,1018.0,9.2,98.0,8.9,2.8275,0.9713143109033062,0.237679185285717,AMOS20191216,0.29999999999999893
2019-12-16 02:06:00,1900.0,3000.0,1999.5,1018.0,9.1,98.0,8.8,2.915,0.9692032512792644,0.24614618297538093,AMOS20191216,0.29999999999999893
2019-12-16 02:07:00,2100.0,3000.0,2123.0,1018.0,8.9,98.0,8.6,2.8225000000000002,0.9587832259506772,0.28400453026986794,AMOS20191216,0.3000000000000007
2019-12-16 02:08:00,1850.0,3000.0,1786.0,1018.0,9.0,98.0,8.7,2.6225,0.9467586319868944,0.32138203924067976,AMOS20191216,0.3000000000000007
2019-12-16 02:09:00,1800.0,3000.0,1877.5,1018.0,9.0,98.0,8.7,2.53,0.9319101891041712,0.36240031992569827,AMOS20191216,0.3000000000000007
2019-12-16 02:10:00,1950.0,3000.0,2083.0,1018.0,8.9,98.0,8.6,2.4775,0.9221746037310271,0.3866999947209333,AMOS20191216,0.3000000000000007
2019-12-16 02:11:00,1950.0,3000.0,1941.0,1018.0,8.9,98.0,8.6,2.3425000000000002,0.9205048534524404,0.3907311284892737,AMOS20191216,0.3000000000000007
2019-12-16 02:12:00,1700.0,3000.0,1695.0,1018.0,9.0,98.0,8.7,2.1975,0.9254434969922175,0.3786091999849399,AMOS20191216,0.3000000000000007
2019-12-16 02:13:00,1850.0,3000.0,2005.5,1018.0,8.9,98.0,8.6,2.0825,0.9271838545667874,0.37460659341591196,AMOS20191216,0.3000000000000007
2019-12-16 02:14:00,2000.0,3000.0,2065.0,1018.0,8.8,98.0,8.5,2.07,0.9133373027116621,0.4066425117108563,AMOS20191216,0.3000000000000007
2019-12-16 02:15:00,1900.0,3000.0,1964.5,1018.0,9.1,98.0,8.8,1.93,0.8803968945822607,0.4730523354212539,AMOS20191216,0.29999999999999893
2019-12-16 02:16:00,1750.0,3000.0,1658.5,1017.9,9.2,98.0,8.9,1.3824999999999998,0.6825633542320414,0.7256788470285471,AMOS20191216,0.29999999999999893
2019-12-16 02:17:00,1350.0,2700.0,1229.5,1017.9,9.1,98.0,8.8,0.89,0.4013022814656202,0.9004517920764755,AMOS20191216,0.29999999999999893
2019-12-16 02:18:00,1050.0,2250.0,989.5,1017.9,9.0,98.0,8.7,0.715,-0.4501649542507466,0.8130290396179023,AMOS20191216,0.3000000000000007
2019-12-16 02:19:00,800.0,1900.0,854.5,1018.0,9.0,98.0,8.7,0.7375,-0.9692545098292893,0.23713276653855583,AMOS20191216,0.3000000000000007
2019-12-16 02:20:00,950.0,2050.0,1046.5,1018.0,8.8,98.0,8.5,0.7725,-0.948733253104552,0.3128413744245813,AMOS20191216,0.3000000000000007
2019-12-16 02:21:00,1000.0,2300.0,1089.5,1018.0,8.6,98.0,8.3,0.72,-0.9300286384453013,0.3663458807857624,AMOS20191216,0.29999999999999893
2019-12-16 02:22:00,1000.0,2200.0,1087.0,1018.0,8.6,98.0,8.3,0.69,-0.8433404130474916,0.5269775773399306,AMOS20191216,0.29999999999999893
2019-12-16 02:23:00,1100.0,2300.0,1123.5,1018.0,8.6,98.0,8.3,0.705,-0.5253484887021024,0.840960930121395,AMOS20191216,0.29999999999999893
2019-12-16 02:24:00,1100.0,2350.0,1171.5,1017.9,8.7,98.0,8.4,0.655,-0.29583936816546536,0.9527374755938924,AMOS20191216,0.29999999999999893
2019-12-16 02:25:00,1100.0,2350.0,1063.5,1017.9,8.9,98.0,8.6,0.6475,-0.08260026771943461,0.9939577836411237,AMOS20191216,0.3000000000000007
2019-12-16 02:26:00,900.0,2100.0,985.0,1017.9,8.9,98.0,8.6,0.8125,0.04797285584801777,0.9987438097631474,AMOS20191216,0.3000000000000007
2019-12-16 02:27:00,850.0,1950.0,796.0,1017.9,8.7,98.0,8.4,0.94,0.15193644308677745,0.9871289084786343,AMOS20191216,0.29999999999999893
2019-12-16 02:28:00,750.0,1750.0,931.0,1017.9,8.6,98.0,8.3,0.96,0.3372948189922951,0.9394279136984025,AMOS20191216,0.29999999999999893
2019-12-16 02:29:00,900.0,2100.0,952.0,1017.9,8.7,98.0,8.4,0.91,0.44994738212891516,0.8926820161658952,AMOS20191216,0.29999999999999893
2019-12-16 02:30:00,900.0,2000.0,898.0,1017.8,8.7,99.0,8.55,0.8875,0.5149988535133283,0.8571020253362723,AMOS20191216,0.14999999999999858
2019-12-16 02:31:00,800.0,1900.0,827.0,1017.8,8.6,98.0,8.3,0.875,0.5696781107871183,0.821184543283427,AMOS20191216,0.29999999999999893
2019-12-16 02:32:00,800.0,1800.0,848.0,1017.8,8.6,98.0,8.3,0.8325,0.6121998622822558,0.7906669427168647,AMOS20191216,0.29999999999999893
2019-12-16 02:33:00,900.0,2000.0,937.0,1017.8,8.6,98.0,8.3,0.7075,0.6493244090214355,0.7602612025690287,AMOS20191216,0.29999999999999893
2019-12-16 02:34:00,800.0,1900.0,865.0,1017.8,8.6,98.0,8.3,0.535,0.7369124378505225,0.6752558393236109,AMOS20191216,0.29999999999999893
2019-12-16 02:35:00,900.0,2050.0,1043.5,1017.8,8.5,98.0,8.2,0.4975,0.6941823678819181,0.7188468852406432,AMOS20191216,0.3000000000000007
2019-12-16 02:36:00,1150.0,2450.0,1263.5,1017.8,8.5,98.0,8.2,0.6,0.6258577378469233,0.7798029779473482,AMOS20191216,0.3000000000000007
2019-12-16 02:37:00,1200.0,2600.0,1273.0,1017.8,8.6,98.0,8.3,0.735,0.7214671378589145,0.6906472914213573,AMOS20191216,0.29999999999999893
2019-12-16 02:38:00,1200.0,2500.0,1254.0,1017.7,8.8,99.0,8.65,0.8425,0.7954912513790691,0.6049121771806175,AMOS20191216,0.15000000000000036
2019-12-16 02:39:00,1200.0,2600.0,1308.5,1017.7,8.9,99.0,8.75,0.8300000000000001,0.8730827297872661,0.4839713289466931,AMOS20191216,0.15000000000000036
2019-12-16 02:40:00,1200.0,2550.0,1208.5,1017.6,8.9,99.0,8.75,0.8425,0.9493116136796065,0.31303208834143037,AMOS20191216,0.15000000000000036
2019-12-16 02:41:00,900.0,2000.0,781.5,1017.6,8.9,99.0,8.75,1.0125,0.9669447436948451,0.2545750480297138,AMOS20191216,0.15000000000000036
2019-12-16 02:42:00,700.0,1700.0,741.0,1017.6,8.9,99.0,8.75,1.2025,0.977923870829121,0.2078654942931049,AMOS20191216,0.15000000000000036
2019-12-16 02:43:00,475.0,1200.0,355.5,1017.6,8.7,99.0,8.55,1.47,0.9913315253982461,0.13051194153696247,AMOS20191216,0.14999999999999858
2019-12-16 02:44:00,175.0,600.0,180.0,1017.6,8.6,98.0,8.3,1.7675,0.9957006347720291,0.09149228575677257,AMOS20191216,0.29999999999999893
2019-12-16 02:45:00,175.0,600.0,256.5,1017.6,8.6,99.0,8.45,2.0,0.9988198578207044,0.04797684135783324,AMOS20191216,0.15000000000000036
2019-12-16 02:46:00,650.0,1600.0,1080.5,1017.6,8.6,99.0,8.45,2.2325,0.9998857713672935,0.013089304827962715,AMOS20191216,0.15000000000000036
2019-12-16 02:47:00,1200.0,2550.0,1300.5,1017.5,8.4,98.0,8.1,2.5225,0.9958544110280589,0.08274620353858748,AMOS20191216,0.3000000000000007
2019-12-16 02:48:00,1150.0,2450.0,1073.0,1017.6,8.4,98.0,8.1,2.7525,0.9769052862018113,0.21210820460705562,AMOS20191216,0.3000000000000007
2019-12-16 02:49:00,800.0,1850.0,795.5,1017.6,8.4,99.0,8.25,2.8175,0.9702957262759965,0.24192189559966767,AMOS20191216,0.15000000000000036
2019-12-16 02:50:00,700.0,1650.0,672.5,1017.6,8.2,98.0,7.9,2.81,0.9713143109033062,0.237679185285717,AMOS20191216,0.29999999999999893
2019-12-16 02:51:00,600.0,1450.0,600.5,1017.6,7.9,98.0,7.61,2.7800000000000002,0.9743700647852352,0.22495105434386492,AMOS20191216,0.29000000000000004
2019-12-16 02:52:00,500.0,1300.0,553.0,1017.6,7.8,98.0,7.51,2.755,0.9743700647852352,0.22495105434386492,AMOS20191216,0.29000000000000004
2019-12-16 02:53:00,600.0,1450.0,646.5,1017.6,7.7,98.0,7.41,2.815,0.9743700647852352,0.22495105434386492,AMOS20191216,0.29000000000000004
2019-12-16 02:54:00,500.0,1350.0,501.0,1017.6,7.7,98.0,7.41,2.855,0.9798873920907347,0.19936034309715217,AMOS20191216,0.29000000000000004
2019-12-16 02:55:00,400.0,1100.0,416.0,1017.6,7.8,99.0,7.65,2.8125,0.9832174682299359,0.18222858652173768,AMOS20191216,0.14999999999999947
2019-12-16 02:56:00,450.0,1100.0,472.5,1017.5,7.8,99.0,7.65,2.88,0.981627183447664,0.19080899537654492,AMOS20191216,0.14999999999999947
2019-12-16 02:57:00,400.0,1050.0,379.0,1017.5,7.9,99.0,7.75,3.035,0.9855278999079404,0.16934474951025555,AMOS20191216,0.15000000000000036
2019-12-16 02:58:00,300.0,900.0,323.0,1017.5,8.0,99.0,7.85,3.1675,0.9914071101914461,0.13052122218260648,AMOS20191216,0.15000000000000036
2019-12-16 02:59:00,450.0,1200.0,605.5,1017.5,8.0,99.0,7.85,3.17,0.9953582967300094,0.0958421030076558,AMOS20191216,0.15000000000000036
2019-12-16 03:00:00,600.0,1550.0,715.5,1017.5,7.9,99.0,7.75,3.075,0.9945218953682733,0.10452846326765346,AMOS20191216,0.15000000000000036
2019-12-16 03:01:00,800.0,1850.0,924.0,1017.5,8.0,99.0,7.85,2.9725,0.992470566848122,0.12186006275950348,AMOS20191216,0.15000000000000036
2019-12-16 03:02:00,950.0,2100.0,1020.5,1017.5,8.1,99.0,7.95,2.8925,0.9889782046683541,0.14780378300014818,AMOS20191216,0.14999999999999947
2019-12-16 03:03:00,1000.0,2250.0,1137.0,1017.5,8.2,99.0,8.05,2.8575,0.9876883405951378,0.15643446504023092,AMOS20191216,0.14999999999999858
2019-12-16 03:04:00,1100.0,2350.0,1127.5,1017.4,8.3,99.0,8.15,2.7075,0.988333272631746,0.15211912402018957,AMOS20191216,0.15000000000000036
2019-12-16 03:05:00,1050.0,2300.0,1089.5,1017.4,8.5,99.0,8.35,2.475,0.988333272631746,0.15211912402018957,AMOS20191216,0.15000000000000036
2019-12-16 03:06:00,950.0,2100.0,942.5,1017.5,8.5,99.0,8.35,2.32,0.9797381504947282,0.19932997955127493,AMOS20191216,0.15000000000000036
2019-12-16 03:07:00,800.0,1850.0,769.5,1017.5,8.4,99.0,8.25,2.3575,0.9634470011166048,0.2671875003104811,AMOS20191216,0.15000000000000036
2019-12-16 03:08:00,700.0,1600.0,753.5,1017.5,8.4,99.0,8.25,2.45,0.9563047559630354,0.29237170472273677,AMOS20191216,0.15000000000000036
2019-12-16 03:09:00,800.0,1900.0,935.5,1017.5,8.4,99.0,8.25,2.42,0.9563047559630354,0.29237170472273677,AMOS20191216,0.15000000000000036
2019-12-16 03:10:00,1000.0,2100.0,1017.5,1017.5,8.3,99.0,8.15,2.365,0.9536806361290945,0.3006943495488421,AMOS20191216,0.15000000000000036
2019-12-16 03:11:00,1000.0,2250.0,1145.0,1017.5,8.4,99.0,8.25,2.3475,0.952368576212124,0.3048556719618948,AMOS20191216,0.15000000000000036
2019-12-16 03:12:00,1200.0,2500.0,1218.5,1017.4,8.6,99.0,8.45,2.29,0.9575439909568563,0.28818811749630235,AMOS20191216,0.15000000000000036
2019-12-16 03:13:00,1150.0,2400.0,1191.0,1017.4,8.6,99.0,8.45,2.26,0.9669447436948451,0.2545750480297138,AMOS20191216,0.15000000000000036
2019-12-16 03:14:00,1100.0,2350.0,1087.5,1017.4,8.6,99.0,8.45,2.3200000000000003,0.9743700647852352,0.22495105434386492,AMOS20191216,0.15000000000000036
2019-12-16 03:15:00,1000.0,2250.0,1119.0,1017.4,8.6,99.0,8.45,2.37,0.9669447436948451,0.2545750480297138,AMOS20191216,0.15000000000000036
2019-12-16 03:16:00,1050.0,2300.0,1034.0,1017.4,8.7,99.0,8.55,2.46,0.9624277285260062,0.27143277813837957,AMOS20191216,0.14999999999999858
2019-12-16 03:17:00,750.0,1750.0,746.5,1017.4,8.8,99.0,8.65,2.5275,0.9691293609098421,0.2461277600371435,AMOS20191216,0.15000000000000036
2019-12-16 03:18:00,700.0,1700.0,760.5,1017.4,8.5,99.0,8.35,2.4,0.9681107762825324,0.2503704703510942,AMOS20191216,0.15000000000000036
2019-12-16 03:19:00,750.0,1750.0,856.5,1017.4,8.2,99.0,8.05,2.335,0.964759793701381,0.26302362278114033,AMOS20191216,0.14999999999999858
2019-12-16 03:20:00,800.0,1800.0,775.0,1017.4,8.2,99.0,8.05,2.41,0.9659258262890683,0.25881904510252074,AMOS20191216,0.14999999999999858
2019-12-16 03:21:00,700.0,1650.0,672.0,1017.4,8.5,99.0,8.35,2.415,0.9723328955306159,0.23343647497176628,AMOS20191216,0.15000000000000036
2019-12-16 03:22:00,550.0,1400.0,579.0,1017.4,8.6,99.0,8.45,2.435,0.9780731124251276,0.20789585783898218,AMOS20191216,0.15000000000000036
2019-12-16 03:23:00,650.0,1550.0,769.0,1017.4,8.5,99.0,8.35,2.4375,0.9807572877691993,0.19508466923684856,AMOS20191216,0.15000000000000036
2019-12-16 03:24:00,900.0,2050.0,1038.0,1017.4,8.5,99.0,8.35,2.3825,0.9781476007338056,0.20791169081775945,AMOS20191216,0.15000000000000036
2019-12-16 03:25:00,1000.0,2200.0,1071.0,1017.3,8.5,99.0,8.35,2.3475,0.9839376151256685,0.17792515836506279,AMOS20191216,0.15000000000000036
2019-12-16 03:26:00,950.0,2150.0,959.0,1017.3,8.3,99.0,8.15,2.42,0.9933827034607278,0.11318166259513114,AMOS20191216,0.15000000000000036
2019-12-16 03:27:00,800.0,1900.0,883.5,1017.3,8.3,99.0,8.15,2.4775,0.9987438097631474,0.04797285584801784,AMOS20191216,0.15000000000000036
2019-12-16 03:28:00,900.0,2050.0,996.5,1017.3,8.3,99.0,8.15,2.56,0.9997715543329696,0.017451077394267083,AMOS20191216,0.15000000000000036
2019-12-16 03:29:00,900.0,2100.0,987.5,1017.3,8.3,99.0,8.15,2.7075,1.0,6.123233995736766e-17,AMOS20191216,0.15000000000000036
2019-12-16 03:30:00,900.0,2100.0,954.5,1017.3,8.2,99.0,8.05,2.77,0.9999238475781956,0.008726203218641829,AMOS20191216,0.14999999999999858
2019-12-16 03:31:00,800.0,1900.0,827.0,1017.3,8.3,99.0,8.15,2.745,0.9987438097631474,0.04797285584801784,AMOS20191216,0.15000000000000036
2019-12-16 03:32:00,700.0,1700.0,753.0,1017.2,8.4,99.0,8.25,2.6825,0.9927377714241197,0.1174970036151725,AMOS20191216,0.15000000000000036
2019-12-16 03:33:00,700.0,1700.0,752.0,1017.2,8.4,99.0,8.25,2.5,0.9739990841866336,0.2248654067241232,AMOS20191216,0.15000000000000036
2019-12-16 03:34:00,700.0,1600.0,704.5,1017.3,8.5,99.0,8.35,2.2875,0.9493823521546744,0.31306066199369303,AMOS20191216,0.15000000000000036
2019-12-16 03:35:00,700.0,1600.0,706.0,1017.3,8.5,99.0,8.35,2.2425,0.915007052990249,0.40261137794251584,AMOS20191216,0.15000000000000036
2019-12-16 03:36:00,700.0,1600.0,727.5,1017.3,8.5,99.0,8.35,2.09,0.8786498069927823,0.47706792069294374,AMOS20191216,0.15000000000000036
2019-12-16 03:37:00,700.0,1750.0,801.0,1017.3,8.5,99.0,8.35,1.8225,0.8408226354921555,0.5408357865211881,AMOS20191216,0.15000000000000036
2019-12-16 03:38:00,700.0,1800.0,791.5,1017.3,8.5,99.0,8.35,1.65,0.8037038255794885,0.5947095467803065,AMOS20191216,0.15000000000000036
2019-12-16 03:39:00,700.0,1800.0,784.0,1017.3,8.4,99.0,8.25,1.5825,0.7743114003254122,0.6326392714371436,AMOS20191216,0.15000000000000036
2019-12-16 03:40:00,700.0,1800.0,794.0,1017.3,8.2,99.0,8.05,1.51,0.7715952022879744,0.6360540003681885,AMOS20191216,0.14999999999999858
2019-12-16 03:41:00,800.0,1800.0,836.5,1017.3,8.1,99.0,7.95,1.4475,0.8009876275420508,0.5981242757113513,AMOS20191216,0.14999999999999947
2019-12-16 03:42:00,750.0,1800.0,789.0,1017.3,8.0,99.0,7.85,1.505,0.8361984523029834,0.5482360265474314,AMOS20191216,0.15000000000000036
2019-12-16 03:43:00,700.0,1650.0,683.0,1017.2,8.1,99.0,7.95,1.63,0.8786498069927823,0.47706792069294374,AMOS20191216,0.14999999999999947
2019-12-16 03:44:00,700.0,1650.0,769.5,1017.2,8.2,99.0,8.05,1.67,0.8949002852437674,0.44618082326431213,AMOS20191216,0.14999999999999858
2019-12-16 03:45:00,700.0,1700.0,723.5,1017.2,8.2,99.0,8.05,1.6225,0.9080481871552547,0.41861567367034436,AMOS20191216,0.14999999999999858
2019-12-16 03:46:00,600.0,1600.0,686.5,1017.2,8.2,99.0,8.05,1.54,0.9271132472708042,0.3745780662165995,AMOS20191216,0.14999999999999858
2019-12-16 03:47:00,650.0,1600.0,695.0,1017.2,8.2,99.0,8.05,1.5675000000000001,0.9319812835145982,0.36242761051295325,AMOS20191216,0.14999999999999858
2019-12-16 03:48:00,500.0,1250.0,451.0,1017.2,8.2,99.0,8.05,1.6075,0.9335804264972017,0.3583679495453004,AMOS20191216,0.14999999999999858
2019-12-16 03:49:00,275.0,825.0,210.0,1017.2,8.3,99.0,8.15,1.5325,0.9287123902534078,0.37051840524894664,AMOS20191216,0.15000000000000036
2019-12-16 03:50:00,150.0,475.0,165.0,1017.2,8.2,99.0,8.05,1.4224999999999999,0.8984518404316364,0.43820424183548434,AMOS20191216,0.14999999999999858
2019-12-16 03:51:00,350.0,1000.0,523.0,1017.2,8.2,99.0,8.05,1.28,0.8454454101103326,0.5334378006797447,AMOS20191216,0.14999999999999858
2019-12-16 03:52:00,500.0,1200.0,527.0,1017.2,8.3,99.0,8.15,1.16,0.7955560588474098,0.6049526934139292,AMOS20191216,0.15000000000000036
2019-12-16 03:53:00,600.0,1450.0,642.0,1017.2,8.4,99.0,8.25,1.0975000000000001,0.734189195949941,0.6786785298936253,AMOS20191216,0.15000000000000036
2019-12-16 03:54:00,450.0,1150.0,451.5,1017.3,8.3,99.0,8.15,1.105,0.7132232907625994,0.7008825758227724,AMOS20191216,0.15000000000000036
2019-12-16 03:55:00,375.0,1000.0,322.0,1017.3,8.2,99.0,8.05,1.1675,0.7283502262990407,0.6851633626616231,AMOS20191216,0.14999999999999858
2019-12-16 03:56:00,175.0,525.0,121.5,1017.3,8.1,99.0,7.95,1.2375,0.7282945319434668,0.6851114268348378,AMOS20191216,0.14999999999999947
2019-12-16 03:57:00,50.0,300.0,92.5,1017.3,8.0,99.0,7.85,1.2975,0.7714776846013607,0.6359571262631356,AMOS20191216,0.15000000000000036
2019-12-16 03:58:00,100.0,337.5,116.5,1017.2,7.9,99.0,7.75,1.3925,0.8430393034096602,0.5370729052965454,AMOS20191216,0.15000000000000036
2019-12-16 03:59:00,100.0,387.5,136.0,1017.2,7.7,99.0,7.55,1.5325,0.8944914338173828,0.4459769774626904,AMOS20191216,0.15000000000000036
2019-12-16 04:00:00,100.0,450.0,156.0,1017.2,7.5,99.0,7.35,1.7025000000000001,0.9316969275289366,0.3623184564769107,AMOS20191216,0.15000000000000036
2019-12-16 04:01:00,150.0,550.0,192.0,1017.2,7.4,99.0,7.25,1.9024999999999999,0.9611884935321854,0.27561636536481393,AMOS20191216,0.15000000000000036
2019-12-16 04:02:00,225.0,675.0,295.5,1017.2,7.4,99.0,7.25,2.0975,0.9702218359065742,0.24190347266143025,AMOS20191216,0.15000000000000036
2019-12-16 04:03:00,550.0,1350.0,763.5,1017.1,7.4,99.0,7.25,2.285,0.9743700647852352,0.22495105434386492,AMOS20191216,0.15000000000000036
2019-12-16 04:04:00,800.0,1800.0,811.0,1017.1,7.5,99.0,7.35,2.455,0.9743700647852352,0.22495105434386492,AMOS20191216,0.15000000000000036
2019-12-16 04:05:00,650.0,1600.0,599.5,1017.1,7.6,99.0,7.45,2.6525,0.9713143109033062,0.237679185285717,AMOS20191216,0.14999999999999947
2019-12-16 04:06:00,350.0,900.0,248.0,1017.1,7.6,99.0,7.45,2.8375,0.9733514801579255,0.2291937646578156,AMOS20191216,0.14999999999999947
2019-12-16 04:07:00,150.0,475.0,141.0,1017.1,7.6,99.0,7.45,3.0325,0.9743700647852352,0.22495105434386492,AMOS20191216,0.14999999999999947
2019-12-16 04:08:00,100.0,387.5,120.0,1017.0,7.6,99.0,7.45,3.3325,0.9743700647852352,0.22495105434386492,AMOS20191216,0.14999999999999947
2019-12-16 04:09:00,100.0,375.0,119.5,1017.0,7.6,99.0,7.45,3.6350000000000002,0.9790174964122702,0.2036360169574558,AMOS20191216,0.14999999999999947
2019-12-16 04:10:00,100.0,387.5,132.5,1017.0,7.6,99.0,7.45,3.8525,0.9832174682299359,0.18222858652173768,AMOS20191216,0.14999999999999947
2019-12-16 04:11:00,100.0,425.0,151.5,1017.0,7.6,99.0,7.45,3.9325,0.9869681936994054,0.1607378931969058,AMOS20191216,0.14999999999999947
2019-12-16 04:12:00,150.0,500.0,174.0,1016.9,7.7,99.0,7.55,3.8775,0.9908375894665082,0.13484716157133597,AMOS20191216,0.15000000000000036
2019-12-16 04:13:00,150.0,550.0,181.5,1017.0,7.7,99.0,7.55,3.81,0.9940279594365354,0.10886368330202696,AMOS20191216,0.15000000000000036
2019-12-16 04:14:00,150.0,525.0,169.0,1017.0,7.8,99.0,7.65,3.74,0.9945218953682733,0.10452846326765346,AMOS20191216,0.14999999999999947
2019-12-16 04:15:00,125.0,450.0,141.0,1017.0,8.0,99.0,7.85,3.585,0.9953582967300094,0.0958421030076558,AMOS20191216,0.15000000000000036
2019-12-16 04:16:00,100.0,400.0,126.0,1017.0,8.3,99.0,8.15,3.2675,0.997488083341492,0.06975116161971315,AMOS20191216,0.15000000000000036
2019-12-16 04:17:00,100.0,375.0,124.5,1017.0,8.4,99.0,8.25,2.8000000000000003,0.9992005039529652,0.039258611587611805,AMOS20191216,0.15000000000000036
2019-12-16 04:18:00,100.0,375.0,117.5,1017.1,8.5,99.0,8.35,2.1575,0.9997334781220674,0.02181417900358797,AMOS20191216,0.15000000000000036
2019-12-16 04:19:00,100.0,337.5,103.5,1017.1,8.4,99.0,8.25,1.5375,0.9988580267974713,0.04361108328171347,AMOS20191216,0.15000000000000036
2019-12-16 04:20:00,75.0,300.0,97.5,1017.2,8.2,99.0,8.05,1.1425,0.9880746770405648,0.1476687498914285,AMOS20191216,0.14999999999999858
2019-12-16 04:21:00,50.0,287.5,91.0,1017.2,8.1,99.0,7.95,0.89,0.9555766398238443,0.2921490972793208,AMOS20191216,0.14999999999999947
2019-12-16 04:22:00,50.0,275.0,86.5,1017.3,8.1,99.0,7.95,0.8300000000000001,0.9131976353387612,0.40658178260874067,AMOS20191216,0.14999999999999947
2019-12-16 04:23:00,50.0,250.0,83.5,1017.3,8.1,99.0,7.95,0.865,0.8565146663387083,0.5146459326224606,AMOS20191216,0.14999999999999947
2019-12-16 04:24:00,50.0,262.5,85.5,1017.3,8.2,99.0,8.05,0.85,0.7822208224153531,0.622206536914619,AMOS20191216,0.14999999999999858
2019-12-16 04:25:00,50.0,275.0,86.0,1017.3,8.3,99.0,8.15,0.7925,0.7281274658417853,0.6849556351746376,AMOS20191216,0.15000000000000036
2019-12-16 04:26:00,50.0,250.0,83.5,1017.3,8.3,99.0,8.15,0.73,0.6518432004368229,0.7565082695420514,AMOS20191216,0.15000000000000036
2019-12-16 04:27:00,50.0,275.0,93.5,1017.3,8.3,99.0,8.15,0.5875,0.6292724667779681,0.7770867799099104,AMOS20191216,0.15000000000000036
2019-12-16 04:28:00,75.0,300.0,104.0,1017.3,8.2,99.0,8.05,0.5625,0.7083214082062947,0.7021792239626211,AMOS20191216,0.14999999999999858
2019-12-16 04:29:00,100.0,362.5,126.5,1017.3,8.3,99.0,8.15,0.7125,0.7770867799099105,0.6292724667779681,AMOS20191216,0.15000000000000036
2019-12-16 04:30:00,100.0,425.0,154.0,1017.3,8.4,99.0,8.25,0.805,0.7879507446794269,0.6156145912133006,AMOS20191216,0.15000000000000036
2019-12-16 04:31:00,150.0,450.0,154.5,1017.3,8.5,99.0,8.35,0.9775,0.7933231318270074,0.6087382492388533,AMOS20191216,0.15000000000000036
2019-12-16 04:32:00,150.0,500.0,166.0,1017.3,8.7,99.0,8.55,1.1825,0.7851153561676336,0.6189345117601184,AMOS20191216,0.14999999999999858
2019-12-16 04:33:00,125.0,450.0,145.0,1017.3,8.8,99.0,8.65,1.27,0.760377011670875,0.6494233193385233,AMOS20191216,0.15000000000000036
2019-12-16 04:34:00,150.0,475.0,176.5,1017.3,8.8,99.0,8.65,1.34,0.7399706926385485,0.6721437366417233,AMOS20191216,0.15000000000000036
2019-12-16 04:35:00,200.0,675.0,244.0,1017.3,8.7,99.0,8.55,1.4825,0.7252919715110148,0.6882754653435108,AMOS20191216,0.14999999999999858
2019-12-16 04:36:00,200.0,675.0,219.0,1017.3,8.5,99.0,8.35,1.4425,0.6818415884916906,0.7311875334401267,AMOS20191216,0.15000000000000036
2019-12-16 04:37:00,150.0,500.0,169.5,1017.2,8.2,99.0,8.05,1.3075,0.6393718551941803,0.768761486563923,AMOS20191216,0.14999999999999858
2019-12-16 04:38:00,175.0,625.0,245.5,1017.2,8.2,99.0,8.05,1.2850000000000001,0.6394208050273638,0.7688198227034763,AMOS20191216,0.14999999999999858
2019-12-16 04:39:00,300.0,850.0,371.5,1017.2,8.2,99.0,8.05,1.2275,0.6461054645125313,0.7632107273949265,AMOS20191216,0.14999999999999858
2019-12-16 04:40:00,350.0,950.0,340.5,1017.2,8.4,99.0,8.25,1.135,0.6882235295167254,0.7252362771554408,AMOS20191216,0.15000000000000036
2019-12-16 04:41:00,300.0,800.0,310.0,1017.2,8.6,99.0,8.45,1.0975000000000001,0.7541906499910103,0.6556114512842987,AMOS20191216,0.15000000000000036
2019-12-16 04:42:00,250.0,775.0,241.5,1017.2,8.7,99.0,8.55,1.0950000000000002,0.8215610459435057,0.5699368738962531,AMOS20191216,0.14999999999999858
2019-12-16 04:43:00,250.0,775.0,302.0,1017.1,8.7,99.0,8.55,1.1424999999999998,0.8478550675289231,0.529797079381015,AMOS20191216,0.14999999999999858
2019-12-16 04:44:00,250.0,775.0,265.0,1017.1,8.6,99.0,8.45,1.1349999999999998,0.8744192597241602,0.48470002999647105,AMOS20191216,0.15000000000000036
2019-12-16 04:45:00,225.0,675.0,215.0,1017.1,8.6,99.0,8.45,1.03,0.898794046299167,0.43837114678907746,AMOS20191216,0.15000000000000036
2019-12-16 04:46:00,150.0,550.0,188.0,1017.1,8.8,99.0,8.65,1.0175,0.8587944674751299,0.510925635291673,AMOS20191216,0.15000000000000036
2019-12-16 04:47:00,150.0,550.0,193.5,1017.0,8.8,99.0,8.65,1.095,0.7904269252869851,0.6120123401141798,AMOS20191216,0.15000000000000036
2019-12-16 04:48:00,150.0,550.0,195.5,1017.0,8.8,99.0,8.65,1.2349999999999999,0.760377011670875,0.6494233193385233,AMOS20191216,0.15000000000000036
2019-12-16 04:49:00,150.0,600.0,198.0,1017.0,8.6,99.0,8.45,1.35,0.737136976914497,0.6754615914677153,AMOS20191216,0.15000000000000036
2019-12-16 04:50:00,150.0,550.0,173.5,1017.0,8.4,99.0,8.25,1.37,0.6913356321986129,0.722178022367415,AMOS20191216,0.15000000000000036
2019-12-16 04:51:00,150.0,475.0,155.5,1017.0,8.2,99.0,8.05,1.3825,0.6494233193385233,0.760377011670875,AMOS20191216,0.14999999999999858
2019-12-16 04:52:00,150.0,500.0,177.5,1017.0,8.0,99.0,7.85,1.51,0.6849556351746376,0.7281274658417853,AMOS20191216,0.15000000000000036
2019-12-16 04:53:00,150.0,525.0,177.5,1017.0,7.9,99.0,7.75,1.6075000000000002,0.7281840581199968,0.6850065910908153,AMOS20191216,0.15000000000000036
2019-12-16 04:54:00,175.0,600.0,219.5,1017.0,7.9,99.0,7.75,1.6225,0.7603186755313217,0.6493743695053398,AMOS20191216,0.15000000000000036
2019-12-16 04:55:00,175.0,575.0,193.5,1017.0,7.9,99.0,7.75,1.64,0.7959793209371502,0.6052766361954509,AMOS20191216,0.15000000000000036
2019-12-16 04:56:00,150.0,600.0,198.5,1017.0,8.0,99.0,7.85,1.6625,0.8215610459435057,0.5699368738962531,AMOS20191216,0.15000000000000036
2019-12-16 04:57:00,200.0,600.0,210.5,1017.0,7.9,99.0,7.75,1.63,0.8478550675289231,0.529797079381015,AMOS20191216,0.15000000000000036
2019-12-16 04:58:00,200.0,650.0,239.0,1017.0,7.9,99.0,7.75,1.58,0.8680414252824791,0.4961274094239863,AMOS20191216,0.15000000000000036
2019-12-16 04:59:00,200.0,625.0,208.0,1017.0,8.1,99.0,7.95,1.5575,0.898725600955838,0.4383377637646003,AMOS20191216,0.14999999999999947
2019-12-16 05:00:00,200.0,600.0,190.0,1017.0,8.3,99.0,8.15,1.6425,0.9170251555475206,0.398733885782537,AMOS20191216,0.15000000000000036
2019-12-16 05:01:00,150.0,500.0,161.5,1017.0,8.4,99.0,8.25,1.865,0.9271132472708042,0.3745780662165995,AMOS20191216,0.15000000000000036
2019-12-16 05:02:00,125.0,425.0,122.5,1017.0,8.5,99.0,8.35,2.01,0.9381645722137317,0.3461070948805767,AMOS20191216,0.15000000000000036
2019-12-16 05:03:00,75.0,312.5,97.0,1017.0,8.6,99.0,8.45,2.085,0.9411491094892604,0.3379071461085408,AMOS20191216,0.15000000000000036
2019-12-16 05:04:00,75.0,300.0,102.0,1017.0,8.7,99.0,8.55,2.1625,0.9351084750693783,0.3542809979903925,AMOS20191216,0.14999999999999858
2019-12-16 05:05:00,100.0,362.5,136.5,1016.9,8.6,99.0,8.45,2.165,0.9335804264972017,0.3583679495453004,AMOS20191216,0.15000000000000036
2019-12-16 05:06:00,100.0,400.0,140.5,1016.9,8.5,99.0,8.35,2.1325,0.9335804264972017,0.3583679495453004,AMOS20191216,0.15000000000000036
2019-12-16 05:07:00,125.0,450.0,171.5,1016.9,8.3,99.0,8.15,2.11,0.9351084750693783,0.3542809979903925,AMOS20191216,0.15000000000000036
2019-12-16 05:08:00,150.0,550.0,184.0,1016.9,8.1,99.0,7.95,2.0475,0.9426055981926125,0.3337941488914128,AMOS20191216,0.14999999999999947
2019-12-16 05:09:00,150.0,475.0,155.0,1016.9,8.0,99.0,7.85,2.01,0.9455185755993167,0.32556815445715676,AMOS20191216,0.15000000000000036
2019-12-16 05:10:00,125.0,450.0,141.5,1016.9,7.9,99.0,7.75,2.0149999999999997,0.9411491094892604,0.3379071461085408,AMOS20191216,0.15000000000000036
2019-12-16 05:11:00,100.0,400.0,138.5,1017.0,7.9,99.0,7.75,1.8825,0.9381645722137317,0.3461070948805767,AMOS20191216,0.15000000000000036
2019-12-16 05:12:00,100.0,400.0,132.5,1017.0,8.0,99.0,7.85,1.6625,0.928782997549391,0.3705469324482591,AMOS20191216,0.15000000000000036
2019-12-16 05:13:00,100.0,350.0,104.5,1017.0,8.0,99.0,7.85,1.405,0.9255141042882007,0.37863772718425237,AMOS20191216,0.15000000000000036
2019-12-16 05:14:00,100.0,375.0,100.0,1017.0,7.9,99.0,7.75,1.1675,0.9078411555800148,0.41851913326133006,AMOS20191216,0.15000000000000036
2019-12-16 05:15:00,50.0,337.5,79.0,1017.0,7.8,99.0,7.65,1.0350000000000001,0.8764352812222007,0.48082743942045725,AMOS20191216,0.14999999999999947
2019-12-16 05:16:00,50.0,275.0,72.5,1017.0,7.8,99.0,7.65,0.93,0.8593818264726939,0.5112785561825406,AMOS20191216,0.14999999999999947
2019-12-16 05:17:00,50.0,300.0,76.0,1017.0,8.0,99.0,7.85,0.845,0.8289744393361248,0.5591503195768917,AMOS20191216,0.15000000000000036
2019-12-16 05:18:00,50.0,275.0,73.0,1016.9,8.1,99.0,7.95,0.785,0.8090169943749475,0.5877852522924731,AMOS20191216,0.14999999999999947
2019-12-16 05:19:00,50.0,275.0,75.0,1016.9,8.1,99.0,7.95,0.685,0.7959185029089211,0.6052308065239596,AMOS20191216,0.14999999999999947
2019-12-16 05:20:00,50.0,300.0,75.0,1016.9,8.1,99.0,7.95,0.5575,0.7741938826387985,0.6325423973320908,AMOS20191216,0.14999999999999947
2019-12-16 05:21:00,50.0,300.0,79.5,1016.9,8.1,99.0,7.95,0.4825,0.722343275658781,0.6914933678598726,AMOS20191216,0.14999999999999947
2019-12-16 05:22:00,50.0,300.0,78.0,1016.9,8.1,99.0,7.95,0.525,0.6787294858098031,0.7342457882281526,AMOS20191216,0.14999999999999947
2019-12-16 05:23:00,50.0,275.0,71.0,1016.9,8.1,99.0,7.95,0.625,0.7162267660827292,0.6977175732236477,AMOS20191216,0.14999999999999947
2019-12-16 05:24:00,50.0,250.0,65.5,1016.9,8.0,99.0,7.85,0.6174999999999999,0.7313537016191705,0.6819983600624985,AMOS20191216,0.15000000000000036
2019-12-16 05:25:00,50.0,250.0,65.5,1016.9,7.9,99.0,7.75,0.6375,0.7544222329181284,0.6558092417894335,AMOS20191216,0.15000000000000036
2019-12-16 05:26:00,50.0,275.0,73.0,1016.9,7.7,99.0,7.55,0.77,0.7906669427168647,0.6121998622822558,AMOS20191216,0.15000000000000036
2019-12-16 05:27:00,50.0,275.0,70.5,1016.9,7.6,99.0,7.45,0.88,0.7602612025690287,0.6493244090214356,AMOS20191216,0.14999999999999947
2019-12-16 05:28:00,50.0,275.0,69.0,1016.8,7.6,99.0,7.45,0.93,0.7518183915364276,0.659326923332595,AMOS20191216,0.14999999999999947
2019-12-16 05:29:00,50.0,275.0,68.0,1016.9,7.6,99.0,7.45,0.9675,0.7460360141637387,0.6658627120167705,AMOS20191216,0.14999999999999947
2019-12-16 05:30:00,50.0,275.0,71.0,1016.9,7.6,99.0,7.45,0.91,0.6518432004368229,0.7565082695420514,AMOS20191216,0.14999999999999947
2019-12-16 05:31:00,50.0,300.0,82.5,1016.9,7.7,99.0,7.55,0.765,0.5587671423570439,0.8284063557459552,AMOS20191216,0.15000000000000036
2019-12-16 05:32:00,50.0,325.0,82.5,1016.9,7.7,99.0,7.55,0.6675,0.3404125783553818,0.9351788736674419,AMOS20191216,0.15000000000000036
2019-12-16 05:33:00,50.0,325.0,87.0,1016.9,7.8,99.0,7.65,0.7575,-0.0822096876286441,0.989037330032102,AMOS20191216,0.14999999999999947
2019-12-16 05:34:00,50.0,325.0,88.0,1016.9,7.9,99.0,7.75,0.915,-0.4253333430456396,0.9018094645330994,AMOS20191216,0.15000000000000036
2019-12-16 05:35:00,50.0,350.0,91.0,1016.9,7.8,99.0,7.65,0.9775,-0.5977183430799246,0.8004356897615178,AMOS20191216,0.14999999999999947
2019-12-16 05:36:00,50.0,362.5,99.0,1016.9,7.7,99.0,7.55,0.9425,-0.678729485809803,0.7342457882281526,AMOS20191216,0.15000000000000036
2019-12-16 05:37:00,100.0,400.0,104.5,1016.9,7.6,99.0,7.45,0.7725,-0.734189195949941,0.6786785298936253,AMOS20191216,0.14999999999999947
2019-12-16 05:38:00,100.0,387.5,100.5,1016.9,7.4,99.0,7.25,0.5700000000000001,-0.7574858229845307,0.6526912136806109,AMOS20191216,0.15000000000000036
2019-12-16 05:39:00,100.0,375.0,103.0,1016.9,7.4,99.0,7.25,0.4325,-0.5808758122487373,0.8068486626721956,AMOS20191216,0.15000000000000036
2019-12-16 05:40:00,100.0,400.0,107.5,1016.9,7.5,99.0,7.35,0.455,-0.2407305720036508,0.965654721398523,AMOS20191216,0.15000000000000036
2019-12-16 05:41:00,100.0,400.0,111.5,1016.9,7.6,99.0,7.45,0.6025,-0.10017732304202932,0.9948643607982717,AMOS20191216,0.14999999999999947
2019-12-16 05:42:00,100.0,400.0,111.0,1016.9,7.6,99.0,7.45,0.6925,-0.021802220045352382,0.998134961483966,AMOS20191216,0.14999999999999947
2019-12-16 05:43:00,100.0,400.0,112.0,1016.9,7.6,99.0,7.45,0.7825,0.29891120006437444,0.9480252084923204,AMOS20191216,0.14999999999999947
2019-12-16 05:44:00,100.0,400.0,113.0,1016.9,7.7,99.0,7.55,1.0125000000000002,0.6563074601594895,0.7482963544404779,AMOS20191216,0.15000000000000036
2019-12-16 05:45:00,100.0,400.0,111.5,1016.9,7.7,99.0,7.55,1.13,0.8749189841701243,0.47501204558978466,AMOS20191216,0.15000000000000036
2019-12-16 05:46:00,100.0,400.0,106.5,1016.9,7.7,99.0,7.55,1.21,0.9606036960285863,0.2754459125948072,AMOS20191216,0.15000000000000036
2019-12-16 05:47:00,100.0,400.0,105.5,1016.9,7.7,99.0,7.55,1.28,0.9702957262759965,0.24192189559966767,AMOS20191216,0.15000000000000036
2019-12-16 05:48:00,100.0,400.0,102.5,1016.9,7.9,99.0,7.75,1.38,0.9713143109033062,0.237679185285717,AMOS20191216,0.15000000000000036
2019-12-16 05:49:00,100.0,375.0,100.0,1016.9,7.9,99.0,7.75,1.585,0.9742958641450681,0.22493392377628924,AMOS20191216,0.15000000000000036
2019-12-16 05:50:00,50.0,375.0,96.5,1016.9,7.9,99.0,7.75,1.7075,0.9830677194472038,0.18220083222536643,AMOS20191216,0.15000000000000036
2019-12-16 05:51:00,50.0,350.0,91.0,1016.8,8.1,99.0,7.95,1.8325,0.988333272631746,0.15211912402018957,AMOS20191216,0.14999999999999947
2019-12-16 05:52:00,50.0,325.0,85.5,1016.8,8.3,99.0,8.15,2.155,0.992470566848122,0.12186006275950348,AMOS20191216,0.15000000000000036
2019-12-16 05:53:00,50.0,325.0,85.0,1016.8,8.5,99.0,8.35,2.4299999999999997,0.9957764974108775,0.09149892287765697,AMOS20191216,0.15000000000000036
2019-12-16 05:54:00,50.0,325.0,84.0,1016.8,8.7,99.0,8.55,2.5775,0.9972217122178045,0.07410629099500846,AMOS20191216,0.14999999999999858
2019-12-16 05:55:00,50.0,325.0,85.0,1016.8,8.8,99.0,8.65,2.5700000000000003,0.9975640502598242,0.06975647374412523,AMOS20191216,0.15000000000000036
2019-12-16 05:56:00,50.0,325.0,87.0,1016.8,9.1,99.0,8.95,2.2875,0.9978304213835116,0.06540134436882991,AMOS20191216,0.15000000000000036
2019-12-16 05:57:00,50.0,325.0,88.5,1016.8,9.3,99.0,9.15,2.0999999999999996,0.9957764974108775,0.09149892287765697,AMOS20191216,0.15000000000000036
2019-12-16 05:58:00,50.0,350.0,89.5,1016.8,9.5,99.0,9.35,2.05,0.9957006347720291,0.09149228575677257,AMOS20191216,0.15000000000000036
2019-12-16 05:59:00,50.0,350.0,90.5,1016.8,9.5,99.0,9.35,2.0225,0.9980967925071991,0.0610462149935346,AMOS20191216,0.15000000000000036
2019-12-16 06:00:00,50.0,350.0,92.0,1016.8,9.5,99.0,9.35,2.0875,0.9964611734949168,0.08279928837589051,AMOS20191216,0.15000000000000036
2019-12-16 06:01:00,50.0,350.0,93.5,1016.8,9.5,99.0,9.35,2.2075,0.9913315253982461,0.13051194153696247,AMOS20191216,0.15000000000000036
2019-12-16 06:02:00,50.0,362.5,96.5,1016.8,9.6,99.0,9.45,2.395,0.9908375894665082,0.13484716157133597,AMOS20191216,0.15000000000000036
2019-12-16 06:03:00,50.0,375.0,99.0,1016.7,9.6,99.0,9.45,2.6825,0.9949400960491414,0.10018528313765462,AMOS20191216,0.15000000000000036
2019-12-16 06:04:00,50.0,375.0,99.0,1016.7,9.6,99.0,9.45,2.9175,0.9940279594365354,0.10886368330202696,AMOS20191216,0.15000000000000036
2019-12-16 06:05:00,100.0,375.0,101.0,1016.7,9.7,99.0,9.55,2.745,0.9930400875730598,0.11753412337077399,AMOS20191216,0.14999999999999858
2019-12-16 06:06:00,100.0,375.0,100.0,1016.6,9.8,99.0,9.65,2.4775,0.9984013326076534,0.05232532754211951,AMOS20191216,0.15000000000000036
2019-12-16 06:07:00,50.0,375.0,98.0,1016.6,9.8,99.0,9.65,2.45,0.9995050904434174,-0.021808863236361168,AMOS20191216,0.15000000000000036
2019-12-16 06:08:00,50.0,375.0,97.5,1016.6,9.8,99.0,9.65,2.3825,0.9969178676847347,-0.07408504411548451,AMOS20191216,0.15000000000000036
2019-12-16 06:09:00,50.0,375.0,95.0,1016.6,9.9,99.0,9.75,2.2475,0.992470566848122,-0.12186006275950341,AMOS20191216,0.15000000000000036
2019-12-16 06:10:00,50.0,350.0,89.0,1016.6,9.9,99.0,9.75,2.4075,0.9901926574299001,-0.13916250259137722,AMOS20191216,0.15000000000000036
2019-12-16 06:11:00,50.0,325.0,86.5,1016.6,9.9,99.0,9.75,2.8075,0.9938766393924656,-0.10884644256075768,AMOS20191216,0.15000000000000036
2019-12-16 06:12:00,50.0,325.0,84.0,1016.5,10.0,99.0,9.85,3.045,0.9992005039529652,-0.03925861158761168,AMOS20191216,0.15000000000000036
2019-12-16 06:13:00,50.0,325.0,85.0,1016.5,10.0,99.0,9.85,3.1574999999999998,0.9999238475781956,-0.008726203218641707,AMOS20191216,0.15000000000000036
2019-12-16 06:14:00,50.0,325.0,85.5,1016.5,10.0,99.0,9.85,3.2425,0.9993147209872891,0.034896839021307434,AMOS20191216,0.15000000000000036
2019-12-16 06:15:00,50.0,325.0,89.0,1016.5,10.0,99.0,9.85,3.1125,0.9988198578207044,0.04797684135783324,AMOS20191216,0.15000000000000036
2019-12-16 06:16:00,50.0,337.5,86.5,1016.5,10.1,99.0,9.95,2.9325,0.9995050440534197,0.03053772413619671,AMOS20191216,0.15000000000000036
2019-12-16 06:17:00,50.0,325.0,85.5,1016.6,10.0,99.0,9.85,2.8425,0.9985534866970169,0.05233197073312856,AMOS20191216,0.15000000000000036
2019-12-16 06:18:00,50.0,325.0,87.0,1016.6,10.0,99.0,9.85,2.7025,0.9980967925071991,0.061046214993534596,AMOS20191216,0.15000000000000036
2019-12-16 06:19:00,50.0,350.0,90.0,1016.6,10.0,99.0,9.85,2.5575,0.9957006347720291,0.09149228575677257,AMOS20191216,0.15000000000000036
2019-12-16 06:20:00,50.0,350.0,93.0,1016.6,10.0,99.0,9.85,2.47,0.990762178154838,0.13483656320264784,AMOS20191216,0.15000000000000036
2019-12-16 06:21:00,50.0,350.0,94.0,1016.6,10.0,99.0,9.85,2.4825,0.9823475725514714,0.1865042603820413,AMOS20191216,0.15000000000000036
2019-12-16 06:22:00,50.0,350.0,91.5,1016.6,10.0,99.0,9.85,2.55,0.9657048207377353,0.258761202770096,AMOS20191216,0.15000000000000036
2019-12-16 06:23:00,50.0,337.5,86.5,1016.6,9.9,99.0,9.75,2.5875,0.9575439909568563,0.28818811749630235,AMOS20191216,0.15000000000000036
2019-12-16 06:24:00,50.0,325.0,84.5,1016.7,9.9,99.0,9.75,2.57,0.9509840910381648,0.3089934619824471,AMOS20191216,0.15000000000000036
2019-12-16 06:25:00,50.0,325.0,82.0,1016.7,9.9,99.0,9.75,2.45,0.9440620868959646,0.3296811516742848,AMOS20191216,0.15000000000000036
2019-12-16 06:26:00,50.0,325.0,82.0,1016.8,9.9,99.0,9.75,2.34,0.936636523641555,0.3501940464354846,AMOS20191216,0.15000000000000036
2019-12-16 06:27:00,50.0,325.0,82.5,1016.8,9.9,99.0,9.75,2.3499999999999996,0.9365649637727305,0.3501680007732645,AMOS20191216,0.15000000000000036
2019-12-16 06:28:00,50.0,325.0,82.0,1016.8,9.9,99.0,9.75,2.3449999999999998,0.9536082108721058,0.30067081715634175,AMOS20191216,0.15000000000000036
2019-12-16 06:29:00,50.0,325.0,82.0,1016.8,10.0,99.0,9.85,2.3225,0.9439185234977472,0.32963031320864034,AMOS20191216,0.15000000000000036
2019-12-16 06:30:00,50.0,300.0,80.0,1016.9,10.0,99.0,9.85,2.3475,0.9319812835145982,0.36242761051295325,AMOS20191216,0.15000000000000036
2019-12-16 06:31:00,50.0,300.0,82.0,1016.9,10.0,99.0,9.85,2.305,0.9454465720699239,0.32554336165373243,AMOS20191216,0.15000000000000036
2019-12-16 06:32:00,50.0,325.0,82.5,1016.9,10.0,99.0,9.85,2.0875,0.91827283077694,0.39452792280449217,AMOS20191216,0.15000000000000036
2019-12-16 06:33:00,50.0,300.0,81.0,1017.0,10.1,99.0,9.95,1.74,0.9063077870366499,0.42261826174069944,AMOS20191216,0.15000000000000036
2019-12-16 06:34:00,50.0,300.0,77.5,1017.0,10.1,99.0,9.95,1.71,0.9344687553052161,0.35403543258042924,AMOS20191216,0.15000000000000036
2019-12-16 06:35:00,50.0,300.0,76.0,1017.0,10.1,99.0,9.95,1.9675,0.9453021432835422,0.3254950364578078,AMOS20191216,0.15000000000000036
2019-12-16 06:36:00,50.0,300.0,76.0,1017.0,10.1,99.0,9.95,2.225,0.9669447436948451,0.2545750480297138,AMOS20191216,0.15000000000000036
2019-12-16 06:37:00,50.0,275.0,76.0,1017.0,10.1,99.0,9.95,2.1799999999999997,0.9789430081035921,0.20362018397867854,AMOS20191216,0.15000000000000036
2019-12-16 06:38:00,50.0,275.0,78.5,1017.0,10.2,99.0,10.05,2.2625,0.9691293609098421,0.2461277600371435,AMOS20191216,0.14999999999999858
2019-12-16 06:39:00,50.0,300.0,82.0,1017.0,10.2,99.0,10.05,2.745,0.9635937611136935,0.2672282004597599,AMOS20191216,0.14999999999999858
2019-12-16 06:40:00,50.0,300.0,82.0,1017.0,10.2,99.0,10.05,2.705,0.9752402481322107,0.22067408289476287,AMOS20191216,0.14999999999999858
2019-12-16 06:41:00,50.0,275.0,81.5,1017.0,10.2,99.0,10.05,2.335,0.9854529044125369,0.1693315257809843,AMOS20191216,0.14999999999999858
2019-12-16 06:42:00,50.0,275.0,81.0,1017.0,10.2,99.0,10.05,2.17,0.9889782046683541,0.14780378300014818,AMOS20191216,0.14999999999999858
2019-12-16 06:43:00,50.0,275.0,82.5,1017.0,10.2,99.0,10.05,2.1125,0.9855278999079404,0.16934474951025555,AMOS20191216,0.14999999999999858
2019-12-16 06:44:00,50.0,275.0,86.0,1017.0,10.2,99.0,10.05,2.25,0.9814776768730068,0.19077993424234493,AMOS20191216,0.14999999999999858
2019-12-16 06:45:00,50.0,275.0,89.0,1017.0,10.2,99.0,10.05,2.25,0.9876131257360135,0.15642255217686443,AMOS20191216,0.14999999999999858
2019-12-16 06:46:00,50.0,275.0,91.0,1017.0,10.2,99.0,10.05,2.2025,0.9970698826606239,0.07409434174971197,AMOS20191216,0.14999999999999858
2019-12-16 06:47:00,50.0,300.0,93.5,1017.0,10.2,99.0,10.05,2.37,0.9975640502598242,0.06975647374412523,AMOS20191216,0.14999999999999858
2019-12-16 06:48:00,50.0,300.0,96.5,1017.0,10.3,99.0,10.15,2.395,0.9988198578207044,0.04797684135783324,AMOS20191216,0.15000000000000036
2019-12-16 06:49:00,75.0,300.0,102.0,1017.0,10.3,99.0,10.15,2.435,0.9995050440534197,0.03053772413619671,AMOS20191216,0.15000000000000036
2019-12-16 06:50:00,100.0,300.0,103.0,1017.0,10.3,99.0,10.15,2.57,0.9988198578207044,0.04797684135783324,AMOS20191216,0.15000000000000036
2019-12-16 06:51:00,100.0,300.0,103.0,1017.0,10.3,99.0,10.15,2.52,0.9997715543329695,0.008724874175625317,AMOS20191216,0.15000000000000036
2019-12-16 06:52:00,100.0,300.0,104.0,1017.0,10.4,99.0,10.25,2.3525,0.9988198578207044,-0.04797684135783312,AMOS20191216,0.15000000000000036
2019-12-16 06:53:00,100.0,300.0,103.0,1017.0,10.4,99.0,10.25,2.4,0.9991243979211587,-0.03925595390641803,AMOS20191216,0.15000000000000036
2019-12-16 06:54:00,100.0,300.0,105.0,1017.0,10.4,99.0,10.25,2.3975,0.9999238475781956,-0.008726203218641707,AMOS20191216,0.15000000000000036
2019-12-16 06:55:00,100.0,300.0,112.0,1017.1,10.4,99.0,10.25,2.2225,0.9954730699639787,0.09147237641585076,AMOS20191216,0.15000000000000036
2019-12-16 06:56:00,100.0,300.0,110.5,1017.0,10.4,99.0,10.25,2.24,0.991901046123184,0.12618600214823297,AMOS20191216,0.15000000000000036
2019-12-16 06:57:00,100.0,300.0,105.0,1017.0,10.4,99.0,10.25,2.5549999999999997,0.9989341328292779,0.04361374096290712,AMOS20191216,0.15000000000000036
2019-12-16 06:58:00,75.0,275.0,98.5,1017.0,10.4,99.0,10.25,2.9875000000000003,0.9983631636308864,0.05669108561823928,AMOS20191216,0.15000000000000036
2019-12-16 06:59:00,50.0,250.0,98.0,1017.0,10.4,99.0,10.25,3.1525,0.9988198578207044,0.04797684135783324,AMOS20191216,0.15000000000000036
2019-12-16 07:00:00,50.0,250.0,95.5,1016.9,10.4,99.0,10.25,3.21,0.9997334781220674,0.02181417900358797,AMOS20191216,0.15000000000000036
2019-12-16 07:01:00,50.0,250.0,96.5,1016.9,10.4,99.0,10.25,3.205,0.9979447775313098,0.06103691735930711,AMOS20191216,0.15000000000000036
2019-12-16 07:02:00,50.0,250.0,99.0,1016.9,10.4,99.0,10.25,3.21,0.9957764974108775,0.09149892287765697,AMOS20191216,0.15000000000000036
2019-12-16 07:03:00,100.0,275.0,107.5,1016.9,10.4,99.0,10.25,3.3075,0.9949400960491414,0.10018528313765462,AMOS20191216,0.15000000000000036
2019-12-16 07:04:00,100.0,275.0,105.5,1016.9,10.4,99.0,10.25,3.275,0.9965370361337652,0.08280592549677492,AMOS20191216,0.15000000000000036
2019-12-16 07:05:00,100.0,250.0,101.0,1016.9,10.4,99.0,10.25,3.0300000000000002,0.9994670142325153,0.026171964845682176,AMOS20191216,0.15000000000000036
2019-12-16 07:06:00,50.0,250.0,100.0,1016.9,10.5,99.0,10.35,2.7199999999999998,0.9976407938847657,-0.06101832492300155,AMOS20191216,0.15000000000000036
2019-12-16 07:07:00,50.0,250.0,93.5,1016.9,10.5,99.0,10.35,2.9825,0.9888275784975595,-0.14778127176809347,AMOS20191216,0.15000000000000036
2019-12-16 07:08:00,50.0,225.0,90.0,1016.8,10.5,99.0,10.35,3.32,0.9780731124251276,-0.20789585783898212,AMOS20191216,0.15000000000000036
2019-12-16 07:09:00,50.0,225.0,92.0,1016.8,10.5,99.0,10.35,3.2649999999999997,0.9713143109033062,-0.2376791852857171,AMOS20191216,0.15000000000000036
2019-12-16 07:10:00,50.0,225.0,92.5,1016.8,10.5,99.0,10.35,3.2125,0.9733514801579255,-0.2291937646578157,AMOS20191216,0.15000000000000036
2019-12-16 07:11:00,50.0,225.0,90.0,1016.8,10.5,99.0,10.35,2.965,0.9844327983795444,-0.1735820630486501,AMOS20191216,0.15000000000000036
2019-12-16 07:12:00,50.0,225.0,94.5,1016.8,10.5,99.0,10.35,2.855,0.9952066988402912,-0.09582750579114613,AMOS20191216,0.15000000000000036
2019-12-16 07:13:00,50.0,225.0,93.5,1016.8,10.5,99.0,10.35,2.7275,0.9980967925071991,-0.06104621499353459,AMOS20191216,0.15000000000000036
2019-12-16 07:14:00,50.0,225.0,92.0,1016.8,10.5,99.0,10.35,2.3899999999999997,0.9912561140865759,-0.13050134316827428,AMOS20191216,0.15000000000000036
2019-12-16 07:15:00,50.0,200.0,90.5,1016.7,10.5,99.0,10.35,2.355,0.9824223258388,-0.18651879094914117,AMOS20191216,0.15000000000000036
2019-12-16 07:16:00,50.0,200.0,92.5,1016.7,10.5,99.0,10.35,2.605,0.9832174682299359,-0.18222858652173757,AMOS20191216,0.15000000000000036
2019-12-16 07:17:00,50.0,225.0,94.0,1016.7,10.5,99.0,10.35,2.72,0.986892978840281,-0.1607259803335392,AMOS20191216,0.15000000000000036
2019-12-16 07:18:00,50.0,200.0,91.0,1016.7,10.5,99.0,10.35,2.606666666666667,0.9917867906747381,-0.12763726259012,AMOS20191216,0.15000000000000036
2019-12-16 07:19:00,50.0,200.0,94.5,1016.7,10.5,99.0,10.35,2.67,0.9896231367049622,-0.1434884419801067,AMOS20191216,0.15000000000000036
2019-12-16 07:20:00,50.0,225.0,95.5,1016.7,10.5,99.0,10.35,2.8649999999999998,0.9861728319445486,-0.16502940849021408,AMOS20191216,0.15000000000000036
2019-12-16 07:21:00,50.0,200.0,91.5,1016.7,10.5,99.0,10.35,2.885,0.984012610621072,-0.17793838209433394,AMOS20191216,0.15000000000000036
2019-12-16 07:22:00,50.0,200.0,95.5,1016.7,10.5,99.0,10.35,2.7975,0.9920176245283873,-0.12180043177184736,AMOS20191216,0.15000000000000036
2019-12-16 07:23:00,50.0,225.0,98.0,1016.7,10.5,99.0,10.35,2.8125,0.9979447775313098,-0.061036917359307094,AMOS20191216,0.15000000000000036
2019-12-16 07:24:00,50.0,225.0,97.5,1016.8,10.5,99.0,10.35,2.7825,0.9954730699639787,-0.09147237641585075,AMOS20191216,0.15000000000000036
2019-12-16 07:25:00,50.0,200.0,96.0,1016.8,10.5,99.0,10.35,2.67,0.9906111820499677,-0.13481668418831563,AMOS20191216,0.15000000000000036
2019-12-16 07:26:00,50.0,200.0,96.0,1016.8,10.5,99.0,10.35,2.8575,0.9914071101914462,-0.13052122218260637,AMOS20191216,0.15000000000000036
2019-12-16 07:27:00,50.0,200.0,96.5,1016.8,10.6,99.0,10.45,3.065,0.9929645027798597,-0.11752484272512996,AMOS20191216,0.15000000000000036
2019-12-16 07:28:00,50.0,225.0,100.0,1016.8,10.5,99.0,10.35,3.0925000000000002,0.9953582967300094,-0.09584210300765589,AMOS20191216,0.15000000000000036
2019-12-16 07:29:00,50.0,200.0,98.0,1016.8,10.5,99.0,10.35,3.0675,0.9957006347720291,-0.09149228575677266,AMOS20191216,0.15000000000000036
2019-12-16 07:30:00,50.0,200.0,98.0,1016.8,10.6,99.0,10.45,3.04,0.989547725393292,-0.14347784361141858,AMOS20191216,0.15000000000000036
2019-12-16 07:31:00,50.0,200.0,99.0,1016.8,10.5,99.0,10.35,3.01,0.992470566848122,-0.12186006275950341,AMOS20191216,0.15000000000000036
2019-12-16 07:32:00,50.0,200.0,100.0,1016.8,10.6,99.0,10.45,3.1475,0.9981351005974404,-0.05667780247419637,AMOS20191216,0.15000000000000036
2019-12-16 07:33:00,50.0,200.0,95.5,1016.8,10.6,99.0,10.45,3.465,0.9990101808868348,-0.0436177264727224,AMOS20191216,0.15000000000000036
2019-12-16 07:34:00,50.0,200.0,95.0,1016.8,10.6,99.0,10.45,3.5175,0.9968793741757849,-0.07845610824589178,AMOS20191216,0.15000000000000036
2019-12-16 07:35:00,50.0,200.0,94.0,1016.7,10.6,99.0,10.45,3.4875,0.9953582967300094,-0.09584210300765589,AMOS20191216,0.15000000000000036
2019-12-16 07:36:00,50.0,200.0,95.0,1016.7,10.5,99.0,10.35,3.535,0.992470566848122,-0.12186006275950341,AMOS20191216,0.15000000000000036
2019-12-16 07:37:00,50.0,200.0,94.5,1016.7,10.5,99.0,10.35,3.535,0.9847327575168044,-0.17363495393765904,AMOS20191216,0.15000000000000036
2019-12-16 07:38:00,50.0,200.0,94.0,1016.7,10.5,99.0,10.35,3.5,0.9798873920907348,-0.19936034309715206,AMOS20191216,0.15000000000000036
2019-12-16 07:39:00,50.0,200.0,99.0,1016.7,10.5,99.0,10.35,3.395,0.9814776768730069,-0.19077993424234482,AMOS20191216,0.15000000000000036
2019-12-16 07:40:00,75.0,200.0,100.0,1016.7,10.5,99.0,10.35,3.1775,0.986892978840281,-0.1607259803335392,AMOS20191216,0.15000000000000036
2019-12-16 07:41:00,50.0,200.0,91.0,1016.7,10.6,99.0,10.45,3.0025,0.9949400960491414,-0.10018528313765472,AMOS20191216,0.15000000000000036
2019-12-16 07:42:00,50.0,200.0,92.5,1016.7,10.6,99.0,10.45,2.9425,0.9977544544651793,-0.06539603224441781,AMOS20191216,0.15000000000000036
2019-12-16 07:43:00,50.0,200.0,92.0,1016.7,10.6,99.0,10.45,2.8375,0.9971457452994723,-0.07410097887059641,AMOS20191216,0.15000000000000036
2019-12-16 07:44:00,50.0,200.0,91.0,1016.6,10.6,99.0,10.45,2.855,0.9990101808868348,-0.0436177264727224,AMOS20191216,0.15000000000000036
2019-12-16 07:45:00,50.0,200.0,91.5,1016.6,10.6,99.0,10.45,2.8899999999999997,0.9969178676847347,-0.07408504411548451,AMOS20191216,0.15000000000000036
2019-12-16 07:46:00,50.0,200.0,94.5,1016.6,10.6,99.0,10.45,2.815,0.9908375894665082,-0.13484716157133586,AMOS20191216,0.15000000000000036
2019-12-16 07:47:00,50.0,200.0,96.0,1016.5,10.6,99.0,10.45,2.62,0.9902680687415704,-0.13917310096006535,AMOS20191216,0.15000000000000036
2019-12-16 07:48:00,50.0,200.0,96.5,1016.5,10.6,99.0,10.45,2.44,0.9876883405951378,-0.1564344650402308,AMOS20191216,0.15000000000000036
2019-12-16 07:49:00,50.0,200.0,94.0,1016.5,10.7,99.0,10.55,2.5100000000000002,0.9876131257360135,-0.15642255217686432,AMOS20191216,0.14999999999999858
2019-12-16 07:50:00,50.0,200.0,95.0,1016.5,10.7,99.0,10.55,2.635,0.9914071101914462,-0.13052122218260637,AMOS20191216,0.14999999999999858
2019-12-16 07:51:00,50.0,200.0,93.5,1016.6,10.6,99.0,10.45,2.435,0.9908375894665082,-0.13484716157133586,AMOS20191216,0.15000000000000036
2019-12-16 07:52:00,50.0,200.0,92.0,1016.6,10.6,99.0,10.45,2.3049999999999997,0.9952066988402912,-0.09582750579114613,AMOS20191216,0.15000000000000036
2019-12-16 07:53:00,50.0,200.0,94.5,1016.6,10.6,99.0,10.45,2.4325,0.9978304213835116,-0.06540134436882997,AMOS20191216,0.15000000000000036
2019-12-16 07:54:00,50.0,200.0,95.0,1016.7,10.6,99.0,10.45,2.5375,0.999428938021613,-0.021808863236361168,AMOS20191216,0.15000000000000036
2019-12-16 07:55:00,50.0,200.0,94.0,1016.7,10.6,99.0,10.45,2.665,0.9976784064076224,0.06539204673460242,AMOS20191216,0.15000000000000036
2019-12-16 07:56:00,50.0,200.0,91.5,1016.7,10.6,100.0,10.6,2.7675,0.9980967925071991,0.0610462149935346,AMOS20191216,0.0
2019-12-16 07:57:00,50.0,200.0,91.5,1016.7,10.6,100.0,10.6,2.8125,0.9993147209872891,0.034896839021307434,AMOS20191216,0.0
2019-12-16 07:58:00,50.0,200.0,94.5,1016.6,10.6,100.0,10.6,2.7025,0.9999238475781956,0.00872620321864183,AMOS20191216,0.0
2019-12-16 07:59:00,50.0,200.0,97.0,1016.6,10.6,100.0,10.6,2.6025,1.0,6.123233995736766e-17,AMOS20191216,0.0
2020-03-12 08:00:00,3000.0,3000.0,3102.5,1016.9,9.7,85.0,7.32,1.5325,0.9214031378062195,0.38637397068396173,AMOS20200313,2.379999999999999
2020-03-12 08:01:00,3100.0,3000.0,3118.5,1017.0,9.8,85.0,7.42,1.545,0.8920067673924328,0.44959586986652517,AMOS20200313,2.380000000000001
2020-03-12 08:02:00,3100.0,3000.0,3157.5,1017.0,9.8,84.0,7.24,1.55,0.8084010209346699,0.5873377213919897,AMOS20200313,2.5600000000000005
2020-03-12 08:03:00,3100.0,3000.0,3147.5,1017.1,9.9,84.0,7.34,1.51,0.7340787221264711,0.6785736941496029,AMOS20200313,2.5600000000000005
2020-03-12 08:04:00,3100.0,3000.0,3130.0,1017.1,9.9,84.0,7.34,1.7325,0.8324576502978839,0.5509916990390615,AMOS20200313,2.5600000000000005
2020-03-12 08:05:00,3050.0,3000.0,3096.0,1017.1,10.0,84.0,7.44,2.1100000000000003,0.9178571142959161,0.39433846988923194,AMOS20200313,2.5599999999999996
2020-03-12 08:06:00,3000.0,3000.0,3104.0,1017.1,10.0,83.0,7.27,2.485,0.9619142908331231,0.27128969963601746,AMOS20200313,2.7300000000000004
2020-03-12 08:07:00,3100.0,3000.0,3150.5,1017.1,10.1,84.0,7.54,2.7175000000000002,0.9837126514838119,0.17788549120532507,AMOS20200313,2.5599999999999996
2020-03-12 08:08:00,3100.0,3000.0,3108.0,1017.1,10.2,84.0,7.64,2.5975,0.9940279594365354,0.10886368330202696,AMOS20200313,2.5599999999999996
2020-03-12 08:09:00,3100.0,3000.0,3138.5,1017.0,10.2,83.0,7.46,2.535,0.9914071101914461,0.13052122218260648,AMOS20200313,2.7399999999999993
2020-03-12 08:10:00,3100.0,3000.0,3161.0,1017.0,10.3,84.0,7.73,2.6075,0.988333272631746,0.15211912402018957,AMOS20200313,2.5700000000000003
2020-03-12 08:11:00,3100.0,3000.0,3120.0,1017.0,10.5,85.0,8.1,2.5975,0.9889782046683541,0.14780378300014818,AMOS20200313,2.4000000000000004
2020-03-12 08:12:00,3150.0,3000.0,3262.0,1017.0,10.5,83.0,7.76,2.48,0.9806825344818708,0.19507013866974857,AMOS20200313,2.74
2020-03-12 08:13:00,3200.0,3000.0,3235.0,1017.0,10.5,83.0,7.76,2.52,0.988333272631746,0.15211912402018957,AMOS20200313,2.74
2020-03-12 08:14:00,3200.0,3000.0,3264.5,1017.0,10.6,82.0,7.68,2.62,0.9940279594365354,0.10886368330202696,AMOS20200313,2.92
2020-03-12 08:15:00,3200.0,3000.0,3232.5,1017.0,10.6,82.0,7.68,2.4375,0.991901046123184,0.12618600214823297,AMOS20200313,2.92
2020-03-12 08:16:00,3100.0,3000.0,3175.0,1017.1,10.6,80.0,7.32,2.3775,0.997488083341492,0.06975116161971315,AMOS20200313,3.2799999999999994
2020-03-12 08:17:00,3100.0,3000.0,3137.5,1017.1,10.7,81.0,7.6,2.4975,0.9998476951563913,-0.008726203218641707,AMOS20200313,3.0999999999999996
2020-03-12 08:18:00,3150.0,3000.0,3287.0,1017.1,10.7,80.0,7.42,2.5625,0.9999238475781956,-0.008726203218641707,AMOS20200313,3.2799999999999994
2020-03-12 08:19:00,3200.0,3000.0,3248.0,1017.1,10.7,80.0,7.42,2.6500000000000004,0.9999238475781956,0.008726203218641829,AMOS20200313,3.2799999999999994
2020-03-12 08:20:00,3200.0,3000.0,3290.5,1017.0,10.8,80.0,7.51,2.8325,0.9991625668979256,0.03489019583029838,AMOS20200313,3.290000000000001
2020-03-12 08:21:00,3250.0,3000.0,3278.5,1017.0,10.9,80.0,7.61,2.855,0.9948643607982716,0.10017732304202931,AMOS20200313,3.29
2020-03-12 08:22:00,3200.0,3000.0,3204.0,1017.0,10.9,79.0,7.43,2.7824999999999998,0.9889782046683541,0.14780378300014818,AMOS20200313,3.4700000000000006
2020-03-12 08:23:00,3200.0,3000.0,3254.5,1017.0,11.1,81.0,7.99,2.9125,0.9847327575168044,0.17363495393765915,AMOS20200313,3.1099999999999994
2020-03-12 08:24:00,3200.0,3000.0,3252.0,1017.0,11.2,81.0,8.09,2.97,0.9762588327595204,0.2164313725808122,AMOS20200313,3.1099999999999994
2020-03-12 08:25:00,3200.0,3000.0,3272.5,1017.0,11.2,79.0,7.72,2.8475,0.9713143109033062,0.237679185285717,AMOS20200313,3.4799999999999995
2020-03-12 08:26:00,3200.0,3000.0,3285.0,1017.0,11.3,78.0,7.63,2.5524999999999998,0.9781476007338056,0.20791169081775945,AMOS20200313,3.670000000000001
2020-03-12 08:27:00,3200.0,3000.0,3258.5,1017.0,11.2,78.0,7.54,2.4,0.9798873920907347,0.19936034309715217,AMOS20200313,3.6599999999999993
2020-03-12 08:28:00,3200.0,3000.0,3286.5,1017.0,11.2,76.0,7.16,2.5725,0.977128728437985,0.21215569872050855,AMOS20200313,4.039999999999999
2020-03-12 08:29:00,3300.0,3000.0,3362.5,1017.0,11.5,79.0,8.01,2.4925,0.9891708882585029,0.14342354050166545,AMOS20200313,3.49
2020-03-12 08:30:00,3350.0,3000.0,3426.0,1017.0,11.5,78.0,7.83,2.5124999999999997,0.9862181564408163,0.1606069909373272,AMOS20200313,3.67
2020-03-12 08:31:00,3500.0,3000.0,3524.0,1017.0,11.5,74.0,7.06,2.4275,0.9467586319868944,0.32138203924067976,AMOS20200313,4.44
2020-03-12 08:32:00,3400.0,3000.0,3485.5,1017.0,11.4,73.0,6.77,2.29,0.9453021432835422,0.3254950364578078,AMOS20200313,4.630000000000001
2020-03-12 08:33:00,3550.0,3000.0,3635.0,1017.0,11.5,74.0,7.06,2.32,0.9623545261198727,0.27141178768619434,AMOS20200313,4.44
2020-03-12 08:34:00,3550.0,3000.0,3550.0,1017.1,11.5,74.0,7.06,2.0625,0.9821694548115655,0.1820343487157014,AMOS20200313,4.44
2020-03-12 08:35:00,3400.0,3000.0,3491.5,1017.1,11.6,74.0,7.16,2.075,0.9995812312668391,0.021810192279377805,AMOS20200313,4.4399999999999995
2020-03-12 08:36:00,3500.0,3000.0,3505.5,1017.1,11.8,75.0,7.55,2.56,0.9981351005974404,0.05667780247419638,AMOS20200313,4.250000000000001
2020-03-12 08:37:00,3400.0,3000.0,3461.0,1017.0,12.0,77.0,8.13,2.8725,0.9914071101914461,0.13052122218260648,AMOS20200313,3.869999999999999
2020-03-12 08:38:00,3450.0,3000.0,3505.5,1017.0,12.0,74.0,7.55,2.2275,0.9956248995211593,0.09148432566114725,AMOS20200313,4.45
2020-03-12 08:39:00,3400.0,3000.0,3440.0,1017.0,11.8,72.0,6.95,1.795,0.9993527971981914,-0.013083989060735914,AMOS20200313,4.8500000000000005
2020-03-12 08:40:00,3400.0,3000.0,3442.5,1017.1,11.9,73.0,7.25,2.0175,0.9980967925071991,-0.06104621499353459,AMOS20200313,4.65
2020-03-12 08:41:00,3400.0,3000.0,3483.0,1017.1,12.0,74.0,7.55,1.915,0.9995812312668391,-0.013083989060735914,AMOS20200313,4.45
2020-03-12 08:42:00,3400.0,3000.0,3413.5,1017.1,11.9,72.0,7.05,1.755,0.9997715543329695,0.008724874175625317,AMOS20200313,4.8500000000000005
2020-03-12 08:43:00,3350.0,3000.0,3399.0,1017.1,12.0,72.0,7.15,1.615,0.9996192610877435,-0.017449748351250446,AMOS20200313,4.85
2020-03-12 08:44:00,3400.0,3000.0,3459.0,1017.2,12.0,73.0,7.35,1.5,0.9979452412193552,0.05230009393838536,AMOS20200313,4.65
2020-03-12 08:45:00,3400.0,3000.0,3436.5,1017.2,12.1,73.0,7.44,1.82,0.9769052862018113,0.21210820460705562,AMOS20200313,4.659999999999999
2020-03-12 08:46:00,3350.0,3000.0,3373.5,1017.1,12.2,73.0,7.54,2.0975,0.9732772795177584,0.22917663409023992,AMOS20200313,4.659999999999999
2020-03-12 08:47:00,3300.0,3000.0,3381.0,1017.1,12.2,74.0,7.74,2.225,0.9894804717392602,0.13465777321744227,AMOS20200313,4.459999999999999
2020-03-12 08:48:00,3450.0,3000.0,3566.5,1017.1,12.2,74.0,7.74,2.2075,0.9986299057897755,0.03487292474765056,AMOS20200313,4.459999999999999
2020-03-12 08:49:00,3500.0,3000.0,3545.5,1017.0,12.2,74.0,7.74,1.98,0.9981355642854857,0.04794097905327464,AMOS20200313,4.459999999999999
2020-03-12 08:50:00,3500.0,3000.0,3488.5,1017.0,12.2,71.0,7.14,1.9375,0.9875379108768891,0.15641063931349794,AMOS20200313,5.06
2020-03-12 08:51:00,3450.0,3000.0,3514.5,1017.0,12.3,73.0,7.64,1.7575,0.9971090600114625,0.052256271538201435,AMOS20200313,4.660000000000001
2020-03-12 08:52:00,3500.0,3000.0,3544.0,1017.0,12.3,72.0,7.44,1.7275,0.9905013635225952,-0.13040197837147072,AMOS20200313,4.86
2020-03-12 08:53:00,3500.0,3000.0,3581.0,1017.1,12.4,71.0,7.33,1.825,0.9547014185366436,-0.29644397466434036,AMOS20200313,5.07
2020-03-12 08:54:00,3600.0,3000.0,3608.5,1017.1,12.6,71.0,7.52,1.655,0.9656161878865984,-0.25423969309107053,AMOS20200313,5.08
2020-03-12 08:55:00,3500.0,3000.0,3588.5,1017.1,12.8,71.0,7.72,1.7625,0.9990105983120342,-0.026152037296235397,AMOS20200313,5.080000000000001
2020-03-12 08:56:00,3600.0,3000.0,3611.5,1017.1,12.8,70.0,7.51,1.9075,0.9947519513493226,-0.09578371858807047,AMOS20200313,5.290000000000001
2020-03-12 08:57:00,3600.0,3000.0,3630.5,1017.1,12.8,69.0,7.3,1.73,0.9823475725514714,-0.18650426038204118,AMOS20200313,5.500000000000001
2020-03-12 08:58:00,3600.0,3000.0,3650.5,1017.1,12.7,69.0,7.2,1.5625,0.9974513980534823,-0.04790645428731814,AMOS20200313,5.499999999999999
2020-03-12 08:59:00,3600.0,3000.0,3635.0,1017.1,12.8,68.0,7.09,1.5375,0.9977544544651793,0.06539603224441783,AMOS20200313,5.710000000000001
2020-03-12 09:00:00,3600.0,3000.0,3631.5,1017.1,12.7,67.0,6.78,1.4875,0.9973744227610782,0.03049521742623424,AMOS20200313,5.919999999999999
2020-03-12 09:01:00,3650.0,3000.0,3732.5,1017.1,12.8,68.0,7.09,1.5225,0.995282434091161,-0.0958354658867715,AMOS20200313,5.710000000000001
2020-03-12 09:02:00,3700.0,3000.0,3682.5,1017.1,13.0,70.0,7.7,1.615,0.997298455842746,-0.056641938955243006,AMOS20200313,5.3
2020-03-12 09:03:00,3600.0,3000.0,3675.0,1017.2,13.0,67.0,7.07,1.8175,0.9993908270190958,0.03489949670250108,AMOS20200313,5.93
2020-03-12 09:04:00,3700.0,3000.0,3755.0,1017.2,13.1,68.0,7.38,2.205,0.9998096305438717,-0.004361772566304309,AMOS20200313,5.72
2020-03-12 09:05:00,3700.0,3000.0,3687.5,1017.1,13.0,68.0,7.28,2.1025,0.9914118809325483,-0.12173676555443963,AMOS20200313,5.72
2020-03-12 09:06:00,3600.0,3000.0,3711.5,1017.2,12.9,66.0,6.75,1.795,0.9861728319445486,-0.16502940849021408,AMOS20200313,6.15
2020-03-12 09:07:00,3700.0,3000.0,3700.0,1017.2,12.9,67.0,6.97,1.6575,0.9988583050668082,-0.02615070825321888,AMOS20200313,5.930000000000001
2020-03-12 09:08:00,3700.0,3000.0,3744.0,1017.2,12.9,67.0,6.97,1.7325,0.9985156887554516,-0.04796090053259663,AMOS20200313,5.930000000000001
2020-03-12 09:09:00,3700.0,3000.0,3824.0,1017.1,13.0,67.0,7.07,1.915,0.9917500500183136,-0.12616612313390083,AMOS20200313,5.93
2020-03-12 09:10:00,3800.0,3000.0,3799.0,1017.1,13.1,67.0,7.16,1.97,0.9986679820006776,-0.030509823138329603,AMOS20200313,5.9399999999999995
2020-03-12 09:11:00,3700.0,3000.0,3724.5,1017.1,13.2,67.0,7.26,1.9849999999999999,0.9988580267974713,0.043611083281713474,AMOS20200313,5.9399999999999995
2020-03-12 09:12:00,3700.0,3000.0,3724.0,1017.1,13.3,67.0,7.35,2.1133333333333333,0.9971075995371314,0.0755562300786362,AMOS20200313,5.950000000000001
2020-03-12 09:13:00,3650.0,3000.0,3681.5,1017.1,13.3,67.0,7.35,2.18,0.9919766309163841,0.12619528279387698,AMOS20200313,5.950000000000001
2020-03-12 09:14:00,3600.0,3000.0,3693.0,1017.1,13.3,66.0,7.13,2.0225,0.993386872416982,-0.017299837940741046,AMOS20200313,6.170000000000001
2020-03-12 09:15:00,3750.0,3000.0,3834.0,1017.2,13.3,66.0,7.13,1.9675,0.9273793518382867,-0.3606212883241881,AMOS20200313,6.170000000000001
2020-03-12 09:16:00,3800.0,3000.0,3868.5,1017.2,13.4,67.0,7.45,2.085,0.8428455803326461,-0.5369518536829617,AMOS20200313,5.95
2020-03-12 09:17:00,3900.0,3000.0,3920.5,1017.2,13.5,66.0,7.33,2.205,0.8526076984292692,-0.5224786695716295,AMOS20200313,6.17
2020-03-12 09:18:00,3900.0,3000.0,3951.0,1017.2,13.6,64.0,6.97,2.0875,0.8453169623991587,-0.5333559704628869,AMOS20200313,6.63
2020-03-12 09:19:00,3900.0,3000.0,3940.0,1017.2,13.6,65.0,7.2,1.9725,0.8289744393361248,-0.5591503195768917,AMOS20200313,6.3999999999999995
2020-03-12 09:20:00,3850.0,3000.0,3883.5,1017.2,13.6,63.0,6.75,1.775,0.8887007030375633,-0.4528156251812292,AMOS20200313,6.85
2020-03-12 09:21:00,3800.0,3000.0,3896.5,1017.2,13.6,64.0,6.97,1.4825,0.9707239209266608,-0.2375292454894808,AMOS20200313,6.63
2020-03-12 09:22:00,3900.0,3000.0,3930.0,1017.2,13.7,64.0,7.07,1.7375,0.9777751818802759,-0.20783253074675198,AMOS20200313,6.629999999999999
2020-03-12 09:23:00,3900.0,3000.0,3915.0,1017.2,13.9,64.0,7.26,2.01,0.9191658007708527,-0.3901843828484995,AMOS20200313,6.640000000000001
2020-03-12 09:24:00,4000.0,3000.0,4059.0,1017.2,13.9,63.0,7.03,1.845,0.8828803542614043,-0.46943581138941637,AMOS20200313,6.87
2020-03-12 09:25:00,4000.0,3000.0,3970.5,1017.2,13.9,63.0,7.03,1.6375,0.9390360932249713,-0.3324794251753785,AMOS20200313,6.87
2020-03-12 09:26:00,3900.0,3000.0,3924.0,1017.2,14.0,62.0,6.9,1.915,0.9895140934439673,-0.1390671366423953,AMOS20200313,7.1
2020-03-12 09:27:00,3800.0,3000.0,3891.5,1017.3,14.2,64.0,7.55,2.1875,0.9974121164231597,-0.06974584949530103,AMOS20200313,6.6499999999999995
2020-03-12 09:28:00,3900.0,3000.0,3950.5,1017.3,14.2,64.0,7.55,2.0324999999999998,0.9977544544651793,-0.06539603224441781,AMOS20200313,6.6499999999999995
2020-03-12 09:29:00,3900.0,3000.0,3948.0,1017.3,14.1,63.0,7.22,2.0475,0.9943704248665338,-0.1045125430764028,AMOS20200313,6.88
2020-03-12 09:30:00,3900.0,3000.0,3942.0,1017.2,14.2,64.0,7.55,2.135,0.996575529642715,-0.07843486136636775,AMOS20200313,6.6499999999999995
2020-03-12 09:31:00,3900.0,3000.0,3947.0,1017.2,14.2,63.0,7.32,2.1325,0.9990103200426973,-0.03488620910608815,AMOS20200313,6.879999999999999
2020-03-12 09:32:00,3900.0,3000.0,3946.0,1017.2,14.2,63.0,7.32,2.1825,0.9835332864217678,-0.17342345482102423,AMOS20200313,6.879999999999999
2020-03-12 09:33:00,3900.0,3000.0,3962.5,1017.2,14.2,63.0,7.32,2.1574999999999998,0.9193043870027636,-0.39024754023303654,AMOS20200313,6.879999999999999
2020-03-12 09:34:00,3900.0,3000.0,3902.5,1017.2,14.2,61.0,6.85,1.9875,0.92015438143581,-0.39058236194442797,AMOS20200313,7.35
2020-03-12 09:35:00,3800.0,3000.0,3892.0,1017.3,14.2,63.0,7.32,1.7025000000000001,0.9651200232341363,-0.2585907500000893,AMOS20200313,6.879999999999999
2020-03-12 09:36:00,3900.0,3000.0,4015.0,1017.3,14.2,62.0,7.09,1.8275,0.910770765329892,-0.39596234255807355,AMOS20200313,7.109999999999999
2020-03-12 09:37:00,4050.0,3000.0,4138.0,1017.3,14.2,61.0,6.85,2.1025,0.678310496511183,-0.7275156782895587,AMOS20200313,7.35
2020-03-12 09:38:00,4100.0,3000.0,4146.5,1017.2,14.4,62.0,7.28,1.475,0.5402519816556988,-0.839930972542803,AMOS20200313,7.12
2020-03-12 09:39:00,4100.0,3000.0,4136.0,1017.2,14.4,61.0,7.04,1.0875,0.733084962414443,-0.6776306513950592,AMOS20200313,7.36
2020-03-12 09:40:00,4100.0,3000.0,4127.0,1017.2,14.4,60.0,6.8,1.5025,0.7900061450859206,-0.6116852771709659,AMOS20200313,7.6000000000000005
2020-03-12 09:41:00,4000.0,3000.0,4079.5,1017.1,14.4,61.0,7.04,1.6075000000000002,0.7455179646160585,-0.6654141388782884,AMOS20200313,7.36
2020-03-12 09:42:00,4000.0,3000.0,4049.5,1017.1,14.5,61.0,7.13,1.5950000000000002,0.9190523677837206,-0.3621154103048207,AMOS20200313,7.37
2020-03-12 09:43:00,4000.0,3000.0,4041.0,1017.1,14.5,61.0,7.13,1.665,0.992470566848122,-0.12186006275950341,AMOS20200313,7.37
2020-03-12 09:44:00,4100.0,3000.0,4141.0,1017.2,14.5,60.0,6.9,2.085,0.952228077109435,-0.2956864085349936,AMOS20200313,7.6
2020-03-12 09:45:00,4100.0,3000.0,4157.5,1017.2,14.7,61.0,7.32,2.5525,0.9115974537592022,-0.41064389035748794,AMOS20200313,7.379999999999999
2020-03-12 09:46:00,4100.0,3000.0,4126.5,1017.2,14.7,61.0,7.32,2.3075,0.8516989022194453,-0.5219217585379909,AMOS20200313,7.379999999999999
2020-03-12 09:47:00,4100.0,3000.0,4110.0,1017.2,14.7,60.0,7.08,1.9024999999999999,0.847657852743917,-0.5296816813228545,AMOS20200313,7.619999999999999
2020-03-12 09:48:00,4100.0,3000.0,4130.5,1017.1,14.7,60.0,7.08,1.7725,0.9038761724950433,-0.42630146365892624,AMOS20200313,7.619999999999999
2020-03-12 09:49:00,4100.0,3000.0,4170.5,1017.1,14.9,62.0,7.75,2.16,0.950984091038165,-0.308993461982447,AMOS20200313,7.15
2020-03-12 09:50:00,4100.0,3000.0,4195.0,1017.1,15.0,61.0,7.61,2.3525,0.9753966837019025,-0.20731067460499833,AMOS20200313,7.39
2020-03-12 09:51:00,4100.0,3000.0,4100.0,1017.0,15.2,62.0,8.04,2.1525,0.9965766422962706,-0.06968742745314634,AMOS20200313,7.16
2020-03-12 09:52:00,4100.0,3000.0,4187.5,1017.0,15.0,59.0,7.12,2.1950000000000003,0.999428938021613,-0.004359114885110659,AMOS20200313,7.88
2020-03-12 09:53:00,4100.0,3000.0,4122.0,1017.0,15.0,60.0,7.37,2.0,0.991331698879776,-0.13051062381391823,AMOS20200313,7.63
2020-03-12 09:54:00,4100.0,3000.0,4107.0,1017.0,14.9,59.0,7.03,2.0025,0.9988202288559059,-0.030513809862539768,AMOS20200313,7.87
2020-03-12 09:55:00,4100.0,3000.0,4162.5,1017.0,15.0,60.0,7.37,2.4175,0.9970698826606239,0.07409434174971197,AMOS20200313,7.63
2020-03-12 09:56:00,4200.0,3000.0,4294.0,1017.0,15.0,59.0,7.12,2.35,0.9999238475781956,6.158268339717665e-17,AMOS20200313,7.88
2020-03-12 09:57:00,4300.0,3000.0,4351.0,1017.0,15.0,60.0,7.37,1.755,0.9944496356240711,-0.08701507054737587,AMOS20200313,7.63
2020-03-12 09:58:00,4300.0,3000.0,4392.5,1017.0,15.1,59.0,7.22,1.3975,0.9742774393020357,-0.2204449830275192,AMOS20200313,7.88
2020-03-12 09:59:00,4300.0,3000.0,4378.0,1017.0,15.2,59.0,7.31,1.5125,0.9640275482374042,-0.2628150373758026,AMOS20200313,7.89
2020-03-12 10:00:00,4300.0,3000.0,4460.0,1017.1,15.5,59.0,7.6,1.97,0.9248624557650778,-0.3736486348308925,AMOS20200313,7.9
2020-03-12 10:01:00,4600.0,3000.0,4708.0,1017.1,15.6,58.0,7.44,2.5,0.7725787641247399,-0.6312720981215553,AMOS20200313,8.16
2020-03-12 10:02:00,4600.0,3000.0,4628.0,1017.0,15.6,57.0,7.19,2.475,0.6587195424112702,-0.7511358823944708,AMOS20200313,8.41
2020-03-12 10:03:00,4500.0,3000.0,4572.5,1017.0,15.6,56.0,6.93,1.9224999999999999,0.5141261591278905,-0.8556728304647843,AMOS20200313,8.67
2020-03-12 10:04:00,4500.0,3000.0,4578.0,1017.0,15.5,56.0,6.84,1.6025,0.4066127565891476,-0.9132672040377889,AMOS20200313,8.66
2020-03-12 10:05:00,4500.0,3000.0,4567.5,1017.0,15.6,57.0,7.19,1.6175,0.4922571436624003,-0.8700561581148394,AMOS20200313,8.41
2020-03-12 10:06:00,4550.0,3000.0,4681.0,1017.0,15.8,57.0,7.38,1.555,0.5261989669024173,-0.8503278972928475,AMOS20200313,8.420000000000002
2020-03-12 10:07:00,4850.0,3000.0,5030.0,1017.1,16.0,58.0,7.82,1.7125,0.4845477367512449,-0.8741554800857791,AMOS20200313,8.18
2020-03-12 10:08:00,5000.0,3000.0,5078.0,1017.1,16.3,57.0,7.85,1.505,0.4302396849210208,-0.9019977373106725,AMOS20200313,8.450000000000001
2020-03-12 10:09:00,5000.0,3000.0,5112.5,1017.1,16.5,55.0,7.52,1.2625,0.35428099799039237,-0.9351084750693783,AMOS20200313,8.98
2020-03-12 10:10:00,5000.0,3000.0,5011.5,1017.1,16.6,54.0,7.34,1.8575,0.41384238338891055,-0.9081326662648593,AMOS20200313,9.260000000000002
2020-03-12 10:11:00,4900.0,3000.0,4975.5,1017.1,16.7,53.0,7.17,2.295,0.5911136635602317,-0.8061752076460009,AMOS20200313,9.53
2020-03-12 10:12:00,4950.0,3000.0,5003.0,1017.1,16.5,52.0,6.7,2.3625,0.5330679956159731,-0.8448686425404698,AMOS20200313,9.8
2020-03-12 10:13:00,5000.0,3000.0,5039.5,1017.1,16.7,56.0,7.97,2.4875,0.3904609222388695,-0.9198750892340428,AMOS20200313,8.73
2020-03-12 10:14:00,5000.0,3000.0,5013.0,1017.1,17.0,55.0,7.99,2.5675,0.3417882615029294,-0.9390477601739817,AMOS20200313,9.01
2020-03-12 10:15:00,4900.0,3000.0,4946.0,1017.2,16.9,52.0,7.08,2.4775,0.2545750480297139,-0.9669447436948451,AMOS20200313,9.819999999999999
2020-03-12 10:16:00,4900.0,3000.0,4964.5,1017.2,16.9,53.0,7.35,2.0425,0.3403502288171012,-0.9352015670434962,AMOS20200313,9.549999999999999
2020-03-12 10:17:00,4950.0,3000.0,4997.5,1017.1,16.9,53.0,7.35,2.185,0.7083775467381728,-0.6960537443192745,AMOS20200313,9.549999999999999
2020-03-12 10:18:00,4900.0,3000.0,4934.5,1017.1,17.1,54.0,7.81,2.755,0.8844257465398433,-0.46531298281852507,AMOS20200313,9.290000000000003
2020-03-12 10:19:00,4900.0,3000.0,4892.0,1017.1,17.1,54.0,7.81,2.89,0.8699249328171571,-0.49217984605477205,AMOS20200313,9.290000000000003
2020-03-12 10:20:00,4800.0,3000.0,4859.0,1017.0,17.1,53.0,7.54,2.4625,0.8237799143653407,-0.5661706680722244,AMOS20200313,9.560000000000002
2020-03-12 10:21:00,4800.0,3000.0,4810.0,1017.0,17.0,53.0,7.45,2.3725,0.8161177901350007,-0.5767814367220869,AMOS20200313,9.55
2020-03-12 10:22:00,4700.0,3000.0,4773.5,1017.0,17.0,53.0,7.45,2.64,0.8923428579786437,-0.4497745724011061,AMOS20200313,9.55
2020-03-12 10:23:00,4800.0,3000.0,4897.5,1017.0,17.1,54.0,7.81,2.37,0.941077549620436,-0.3378811004463206,AMOS20200313,9.290000000000003
2020-03-12 10:24:00,4800.0,3000.0,4812.0,1017.0,17.1,54.0,7.81,2.1,0.9611884935321854,-0.27561636536481393,AMOS20200313,9.290000000000003
2020-03-12 10:25:00,4700.0,3000.0,4784.5,1017.0,17.2,53.0,7.63,2.0,0.9842835567835378,-0.17355169950277288,AMOS20200313,9.57
2020-03-12 10:26:00,4950.0,3000.0,5058.0,1016.9,17.7,56.0,8.91,2.04,0.9798873920907348,-0.19936034309715206,AMOS20200313,8.79
2020-03-12 10:27:00,5000.0,3000.0,5008.5,1016.9,17.7,51.0,7.54,2.22,0.9824223258388,-0.18651879094914117,AMOS20200313,10.16
2020-03-12 10:28:00,5000.0,3000.0,5224.0,1016.9,17.7,52.0,7.82,2.3675,0.9555784494712037,-0.2875885809277849,AMOS20200313,9.879999999999999
2020-03-12 10:29:00,5000.0,3000.0,5176.5,1016.9,17.8,52.0,7.92,2.3225,0.8552753289397336,-0.5139012635857286,AMOS20200313,9.88
2020-03-12 10:30:00,5000.0,3000.0,5668.0,1016.9,17.8,51.0,7.63,2.6,0.7770867799099105,-0.6292724667779681,AMOS20200313,10.170000000000002
2020-03-12 10:31:00,5000.0,3000.0,5876.0,1016.9,17.9,51.0,7.73,3.085,0.6802721137494837,-0.7295297907896631,AMOS20200313,10.169999999999998
2020-03-12 10:32:00,5000.0,3000.0,5839.0,1016.8,18.0,49.0,7.24,3.1950000000000003,0.4801528212993326,-0.8752428977298637,AMOS20200313,10.76
2020-03-12 10:33:00,5000.0,3000.0,5950.0,1016.8,18.1,48.0,7.03,2.7925,0.48061648922427275,-0.8760300496656491,AMOS20200313,11.07
2020-03-12 10:34:00,6000.0,3000.0,6017.5,1016.8,17.9,47.0,6.54,2.59,0.5036072254822874,-0.8635470983754759,AMOS20200313,11.36
2020-03-12 10:35:00,5000.0,3000.0,5965.0,1016.8,17.9,47.0,6.54,2.6550000000000002,0.4422759850266947,-0.8968471657714672,AMOS20200313,11.36
2020-03-12 10:36:00,6000.0,3000.0,6089.5,1016.9,18.0,47.0,6.63,2.86,0.5369518536829618,-0.8428455803326461,AMOS20200313,11.370000000000001
2020-03-12 10:37:00,6000.0,3000.0,6157.0,1016.9,18.2,47.0,6.82,3.2525,0.5806808443217596,-0.8140845193319697,AMOS20200313,11.379999999999999
2020-03-12 10:38:00,6000.0,3000.0,6085.0,1016.9,18.2,47.0,6.82,3.305,0.608367422344974,-0.792839860809972,AMOS20200313,11.379999999999999
2020-03-12 10:39:00,6000.0,3000.0,6058.5,1016.9,18.2,46.0,6.51,2.755,0.6851114268348377,-0.7282945319434668,AMOS20200313,11.69
2020-03-12 10:40:00,5000.0,3000.0,5862.5,1016.8,18.1,46.0,6.41,2.1425,0.5621435308386008,-0.8176957055988496,AMOS20200313,11.690000000000001
2020-03-12 10:41:00,5000.0,3000.0,5831.5,1016.8,18.1,47.0,6.73,2.105,0.15597824437271132,-0.9849097388412074,AMOS20200313,11.370000000000001
2020-03-12 10:42:00,5000.0,3000.0,5645.0,1016.8,18.4,47.0,7.0,2.5825,0.19834225108558384,-0.9752826831451846,AMOS20200313,11.399999999999999
2020-03-12 10:43:00,5000.0,3000.0,5629.5,1016.8,18.5,46.0,6.78,2.8449999999999998,0.4883822511163565,-0.8720735086558963,AMOS20200313,11.719999999999999
2020-03-12 10:44:00,5000.0,3000.0,5869.5,1016.8,18.5,46.0,6.78,2.745,0.34134335271141936,-0.9378331538555592,AMOS20200313,11.719999999999999
2020-03-12 10:45:00,5500.0,3000.0,6071.0,1016.8,18.4,46.0,6.69,2.7175000000000002,0.19073634696719644,-0.9812534397815966,AMOS20200313,11.709999999999997
2020-03-12 10:46:00,6000.0,3000.0,6081.5,1016.8,18.7,46.0,6.97,2.5025,0.45257763858698774,-0.888140041756485,AMOS20200313,11.73
2020-03-12 10:47:00,6000.0,3000.0,6070.5,1016.7,18.8,46.0,7.06,2.3125,0.6043040922480043,-0.7947107853511218,AMOS20200313,11.740000000000002
2020-03-12 10:48:00,6000.0,3000.0,6065.0,1016.7,18.9,47.0,7.46,2.3775,0.7212890983994094,-0.6905030632675393,AMOS20200313,11.439999999999998
2020-03-12 10:49:00,6000.0,3000.0,6101.0,1016.6,18.9,46.0,7.15,2.7625,0.7598015239062791,-0.64892481645625,AMOS20200313,11.749999999999998
2020-03-12 10:50:00,6000.0,3000.0,6544.5,1016.6,18.7,45.0,6.65,3.04,0.5902081680050294,-0.8049515006352403,AMOS20200313,12.049999999999999
2020-03-12 10:51:00,6000.0,3000.0,6356.5,1016.6,18.7,47.0,7.28,3.1075,0.5626599396683934,-0.8263775436386968,AMOS20200313,11.419999999999998
2020-03-12 10:52:00,5000.0,3000.0,5716.0,1016.5,18.9,45.0,6.83,2.9275,0.68184353249275,-0.7311857206298112,AMOS20200313,12.069999999999999
2020-03-12 10:53:00,5000.0,3000.0,5737.0,1016.5,18.9,46.0,7.15,3.04,0.6422982008137228,-0.7654611883365516,AMOS20200313,11.749999999999998
2020-03-12 10:54:00,5000.0,3000.0,5887.0,1016.5,19.0,46.0,7.24,3.505,0.4011586586973507,-0.9117409245671463,AMOS20200313,11.76
2020-03-12 10:55:00,5500.0,3000.0,6055.5,1016.5,19.0,44.0,6.6,3.2649999999999997,0.1777586748553978,-0.98303935049003,AMOS20200313,12.4
2020-03-12 10:56:00,6000.0,3000.0,6117.5,1016.5,18.9,42.0,5.84,2.91,0.07396560625259649,-0.9954002657456267,AMOS20200313,13.059999999999999
2020-03-12 10:57:00,6000.0,3000.0,6041.0,1016.5,19.0,43.0,6.27,2.585,-0.09568160031337167,-0.9936914125174364,AMOS20200313,12.73
2020-03-12 10:58:00,6000.0,3000.0,6047.0,1016.5,19.0,43.0,6.27,2.4025,-0.25459475772680745,-0.9670183012858004,AMOS20200313,12.73
2020-03-12 10:59:00,6000.0,3000.0,6108.5,1016.5,19.0,42.0,5.93,2.625,-0.28818811749630235,-0.9575439909568563,AMOS20200313,13.07
2020-03-12 11:00:00,6000.0,3000.0,6135.5,1016.5,19.0,43.0,6.27,2.54,-0.2965330271357894,-0.954992696046065,AMOS20200313,12.73
2020-03-12 11:01:00,6000.0,3000.0,6632.5,1016.5,19.0,42.0,5.93,2.535,-0.30894513678652236,-0.9508396622517832,AMOS20200313,13.07
2020-03-12 11:02:00,6000.0,3000.0,6931.5,1016.5,18.9,42.0,5.84,2.2125,-0.4714598416044279,-0.8774527466486354,AMOS20200313,13.059999999999999
2020-03-12 11:03:00,6000.0,3000.0,6934.0,1016.5,18.9,41.0,5.49,1.465,-0.7121042652449948,-0.6997410065739229,AMOS20200313,13.409999999999998
2020-03-12 11:04:00,6000.0,3000.0,6994.5,1016.5,18.9,42.0,5.84,1.5625,-0.5896022527833157,-0.7967081412315901,AMOS20200313,13.059999999999999
2020-03-12 11:05:00,7000.0,3000.0,7373.5,1016.5,19.2,43.0,6.45,2.6175,-0.03420224116369572,-0.9852234204492116,AMOS20200313,12.75
2020-03-12 11:06:00,7000.0,3000.0,7734.0,1016.5,19.4,42.0,6.29,3.2025,0.32934043563022253,-0.9430521707380936,AMOS20200313,13.11
2020-03-12 11:07:00,7000.0,3000.0,7656.0,1016.4,19.4,40.0,5.59,3.1125000000000003,0.4146142950237127,-0.9097880361077145,AMOS20200313,13.809999999999999
2020-03-12 11:08:00,7000.0,3000.0,7522.0,1016.4,19.2,39.0,5.05,2.9525,0.45779044162862703,-0.8888567004538246,AMOS20200313,14.149999999999999
2020-03-12 11:09:00,7000.0,3000.0,7484.0,1016.4,19.2,40.0,5.41,2.3875,0.3937052519284042,-0.9163075624219792,AMOS20200313,13.79
2020-03-12 11:10:00,7000.0,3000.0,7679.0,1016.4,19.2,40.0,5.41,1.9075,0.1992033446568604,-0.979142380157555,AMOS20200313,13.79
2020-03-12 11:11:00,7000.0,3000.0,7696.5,1016.3,19.3,40.0,5.5,2.745,0.25340298618076224,-0.9627705183583902,AMOS20200313,13.8
2020-03-12 11:12:00,7000.0,3000.0,7706.0,1016.3,19.5,40.0,5.68,3.6275,0.4343673590983755,-0.9005350186073257,AMOS20200313,13.82
2020-03-12 11:13:00,8000.0,3000.0,8639.5,1016.3,19.6,41.0,6.13,3.7624999999999997,0.2193524891933388,-0.9693034814268882,AMOS20200313,13.470000000000002
2020-03-12 11:14:00,9000.0,3000.0,9503.0,1016.3,19.6,40.0,5.77,3.715,-0.004363101609320928,-0.9998857713672935,AMOS20200313,13.830000000000002
2020-03-12 11:15:00,9000.0,3000.0,9031.0,1016.4,19.5,37.0,4.57,3.27,0.07406513477456267,-0.9966903028766843,AMOS20200313,14.93
2020-03-12 11:16:00,8000.0,3000.0,8878.0,1016.4,19.6,37.0,4.66,3.0949999999999998,0.18630890161984057,-0.9813773547683601,AMOS20200313,14.940000000000001
2020-03-12 11:17:00,8000.0,3000.0,8267.5,1016.4,19.7,38.0,5.13,2.9375,0.45192160105082624,-0.8870250112426192,AMOS20200313,14.57
2020-03-12 11:18:00,8000.0,3000.0,8205.5,1016.4,19.6,38.0,5.04,2.7675,0.7604685438328813,-0.6436935897632119,AMOS20200313,14.560000000000002
2020-03-12 11:19:00,8000.0,3000.0,8291.0,1016.4,19.5,38.0,4.95,3.0875,0.7629225169130227,-0.6458566879621781,AMOS20200313,14.55
2020-03-12 11:20:00,8000.0,3000.0,8595.0,1016.3,19.4,39.0,5.23,3.605,0.5674078268778409,-0.8180394259589064,AMOS20200313,14.169999999999998
2020-03-12 11:21:00,8000.0,3000.0,8355.5,1016.3,19.5,39.0,5.32,3.5700000000000003,0.3726083150487429,-0.9220042006546095,AMOS20200313,14.18
2020-03-12 11:22:00,8000.0,3000.0,8499.0,1016.2,19.5,38.0,4.95,2.8125,-0.043499556979336114,-0.9952080893394951,AMOS20200313,14.55
2020-03-12 11:23:00,8000.0,3000.0,8420.0,1016.2,19.8,40.0,5.95,2.0825,-0.15191256522462376,-0.986901725795716,AMOS20200313,13.850000000000001
2020-03-12 11:24:00,8000.0,3000.0,8524.5,1016.2,19.8,37.0,4.84,1.5725,-0.10434671611930625,-0.9924750140737131,AMOS20200313,14.96
2020-03-12 11:25:00,8000.0,3000.0,8519.0,1016.1,19.8,38.0,5.22,1.5975000000000001,0.27768992474881166,-0.9528072095812603,AMOS20200313,14.580000000000002
2020-03-12 11:26:00,8000.0,3000.0,8286.0,1016.1,19.7,38.0,5.13,1.9925,0.7461533810774453,-0.6599918667518507,AMOS20200313,14.57
2020-03-12 11:27:00,8000.0,3000.0,8313.5,1016.1,19.8,39.0,5.59,2.0775,0.7927758807218659,-0.6083258659521507,AMOS20200313,14.21
2020-03-12 11:28:00,8000.0,3000.0,8441.0,1016.1,19.7,38.0,5.13,2.5225,0.8997947317007392,-0.4292036088072255,AMOS20200313,14.57
2020-03-12 11:29:00,8000.0,3000.0,8026.0,1016.1,19.8,40.0,5.95,2.825,0.9530996796531531,-0.3005111746755863,AMOS20200313,13.850000000000001
2020-03-12 11:30:00,8000.0,3000.0,8049.0,1016.1,19.7,38.0,5.13,2.645,0.8054293392220274,-0.5798593385101223,AMOS20200313,14.57
2020-03-12 11:31:00,8000.0,3000.0,7988.5,1016.1,19.6,40.0,5.77,2.7625,0.622299250698468,-0.7823416493708772,AMOS20200313,13.830000000000002
2020-03-12 11:32:00,8000.0,3000.0,8020.5,1016.1,19.7,39.0,5.5,3.0175,0.715564091388643,-0.6970887184197012,AMOS20200313,14.2
2020-03-12 11:33:00,7000.0,3000.0,7811.5,1016.1,19.7,40.0,5.86,3.4775,0.8427200667017306,-0.5368655905543885,AMOS20200313,13.84
2020-03-12 11:34:00,7000.0,3000.0,7690.0,1016.0,19.9,41.0,6.4,3.735,0.8658268995118976,-0.4998869281514998,AMOS20200313,13.499999999999998
2020-03-12 11:35:00,7000.0,3000.0,7514.5,1016.0,19.7,39.0,5.5,3.2575,0.8033318963015402,-0.5944442522045981,AMOS20200313,14.2
2020-03-12 11:36:00,7000.0,3000.0,7418.5,1016.0,19.6,41.0,6.13,3.225,0.7684689782284027,-0.6391281465001705,AMOS20200313,13.470000000000002
2020-03-12 11:37:00,7000.0,3000.0,7343.5,1016.0,19.9,41.0,6.4,4.125,0.7455267870859212,-0.6654042018964376,AMOS20200313,13.499999999999998
2020-03-12 11:38:00,7000.0,3000.0,7031.5,1015.9,19.9,41.0,6.4,4.425,0.6850585269176007,-0.7282397524755706,AMOS20200313,13.499999999999998
2020-03-12 11:39:00,6000.0,3000.0,6837.5,1015.9,19.7,40.0,5.86,3.975,0.7191745470472851,-0.6945006347977376,AMOS20200313,13.84
2020-03-12 11:40:00,6000.0,3000.0,6553.0,1015.9,19.4,40.0,5.59,3.3325,0.7714776846013608,-0.6359571262631355,AMOS20200313,13.809999999999999
2020-03-12 11:41:00,6500.0,3000.0,7289.0,1015.9,19.5,42.0,6.38,2.965,0.8113651592346547,-0.5840998465314724,AMOS20200313,13.120000000000001
2020-03-12 11:42:00,7000.0,3000.0,7646.0,1015.9,19.5,41.0,6.04,2.5825,0.880063973973539,-0.4728677945144242,AMOS20200313,13.46
2020-03-12 11:43:00,7000.0,3000.0,7690.0,1015.8,19.6,41.0,6.13,2.9125,0.8472261092634519,-0.5242701553129182,AMOS20200313,13.470000000000002
2020-03-12 11:44:00,8000.0,3000.0,8955.0,1015.8,19.9,41.0,6.4,3.7625,0.5733578605086352,-0.81146429619872,AMOS20200313,13.499999999999998
2020-03-12 11:45:00,8500.0,3000.0,8617.0,1015.8,20.0,39.0,5.77,4.0375,0.3987029118021302,-0.9169555868484928,AMOS20200313,14.23
2020-03-12 11:46:00,8000.0,3000.0,8264.5,1015.8,20.1,36.0,4.71,4.1375,0.4027042904487619,-0.9152157378960328,AMOS20200313,15.39
2020-03-12 11:47:00,8000.0,3000.0,8141.5,1015.8,20.1,37.0,5.11,3.17,0.5925760681606953,-0.80074025500619,AMOS20200313,14.990000000000002
2020-03-12 11:48:00,7500.0,3000.0,7981.0,1015.8,20.0,36.0,4.62,2.2175,0.6687769319825478,-0.7427460722230467,AMOS20200313,15.379999999999999
2020-03-12 11:49:00,8000.0,3000.0,8061.5,1015.7,19.8,37.0,4.84,2.8225,0.4871936652055625,-0.8700360578738008,AMOS20200313,14.96
2020-03-12 11:50:00,8000.0,3000.0,8009.5,1015.7,19.8,38.0,5.22,3.1675,0.46535459543164587,-0.884489855537213,AMOS20200313,14.580000000000002
2020-03-12 11:51:00,8000.0,3000.0,8216.5,1015.7,19.7,37.0,4.75,2.97,0.46556554562783037,-0.8848950870937646,AMOS20200313,14.95
2020-03-12 11:52:00,8000.0,3000.0,8402.0,1015.6,19.7,38.0,5.13,2.665,0.3864595435922379,-0.9216149381865028,AMOS20200313,14.57
2020-03-12 11:53:00,8000.0,3000.0,8366.5,1015.6,19.8,37.0,4.84,2.05,0.21999795220903637,-0.9721168227623525,AMOS20200313,14.96
2020-03-12 11:54:00,8000.0,3000.0,8322.5,1015.5,19.8,36.0,4.45,1.6975,0.19449879113753085,-0.9778476115872189,AMOS20200313,15.350000000000001
2020-03-12 11:55:00,8000.0,3000.0,8571.5,1015.5,19.8,37.0,4.84,1.8775,0.5569728666416249,-0.8182161854833324,AMOS20200313,14.96
2020-03-12 11:56:00,8000.0,3000.0,8484.5,1015.4,19.8,37.0,4.84,2.91,0.7852345466419892,-0.6190293201443453,AMOS20200313,14.96
2020-03-12 11:57:00,8000.0,3000.0,8970.5,1015.4,19.8,38.0,5.22,3.915,0.7151409887288008,-0.6966505827895892,AMOS20200313,14.580000000000002
2020-03-12 11:58:00,8500.0,3000.0,8883.5,1015.4,19.9,39.0,5.68,4.1875,0.44035393451789506,-0.8930456599130794,AMOS20200313,14.219999999999999
2020-03-12 11:59:00,8000.0,3000.0,8844.0,1015.4,19.9,36.0,4.54,3.7800000000000002,0.27975669732568154,-0.9598032312090814,AMOS20200313,15.36
2020-03-12 12:00:00,8000.0,3000.0,8660.5,1015.4,19.7,36.0,4.36,3.4675000000000002,0.5289443719221772,-0.8384895480548824,AMOS20200313,15.34
2020-03-12 12:01:00,8000.0,3000.0,8167.0,1015.4,19.6,36.0,4.27,3.45,0.8591763588135513,-0.5009903208779657,AMOS20200313,15.330000000000002
2020-03-12 12:02:00,8000.0,3000.0,8255.0,1015.3,19.6,38.0,5.04,3.1875,0.9584919484412557,-0.2839154777984189,AMOS20200313,14.560000000000002
2020-03-12 12:03:00,8000.0,3000.0,8146.0,1015.3,19.5,39.0,5.32,3.125,0.9235503958481073,-0.37780995724394517,AMOS20200313,14.18
2020-03-12 12:04:00,8000.0,3000.0,8375.5,1015.2,19.6,39.0,5.41,3.7,0.672164326263571,-0.727281236075904,AMOS20200313,14.190000000000001
2020-03-12 12:05:00,8000.0,3000.0,8262.5,1015.2,19.6,39.0,5.41,3.9025,0.40997916653150374,-0.9101436516082415,AMOS20200313,14.190000000000001
2020-03-12 12:06:00,8000.0,3000.0,8186.0,1015.1,19.7,38.0,5.13,3.09,0.41058316125537236,-0.9114577863863013,AMOS20200313,14.57
2020-03-12 12:07:00,8000.0,3000.0,8260.0,1015.1,19.7,37.0,4.75,2.4450000000000003,0.3251161482545092,-0.9441446457348256,AMOS20200313,14.95
2020-03-12 12:08:00,8000.0,3000.0,9135.5,1015.1,19.8,38.0,5.22,2.455,-0.03453638896719659,-0.9889927819419355,AMOS20200313,14.580000000000002
2020-03-12 12:09:00,9000.0,3000.0,9967.5,1015.1,19.7,36.0,4.36,2.9775,-0.4141498739941093,-0.9087449293966507,AMOS20200313,15.34
2020-03-12 12:10:00,9000.0,3000.0,8856.0,1015.2,19.7,35.0,3.96,4.175,-0.21975395734069336,-0.9712370238638646,AMOS20200313,15.739999999999998
2020-03-12 12:11:00,8000.0,3000.0,8152.5,1015.1,19.8,36.0,4.45,4.5125,0.013083989060736044,-0.9993527971981914,AMOS20200313,15.350000000000001
2020-03-12 12:12:00,8000.0,3000.0,8157.0,1015.1,19.8,38.0,5.22,3.2425,0.017451077394267035,-0.9997715543329696,AMOS20200313,14.580000000000002
2020-03-12 12:13:00,8000.0,3000.0,8243.0,1015.2,19.7,37.0,4.75,2.435,-0.056631328462943345,-0.9973752572300605,AMOS20200313,14.95
2020-03-12 12:14:00,8000.0,3000.0,8665.0,1015.2,19.7,38.0,5.13,1.8900000000000001,-0.2671468001612021,-0.963300241119516,AMOS20200313,14.57
2020-03-12 12:15:00,8000.0,3000.0,8819.0,1015.2,19.7,37.0,4.75,1.9025,-0.02607504425540003,-0.9965773372280899,AMOS20200313,14.95
2020-03-12 12:16:00,8500.0,3000.0,9118.0,1015.2,19.7,37.0,4.75,2.515,0.07840831490456156,-0.9962721021958162,AMOS20200313,14.95
2020-03-12 12:17:00,9000.0,3000.0,9405.0,1015.2,19.9,37.0,4.93,2.6174999999999997,0.008720887451415103,-0.9996193074777413,AMOS20200313,14.969999999999999
2020-03-12 12:18:00,9000.0,3000.0,9093.0,1015.1,19.9,35.0,4.13,3.055,0.1477613927537615,-0.9886765823926892,AMOS20200313,15.77
2020-03-12 12:19:00,8000.0,3000.0,8783.0,1015.1,19.9,36.0,4.54,3.0324999999999998,0.10880400623429057,-0.9934983101470074,AMOS20200313,15.36
2020-03-12 12:20:00,8000.0,3000.0,8717.0,1015.1,19.8,36.0,4.45,2.7525,0.16496591923251702,-0.9857974614956183,AMOS20200313,15.350000000000001
2020-03-12 12:21:00,8000.0,3000.0,8749.5,1015.0,20.0,38.0,5.4,2.9475,0.21643137258081224,-0.9762588327595204,AMOS20200313,14.6
2020-03-12 12:22:00,8000.0,3000.0,8768.0,1015.0,20.0,37.0,5.02,3.1525,0.14347784361141872,-0.9895477253932919,AMOS20200313,14.98
2020-03-12 12:23:00,8000.0,3000.0,8580.0,1014.9,19.9,36.0,4.54,3.34,0.11319890333640065,-0.9935340235047976,AMOS20200313,15.36
2020-03-12 12:24:00,8000.0,3000.0,8596.5,1014.9,19.9,38.0,5.31,3.0675,0.22444066730444945,-0.9723010411068385,AMOS20200313,14.59
2020-03-12 12:25:00,8000.0,3000.0,8368.0,1014.9,19.8,36.0,4.45,2.7975,0.4799699503000615,-0.8748225787397259,AMOS20200313,15.350000000000001
2020-03-12 12:26:00,8000.0,3000.0,8632.0,1014.9,20.0,38.0,5.4,2.775,0.5146828520491565,-0.8565812707475647,AMOS20200313,14.6
2020-03-12 12:27:00,8000.0,3000.0,8241.5,1014.9,20.1,39.0,5.86,2.9299999999999997,0.6757349365294634,-0.7311104157231881,AMOS20200313,14.240000000000002
2020-03-12 12:28:00,8000.0,3000.0,8326.0,1014.9,20.1,37.0,5.11,3.1225,0.9128580482294019,-0.401638591435789,AMOS20200313,14.990000000000002
2020-03-12 12:29:00,8000.0,3000.0,8322.0,1014.9,20.0,39.0,5.77,2.755,0.9395495010482593,-0.3419680520012285,AMOS20200313,14.23
2020-03-12 12:30:00,8000.0,3000.0,8176.5,1014.9,19.9,37.0,4.93,2.2975,0.936063222898453,-0.3499882102749653,AMOS20200313,14.969999999999999
2020-03-12 12:31:00,8000.0,3000.0,8161.5,1014.9,19.8,37.0,4.84,2.165,0.9921779723375539,-0.05195800122511779,AMOS20200313,14.96
2020-03-12 12:32:00,8000.0,3000.0,8023.0,1014.8,19.7,37.0,4.75,1.8499999999999999,0.975514373473502,0.2162717741400447,AMOS20200313,14.95
2020-03-12 12:33:00,8000.0,3000.0,8208.5,1014.8,19.6,36.0,4.27,1.4025,0.9634470011166048,0.2671875003104811,AMOS20200313,15.330000000000002
2020-03-12 12:34:00,8000.0,3000.0,8147.5,1014.8,19.6,37.0,4.66,1.48,0.980588634081298,-0.07681599483336675,AMOS20200313,14.940000000000001
2020-03-12 12:35:00,8000.0,3000.0,8182.0,1014.8,19.7,38.0,5.13,2.215,0.4067269101160902,-0.8558143260754132,AMOS20200313,14.57
2020-03-12 12:36:00,8000.0,3000.0,8275.0,1014.8,19.9,38.0,5.31,2.6975,0.013064061511289273,-0.9988202288559059,AMOS20200313,14.59
2020-03-12 12:37:00,8000.0,3000.0,7962.0,1014.8,19.9,36.0,4.54,2.1125000000000003,0.37657357270889447,-0.9202811951947655,AMOS20200313,15.36
2020-03-12 12:38:00,8000.0,3000.0,8050.5,1014.9,19.9,37.0,4.93,1.03,0.8066774022225862,-0.3970952245934628,AMOS20200313,14.969999999999999
2020-03-12 12:39:00,8000.0,3000.0,8100.5,1014.9,19.9,36.0,4.54,0.5675,0.22104967331723627,0.9172871663286507,AMOS20200313,15.36
2020-03-12 12:40:00,8000.0,3000.0,8142.0,1014.8,19.8,37.0,4.84,0.6174999999999999,-0.2456477574145629,0.47336549893193325,AMOS20200313,14.96
2020-03-12 12:41:00,8000.0,3000.0,8243.5,1014.8,19.9,38.0,5.31,1.25,0.32380765220391744,-0.9262173964187417,AMOS20200313,14.59
2020-03-12 12:42:00,7500.0,3000.0,7946.5,1014.8,20.1,38.0,5.49,2.1174999999999997,0.5806808443217596,-0.8140845193319697,AMOS20200313,14.610000000000001
2020-03-12 12:43:00,7000.0,3000.0,8004.0,1014.8,20.0,37.0,5.02,2.1625,0.6189813958724761,-0.7851753650949287,AMOS20200313,14.98
2020-03-12 12:44:00,7000.0,3000.0,7883.0,1014.7,19.9,37.0,4.93,1.8525,0.6945006347977376,-0.7191745470472851,AMOS20200313,14.969999999999999
2020-03-12 12:45:00,7000.0,3000.0,7881.5,1014.7,19.9,37.0,4.93,1.5150000000000001,0.6549724007242518,-0.753435259542807,AMOS20200313,14.969999999999999
2020-03-12 12:46:00,7000.0,3000.0,7758.5,1014.7,19.8,37.0,4.84,1.025,0.3350041654933008,-0.9331499265468515,AMOS20200313,14.96
2020-03-12 12:47:00,8000.0,3000.0,10052.0,1014.6,19.8,38.0,5.22,0.9,0.061001073263273406,-0.9974893351085219,AMOS20200313,14.580000000000002
2020-03-12 12:48:00,10000.0,3000.0,9949.5,1014.6,19.8,37.0,4.84,1.1,0.034896839021307385,-0.9993147209872891,AMOS20200313,14.96
2020-03-12 12:49:00,10000.0,3000.0,10283.0,1014.6,19.9,37.0,4.93,1.125,-0.09984721477116672,-0.9914568537228978,AMOS20200313,14.969999999999999
2020-03-12 12:50:00,10000.0,3000.0,10607.5,1014.6,19.9,36.0,4.54,1.4875,-0.38138789217110913,-0.9207518218043793,AMOS20200313,15.36
2020-03-12 12:51:00,10000.0,3000.0,11257.5,1014.6,20.0,38.0,5.4,2.5775,-0.47266160176213795,-0.8796563704429583,AMOS20200313,14.6
2020-03-12 12:52:00,10000.0,3000.0,11584.5,1014.6,20.2,38.0,5.58,3.2175,-0.18526094883302502,-0.9759303953329524,AMOS20200313,14.62
2020-03-12 12:53:00,10000.0,3000.0,11340.0,1014.6,20.2,37.0,5.2,2.335,0.2802114335883806,-0.9459779461575568,AMOS20200313,15.0
2020-03-12 12:54:00,10000.0,3000.0,11286.5,1014.6,20.0,36.0,4.62,1.145,0.5186014986011559,-0.8546264179858395,AMOS20200313,15.379999999999999
2020-03-12 12:55:00,10000.0,3000.0,11442.0,1014.6,19.8,36.0,4.45,0.7424999999999999,0.03743460259117165,-0.9666391283751508,AMOS20200313,15.350000000000001
2020-03-12 12:56:00,10000.0,3000.0,11780.5,1014.5,19.8,36.0,4.45,0.6275,-0.5281026190925013,-0.8370448976054047,AMOS20200313,15.350000000000001
2020-03-12 12:57:00,10000.0,3000.0,11984.0,1014.5,19.9,37.0,4.93,0.8300000000000001,-0.6081215908090694,-0.7925489521505591,AMOS20200313,14.969999999999999
2020-03-12 12:58:00,10000.0,3000.0,12007.5,1014.5,20.1,37.0,5.11,1.1675,-0.4701227684466805,-0.8749804211580571,AMOS20200313,14.990000000000002
2020-03-12 12:59:00,10000.0,3000.0,12254.0,1014.5,20.1,36.0,4.71,1.855,-0.2713106900882026,-0.9619874932392567,AMOS20200313,15.39
2020-03-12 13:00:00,10000.0,3000.0,11416.0,1014.5,20.0,36.0,4.62,3.0900000000000003,-0.20362018397867848,-0.9789430081035921,AMOS20200313,15.379999999999999
2020-03-12 13:01:00,10000.0,3000.0,11293.0,1014.5,20.0,38.0,5.4,3.6325,-0.13041657558798042,-0.9906529614123133,AMOS20200313,14.6
2020-03-12 13:02:00,10000.0,3000.0,11626.5,1014.5,20.0,38.0,5.4,3.3775,-0.10450590595551834,-0.9942945622276854,AMOS20200313,14.6
2020-03-12 13:03:00,10000.0,3000.0,11894.5,1014.5,19.9,38.0,5.31,2.9725,-0.030537724136196584,-0.9995050440534197,AMOS20200313,14.59
2020-03-12 13:04:00,10000.0,3000.0,11786.5,1014.4,19.8,37.0,4.84,3.005,-0.1432674313498518,-0.988193749710098,AMOS20200313,14.96
2020-03-12 13:05:00,10000.0,3000.0,11555.5,1014.4,19.8,39.0,5.59,3.32,-0.2965107623224076,-0.9549198711229154,AMOS20200313,14.21
2020-03-12 13:06:00,10000.0,3000.0,11256.0,1014.4,19.8,38.0,5.22,3.305,-0.16031346440708452,-0.9844158029094696,AMOS20200313,14.580000000000002
2020-03-12 13:07:00,10000.0,3000.0,10891.0,1014.4,19.8,39.0,5.59,2.8525,-0.06539204673460235,-0.9976784064076224,AMOS20200313,14.21
2020-03-12 13:08:00,10000.0,3000.0,11107.5,1014.4,19.8,38.0,5.22,2.0575,-0.22444752369066065,-0.9720650510691204,AMOS20200313,14.580000000000002
2020-03-12 13:09:00,10000.0,3000.0,11424.0,1014.4,19.6,37.0,4.66,1.8725,-0.33788110044632064,-0.9410775496204359,AMOS20200313,14.940000000000001
2020-03-12 13:10:00,10000.0,3000.0,11730.0,1014.4,19.5,38.0,4.95,2.825,-0.26701961505442207,-0.9628615156497169,AMOS20200313,14.55
2020-03-12 13:11:00,10000.0,3000.0,11533.5,1014.4,19.7,39.0,5.5,3.5825,-0.15207147619549707,-0.9880324361064236,AMOS20200313,14.2
2020-03-12 13:12:00,10000.0,3000.0,11186.0,1014.3,19.8,39.0,5.59,3.05,-0.17781939269812186,-0.9833377882216073,AMOS20200313,14.21
2020-03-12 13:13:00,10000.0,3000.0,10965.0,1014.3,19.6,37.0,4.66,2.5175,-0.27134882272353367,-0.9621349411996343,AMOS20200313,14.940000000000001
2020-03-12 13:14:00,10000.0,3000.0,10812.5,1014.3,19.5,38.0,4.95,2.4475,-0.38243574942186714,-0.9232815729905903,AMOS20200313,14.55
2020-03-12 13:15:00,10000.0,3000.0,10816.5,1014.3,19.5,38.0,4.95,2.4375,-0.48845954872398445,-0.8722047339535787,AMOS20200313,14.55
2020-03-12 13:16:00,10000.0,3000.0,11182.5,1014.3,19.5,39.0,5.32,2.5175,-0.5075190374550271,-0.8615963522432755,AMOS20200313,14.18
2020-03-12 13:17:00,10000.0,3000.0,11221.0,1014.2,19.6,38.0,5.04,2.5625,-0.5481934426535763,-0.8361353190840665,AMOS20200313,14.560000000000002
2020-03-12 13:18:00,10000.0,3000.0,11281.0,1014.2,19.5,38.0,4.95,3.1174999999999997,-0.5481519670720506,-0.8360714522892214,AMOS20200313,14.55
2020-03-12 13:19:00,10000.0,3000.0,11132.5,1014.2,19.5,38.0,4.95,3.84,-0.4340062437856237,-0.8997794682328003,AMOS20200313,14.55
2020-03-12 13:20:00,10000.0,3000.0,11156.5,1014.2,19.5,39.0,5.32,3.7025,-0.3130123367977683,-0.9492379233682928,AMOS20200313,14.18
2020-03-12 13:21:00,10000.0,3000.0,11062.0,1014.1,19.6,39.0,5.41,3.0925000000000002,-0.2840045302698679,-0.9587832259506772,AMOS20200313,14.190000000000001
2020-03-12 13:22:00,10000.0,3000.0,10987.5,1014.1,19.7,40.0,5.86,2.9074999999999998,-0.21626139580108478,-0.9755166742958565,AMOS20200313,13.84
2020-03-12 13:23:00,10000.0,3000.0,11447.5,1014.1,19.9,39.0,5.68,3.2525,-0.06966619998766672,-0.9962730753969724,AMOS20200313,14.219999999999999
2020-03-12 13:24:00,10000.0,3000.0,11437.0,1014.0,19.9,39.0,5.68,3.605,0.00872620321864178,-0.9999238475781956,AMOS20200313,14.219999999999999
2020-03-12 13:25:00,10000.0,3000.0,11479.0,1014.1,19.9,39.0,5.68,3.36,-0.021800891002335655,-0.9992006431088278,AMOS20200313,14.219999999999999
2020-03-12 13:26:00,10000.0,3000.0,11455.0,1014.1,19.8,38.0,5.22,2.8975,-0.05666584715877511,-0.9979069795897445,AMOS20200313,14.580000000000002
2020-03-12 13:27:00,10000.0,3000.0,11878.0,1014.0,19.6,38.0,5.04,2.8775,0.10857341798980841,-0.9914568537228978,AMOS20200313,14.560000000000002
2020-03-12 13:28:00,10000.0,3000.0,10671.5,1014.0,19.6,39.0,5.41,2.815,0.3458727315207449,-0.9375206641746465,AMOS20200313,14.190000000000001
2020-03-12 13:29:00,10000.0,3000.0,10672.5,1014.0,19.7,39.0,5.5,2.5,0.4421746465017091,-0.8966424227801486,AMOS20200313,14.2
2020-03-12 13:30:00,10000.0,3000.0,10723.5,1014.0,19.7,38.0,5.13,2.2025,0.34563718669146715,-0.936877395936756,AMOS20200313,14.57
2020-03-12 13:31:00,10000.0,3000.0,10821.0,1013.9,19.8,39.0,5.59,2.0575,0.10425412179208796,-0.9921785285371993,AMOS20200313,14.21
2020-03-12 13:32:00,10000.0,3000.0,10697.5,1013.9,19.9,39.0,5.68,1.9925,-0.04360709655750307,-0.998705779942243,AMOS20200313,14.219999999999999
2020-03-12 13:33:00,10000.0,3000.0,10737.5,1013.9,19.8,37.0,4.84,1.9925,-0.1348047713249492,-0.9905359671908434,AMOS20200313,14.96
2020-03-12 13:34:00,10000.0,3000.0,10503.0,1013.9,19.8,37.0,4.84,2.08,-0.35281158790409217,-0.9311101555538802,AMOS20200313,14.96
2020-03-12 13:35:00,10000.0,3000.0,10524.5,1013.9,19.8,38.0,5.22,2.44,-0.5182787352692312,-0.8541098886810524,AMOS20200313,14.580000000000002
2020-03-12 13:36:00,10000.0,3000.0,11931.5,1013.9,19.7,37.0,4.75,2.3775,-0.6924080406709656,-0.7170706784790322,AMOS20200313,14.95
2020-03-12 13:37:00,10000.0,3000.0,11957.5,1013.9,19.8,38.0,5.22,1.915,-0.8088329591399132,-0.587649900080056,AMOS20200313,14.580000000000002
2020-03-12 13:38:00,10000.0,3000.0,11694.5,1013.8,19.8,38.0,5.22,2.2875,-0.568894275872475,-0.804881551186684,AMOS20200313,14.580000000000002
2020-03-12 13:39:00,10000.0,3000.0,11606.5,1013.8,20.0,38.0,5.4,2.8075,-0.2415913552949085,-0.9688876296931221,AMOS20200313,14.6
2020-03-12 13:40:00,10000.0,3000.0,11851.0,1013.8,19.9,37.0,4.93,2.8825,-0.16925612365992057,-0.9850023191044823,AMOS20200313,14.969999999999999
2020-03-12 13:41:00,10000.0,3000.0,11780.5,1013.7,19.9,37.0,4.93,3.105,-0.25027321462824687,-0.9677426779556435,AMOS20200313,14.969999999999999
2020-03-12 13:42:00,10000.0,3000.0,11895.0,1013.7,20.0,39.0,5.77,3.2275,-0.30899346198244704,-0.9509840910381648,AMOS20200313,14.23
2020-03-12 13:43:00,10000.0,3000.0,11840.0,1013.7,19.8,37.0,4.84,2.925,-0.3214303644366044,-0.946903060773276,AMOS20200313,14.96
2020-03-12 13:44:00,10000.0,3000.0,11726.5,1013.7,19.7,37.0,4.75,2.2775,-0.406426959878705,-0.912849897793665,AMOS20200313,14.95
2020-03-12 13:45:00,10000.0,3000.0,11598.0,1013.7,19.6,37.0,4.66,1.6600000000000001,-0.47330607715100237,-0.8808656214290441,AMOS20200313,14.940000000000001
2020-03-12 13:46:00,10000.0,3000.0,12235.0,1013.7,19.6,37.0,4.66,2.2875,-0.4301717294205122,-0.9018614396626831,AMOS20200313,14.940000000000001
2020-03-12 13:47:00,10000.0,3000.0,12412.5,1013.7,19.6,39.0,5.41,3.1825,-0.3172442492201274,-0.9481431171608535,AMOS20200313,14.190000000000001
2020-03-12 13:48:00,10000.0,3000.0,12130.0,1013.7,19.7,38.0,5.13,3.0,-0.25455662509147636,-0.9668708533254227,AMOS20200313,14.57
2020-03-12 13:49:00,10000.0,3000.0,12203.0,1013.7,19.6,37.0,4.66,2.7425,-0.17790002177242492,-0.9837874047711406,AMOS20200313,14.940000000000001
2020-03-12 13:50:00,10000.0,3000.0,12181.0,1013.7,19.6,38.0,5.04,2.44,0.008692997380882174,-0.9977168999165722,AMOS20200313,14.560000000000002
2020-03-12 13:51:00,10000.0,3000.0,11965.0,1013.7,19.7,38.0,5.13,1.625,0.17363495393765913,-0.9847327575168044,AMOS20200313,14.57
2020-03-12 13:52:00,10000.0,3000.0,12081.5,1013.7,19.6,37.0,4.66,1.42,-0.01297650044314419,-0.9952479725004006,AMOS20200313,14.940000000000001
2020-03-12 13:53:00,10000.0,3000.0,12673.0,1013.6,19.6,38.0,5.04,2.2725,-0.3613902041642524,-0.9292824561789462,AMOS20200313,14.560000000000002
2020-03-12 13:54:00,10000.0,3000.0,12081.0,1013.6,19.7,37.0,4.75,2.3325,-0.5037214425166113,-0.8637449280820148,AMOS20200313,14.95
2020-03-12 13:55:00,10000.0,3000.0,12372.0,1013.6,19.7,37.0,4.75,1.23,-0.337393778823885,-0.9397969087235389,AMOS20200313,14.95
2020-03-12 13:56:00,10000.0,3000.0,12363.0,1013.6,19.6,37.0,4.66,1.115,-0.39470275201419647,-0.9186949058261074,AMOS20200313,14.940000000000001
2020-03-12 13:57:00,10000.0,3000.0,12273.5,1013.5,19.7,38.0,5.13,1.5125000000000002,-0.5405544987707892,-0.8403699729822134,AMOS20200313,14.57
2020-03-12 13:58:00,10000.0,3000.0,12130.5,1013.5,19.7,37.0,4.75,1.6425,-0.5661673823832871,-0.8237821725567832,AMOS20200313,14.95
2020-03-12 13:59:00,10000.0,3000.0,12379.5,1013.5,19.7,36.0,4.36,2.2125,-0.5734464939877548,-0.8189641502460777,AMOS20200313,15.34
2020-03-12 14:00:00,10000.0,3000.0,12398.5,1013.5,19.7,36.0,4.36,2.5,-0.45678602984745403,-0.8868912853860755,AMOS20200313,15.34
2020-03-12 14:01:00,10000.0,3000.0,11770.0,1013.5,19.8,38.0,5.22,2.3925,-0.28387477764914,-0.9583451884441669,AMOS20200313,14.580000000000002
2020-03-12 14:02:00,10000.0,3000.0,11292.0,1013.5,19.9,37.0,4.93,2.465,-0.2036056534115786,-0.9788682548162636,AMOS20200313,14.969999999999999
2020-03-12 14:03:00,10000.0,3000.0,11254.5,1013.5,19.8,37.0,4.84,2.3325,0.05611737229059608,-0.988808931178758,AMOS20200313,14.96
2020-03-12 14:04:00,10000.0,3000.0,11081.5,1013.5,19.8,38.0,5.22,2.02,0.34184159775240447,-0.9391904144532333,AMOS20200313,14.580000000000002
2020-03-12 14:05:00,10000.0,3000.0,10852.0,1013.6,19.8,38.0,5.22,2.035,0.1688678593365875,-0.9829074322797626,AMOS20200313,14.580000000000002
2020-03-12 14:06:00,10000.0,3000.0,10762.0,1013.6,19.8,37.0,4.84,1.8900000000000001,0.07844415900059531,-0.9967275446186042,AMOS20200313,14.96
2020-03-12 14:07:00,10000.0,3000.0,11071.0,1013.6,19.7,37.0,4.75,1.73,-0.026068401064391032,-0.9971101374497144,AMOS20200313,14.95
2020-03-12 14:08:00,10000.0,3000.0,11209.5,1013.6,19.6,38.0,5.04,1.6275,-0.3611474727087105,-0.928724212049938,AMOS20200313,14.560000000000002
2020-03-12 14:09:00,10000.0,3000.0,11296.0,1013.7,19.6,38.0,5.04,1.2974999999999999,-0.5800749564200585,-0.8132076396827687,AMOS20200313,14.560000000000002
2020-03-12 14:10:00,10000.0,3000.0,11234.5,1013.6,19.6,38.0,5.04,1.2075,-0.6427386598533558,-0.7659861069794247,AMOS20200313,14.560000000000002
2020-03-12 14:11:00,10000.0,3000.0,11670.5,1013.6,19.6,38.0,5.04,1.0575,-0.6882754653435106,-0.7252919715110149,AMOS20200313,14.560000000000002
2020-03-12 14:12:00,10000.0,3000.0,12070.5,1013.6,19.6,37.0,4.66,1.04,-0.6285059703564355,-0.7761402356584656,AMOS20200313,14.940000000000001
2020-03-12 14:13:00,10000.0,3000.0,11931.0,1013.6,19.6,38.0,5.04,1.555,-0.445183515877702,-0.8929312503061853,AMOS20200313,14.560000000000002
2020-03-12 14:14:00,10000.0,3000.0,12282.0,1013.6,19.6,38.0,5.04,1.6324999999999998,-0.3826688609525928,-0.923844354009614,AMOS20200313,14.560000000000002
2020-03-12 14:15:00,10000.0,3000.0,12177.5,1013.6,19.5,37.0,4.57,1.55,-0.3213114492313733,-0.9465413782773631,AMOS20200313,14.93
2020-03-12 14:16:00,10000.0,3000.0,12443.0,1013.6,19.5,38.0,4.95,1.8275000000000001,-0.2797566973256814,-0.9598032312090814,AMOS20200313,14.55
2020-03-12 14:17:00,10000.0,3000.0,12572.0,1013.5,19.5,38.0,4.95,2.14,-0.24614618297538082,-0.9692032512792644,AMOS20200313,14.55
2020-03-12 14:18:00,10000.0,3000.0,12224.0,1013.5,19.5,38.0,4.95,2.5425,-0.13043381632924975,-0.9908042814563831,AMOS20200313,14.55
2020-03-12 14:19:00,10000.0,3000.0,11956.5,1013.5,19.6,38.0,5.04,2.39,-0.1045284632676535,-0.9945218953682733,AMOS20200313,14.560000000000002
2020-03-12 14:20:00,10000.0,3000.0,11823.5,1013.5,19.5,38.0,4.95,1.94,-0.1088318453442479,-0.9937250415027474,AMOS20200313,14.55
2020-03-12 14:21:00,10000.0,3000.0,11773.0,1013.4,19.6,39.0,5.41,1.65,0.030527094220977557,-0.9992006431088278,AMOS20200313,14.190000000000001
2020-03-12 14:22:00,10000.0,3000.0,11868.5,1013.4,19.6,39.0,5.41,1.6675,0.1175341233707741,-0.9930400875730598,AMOS20200313,14.190000000000001
2020-03-12 14:23:00,10000.0,3000.0,12309.5,1013.4,19.7,39.0,5.5,2.0675,0.11318962269075664,-0.9934584387115976,AMOS20200313,14.2
2020-03-12 14:24:00,10000.0,3000.0,15000.0,1013.4,19.6,37.0,4.66,2.6425,0.07406645167917911,-0.9966138840381905,AMOS20200313,14.940000000000001
2020-03-12 14:25:00,10000.0,3000.0,14991.5,1013.4,19.6,38.0,5.04,2.68,-0.008726203218641758,-0.9999238475781956,AMOS20200313,14.560000000000002
2020-03-12 14:26:00,10000.0,3000.0,14939.0,1013.4,19.6,38.0,5.04,2.3725,0.017447090670056873,-0.9996193074777413,AMOS20200313,14.560000000000002
2020-03-12 14:27:00,10000.0,3000.0,15000.0,1013.4,19.6,38.0,5.04,2.45,0.06975647374412552,-0.9975640502598242,AMOS20200313,14.560000000000002
2020-03-12 14:28:00,10000.0,3000.0,15000.0,1013.4,19.5,38.0,4.95,2.1350000000000002,0.1305013431682744,-0.9912561140865759,AMOS20200313,14.55
2020-03-12 14:29:00,10000.0,3000.0,15000.0,1013.4,19.5,38.0,4.95,1.6275,0.07845610824589186,-0.9968793741757849,AMOS20200313,14.55
2020-03-12 14:30:00,10000.0,3000.0,15000.0,1013.4,19.5,38.0,4.95,1.8075,-3.9867242101517525e-06,-0.9994670142325153,AMOS20200313,14.55
2020-03-12 14:31:00,10000.0,3000.0,15000.0,1013.4,19.5,38.0,4.95,1.97,0.030533737411986554,-0.9993527971981914,AMOS20200313,14.55
2020-03-12 14:32:00,10000.0,3000.0,15000.0,1013.4,19.5,38.0,4.95,1.9949999999999999,-0.008726203218641756,-0.9999238475781956,AMOS20200313,14.55
2020-03-12 14:33:00,10000.0,3000.0,15000.0,1013.4,19.4,37.0,4.48,2.4075,-0.07844415900059507,-0.9967275446186042,AMOS20200313,14.919999999999998
2020-03-12 14:34:00,10000.0,3000.0,15000.0,1013.4,19.4,38.0,4.86,2.4775,-0.10015344517987557,-0.9946371781153533,AMOS20200313,14.54
2020-03-12 14:35:00,10000.0,3000.0,15000.0,1013.4,19.4,38.0,4.86,2.2075,-0.2159400421504027,-0.9741070160812321,AMOS20200313,14.54
2020-03-12 14:36:00,10000.0,3000.0,15000.0,1013.5,19.4,38.0,4.86,2.0324999999999998,-0.4023958261103646,-0.9145196480722517,AMOS20200313,14.54
2020-03-12 14:37:00,10000.0,3000.0,15000.0,1013.5,19.3,38.0,4.77,2.3425000000000002,-0.5074809612441249,-0.8615304023114332,AMOS20200313,14.530000000000001
2020-03-12 14:38:00,10000.0,3000.0,15000.0,1013.5,19.3,38.0,4.77,2.8375,-0.48054149358667464,-0.8758974953249504,AMOS20200313,14.530000000000001
2020-03-12 14:39:00,10000.0,3000.0,15000.0,1013.5,19.3,39.0,5.14,2.8775,-0.34167416139534057,-0.9387653524977153,AMOS20200313,14.16
2020-03-12 14:40:00,10000.0,3000.0,15000.0,1013.5,19.3,39.0,5.14,2.695,-0.28396127500430096,-0.9586371986213941,AMOS20200313,14.16
2020-03-12 14:41:00,10000.0,3000.0,15000.0,1013.6,19.3,39.0,5.14,2.435,-0.33790714610854067,-0.9411491094892606,AMOS20200313,14.16
2020-03-12 14:42:00,10000.0,3000.0,15000.0,1013.6,19.3,38.0,4.77,2.49,-0.32135724643725533,-0.9466866284575015,AMOS20200313,14.530000000000001
2020-03-12 14:43:00,10000.0,3000.0,15000.0,1013.6,19.3,39.0,5.14,2.7175000000000002,-0.19056206424808952,-0.980356832919101,AMOS20200313,14.16
2020-03-12 14:44:00,10000.0,3000.0,15000.0,1013.6,19.3,39.0,5.14,2.6125,-0.05231602990789194,-0.9982493176317642,AMOS20200313,14.16
2020-03-12 14:45:00,10000.0,3000.0,15000.0,1013.6,19.3,39.0,5.14,2.1975,-0.047952928298571,-0.9982873938426664,AMOS20200313,14.16
2020-03-12 14:46:00,10000.0,3000.0,15000.0,1013.6,19.2,38.0,4.68,1.8475000000000001,-0.1045284632676535,-0.9945218953682733,AMOS20200313,14.52
2020-03-12 14:47:00,10000.0,3000.0,15000.0,1013.6,19.1,37.0,4.21,1.8675000000000002,-0.09580759645022403,-0.9949791340322409,AMOS20200313,14.89
2020-03-12 14:48:00,10000.0,3000.0,15000.0,1013.6,19.1,38.0,4.59,1.81,-0.039255953906417916,-0.9991243979211587,AMOS20200313,14.510000000000002
2020-03-12 14:49:00,10000.0,3000.0,15000.0,1013.6,19.1,38.0,4.59,1.5675,-0.01743911843603134,-0.9993148601431516,AMOS20200313,14.510000000000002
2020-03-12 14:50:00,10000.0,3000.0,15000.0,1013.6,19.1,37.0,4.21,1.4475,-0.10017732304202917,-0.9948643607982717,AMOS20200313,14.89
2020-03-12 14:51:00,10000.0,3000.0,15000.0,1013.6,19.2,39.0,5.05,1.7225000000000001,-0.04790645428731809,-0.9972229639848345,AMOS20200313,14.149999999999999
2020-03-12 14:52:00,10000.0,3000.0,15000.0,1013.5,19.2,39.0,5.05,1.8475,0.06540134436883009,-0.9978304213835116,AMOS20200313,14.149999999999999
2020-03-12 14:53:00,10000.0,3000.0,15000.0,1013.5,19.2,38.0,4.68,1.7225,-0.09995852038233746,-0.9925920082951829,AMOS20200313,14.52
2020-03-12 14:54:00,10000.0,3000.0,15000.0,1013.5,19.2,38.0,4.68,2.245,-0.2712439024301354,-0.9617690406529849,AMOS20200313,14.52
2020-03-12 14:55:00,10000.0,3000.0,15000.0,1013.5,19.2,40.0,5.41,2.935,-0.3296055204052159,-0.9438465199683543,AMOS20200313,13.79
2020-03-12 14:56:00,10000.0,3000.0,15000.0,1013.5,19.2,40.0,5.41,3.2125000000000004,-0.38664171239991196,-0.9220338977611708,AMOS20200313,13.79
2020-03-12 14:57:00,10000.0,3000.0,14984.0,1013.4,19.1,39.0,4.96,3.4125,-0.3458727315207448,-0.9375206641746465,AMOS20200313,14.14
2020-03-12 14:58:00,10000.0,3000.0,14958.0,1013.4,19.1,40.0,5.32,3.55,-0.1820846142441271,-0.9824698297650921,AMOS20200313,13.780000000000001
2020-03-12 14:59:00,10000.0,3000.0,15000.0,1013.3,19.1,40.0,5.32,3.3925,-0.13484716157133597,-0.9908375894665082,AMOS20200313,13.780000000000001
2020-03-12 15:00:00,10000.0,3000.0,14427.0,1013.2,19.1,40.0,5.32,3.3674999999999997,-0.1650413213535806,-0.986248046803673,AMOS20200313,13.780000000000001
2020-03-12 15:01:00,10000.0,3000.0,14566.0,1013.2,19.1,41.0,5.67,3.52,-0.09146044779899351,-0.9953977168382411,AMOS20200313,13.430000000000001
2020-03-12 15:02:00,10000.0,3000.0,14898.0,1013.1,19.0,40.0,5.23,3.3274999999999997,-0.05668710010842375,-0.9982871155733295,AMOS20200313,13.77
2020-03-12 15:03:00,10000.0,3000.0,14741.0,1013.0,19.0,40.0,5.23,2.975,-0.047976841357832894,-0.9988198578207044,AMOS20200313,13.77
2020-03-12 15:04:00,10000.0,3000.0,14640.0,1013.0,19.0,40.0,5.23,2.87,0.026170635802665612,-0.9993147209872891,AMOS20200313,13.77
2020-03-12 15:05:00,10000.0,3000.0,14548.0,1012.9,19.0,41.0,5.58,2.9575,0.05669108561823924,-0.9983631636308864,AMOS20200313,13.42
2020-03-12 15:06:00,10000.0,3000.0,14109.0,1012.8,19.0,41.0,5.58,3.0,-0.03487292474765043,-0.9986299057897755,AMOS20200313,13.42
2020-03-12 15:07:00,10000.0,3000.0,13814.0,1012.8,19.0,41.0,5.58,3.0825,-0.1131989033364004,-0.9935340235047977,AMOS20200313,13.42
2020-03-12 15:08:00,10000.0,3000.0,13914.0,1012.7,19.0,41.0,5.58,3.1225,-0.043599127966292194,-0.9986299057897755,AMOS20200313,13.42
2020-03-12 15:09:00,10000.0,3000.0,13954.5,1012.7,19.0,41.0,5.58,2.855,0.030533737411986554,-0.9993527971981914,AMOS20200313,13.42
2020-03-12 15:10:00,10000.0,3000.0,13608.5,1012.7,19.0,41.0,5.58,2.645,0.02617595156989229,-0.9996192610877435,AMOS20200313,13.42
2020-03-12 15:11:00,10000.0,3000.0,13395.5,1012.7,19.0,41.0,5.58,2.8575,-0.0174497483512505,-0.9996192610877435,AMOS20200313,13.42
2020-03-12 15:12:00,10000.0,3000.0,13150.0,1012.7,19.0,42.0,5.93,2.9699999999999998,-0.05668710010842375,-0.9982871155733295,AMOS20200313,13.07
2020-03-12 15:13:00,10000.0,3000.0,13081.0,1012.7,19.1,42.0,6.02,2.99,-0.04361772647272223,-0.9990101808868348,AMOS20200313,13.080000000000002
2020-03-12 15:14:00,10000.0,3000.0,13120.5,1012.7,19.1,42.0,6.02,3.165,-0.008726203218641758,-0.9999238475781956,AMOS20200313,13.080000000000002
2020-03-12 15:15:00,10000.0,3000.0,13325.0,1012.6,19.1,41.0,5.67,3.2525,0.00872620321864178,-0.9999238475781956,AMOS20200313,13.430000000000001
2020-03-12 15:16:00,10000.0,3000.0,12890.0,1012.6,19.1,41.0,5.67,3.165,1.1275702593849246e-17,-0.9999238475781956,AMOS20200313,13.430000000000001
2020-03-12 15:17:00,10000.0,3000.0,13114.5,1012.6,19.1,42.0,6.02,2.9875,0.03489949670250114,-0.9993908270190958,AMOS20200313,13.080000000000002
2020-03-12 15:18:00,10000.0,3000.0,12807.5,1012.6,19.1,42.0,6.02,2.8725,0.03925595390641805,-0.9991243979211587,AMOS20200313,13.080000000000002
2020-03-12 15:19:00,10000.0,3000.0,12676.5,1012.6,19.1,42.0,6.02,2.77,0.004363101609320952,-0.9999619237890978,AMOS20200313,13.080000000000002
2020-03-12 15:20:00,10000.0,3000.0,12827.0,1012.6,19.1,42.0,6.02,2.54,0.004363101609320841,-0.9998857713672935,AMOS20200313,13.080000000000002
2020-03-12 15:21:00,10000.0,3000.0,12827.0,1012.6,19.2,42.0,6.11,2.5375,-0.06539204673460235,-0.9976784064076224,AMOS20200313,13.09
2020-03-12 15:22:00,10000.0,3000.0,13073.5,1012.6,19.2,42.0,6.11,2.9325,-0.13052122218260642,-0.9914071101914461,AMOS20200313,13.09
2020-03-12 15:23:00,10000.0,3000.0,13528.0,1012.6,19.2,42.0,6.11,3.2725,-0.22038426518479493,-0.9739790015704584,AMOS20200313,13.09
2020-03-12 15:24:00,10000.0,3000.0,13345.0,1012.7,19.2,41.0,5.76,3.3425,-0.37435234753851443,-0.92654747934543,AMOS20200313,13.44
2020-03-12 15:25:00,10000.0,3000.0,13536.0,1012.7,19.2,41.0,5.76,3.2325,-0.3825250057232953,-0.9234918476594745,AMOS20200313,13.44
2020-03-12 15:26:00,10000.0,3000.0,13795.5,1012.8,19.1,40.0,5.32,2.89,-0.30892287197314056,-0.9507668373286337,AMOS20200313,13.780000000000001
2020-03-12 15:27:00,10000.0,3000.0,13627.5,1012.8,19.2,41.0,5.76,2.755,-0.30894513678652236,-0.9508396622517832,AMOS20200313,13.44
2020-03-12 15:28:00,10000.0,3000.0,13506.0,1012.9,19.2,41.0,5.76,3.24,-0.3945205832065225,-0.9182759462514393,AMOS20200313,13.44
2020-03-12 15:29:00,10000.0,3000.0,13363.0,1012.9,19.2,41.0,5.76,3.41,-0.41464647842784286,-0.9098570536405977,AMOS20200313,13.44
2020-03-12 15:30:00,10000.0,3000.0,13419.5,1013.0,19.1,41.0,5.67,3.4699999999999998,-0.3460029201654571,-0.9378783545362628,AMOS20200313,13.430000000000001
2020-03-12 15:31:00,10000.0,3000.0,12993.5,1013.0,19.1,41.0,5.67,3.7350000000000003,-0.31315478439549965,-0.9496720311211944,AMOS20200313,13.430000000000001
2020-03-12 15:32:00,10000.0,3000.0,12885.0,1013.0,19.1,41.0,5.67,3.585,-0.3090169943749473,-0.9510565162951536,AMOS20200313,13.430000000000001
2020-03-12 15:33:00,10000.0,3000.0,12867.5,1013.1,19.1,41.0,5.67,3.3575,-0.2797776877778665,-0.9598764336152149,AMOS20200313,13.430000000000001
2020-03-12 15:34:00,10000.0,3000.0,12909.0,1013.1,19.1,41.0,5.67,3.4075,-0.38261057863157155,-0.9237036480397576,AMOS20200313,13.430000000000001
2020-03-12 15:35:00,10000.0,3000.0,12702.5,1013.1,19.1,42.0,6.02,3.42,-0.45782619302510147,-0.8889239390513471,AMOS20200313,13.080000000000002
2020-03-12 15:36:00,10000.0,3000.0,12720.0,1013.1,19.2,42.0,6.11,3.2425,-0.44614744023983477,-0.8948318399004385,AMOS20200313,13.09
2020-03-12 15:37:00,10000.0,3000.0,12756.0,1013.2,19.2,41.0,5.76,3.4875,-0.48845954872398445,-0.8722047339535787,AMOS20200313,13.44
2020-03-12 15:38:00,10000.0,3000.0,12707.0,1013.2,19.2,41.0,5.76,3.765,-0.5445134999581207,-0.838479701136817,AMOS20200313,13.44
2020-03-12 15:39:00,10000.0,3000.0,12503.5,1013.2,19.1,41.0,5.67,3.505,-0.6620943087094152,-0.7483534589468289,AMOS20200313,13.430000000000001
2020-03-12 15:40:00,10000.0,3000.0,12575.0,1013.3,19.0,41.0,5.58,3.1174999999999997,-0.7101650359745734,-0.70399467850466,AMOS20200313,13.42
2020-03-12 15:41:00,10000.0,3000.0,12613.5,1013.2,18.9,41.0,5.49,2.785,-0.7162815455506253,-0.6977704731408849,AMOS20200313,13.409999999999998
2020-03-12 15:42:00,10000.0,3000.0,12900.0,1013.2,18.9,42.0,5.84,2.685,-0.7429759465653973,-0.6689767586997175,AMOS20200313,13.059999999999999
2020-03-12 15:43:00,10000.0,3000.0,13102.0,1013.2,19.0,42.0,5.93,2.985,-0.7715952022879742,-0.6360540003681887,AMOS20200313,13.07
2020-03-12 15:44:00,10000.0,3000.0,13554.0,1013.2,19.0,42.0,5.93,3.2225,-0.7628633353659621,-0.6458087636903089,AMOS20200313,13.07
2020-03-12 15:45:00,10000.0,3000.0,13963.0,1013.3,19.0,41.0,5.58,2.975,-0.7340787221264711,-0.6785736941496029,AMOS20200313,13.42
2020-03-12 15:46:00,10000.0,3000.0,14622.5,1013.4,18.9,42.0,5.84,2.9625,-0.8034590096085632,-0.5945283924912765,AMOS20200313,13.059999999999999
2020-03-12 15:47:00,10000.0,3000.0,14369.5,1013.4,18.9,43.0,6.18,3.2475,-0.8433593320509251,-0.537279149624116,AMOS20200313,12.719999999999999
2020-03-12 15:48:00,10000.0,3000.0,14121.5,1013.4,18.9,43.0,6.18,3.33,-0.8386705679454242,-0.544639035015027,AMOS20200313,12.719999999999999
2020-03-12 15:49:00,10000.0,3000.0,13915.5,1013.4,18.8,43.0,6.08,3.315,-0.8457037141036755,-0.5335992069286605,AMOS20200313,12.72
2020-03-12 15:50:00,10000.0,3000.0,13621.0,1013.4,18.8,43.0,6.08,3.3575,-0.8410149499981746,-0.5409590923195715,AMOS20200313,12.72
2020-03-12 15:51:00,10000.0,3000.0,13722.5,1013.4,18.8,44.0,6.42,3.34,-0.8265030572696123,-0.5627462027969665,AMOS20200313,12.38
2020-03-12 15:52:00,10000.0,3000.0,13950.0,1013.4,18.7,43.0,5.99,3.2575,-0.7983314384319079,-0.6015858887547538,AMOS20200313,12.709999999999999
2020-03-12 15:53:00,10000.0,3000.0,13906.5,1013.5,18.7,43.0,5.99,3.1174999999999997,-0.7878907357521316,-0.6155677071009431,AMOS20200313,12.709999999999999
2020-03-12 15:54:00,10000.0,3000.0,14136.5,1013.5,18.7,43.0,5.99,2.9325,-0.8088313967561437,-0.5876520505168291,AMOS20200313,12.709999999999999
2020-03-12 15:55:00,10000.0,3000.0,14074.0,1013.5,18.7,42.0,5.65,2.7325,-0.8289744393361249,-0.5591503195768917,AMOS20200313,13.049999999999999
2020-03-12 15:56:00,10000.0,3000.0,13938.0,1013.5,18.7,43.0,5.99,2.5949999999999998,-0.8314458214026375,-0.5555544363568167,AMOS20200313,12.709999999999999
2020-03-12 15:57:00,10000.0,3000.0,13854.0,1013.5,18.6,43.0,5.9,2.545,-0.8240948084220168,-0.5663846699108965,AMOS20200313,12.700000000000001
2020-03-12 15:58:00,10000.0,3000.0,13727.0,1013.5,18.6,42.0,5.56,2.7575000000000003,-0.8166182818104806,-0.5771286403364031,AMOS20200313,13.040000000000003
2020-03-12 15:59:00,10000.0,3000.0,13420.5,1013.5,18.6,44.0,6.23,3.0149999999999997,-0.8265661904885293,-0.5627887866908216,AMOS20200313,12.370000000000001
2020-03-12 16:00:00,10000.0,3000.0,13479.5,1013.5,18.6,43.0,5.9,2.9400000000000004,-0.8410149499981746,-0.5409590923195715,AMOS20200313,12.700000000000001
2020-03-12 16:01:00,10000.0,3000.0,13372.5,1013.6,18.6,43.0,5.9,2.85,-0.8289744393361249,-0.5591503195768917,AMOS20200313,12.700000000000001
2020-03-12 16:02:00,10000.0,3000.0,13233.0,1013.6,18.5,43.0,5.81,2.4975,-0.8314458214026375,-0.5555544363568167,AMOS20200313,12.690000000000001
2020-03-12 16:03:00,10000.0,3000.0,13069.0,1013.6,18.5,43.0,5.81,1.9974999999999998,-0.8240948084220168,-0.5663846699108965,AMOS20200313,12.690000000000001
2020-03-12 16:04:00,10000.0,3000.0,13225.0,1013.6,18.5,44.0,6.14,1.8650000000000002,-0.8140845193319695,-0.5806808443217598,AMOS20200313,12.36
2020-03-12 16:05:00,10000.0,3000.0,13591.5,1013.6,18.4,44.0,6.05,1.9075,-0.8240948084220168,-0.5663846699108965,AMOS20200313,12.349999999999998
2020-03-12 16:06:00,10000.0,3000.0,13630.0,1013.6,18.5,44.0,6.14,1.9075,-0.8114891482500558,-0.5841882870366536,AMOS20200313,12.36
2020-03-12 16:07:00,10000.0,3000.0,13545.0,1013.6,18.5,45.0,6.47,1.9224999999999999,-0.8524778421471002,-0.5223990935395717,AMOS20200313,12.030000000000001
2020-03-12 16:08:00,10000.0,3000.0,13598.5,1013.6,18.5,45.0,6.47,2.1550000000000002,-0.9150070529902489,-0.402611377942516,AMOS20200313,12.030000000000001
2020-03-12 16:09:00,10000.0,3000.0,13605.0,1013.7,18.5,46.0,6.78,2.3024999999999998,-0.9187650044999804,-0.3947325071359054,AMOS20200313,11.719999999999999
2020-03-12 16:10:00,10000.0,3000.0,13787.5,1013.7,18.5,44.0,6.14,2.1550000000000002,-0.8985881380796259,-0.43827219733599293,AMOS20200313,12.36
2020-03-12 16:11:00,10000.0,3000.0,13857.5,1013.7,18.5,44.0,6.14,2.0525,-0.9184166522212954,-0.39457886552754406,AMOS20200313,12.36
2020-03-12 16:12:00,10000.0,3000.0,13888.0,1013.7,18.5,45.0,6.47,1.97,-0.9482155424178422,-0.3172677816126278,AMOS20200313,12.030000000000001
2020-03-12 16:13:00,10000.0,3000.0,13729.0,1013.7,18.5,45.0,6.47,1.7725,-0.9300271772503498,-0.36634959024525127,AMOS20200313,12.030000000000001
2020-03-12 16:14:00,10000.0,3000.0,13689.0,1013.7,18.5,47.0,7.1,1.8325,-0.896641257551926,-0.4421770355736102,AMOS20200313,11.4
2020-03-12 16:15:00,10000.0,3000.0,13496.5,1013.7,18.4,47.0,7.0,2.185,-0.8967787204281381,-0.44224260200221766,AMOS20200313,11.399999999999999
2020-03-12 16:16:00,10000.0,3000.0,13331.5,1013.7,18.4,46.0,6.69,2.3575,-0.9150070529902489,-0.402611377942516,AMOS20200313,11.709999999999997
2020-03-12 16:17:00,10000.0,3000.0,13385.0,1013.6,18.4,45.0,6.37,2.1374999999999997,-0.9127151899087756,-0.40635534817337887,AMOS20200313,12.029999999999998
2020-03-12 16:18:00,10000.0,3000.0,13392.5,1013.6,18.4,45.0,6.37,1.6625,-0.8405657791962244,-0.5406721510137495,AMOS20200313,12.029999999999998
2020-03-12 16:19:00,10000.0,3000.0,13415.0,1013.6,18.4,46.0,6.69,1.5025,-0.8088313967561437,-0.5876520505168291,AMOS20200313,11.709999999999997
2020-03-12 16:20:00,10000.0,3000.0,13380.5,1013.6,18.4,47.0,7.0,1.7,-0.8089553857715448,-0.5877404910220103,AMOS20200313,11.399999999999999
2020-03-12 16:21:00,10000.0,3000.0,13421.5,1013.6,18.4,45.0,6.37,1.7,-0.8333461088806192,-0.5515797569466947,AMOS20200313,12.029999999999998
2020-03-12 16:22:00,10000.0,3000.0,13487.5,1013.6,18.5,44.0,6.14,1.575,-0.8869770585236474,-0.46173103126271886,AMOS20200313,12.36
2020-03-12 16:23:00,10000.0,3000.0,12680.5,1013.6,18.5,44.0,6.14,1.6225,-0.852282035933089,-0.5222814412966112,AMOS20200313,12.36
2020-03-12 16:24:00,10000.0,3000.0,12072.0,1013.6,18.5,45.0,6.47,1.7775,-0.8546923679176818,-0.5186395748120582,AMOS20200313,12.030000000000001
2020-03-12 16:25:00,10000.0,3000.0,12065.5,1013.6,18.5,45.0,6.47,1.77,-0.8569721690541033,-0.5149192774812705,AMOS20200313,12.030000000000001
2020-03-12 16:26:00,10000.0,3000.0,12214.5,1013.6,18.5,44.0,6.14,1.6775,-0.8009876275420506,-0.5981242757113514,AMOS20200313,12.36
2020-03-12 16:27:00,10000.0,3000.0,12406.5,1013.6,18.5,44.0,6.14,1.6175,-0.7743705818724724,-0.6326871957090132,AMOS20200313,12.36
2020-03-12 16:28:00,10000.0,3000.0,12501.5,1013.6,18.5,44.0,6.14,1.72,-0.7852945555692843,-0.6190762042567031,AMOS20200313,12.36
2020-03-12 16:29:00,10000.0,3000.0,12533.5,1013.7,18.5,44.0,6.14,1.7149999999999999,-0.7423006191635291,-0.6683615402843818,AMOS20200313,12.36
2020-03-12 16:30:00,10000.0,3000.0,12556.0,1013.7,18.5,43.0,5.81,1.57,-0.5643162197904128,-0.8210851948213544,AMOS20200313,12.690000000000001
2020-03-12 16:31:00,10000.0,3000.0,12552.5,1013.7,18.5,44.0,6.14,1.7075,-0.2491898330903889,-0.9635455907262376,AMOS20200313,12.36
2020-03-12 16:32:00,10000.0,3000.0,12370.5,1013.7,18.5,44.0,6.14,2.395,0.19340536492201307,-0.9717986483453519,AMOS20200313,12.36
2020-03-12 16:33:00,9500.0,3000.0,7323.5,1013.6,18.5,44.0,6.14,3.6275,0.5207296930203462,-0.8497536280933087,AMOS20200313,12.36
2020-03-12 16:34:00,5000.0,3000.0,5364.5,1013.7,18.5,47.0,7.1,4.5425,0.6292724667779681,-0.7770867799099104,AMOS20200313,11.4
2020-03-12 16:35:00,5000.0,3000.0,5028.0,1013.6,18.1,53.0,8.48,4.6675,0.6560090685066031,-0.754652107260479,AMOS20200313,9.620000000000001
2020-03-12 16:36:00,4900.0,3000.0,4965.5,1013.6,17.8,56.0,9.0,4.305,0.7006143007326788,-0.7129531361218466,AMOS20200313,8.8
2020-03-12 16:37:00,4900.0,3000.0,4950.0,1013.6,17.6,57.0,9.08,3.9225000000000003,0.7546521072604792,-0.656009068506603,AMOS20200313,8.520000000000001
2020-03-12 16:38:00,4900.0,3000.0,4906.0,1013.6,17.4,58.0,9.14,3.755,0.7518183915364276,-0.6593269233325949,AMOS20200313,8.259999999999998
2020-03-12 16:39:00,4800.0,3000.0,4861.5,1013.6,17.4,59.0,9.39,3.8674999999999997,0.7488697298877902,-0.6625448571907785,AMOS20200313,8.009999999999998
2020-03-12 16:40:00,4800.0,3000.0,4830.5,1013.6,17.3,59.0,9.3,4.217499999999999,0.777145961456971,-0.6293203910498373,AMOS20200313,8.0
2020-03-12 16:41:00,4800.0,3000.0,4817.5,1013.7,17.3,59.0,9.3,4.43,0.7769692622232968,-0.6291755926729152,AMOS20200313,8.0
2020-03-12 16:42:00,4800.0,3000.0,4801.5,1013.7,17.2,59.0,9.21,4.3625,0.7518183915364276,-0.6593269233325949,AMOS20200313,7.989999999999998
2020-03-12 16:43:00,4800.0,3000.0,4810.5,1013.7,17.2,59.0,9.21,4.16,0.7401404522346269,-0.6722965888685906,AMOS20200313,7.989999999999998
2020-03-12 16:44:00,4800.0,3000.0,4821.0,1013.7,17.2,59.0,9.21,4.22,0.7631523912553733,-0.6460565146793478,AMOS20200313,7.989999999999998
2020-03-12 16:45:00,4750.0,3000.0,4798.0,1013.7,17.1,60.0,9.36,4.4675,0.7798621594944087,-0.6259056621187925,AMOS20200313,7.740000000000002
2020-03-12 16:46:00,4800.0,3000.0,4801.0,1013.7,17.1,59.0,9.11,4.4675,0.8140845193319696,-0.5806808443217596,AMOS20200313,7.990000000000002
2020-03-12 16:47:00,4750.0,3000.0,4806.0,1013.7,17.1,60.0,9.36,4.25,0.7932023048714834,-0.6086455354550042,AMOS20200313,7.740000000000002
2020-03-12 16:48:00,4750.0,3000.0,4790.5,1013.7,17.0,60.0,9.26,4.1525,0.7310752468063413,-0.6817386967487276,AMOS20200313,7.74
2020-03-12 16:49:00,4700.0,3000.0,4797.0,1013.7,17.1,60.0,9.36,4.3149999999999995,0.7162815455506252,-0.6977704731408849,AMOS20200313,7.740000000000002
2020-03-12 16:50:00,4700.0,3000.0,4770.5,1013.7,17.0,60.0,9.26,4.2875,0.7282945319434667,-0.6851114268348378,AMOS20200313,7.74
2020-03-12 16:51:00,4700.0,3000.0,4764.0,1013.7,17.0,60.0,9.26,3.9125,0.7162815455506252,-0.6977704731408849,AMOS20200313,7.74
2020-03-12 16:52:00,4700.0,3000.0,4728.5,1013.7,17.0,60.0,9.26,3.7275,0.7162815455506252,-0.6977704731408849,AMOS20200313,7.74
2020-03-12 16:53:00,4700.0,3000.0,4725.5,1013.7,16.9,60.0,9.17,3.5575,0.7313537016191706,-0.6819983600624984,AMOS20200313,7.729999999999999
2020-03-12 16:54:00,4700.0,3000.0,4725.0,1013.8,16.9,60.0,9.17,2.9775,0.7003527253518316,-0.7126765277707298,AMOS20200313,7.729999999999999
2020-03-12 16:55:00,4650.0,3000.0,4692.0,1013.8,16.9,61.0,9.41,2.7625,0.6258577378469234,-0.7798029779473481,AMOS20200313,7.489999999999998
2020-03-12 16:56:00,4700.0,3000.0,4716.5,1013.8,16.9,62.0,9.65,3.21,0.6258577378469234,-0.7798029779473481,AMOS20200313,7.249999999999998
2020-03-12 16:57:00,4700.0,3000.0,4702.0,1013.8,16.9,61.0,9.41,3.4299999999999997,0.6292724667779681,-0.7770867799099104,AMOS20200313,7.489999999999998
2020-03-12 16:58:00,4600.0,3000.0,4699.5,1013.8,16.9,60.0,9.17,3.3225,0.6493244090214356,-0.7602612025690287,AMOS20200313,7.729999999999999
2020-03-12 16:59:00,4600.0,3000.0,4695.0,1013.8,16.9,61.0,9.41,3.5425,0.7338578081309279,-0.6783640545955409,AMOS20200313,7.489999999999998
2020-03-12 17:00:00,4600.0,3000.0,4677.0,1013.8,16.9,61.0,9.41,3.4675,0.7688198227034763,-0.6394208050273639,AMOS20200313,7.489999999999998
2020-03-12 17:01:00,4600.0,3000.0,4665.5,1013.8,16.8,61.0,9.32,2.8875,0.7425790061213653,-0.6686211403223475,AMOS20200313,7.48
2020-03-12 17:02:00,4600.0,3000.0,4687.5,1013.9,16.8,62.0,9.56,2.4825,0.6753606750676334,-0.7370229116739926,AMOS20200313,7.24
2020-03-12 17:03:00,4600.0,3000.0,4704.5,1013.9,16.7,62.0,9.46,2.69,0.6754615914677153,-0.737136976914497,AMOS20200313,7.239999999999998
2020-03-12 17:04:00,4700.0,3000.0,4737.5,1013.9,16.7,62.0,9.46,3.145,0.6658627120167706,-0.7460360141637385,AMOS20200313,7.239999999999998
2020-03-12 17:05:00,4700.0,3000.0,4758.5,1013.9,16.7,62.0,9.46,3.325,0.6560590289905073,-0.754709580222772,AMOS20200313,7.239999999999998
2020-03-12 17:06:00,4700.0,3000.0,4711.0,1013.9,16.7,62.0,9.46,3.4625000000000004,0.6883283652607478,-0.7253467509789109,AMOS20200313,7.239999999999998
2020-03-12 17:07:00,4700.0,3000.0,4717.0,1013.9,16.7,62.0,9.46,3.495,0.7039408306107983,-0.7101111880807118,AMOS20200313,7.239999999999998
2020-03-12 17:08:00,4700.0,3000.0,4705.0,1013.9,16.7,62.0,9.46,3.4275,0.7488131376095788,-0.6624939012746007,AMOS20200313,7.239999999999998
2020-03-12 17:09:00,4700.0,3000.0,4720.5,1013.9,16.6,62.0,9.37,3.645,0.777145961456971,-0.6293203910498373,AMOS20200313,7.230000000000002
2020-03-12 17:10:00,4700.0,3000.0,4708.0,1013.9,16.6,62.0,9.37,3.5425,0.760377011670875,-0.6494233193385233,AMOS20200313,7.230000000000002
2020-03-12 17:11:00,4700.0,3000.0,4711.5,1013.9,16.5,62.0,9.27,3.0175,0.7688198227034763,-0.6394208050273639,AMOS20200313,7.23
2020-03-12 17:12:00,4700.0,3000.0,4718.0,1013.9,16.5,62.0,9.27,2.735,0.7687614865639231,-0.6393718551941803,AMOS20200313,7.23
2020-03-12 17:13:00,4700.0,3000.0,4734.5,1013.9,16.5,63.0,9.51,2.605,0.7221241744735533,-0.6912817843047513,AMOS20200313,6.99
2020-03-12 17:14:00,4700.0,3000.0,4733.0,1013.9,16.5,63.0,9.51,2.5275,0.6719879449815231,-0.7398036265368669,AMOS20200313,6.99
2020-03-12 17:15:00,4700.0,3000.0,4707.0,1013.9,16.5,63.0,9.51,2.9050000000000002,0.5945283924912764,-0.8034590096085632,AMOS20200313,6.99
2020-03-12 17:16:00,4700.0,3000.0,4710.0,1013.9,16.4,63.0,9.41,3.215,0.518758372240842,-0.8548874995656907,AMOS20200313,6.989999999999998
2020-03-12 17:17:00,4700.0,3000.0,4697.0,1013.9,16.4,63.0,9.41,2.9775,0.49999999999999994,-0.8660254037844387,AMOS20200313,6.989999999999998
2020-03-12 17:18:00,4600.0,3000.0,4687.0,1014.0,16.4,63.0,9.41,2.8449999999999998,0.5223990935395717,-0.8524778421471002,AMOS20200313,6.989999999999998
2020-03-12 17:19:00,4600.0,3000.0,4680.0,1014.0,16.4,63.0,9.41,3.01,0.5519159692428871,-0.8338540702502328,AMOS20200313,6.989999999999998
2020-03-12 17:20:00,4600.0,3000.0,4622.5,1014.0,16.4,63.0,9.41,3.1375,0.5445975594335016,-0.8386067011505789,AMOS20200313,6.989999999999998
2020-03-12 17:21:00,4600.0,3000.0,4627.5,1014.0,16.4,64.0,9.65,3.235,0.5591929034707469,-0.8290375725550416,AMOS20200313,6.749999999999998
2020-03-12 17:22:00,4600.0,3000.0,4602.0,1014.0,16.4,64.0,9.65,3.3875,0.5482775021289572,-0.8362623190978283,AMOS20200313,6.749999999999998
2020-03-12 17:23:00,4550.0,3000.0,4601.5,1014.0,16.3,64.0,9.55,3.5774999999999997,0.5299192642332049,-0.848048096156426,AMOS20200313,6.75
2020-03-12 17:24:00,4600.0,3000.0,4605.5,1014.0,16.3,64.0,9.55,3.6100000000000003,0.5298789095978729,-0.847983515240097,AMOS20200313,6.75
2020-03-12 17:25:00,4600.0,3000.0,4620.5,1014.1,16.3,64.0,9.55,3.615,0.537279149624116,-0.843359332050925,AMOS20200313,6.75
2020-03-12 17:26:00,4600.0,3000.0,4610.5,1014.1,16.3,64.0,9.55,3.565,0.5150380749100544,-0.8571673007021122,AMOS20200313,6.75
2020-03-12 17:27:00,4600.0,3000.0,4628.0,1014.1,16.2,64.0,9.46,3.31,0.48469770518204325,-0.8744205483898405,AMOS20200313,6.739999999999998
2020-03-12 17:28:00,4600.0,3000.0,4659.5,1014.1,16.2,64.0,9.46,3.3125,0.45008566150192947,-0.8929534047160677,AMOS20200313,6.739999999999998
2020-03-12 17:29:00,4600.0,3000.0,4687.5,1014.1,16.2,64.0,9.46,3.3249999999999997,0.46549522175532465,-0.8847599961915815,AMOS20200313,6.739999999999998
2020-03-12 17:30:00,4600.0,3000.0,4696.0,1014.1,16.2,64.0,9.46,3.13,0.4847357813929453,-0.8744864983216829,AMOS20200313,6.739999999999998
2020-03-12 17:31:00,4700.0,3000.0,4727.0,1014.1,16.2,64.0,9.46,3.3850000000000002,0.4999619237890979,-0.8659594538525963,AMOS20200313,6.739999999999998
2020-03-12 17:32:00,4700.0,3000.0,4722.0,1014.1,16.1,64.0,9.36,3.69,0.5037595187275136,-0.8638108780138571,AMOS20200313,6.740000000000002
2020-03-12 17:33:00,4700.0,3000.0,4697.5,1014.1,16.1,64.0,9.36,3.635,0.4961643288506822,-0.8681080296913356,AMOS20200313,6.740000000000002
2020-03-12 17:34:00,4600.0,3000.0,4676.5,1014.1,16.1,64.0,9.36,3.355,0.49240481012316856,-0.8703225554619172,AMOS20200313,6.740000000000002
2020-03-12 17:35:00,4600.0,3000.0,4643.5,1014.1,16.1,64.0,9.36,3.1475,0.44224260200221766,-0.8967787204281381,AMOS20200313,6.740000000000002
2020-03-12 17:36:00,4600.0,3000.0,4632.0,1014.1,16.1,64.0,9.36,3.4575,0.4186478570744747,-0.9081172046881376,AMOS20200313,6.740000000000002
2020-03-12 17:37:00,4600.0,3000.0,4642.0,1014.1,16.1,65.0,9.59,3.74,0.41467745240824994,-0.9099266223396254,AMOS20200313,6.510000000000002
2020-03-12 17:38:00,4600.0,3000.0,4633.0,1014.1,16.0,65.0,9.49,3.6950000000000003,0.4304947042648884,-0.9025509166679084,AMOS20200313,6.51
2020-03-12 17:39:00,4600.0,3000.0,4658.5,1014.1,16.0,65.0,9.49,3.765,0.44224260200221766,-0.8967787204281381,AMOS20200313,6.51
2020-03-12 17:40:00,4600.0,3000.0,4636.0,1014.1,16.0,65.0,9.49,3.6399999999999997,0.4265242995986636,-0.9043603343193962,AMOS20200313,6.51
2020-03-12 17:41:00,4600.0,3000.0,4637.5,1014.1,16.0,65.0,9.49,3.54,0.450051089025898,-0.8928855524114072,AMOS20200313,6.51
2020-03-12 17:42:00,4600.0,3000.0,4623.5,1014.1,16.0,65.0,9.49,3.77,0.47714059151611393,-0.8787836499991614,AMOS20200313,6.51
2020-03-12 17:43:00,4550.0,3000.0,4579.5,1014.0,15.9,65.0,9.4,3.8225,0.5112785561825408,-0.8593818264726938,AMOS20200313,6.5
2020-03-12 17:44:00,4500.0,3000.0,4561.0,1014.1,15.9,66.0,9.62,3.71,0.5261989669024173,-0.8503278972928475,AMOS20200313,6.280000000000001
2020-03-12 17:45:00,4500.0,3000.0,4517.5,1014.1,15.9,66.0,9.62,3.5949999999999998,0.537279149624116,-0.843359332050925,AMOS20200313,6.280000000000001
2020-03-12 17:46:00,4400.0,3000.0,4485.5,1014.1,15.9,66.0,9.62,3.6075,0.5224786695716297,-0.8526076984292691,AMOS20200313,6.280000000000001
2020-03-12 17:47:00,4400.0,3000.0,4449.0,1014.0,15.8,67.0,9.75,3.6799999999999997,0.518758372240842,-0.8548874995656907,AMOS20200313,6.050000000000001
2020-03-12 17:48:00,4400.0,3000.0,4479.0,1014.0,15.8,67.0,9.75,3.895,0.5518744936613614,-0.8337902034553877,AMOS20200313,6.050000000000001
2020-03-12 17:49:00,4400.0,3000.0,4415.5,1014.0,15.7,67.0,9.65,3.7800000000000002,0.5735764363510459,-0.8191520442889919,AMOS20200313,6.049999999999999
2020-03-12 17:50:00,4300.0,3000.0,4357.5,1014.0,15.7,67.0,9.65,3.38,0.5699805531309712,-0.8216234263555043,AMOS20200313,6.049999999999999
2020-03-12 17:51:00,4300.0,3000.0,4361.0,1014.0,15.7,68.0,9.87,3.25,0.5446390350150273,-0.8386705679454239,AMOS20200313,5.83
2020-03-12 17:52:00,4300.0,3000.0,4332.5,1014.0,15.6,69.0,9.99,3.4025,0.5409590923195717,-0.8410149499981745,AMOS20200313,5.609999999999999
2020-03-12 17:53:00,4300.0,3000.0,4315.5,1014.0,15.5,70.0,10.11,3.495,0.5446390350150273,-0.8386705679454239,AMOS20200313,5.390000000000001
2020-03-12 17:54:00,4300.0,3000.0,4308.0,1014.0,15.5,70.0,10.11,3.565,0.5409176167380461,-0.8409510832033293,AMOS20200313,5.390000000000001
2020-03-12 17:55:00,4300.0,3000.0,4320.0,1014.0,15.4,70.0,10.01,3.775,0.5482775021289572,-0.8362623190978283,AMOS20200313,5.390000000000001
2020-03-12 17:56:00,4300.0,3000.0,4303.5,1014.0,15.4,70.0,10.01,3.8024999999999998,0.5591929034707469,-0.8290375725550416,AMOS20200313,5.390000000000001
2020-03-12 17:57:00,4200.0,3000.0,4234.5,1014.0,15.4,71.0,10.22,3.6275,0.5735764363510459,-0.8191520442889919,AMOS20200313,5.18
2020-03-12 17:58:00,4200.0,3000.0,4217.0,1014.0,15.3,71.0,10.13,3.455,0.5806808443217596,-0.8140845193319697,AMOS20200313,5.17
2020-03-12 17:59:00,4200.0,3000.0,4226.5,1014.0,15.3,72.0,10.34,3.575,0.5699805531309712,-0.8216234263555043,AMOS20200313,4.960000000000001
2020-03-12 18:00:00,4200.0,3000.0,4255.0,1014.0,15.2,72.0,10.24,3.5774999999999997,0.5699805531309712,-0.8216234263555043,AMOS20200313,4.959999999999999
2020-03-12 18:01:00,4200.0,3000.0,4230.5,1014.0,15.2,72.0,10.24,3.3925,0.5842330483071164,-0.8115507568534585,AMOS20200313,4.959999999999999
2020-03-12 18:02:00,4200.0,3000.0,4225.5,1014.0,15.2,72.0,10.24,3.385,0.5877852522924732,-0.8090169943749473,AMOS20200313,4.959999999999999
2020-03-12 18:03:00,4200.0,3000.0,4204.0,1014.0,15.2,72.0,10.24,3.2575000000000003,0.5877852522924732,-0.8090169943749473,AMOS20200313,4.959999999999999
2020-03-12 18:04:00,4100.0,3000.0,4191.0,1014.0,15.2,72.0,10.24,3.0525,0.6087382492388533,-0.7933231318270074,AMOS20200313,4.959999999999999
2020-03-12 18:05:00,4100.0,3000.0,4190.0,1014.0,15.1,73.0,10.35,3.033333333333333,0.6427223432422947,-0.7659666615995736,AMOS20200313,4.75
2020-03-12 18:06:00,4100.0,3000.0,4175.5,1014.0,15.1,73.0,10.35,3.13,0.6945006347977376,-0.7191745470472851,AMOS20200313,4.75
2020-03-12 18:07:00,4100.0,3000.0,4120.5,1013.9,15.0,73.0,10.25,3.3675,0.7132232907625993,-0.7008825758227724,AMOS20200313,4.75
2020-03-12 18:08:00,4100.0,3000.0,4106.5,1013.9,15.0,73.0,10.25,3.5549999999999997,0.722343275658781,-0.6914933678598726,AMOS20200313,4.75
2020-03-12 18:09:00,4000.0,3000.0,4026.5,1013.9,15.0,74.0,10.45,3.425,0.7253467509789109,-0.6883283652607479,AMOS20200313,4.550000000000001
2020-03-12 18:10:00,4000.0,3000.0,4037.5,1013.9,15.0,74.0,10.45,3.2475,0.7132232907625993,-0.7008825758227724,AMOS20200313,4.550000000000001
2020-03-12 18:11:00,4000.0,3000.0,4057.5,1014.0,14.9,74.0,10.36,3.19,0.7008825758227724,-0.7132232907625994,AMOS20200313,4.540000000000001
2020-03-12 18:12:00,4000.0,3000.0,4019.5,1014.0,14.9,74.0,10.36,3.0625,0.7162815455506252,-0.6977704731408849,AMOS20200313,4.540000000000001
2020-03-12 18:13:00,4000.0,3000.0,4015.0,1014.0,14.9,74.0,10.36,3.24,0.7162815455506252,-0.6977704731408849,AMOS20200313,4.540000000000001
2020-03-12 18:14:00,4000.0,3000.0,4034.0,1014.0,14.9,75.0,10.56,3.4925,0.70399467850466,-0.7101650359745735,AMOS20200313,4.34
2020-03-12 18:15:00,4000.0,3000.0,3994.0,1013.9,14.9,75.0,10.56,3.6425,0.7008825758227724,-0.7132232907625994,AMOS20200313,4.34
2020-03-12 18:16:00,4000.0,3000.0,4023.5,1013.9,14.8,75.0,10.46,3.82,0.6787814216365884,-0.7343014825837264,AMOS20200313,4.34
2020-03-12 18:17:00,3950.0,3000.0,3958.0,1013.9,14.8,75.0,10.46,3.7199999999999998,0.6755644832106784,-0.7372492635482824,AMOS20200313,4.34
2020-03-12 18:18:00,3900.0,3000.0,3893.0,1013.9,14.8,75.0,10.46,3.5825,0.6787814216365884,-0.7343014825837264,AMOS20200313,4.34
2020-03-12 18:19:00,3800.0,3000.0,3891.0,1013.9,14.7,76.0,10.56,3.5925000000000002,0.6625438617585051,-0.7488706105718717,AMOS20200313,4.139999999999999
2020-03-12 18:20:00,3800.0,3000.0,3855.0,1013.9,14.7,76.0,10.56,3.505,0.6427386598533559,-0.7659861069794247,AMOS20200313,4.139999999999999
2020-03-12 18:21:00,3800.0,3000.0,3822.5,1013.9,14.6,77.0,10.66,3.3825000000000003,0.6293203910498374,-0.7771459614569709,AMOS20200313,3.9399999999999995
2020-03-12 18:22:00,3800.0,3000.0,3818.0,1013.9,14.6,78.0,10.85,3.3975,0.622490933187748,-0.7825783575318463,AMOS20200313,3.75
2020-03-12 18:23:00,3700.0,3000.0,3752.0,1013.9,14.6,77.0,10.66,3.2975,0.622490933187748,-0.7825783575318463,AMOS20200313,3.9399999999999995
2020-03-12 18:24:00,3700.0,3000.0,3714.5,1014.0,14.6,78.0,10.85,3.265,0.6293203910498374,-0.7771459614569709,AMOS20200313,3.75
2020-03-12 18:25:00,3700.0,3000.0,3690.5,1013.9,14.5,79.0,10.94,3.2975,0.6326871957090129,-0.7743705818724727,AMOS20200313,3.5600000000000005
2020-03-12 18:26:00,3600.0,3000.0,3651.0,1013.9,14.5,78.0,10.75,3.1775,0.6293203910498374,-0.7771459614569709,AMOS20200313,3.75
2020-03-12 18:27:00,3600.0,3000.0,3644.5,1014.0,14.5,79.0,10.94,3.035,0.6190762042567032,-0.7852945555692842,AMOS20200313,3.5600000000000005
2020-03-12 18:28:00,3600.0,3000.0,3651.0,1014.0,14.4,80.0,11.03,2.93,0.5948001377222607,-0.8038262522111201,AMOS20200313,3.370000000000001
2020-03-12 18:29:00,3600.0,3000.0,3636.5,1014.0,14.3,80.0,10.93,2.9025,0.6018150231520482,-0.7986355100472929,AMOS20200313,3.370000000000001
2020-03-12 18:30:00,3600.0,3000.0,3646.0,1014.0,14.3,80.0,10.93,2.9075,0.5841882870366533,-0.811489148250056,AMOS20200313,3.370000000000001
2020-03-12 18:31:00,3600.0,3000.0,3638.5,1014.0,14.3,80.0,10.93,2.8475,0.5591929034707469,-0.8290375725550416,AMOS20200313,3.370000000000001
2020-03-12 18:32:00,3600.0,3000.0,3592.5,1014.0,14.3,80.0,10.93,2.8225,0.555554436356817,-0.8314458214026372,AMOS20200313,3.370000000000001
2020-03-12 18:33:00,3600.0,3000.0,3610.0,1014.0,14.3,81.0,11.12,2.8425000000000002,0.5627887866908217,-0.8265661904885292,AMOS20200313,3.1800000000000015
2020-03-12 18:34:00,3600.0,3000.0,3625.0,1014.0,14.2,82.0,11.2,2.8475,0.5699805531309712,-0.8216234263555043,AMOS20200313,3.0
2020-03-12 18:35:00,3500.0,3000.0,3569.0,1014.0,14.2,82.0,11.2,2.8475,0.5627887866908217,-0.8265661904885292,AMOS20200313,3.0
2020-03-12 18:36:00,3500.0,3000.0,3585.0,1013.9,14.2,82.0,11.2,2.855,0.573532757116328,-0.8190896638769932,AMOS20200313,3.0
2020-03-12 18:37:00,3500.0,3000.0,3533.0,1013.9,14.1,83.0,11.29,2.7475,0.5912926950073669,-0.8064216232930337,AMOS20200313,2.8100000000000005
2020-03-12 18:38:00,3500.0,3000.0,3536.0,1013.9,14.1,83.0,11.29,2.5875,0.6018150231520482,-0.7986355100472929,AMOS20200313,2.8100000000000005
2020-03-12 18:39:00,3450.0,3000.0,3472.5,1013.9,14.1,83.0,11.29,2.485,0.622490933187748,-0.7825783575318463,AMOS20200313,2.8100000000000005
2020-03-12 18:40:00,3400.0,3000.0,3431.0,1013.9,14.1,84.0,11.47,2.4975,0.6461054645125315,-0.7632107273949265,AMOS20200313,2.629999999999999
2020-03-12 18:41:00,3400.0,3000.0,3486.0,1013.9,14.1,84.0,11.47,2.62,0.659326923332595,-0.7518183915364276,AMOS20200313,2.629999999999999
2020-03-12 18:42:00,3450.0,3000.0,3509.5,1014.0,14.0,85.0,11.54,2.6825,0.6527411741645153,-0.7575432959468235,AMOS20200313,2.460000000000001
2020-03-12 18:43:00,3500.0,3000.0,3510.0,1014.0,13.9,85.0,11.45,2.58,0.6326871957090129,-0.7743705818724727,AMOS20200313,2.450000000000001
2020-03-12 18:44:00,3400.0,3000.0,3509.0,1014.0,13.9,84.0,11.27,2.3975,0.6156145912133006,-0.7879507446794269,AMOS20200313,2.630000000000001
2020-03-12 18:45:00,3500.0,3000.0,3517.5,1014.0,13.9,85.0,11.45,2.1950000000000003,0.5806808443217596,-0.8140845193319697,AMOS20200313,2.450000000000001
2020-03-12 18:46:00,3500.0,3000.0,3550.5,1014.0,13.9,85.0,11.45,2.145,0.5806808443217596,-0.8140845193319697,AMOS20200313,2.450000000000001
2020-03-12 18:47:00,3500.0,3000.0,3532.0,1014.0,13.9,85.0,11.45,2.1675,0.5806808443217596,-0.8140845193319697,AMOS20200313,2.450000000000001
2020-03-12 18:48:00,3500.0,3000.0,3508.0,1014.0,13.9,85.0,11.45,2.08,0.5445560838519758,-0.8385428343557337,AMOS20200313,2.450000000000001
2020-03-12 18:49:00,3400.0,3000.0,3499.0,1014.0,13.9,86.0,11.62,1.99,0.5261989669024173,-0.8503278972928475,AMOS20200313,2.280000000000001
2020-03-12 18:50:00,3400.0,3000.0,3475.5,1014.1,13.9,86.0,11.62,1.97,0.5409176167380461,-0.8409510832033293,AMOS20200313,2.280000000000001
2020-03-12 18:51:00,3500.0,3000.0,3536.5,1014.1,13.9,86.0,11.62,1.9975,0.5912479337369039,-0.8063600146896313,AMOS20200313,2.280000000000001
2020-03-12 18:52:00,3450.0,3000.0,3451.0,1014.1,13.9,85.0,11.45,2.0275,0.6259056621187926,-0.7798621594944086,AMOS20200313,2.450000000000001
2020-03-12 18:53:00,3300.0,3000.0,3369.5,1014.1,13.9,85.0,11.45,2.12,0.6156614753256584,-0.7880107536067219,AMOS20200313,2.450000000000001
2020-03-12 18:54:00,3350.0,3000.0,3434.0,1014.1,13.9,86.0,11.62,2.165,0.5805924038165786,-0.8139605303165685,AMOS20200313,2.280000000000001
2020-03-12 18:55:00,3400.0,3000.0,3423.5,1014.1,13.9,87.0,11.79,2.05,0.5482360265474315,-0.8361984523029833,AMOS20200313,2.110000000000001
2020-03-12 18:56:00,3300.0,3000.0,3297.0,1014.1,13.8,87.0,11.7,1.9575,0.5299192642332049,-0.848048096156426,AMOS20200313,2.1000000000000014
2020-03-12 18:57:00,3200.0,3000.0,3291.5,1014.2,13.8,87.0,11.7,1.955,0.537279149624116,-0.843359332050925,AMOS20200313,2.1000000000000014
2020-03-12 18:58:00,3200.0,3000.0,3286.5,1014.2,13.8,87.0,11.7,1.8175,0.5699805531309712,-0.8216234263555043,AMOS20200313,2.1000000000000014
2020-03-12 18:59:00,3200.0,3000.0,3259.0,1014.2,13.8,88.0,11.87,1.7525,0.5482775021289572,-0.8362623190978283,AMOS20200313,1.9300000000000015
2020-03-12 19:00:00,3200.0,3000.0,3213.5,1014.2,13.8,88.0,11.87,1.725,0.5445975594335016,-0.8386067011505789,AMOS20200313,1.9300000000000015
2020-03-12 19:01:00,3200.0,3000.0,3258.5,1014.3,13.8,88.0,11.87,1.7225,0.5948001377222607,-0.8038262522111201,AMOS20200313,1.9300000000000015
2020-03-12 19:02:00,3200.0,3000.0,3292.0,1014.3,13.8,88.0,11.87,1.8275000000000001,0.5771286403364028,-0.8166182818104808,AMOS20200313,1.9300000000000015
2020-03-12 19:03:00,3200.0,3000.0,3246.0,1014.3,13.8,88.0,11.87,1.8575,0.5771286403364028,-0.8166182818104808,AMOS20200313,1.9300000000000015
2020-03-12 19:04:00,3200.0,3000.0,3233.0,1014.3,13.8,88.0,11.87,1.8675000000000002,0.5842330483071164,-0.8115507568534585,AMOS20200313,1.9300000000000015
2020-03-12 19:05:00,3200.0,3000.0,3239.0,1014.4,13.8,88.0,11.87,1.8475000000000001,0.5663846699108964,-0.8240948084220168,AMOS20200313,1.9300000000000015
2020-03-12 19:06:00,3150.0,3000.0,3160.0,1014.4,13.8,88.0,11.87,1.81,0.537279149624116,-0.843359332050925,AMOS20200313,1.9300000000000015
2020-03-12 19:07:00,3100.0,3000.0,3149.0,1014.4,13.8,88.0,11.87,1.755,0.518719150844116,-0.8548222241998507,AMOS20200313,1.9300000000000015
2020-03-12 19:08:00,3100.0,3000.0,3157.0,1014.4,13.8,88.0,11.87,1.7325,0.4654583023286287,-0.8846933917827251,AMOS20200313,1.9300000000000015
2020-03-12 19:09:00,3100.0,3000.0,3123.0,1014.5,13.8,89.0,12.04,1.585,0.3947027520141967,-0.9186949058261074,AMOS20200313,1.7600000000000016
2020-03-12 19:10:00,3100.0,3000.0,3183.5,1014.5,13.8,89.0,12.04,1.525,0.32549503645780775,-0.9453021432835422,AMOS20200313,1.7600000000000016
2020-03-12 19:11:00,3100.0,3000.0,3171.5,1014.5,13.8,89.0,12.04,1.5925,0.27561636536481404,-0.9611884935321854,AMOS20200313,1.7600000000000016
2020-03-12 19:12:00,3200.0,3000.0,3266.5,1014.5,13.8,88.0,11.87,1.5275,0.27561636536481404,-0.9611884935321854,AMOS20200313,1.9300000000000015
2020-03-12 19:13:00,3200.0,3000.0,3258.0,1014.6,13.8,88.0,11.87,1.35,0.2035067728135352,-0.9784222332618224,AMOS20200313,1.9300000000000015
2020-03-12 19:14:00,3200.0,3000.0,3290.0,1014.6,13.7,88.0,11.77,1.22,0.14780378300014815,-0.988978204668354,AMOS20200313,1.9299999999999997
2020-03-12 19:15:00,3300.0,3000.0,3348.0,1014.6,13.8,87.0,11.7,1.2825,0.12185078211385952,-0.9923949820549218,AMOS20200313,2.1000000000000014
2020-03-12 19:16:00,3300.0,3000.0,3295.5,1014.7,13.8,87.0,11.7,1.25,0.1477561351754558,-0.9886773681430316,AMOS20200313,2.1000000000000014
2020-03-12 19:17:00,3200.0,3000.0,3289.5,1014.7,13.8,86.0,11.52,1.13,0.2587205026208172,-0.9655580607406465,AMOS20200313,2.280000000000001
2020-03-12 19:18:00,3200.0,3000.0,3267.5,1014.7,13.8,86.0,11.52,1.1325,0.27561636536481404,-0.9611884935321854,AMOS20200313,2.280000000000001
2020-03-12 19:19:00,3200.0,3000.0,3243.5,1014.8,13.8,86.0,11.52,1.115,0.24603436419890573,-0.9687602643489197,AMOS20200313,2.280000000000001
2020-03-12 19:20:00,3200.0,3000.0,3205.5,1014.8,13.8,86.0,11.52,1.1125,0.1391028716037212,-0.9897397151101655,AMOS20200313,2.280000000000001
2020-03-12 19:21:00,3200.0,3000.0,3313.0,1014.8,13.8,86.0,11.52,1.2,0.03925595390641805,-0.9991243979211587,AMOS20200313,2.280000000000001
2020-03-12 19:22:00,3300.0,3000.0,3320.5,1014.9,13.8,87.0,11.7,1.115,-0.04793433586226557,-0.9979834101961222,AMOS20200313,2.1000000000000014
2020-03-12 19:23:00,3200.0,3000.0,3273.0,1014.9,13.7,86.0,11.42,0.9975,-0.1820449470843895,-0.9822448661232357,AMOS20200313,2.2799999999999994
2020-03-12 19:24:00,3300.0,3000.0,3364.0,1015.0,13.7,86.0,11.42,0.97,-0.22493392377628924,-0.9742958641450681,AMOS20200313,2.2799999999999994
2020-03-12 19:25:00,3300.0,3000.0,3394.5,1015.0,13.7,86.0,11.42,0.9275,-0.2291252476056495,-0.973054700199491,AMOS20200313,2.2799999999999994
2020-03-12 19:26:00,3350.0,3000.0,3419.5,1015.1,13.7,86.0,11.42,1.0525,-0.25872050262081703,-0.9655580607406465,AMOS20200313,2.2799999999999994
2020-03-12 19:27:00,3400.0,3000.0,3435.5,1015.1,13.7,86.0,11.42,1.1975,-0.2630039130840466,-0.9646862361104256,AMOS20200313,2.2799999999999994
2020-03-12 19:28:00,3400.0,3000.0,3399.0,1015.1,13.7,86.0,11.42,1.26,-0.22067408289476287,-0.9752402481322107,AMOS20200313,2.2799999999999994
2020-03-12 19:29:00,3400.0,3000.0,3405.5,1015.2,13.7,85.0,11.25,1.22,-0.20362018397867848,-0.9789430081035921,AMOS20200313,2.4499999999999993
2020-03-12 19:30:00,3300.0,3000.0,3356.0,1015.2,13.8,85.0,11.35,1.0625,-0.3130123367977683,-0.9492379233682928,AMOS20200313,2.450000000000001
2020-03-12 19:31:00,3300.0,3000.0,3330.0,1015.3,13.8,85.0,11.35,1.0575,-0.3745780662165995,-0.9271132472708042,AMOS20200313,2.450000000000001
2020-03-12 19:32:00,3300.0,3000.0,3337.5,1015.3,13.9,85.0,11.45,1.16,-0.39473250713590524,-0.9187650044999804,AMOS20200313,2.450000000000001
2020-03-12 19:33:00,3250.0,3000.0,3266.0,1015.4,13.9,85.0,11.45,1.18,-0.4067056690953933,-0.913475888943573,AMOS20200313,2.450000000000001
2020-03-12 19:34:00,3200.0,3000.0,3283.5,1015.4,13.9,85.0,11.45,1.2225,-0.37452224843003196,-0.9269715455643941,AMOS20200313,2.450000000000001
2020-03-12 19:35:00,3200.0,3000.0,3240.5,1015.5,13.9,86.0,11.62,1.3075,-0.28396127500430096,-0.9586371986213941,AMOS20200313,2.280000000000001
2020-03-12 19:36:00,3200.0,3000.0,3312.0,1015.5,13.9,86.0,11.62,1.2650000000000001,-0.19062424263988176,-0.980732422731752,AMOS20200313,2.280000000000001
2020-03-12 19:37:00,3250.0,3000.0,3274.5,1015.5,13.9,85.0,11.45,1.0775000000000001,-0.16501618476094287,-0.9860978364491451,AMOS20200313,2.450000000000001
2020-03-12 19:38:00,3200.0,3000.0,3269.0,1015.6,13.9,84.0,11.27,0.8025,-0.295534595987596,-0.9518768400629299,AMOS20200313,2.630000000000001
2020-03-12 19:39:00,3200.0,3000.0,3257.0,1015.6,14.0,83.0,11.19,0.5625,-0.7214952529194358,-0.6724361639173321,AMOS20200313,2.8100000000000005
2020-03-12 19:40:00,3200.0,3000.0,3320.0,1015.6,14.0,84.0,11.37,0.4625,-0.9243618418064389,-0.37346642625108956,AMOS20200313,2.630000000000001
2020-03-12 19:41:00,3350.0,3000.0,3425.0,1015.6,14.0,84.0,11.37,0.3775,-0.9082545375723031,-0.4139417150145986,AMOS20200313,2.630000000000001
2020-03-12 19:42:00,3400.0,3000.0,3421.0,1015.7,13.9,84.0,11.27,0.3,-0.81347902903108,-0.5694875947470494,AMOS20200313,2.630000000000001
2020-03-12 19:43:00,3350.0,3000.0,3366.0,1015.7,13.9,83.0,11.09,0.295,-0.4505187446487815,-0.8741020173602021,AMOS20200313,2.8100000000000005
2020-03-12 19:44:00,3150.0,3000.0,3042.0,1015.7,13.9,83.0,11.09,0.28250000000000003,0.3639348605612847,-0.8899332572308767,AMOS20200313,2.8100000000000005
2020-03-12 19:45:00,3000.0,3000.0,3140.0,1015.8,13.9,85.0,11.45,0.265,0.930239475450104,-0.3337039254243843,AMOS20200313,2.450000000000001
2020-03-12 19:46:00,3200.0,3000.0,3261.0,1015.8,13.8,87.0,11.7,0.2175,0.9401503615947506,-0.32364256206286784,AMOS20200313,2.1000000000000014
2020-03-12 19:47:00,3200.0,3000.0,3187.5,1015.8,13.7,88.0,11.77,0.20750000000000002,0.45851674709047474,-0.8444827955500026,AMOS20200313,1.9299999999999997
2020-03-12 19:48:00,3100.0,3000.0,3123.0,1015.9,13.7,89.0,11.94,0.2825,-0.4779025369734938,-0.835392821371818,AMOS20200313,1.7599999999999998
2020-03-12 19:49:00,3100.0,3000.0,3135.5,1015.9,13.6,90.0,12.01,0.325,-0.8959541525207297,-0.4418493032853357,AMOS20200313,1.5899999999999999
2020-03-12 19:50:00,3100.0,3000.0,3148.0,1015.9,13.6,91.0,12.17,0.3225,-0.8767319313706985,-0.44611636986287573,AMOS20200313,1.4299999999999997
2020-03-12 19:51:00,3000.0,3000.0,2996.0,1015.9,13.6,91.0,12.17,0.3675,-0.6426417857483029,-0.7658685892928111,AMOS20200313,1.4299999999999997
2020-03-12 19:52:00,2900.0,3000.0,2932.5,1016.0,13.6,91.0,12.17,0.3275,-0.5788802830396086,-0.8045530689143274,AMOS20200313,1.4299999999999997
2020-03-12 19:53:00,2900.0,3000.0,2977.5,1016.0,13.5,92.0,12.24,0.2475,-0.8728266766482428,-0.4838050967276445,AMOS20200313,1.2599999999999998
2020-03-12 19:54:00,3000.0,3000.0,3039.0,1016.0,13.4,92.0,12.14,0.4275,-0.9752292451028586,-0.17614338092095777,AMOS20200313,1.2599999999999998
2020-03-12 19:55:00,2750.0,3000.0,2654.5,1016.1,13.4,92.0,12.14,0.7925,-0.9968806259428148,0.052256271538201525,AMOS20200313,1.2599999999999998
2020-03-12 19:56:00,2500.0,3000.0,2552.0,1016.1,13.4,92.0,12.14,1.175,-0.986248046803673,0.16504132135358032,AMOS20200313,1.2599999999999998
2020-03-12 19:57:00,2500.0,3000.0,2539.0,1016.1,13.4,93.0,12.3,1.355,-0.9910293827308357,0.13047350405831673,AMOS20200313,1.0999999999999996
2020-03-12 19:58:00,2550.0,3000.0,2666.0,1016.2,13.4,93.0,12.3,1.2925,-0.9993147209872891,0.008720887451415242,AMOS20200313,1.0999999999999996
2020-03-12 19:59:00,2700.0,3000.0,2802.0,1016.2,13.3,94.0,12.36,1.2349999999999999,-0.9980967925071991,-0.06104621499353494,AMOS20200313,0.9400000000000013
2020-03-12 20:00:00,2850.0,3000.0,2949.0,1016.2,13.2,94.0,12.27,1.1225,-0.9980208255888667,-0.061040902869122796,AMOS20200313,0.9299999999999997
2020-03-12 20:01:00,3050.0,3000.0,3141.0,1016.2,13.1,94.0,12.17,0.9225,-0.9821694548115655,-0.18203434871570146,AMOS20200313,0.9299999999999997
2020-03-12 20:02:00,3100.0,3000.0,3159.5,1016.3,13.1,94.0,12.17,0.735,-0.922279870376556,-0.3773009406162011,AMOS20200313,0.9299999999999997
2020-03-12 20:03:00,3100.0,3000.0,3168.0,1016.3,13.0,94.0,12.07,0.6575,-0.69074873344298,-0.7090217977195252,AMOS20200313,0.9299999999999997
2020-03-12 20:04:00,3200.0,3000.0,3267.0,1016.3,13.0,94.0,12.07,0.7275,-0.28239298389548795,-0.9534711920040849,AMOS20200313,0.9299999999999997
2020-03-12 20:05:00,3200.0,3000.0,3295.0,1016.3,13.0,94.0,12.07,0.7324999999999999,-0.01743911843603123,-0.9990864260745039,AMOS20200313,0.9299999999999997
2020-03-12 20:06:00,3200.0,3000.0,3290.5,1016.3,13.1,94.0,12.17,0.6775,0.10440248776478679,-0.993386872416982,AMOS20200313,0.9299999999999997
2020-03-12 20:07:00,3100.0,3000.0,3015.5,1016.3,13.1,94.0,12.17,0.685,0.18222858652173762,-0.9832174682299359,AMOS20200313,0.9299999999999997
2020-03-12 20:08:00,2900.0,3000.0,2938.5,1016.3,13.2,94.0,12.27,0.68,0.207865494293105,-0.977923870829121,AMOS20200313,0.9299999999999997
2020-03-12 20:09:00,2900.0,3000.0,2878.0,1016.3,13.4,94.0,12.46,0.7075,0.19507013866974848,-0.9806825344818708,AMOS20200313,0.9399999999999995
2020-03-12 20:10:00,2650.0,3000.0,2436.0,1016.3,13.5,94.0,12.56,0.77,0.27953354886671566,-0.9589960971416487,AMOS20200313,0.9399999999999995
2020-03-12 20:11:00,2450.0,3000.0,2659.5,1016.3,13.5,94.0,12.56,0.8425,0.3255681544571566,-0.9455185755993168,AMOS20200313,0.9399999999999995
2020-03-12 20:12:00,2450.0,3000.0,2332.0,1016.3,13.5,95.0,12.72,0.965,0.2797776877778667,-0.9598764336152149,AMOS20200313,0.7799999999999994
2020-03-12 20:13:00,2200.0,3000.0,2248.5,1016.3,13.4,95.0,12.62,1.045,0.26720849076266634,-0.9635202035227383,AMOS20200313,0.7800000000000011
2020-03-12 20:14:00,2300.0,3000.0,2412.5,1016.3,13.5,96.0,12.88,1.1175000000000002,0.12594352895703628,-0.9899371659290781,AMOS20200313,0.6199999999999992
2020-03-12 20:15:00,2700.0,3000.0,2915.5,1016.3,13.4,96.0,12.78,1.2775,-0.06098114571382651,-0.9970329191880408,AMOS20200313,0.620000000000001
2020-03-12 20:16:00,2900.0,3000.0,2945.0,1016.3,13.3,96.0,12.68,1.4425,-0.16502940849021425,-0.9861728319445486,AMOS20200313,0.620000000000001
2020-03-12 20:17:00,2650.0,3000.0,2588.0,1016.3,13.3,96.0,12.68,1.6525,-0.1650413213535806,-0.986248046803673,AMOS20200313,0.620000000000001
2020-03-12 20:18:00,2450.0,3000.0,2490.5,1016.3,13.3,96.0,12.68,1.9224999999999999,-0.13052122218260642,-0.9914071101914461,AMOS20200313,0.620000000000001
2020-03-12 20:19:00,2650.0,3000.0,2782.0,1016.3,13.4,97.0,12.94,2.3125,-0.10886368330202695,-0.9940279594365355,AMOS20200313,0.46000000000000085
2020-03-12 20:20:00,2800.0,3000.0,2889.0,1016.3,13.4,97.0,12.94,2.8625,-0.07845610824589161,-0.9968793741757849,AMOS20200313,0.46000000000000085
2020-03-12 20:21:00,2850.0,3000.0,2914.0,1016.3,13.3,97.0,12.84,3.34,-0.05669108561823899,-0.9983631636308864,AMOS20200313,0.46000000000000085
2020-03-12 20:22:00,2900.0,3000.0,2905.0,1016.2,13.3,96.0,12.68,3.67,-0.03925861158761157,-0.9992005039529652,AMOS20200313,0.620000000000001
2020-03-12 20:23:00,2950.0,3000.0,3039.5,1016.1,13.3,96.0,12.68,3.815,-0.017451077394267014,-0.9997715543329696,AMOS20200313,0.620000000000001
2020-03-12 20:24:00,3000.0,3000.0,3021.5,1016.1,13.4,95.0,12.62,3.6225,-0.004363101609320817,-0.9999619237890978,AMOS20200313,0.7800000000000011
2020-03-12 20:25:00,3000.0,3000.0,3000.0,1016.1,13.4,94.0,12.46,3.31,-0.017452406437283637,-0.9998476951563913,AMOS20200313,0.9399999999999995
2020-03-12 20:26:00,3000.0,3000.0,3057.0,1016.1,13.5,93.0,12.4,2.9,1.2246467991473532e-16,-1.0,AMOS20200313,1.0999999999999996
2020-03-12 20:27:00,3000.0,3000.0,3083.5,1016.2,13.5,92.0,12.24,2.5375,0.017451077394267035,-0.9997715543329696,AMOS20200313,1.2599999999999998
2020-03-12 20:28:00,3000.0,3000.0,3085.5,1016.2,13.6,92.0,12.34,2.35,0.021814179003587866,-0.9997334781220674,AMOS20200313,1.2599999999999998
2020-03-12 20:29:00,3000.0,3000.0,3065.5,1016.3,13.6,91.0,12.17,2.2575,0.01308930482796261,-0.9998857713672935,AMOS20200313,1.4299999999999997
2020-03-12 20:30:00,3000.0,3000.0,3101.0,1016.3,13.6,91.0,12.17,2.3225,0.047976841357833144,-0.9988198578207044,AMOS20200313,1.4299999999999997
2020-03-12 20:31:00,3000.0,3000.0,3032.5,1016.3,13.5,91.0,12.07,2.56,0.07845610824589186,-0.9968793741757849,AMOS20200313,1.4299999999999997
2020-03-12 20:32:00,3000.0,3000.0,2997.0,1016.3,13.5,91.0,12.07,2.8975,0.0871557427476582,-0.9961946980917455,AMOS20200313,1.4299999999999997
2020-03-12 20:33:00,2900.0,3000.0,2999.0,1016.2,13.5,91.0,12.07,3.01,0.10018528313765485,-0.9949400960491414,AMOS20200313,1.4299999999999997
2020-03-12 20:34:00,2900.0,3000.0,2945.0,1016.2,13.5,91.0,12.07,2.8625,0.13052122218260642,-0.9914071101914461,AMOS20200313,1.4299999999999997
2020-03-12 20:35:00,2900.0,3000.0,2924.0,1016.2,13.5,91.0,12.07,2.575,0.16504132135358063,-0.9862480468036728,AMOS20200313,1.4299999999999997
2020-03-12 20:36:00,2900.0,3000.0,2905.0,1016.2,13.5,91.0,12.07,2.3825,0.1865187909491413,-0.9824223258388,AMOS20200313,1.4299999999999997
2020-03-12 20:37:00,2950.0,3000.0,3031.5,1016.2,13.4,91.0,11.98,2.1475,0.19508466923684856,-0.9807572877691995,AMOS20200313,1.42
2020-03-12 20:38:00,2950.0,3000.0,2975.5,1016.3,13.4,91.0,11.98,1.6600000000000001,0.23336536796014018,-0.972036713511437,AMOS20200313,1.42
2020-03-12 20:39:00,2900.0,3000.0,2980.5,1016.3,13.4,91.0,11.98,1.4175,0.2755731100992472,-0.9610424662029022,AMOS20200313,1.42
2020-03-12 20:40:00,3000.0,3000.0,3010.5,1016.3,13.4,91.0,11.98,1.3425,0.35828484117147796,-0.9333676303803646,AMOS20200313,1.42
2020-03-12 20:41:00,3000.0,3000.0,3066.0,1016.4,13.4,91.0,11.98,1.22,0.3664314536940388,-0.9302404388255845,AMOS20200313,1.42
2020-03-12 20:42:00,3000.0,3000.0,2976.5,1016.4,13.4,91.0,11.98,1.2149999999999999,0.2460489272525337,-0.9688351529523755,AMOS20200313,1.42
2020-03-12 20:43:00,2900.0,3000.0,2923.5,1016.4,13.4,91.0,11.98,1.14,0.22069121346233872,-0.9753144487723777,AMOS20200313,1.42
2020-03-12 20:44:00,2900.0,3000.0,2964.5,1016.5,13.4,91.0,11.98,1.1925,0.2755534004021534,-0.960968908611947,AMOS20200313,1.42
2020-03-12 20:45:00,3000.0,3000.0,3129.5,1016.5,13.4,91.0,11.98,1.245,0.3377546461974966,-0.9407184630254098,AMOS20200313,1.42
2020-03-12 20:46:00,3100.0,3000.0,3152.0,1016.5,13.4,91.0,11.98,1.0725,0.4066127565891476,-0.9132672040377889,AMOS20200313,1.42
2020-03-12 20:47:00,3150.0,3000.0,3217.5,1016.5,13.4,91.0,11.98,0.95,0.3045574260812153,-0.9514248710838876,AMOS20200313,1.42
2020-03-12 20:48:00,3200.0,3000.0,3219.0,1016.5,13.4,91.0,11.98,0.94,0.17789740406869156,-0.9837878663429362,AMOS20200313,1.42
2020-03-12 20:49:00,3200.0,3000.0,3304.0,1016.5,13.4,91.0,11.98,0.955,0.12594352895703628,-0.9899371659290781,AMOS20200313,1.42
2020-03-12 20:50:00,3300.0,3000.0,3309.0,1016.6,13.4,90.0,11.81,0.825,-0.021812849960571326,-0.9996573372986457,AMOS20200313,1.5899999999999999
2020-03-12 20:51:00,3300.0,3000.0,3343.5,1016.7,13.4,90.0,11.81,0.59,-0.06103691735930692,-0.9979447775313098,AMOS20200313,1.5899999999999999
2020-03-12 20:52:00,3350.0,3000.0,3434.5,1016.8,13.4,90.0,11.81,0.5925,-0.043615068791528586,-0.9989340748550282,AMOS20200313,1.5899999999999999
2020-03-12 20:53:00,3400.0,3000.0,3427.5,1016.8,13.4,89.0,11.64,0.735,0.04359779892327582,-0.9985537649663538,AMOS20200313,1.7599999999999998
2020-03-12 20:54:00,3400.0,3000.0,3489.0,1016.8,13.4,89.0,11.64,0.8325,0.13052122218260642,-0.9914071101914461,AMOS20200313,1.7599999999999998
2020-03-12 20:55:00,3400.0,3000.0,3451.5,1016.8,13.4,89.0,11.64,0.8975,0.1347848923106172,-0.9903849710859731,AMOS20200313,1.7599999999999998
2020-03-12 20:56:00,3400.0,3000.0,3462.0,1016.7,13.4,89.0,11.64,0.9475,0.19080899537654497,-0.981627183447664,AMOS20200313,1.7599999999999998
2020-03-12 20:57:00,3400.0,3000.0,3474.5,1016.7,13.4,89.0,11.64,1.13,0.16933152578098432,-0.9854529044125369,AMOS20200313,1.7599999999999998
2020-03-12 20:58:00,3500.0,3000.0,3591.0,1016.7,13.5,89.0,11.74,1.4,0.18220083222536637,-0.9830677194472038,AMOS20200313,1.7599999999999998
2020-03-12 20:59:00,3500.0,3000.0,3542.0,1016.6,13.5,89.0,11.74,1.5750000000000002,0.22493392377628935,-0.9742958641450681,AMOS20200313,1.7599999999999998
2020-03-12 21:00:00,3500.0,3000.0,3515.5,1016.6,13.6,88.0,11.67,1.6,0.21643137258081224,-0.9762588327595204,AMOS20200313,1.9299999999999997
2020-03-12 21:01:00,3400.0,3000.0,3477.5,1016.6,13.6,88.0,11.67,1.6475,0.23341805203352917,-0.9722590051611935,AMOS20200313,1.9299999999999997
2020-03-12 21:02:00,3500.0,3000.0,3647.5,1016.6,13.5,88.0,11.57,1.825,0.27561636536481404,-0.9611884935321854,AMOS20200313,1.9299999999999997
2020-03-12 21:03:00,3700.0,3000.0,3808.0,1016.7,13.5,89.0,11.74,1.9625,0.2881658526829206,-0.9574711660337067,AMOS20200313,1.7599999999999998
2020-03-12 21:04:00,3750.0,3000.0,3721.0,1016.7,13.3,89.0,11.54,1.895,0.2923717047227366,-0.9563047559630355,AMOS20200313,1.7600000000000016
2020-03-12 21:05:00,3700.0,3000.0,3738.0,1016.7,13.3,88.0,11.37,1.65,0.3295038589598163,-0.9435594369027211,AMOS20200313,1.9300000000000015
2020-03-12 21:06:00,3600.0,3000.0,3647.5,1016.7,13.3,89.0,11.54,1.34,0.44577319375447444,-0.8940827069311035,AMOS20200313,1.7600000000000016
2020-03-12 21:07:00,3600.0,3000.0,3611.0,1016.7,13.2,89.0,11.44,1.12,0.5588915564677568,-0.8285979366760461,AMOS20200313,1.7599999999999998
2020-03-12 21:08:00,3500.0,3000.0,3479.0,1016.8,13.2,90.0,11.61,0.9525,0.6991757486424912,-0.7114864108054195,AMOS20200313,1.5899999999999999
2020-03-12 21:09:00,3250.0,3000.0,3173.5,1016.8,13.1,89.0,11.35,0.815,0.8989251302963872,-0.42873220442525106,AMOS20200313,1.75
2020-03-12 21:10:00,3050.0,3000.0,3084.5,1016.8,13.0,89.0,11.25,0.76,0.9880145891417811,-0.13005651092830608,AMOS20200313,1.75
2020-03-12 21:11:00,3050.0,3000.0,3128.5,1016.9,13.0,90.0,11.41,0.6425,0.9991625668979256,0.008714244260406099,AMOS20200313,1.5899999999999999
2020-03-12 21:12:00,3100.0,3000.0,3216.0,1016.9,13.0,91.0,11.58,0.4625,0.9985534866970169,0.02616399261165661,AMOS20200313,1.42
2020-03-12 21:13:00,3150.0,3000.0,3143.5,1016.9,12.9,91.0,11.48,0.32,0.9192496473335409,-0.3387505062737925,AMOS20200313,1.42
2020-03-12 21:14:00,2950.0,3000.0,2971.5,1017.0,12.9,92.0,11.64,0.22,0.5861420265249846,-0.791747509083777,AMOS20200313,1.2599999999999998
2020-03-12 21:15:00,3050.0,3000.0,3209.0,1017.0,12.8,93.0,11.71,0.18,0.71428401484052,-0.283645668795115,AMOS20200313,1.0899999999999999
2020-03-12 21:16:00,3200.0,3000.0,3307.0,1017.1,12.8,93.0,11.71,0.1925,0.8404617995163188,0.5354544686018022,AMOS20200313,1.0899999999999999
2020-03-12 21:17:00,3300.0,3000.0,3349.5,1017.1,12.8,93.0,11.71,0.20750000000000002,0.9613393291270871,0.24834190734616546,AMOS20200313,1.0899999999999999
2020-03-12 21:18:00,3200.0,3000.0,3122.0,1017.1,12.9,93.0,11.81,0.335,0.43526529528676206,0.8145385437597774,AMOS20200313,1.0899999999999999
2020-03-12 21:19:00,2900.0,3000.0,2921.5,1017.2,12.9,93.0,11.81,0.375,0.021766375949318413,0.9969948429771387,AMOS20200313,1.0899999999999999
2020-03-12 21:20:00,3050.0,3000.0,3211.5,1017.2,12.8,93.0,11.71,0.3075,0.2946869126886612,0.9491176834890525,AMOS20200313,1.0899999999999999
2020-03-12 21:21:00,3300.0,3000.0,3393.0,1017.2,12.7,93.0,11.61,0.385,0.6665316764414991,0.7401632011824864,AMOS20200313,1.0899999999999999
2020-03-12 21:22:00,3350.0,3000.0,3373.0,1017.2,12.7,94.0,11.77,0.4775,0.8361179576591107,0.5429813505126211,AMOS20200313,0.9299999999999997
2020-03-12 21:23:00,3300.0,3000.0,3347.5,1017.2,12.7,94.0,11.77,0.655,0.9257331895749986,0.36936198747710897,AMOS20200313,0.9299999999999997
2020-03-12 21:24:00,3200.0,3000.0,3210.5,1017.2,12.7,94.0,11.77,0.8825,0.9798873920907347,0.19936034309715217,AMOS20200313,0.9299999999999997
2020-03-12 21:25:00,3100.0,3000.0,3107.0,1017.1,12.8,94.0,11.87,0.99,0.9679633283221547,0.25033233771576313,AMOS20200313,0.9300000000000015
2020-03-12 21:26:00,3100.0,3000.0,3164.0,1017.1,12.8,94.0,11.87,1.0725,0.9707961926150717,0.23755411265998244,AMOS20200313,0.9300000000000015
2020-03-12 21:27:00,3050.0,3000.0,2975.5,1017.1,12.8,94.0,11.87,1.155,0.9929645027798597,0.11752484272512997,AMOS20200313,0.9300000000000015
2020-03-12 21:28:00,2800.0,3000.0,2877.5,1017.1,12.8,94.0,11.87,1.2225,0.9968793741757849,0.07845610824589169,AMOS20200313,0.9300000000000015
2020-03-12 21:29:00,2900.0,3000.0,2816.0,1017.0,12.7,93.0,11.61,1.3166666666666667,0.9966511488144384,0.08135598641314717,AMOS20200313,1.0899999999999999
2020-03-12 21:30:00,2700.0,3000.0,2751.0,1017.0,12.6,93.0,11.51,1.4475,0.9947127629085535,0.10016272582551959,AMOS20200313,1.0899999999999999
2020-03-12 21:31:00,2700.0,3000.0,2711.0,1016.9,12.5,93.0,11.41,1.685,0.990762178154838,0.13483656320264784,AMOS20200313,1.0899999999999999
2020-03-12 21:32:00,2600.0,3000.0,2656.0,1016.9,12.6,94.0,11.67,1.9375,0.9902680687415704,0.13917310096006547,AMOS20200313,0.9299999999999997
2020-03-12 21:33:00,2250.0,3000.0,2040.5,1016.9,12.6,95.0,11.83,2.0275,0.9948643607982716,0.10017732304202931,AMOS20200313,0.7699999999999996
2020-03-12 21:34:00,2000.0,3000.0,2108.5,1016.9,12.5,95.0,11.73,2.02,0.9988580267974713,0.04361108328171347,AMOS20200313,0.7699999999999996
2020-03-12 21:35:00,2200.0,3000.0,2342.5,1016.9,12.0,93.0,10.91,2.07,0.9978311169508961,-0.05665921003789083,AMOS20200313,1.0899999999999999
2020-03-12 21:36:00,2400.0,3000.0,2500.5,1016.9,11.8,93.0,10.72,2.17,0.9857974614956184,-0.16496591923251697,AMOS20200313,1.08
2020-03-12 21:37:00,2250.0,3000.0,2098.5,1016.8,11.8,95.0,11.03,2.2675,0.9753144487723778,-0.2206912134623386,AMOS20200313,0.7700000000000014
2020-03-12 21:38:00,1950.0,3000.0,2002.5,1016.8,11.9,96.0,11.29,2.3875,0.9743700647852352,-0.22495105434386503,AMOS20200313,0.6100000000000012
2020-03-12 21:39:00,2000.0,3000.0,2021.0,1016.8,12.0,97.0,11.54,2.4225000000000003,0.9789430081035922,-0.20362018397867848,AMOS20200313,0.46000000000000085
2020-03-12 21:40:00,1900.0,3000.0,1860.0,1016.9,12.0,98.0,11.7,2.3325,0.9832174682299359,-0.18222858652173757,AMOS20200313,0.3000000000000007
2020-03-12 21:41:00,1550.0,2950.0,1431.5,1016.9,12.1,98.0,11.8,2.14,0.9869681936994054,-0.16073789319690568,AMOS20200313,0.29999999999999893
2020-03-12 21:42:00,1550.0,3000.0,1735.0,1016.9,12.0,98.0,11.7,2.0025,0.9869681936994054,-0.16073789319690568,AMOS20200313,0.3000000000000007
2020-03-12 21:43:00,1900.0,3000.0,2025.5,1016.9,11.8,98.0,11.5,1.955,0.9761101438106754,-0.21639840903445923,AMOS20200313,0.3000000000000007
2020-03-12 21:44:00,1950.0,3000.0,1949.5,1016.9,11.9,99.0,11.75,1.8975,0.9463978148791456,-0.32126061076572887,AMOS20200313,0.15000000000000036
2020-03-12 21:45:00,1750.0,3000.0,1789.0,1016.9,11.8,99.0,11.65,1.8250000000000002,0.9238443540096138,-0.38266886095259295,AMOS20200313,0.15000000000000036
2020-03-12 21:46:00,1800.0,3000.0,1881.0,1016.9,11.6,98.0,11.3,1.7650000000000001,0.922174603731027,-0.3866999947209334,AMOS20200313,0.29999999999999893
2020-03-12 21:47:00,1750.0,3000.0,1723.0,1016.9,11.6,99.0,11.45,1.79,0.913475888943573,-0.4067056690953934,AMOS20200313,0.15000000000000036
2020-03-12 21:48:00,1600.0,3000.0,1744.5,1016.9,11.5,99.0,11.35,1.8325,0.8909386718837073,-0.45395592726351547,AMOS20200313,0.15000000000000036
2020-03-12 21:49:00,1850.0,3000.0,2000.5,1016.9,11.5,99.0,11.35,1.89,0.8614651269455933,-0.5074417398473989,AMOS20200313,0.15000000000000036
2020-03-12 21:50:00,2050.0,3000.0,2161.5,1016.9,11.5,99.0,11.35,1.8824999999999998,0.838670567945424,-0.5446390350150271,AMOS20200313,0.15000000000000036
2020-03-12 21:51:00,2200.0,3000.0,2316.5,1016.9,11.5,100.0,11.5,1.6825,0.8456391331873466,-0.5335588522933283,AMOS20200313,0.0
2020-03-12 21:52:00,2200.0,3000.0,2259.5,1017.0,11.5,100.0,11.5,1.4125,0.8637449280820149,-0.5037214425166113,AMOS20200313,0.0
2020-03-12 21:53:00,2150.0,3000.0,2168.5,1017.0,11.5,100.0,11.5,1.23,0.8889917913560077,-0.4578607655011328,AMOS20200313,0.0
2020-03-12 21:54:00,2100.0,3000.0,2239.0,1017.0,11.5,100.0,11.5,1.3925,0.8764352812222007,-0.48082743942045725,AMOS20200313,0.0
2020-03-12 21:55:00,2300.0,3000.0,2323.0,1017.1,11.6,100.0,11.6,1.5750000000000002,0.8287850589103642,-0.5590225808667928,AMOS20200313,0.0
2020-03-12 21:56:00,2300.0,3000.0,2396.0,1017.1,11.6,100.0,11.6,1.565,0.8064216232930338,-0.5912926950073669,AMOS20200313,0.0
2020-03-12 21:57:00,2400.0,3000.0,2558.0,1017.1,11.7,100.0,11.7,1.635,0.7852345466419892,-0.6190293201443453,AMOS20200313,0.0
2020-03-12 21:58:00,2650.0,3000.0,2730.5,1017.1,11.7,100.0,11.7,1.7325,0.7546521072604792,-0.656009068506603,AMOS20200313,0.0
2020-03-12 21:59:00,2600.0,3000.0,2676.0,1017.1,11.7,100.0,11.7,1.8025,0.7489272028500832,-0.6625948176746828,AMOS20200313,0.0
2020-03-12 22:00:00,2700.0,3000.0,2853.0,1017.2,11.8,100.0,11.8,1.8450000000000002,0.7547095802227721,-0.6560590289905072,AMOS20200313,0.0
2020-03-12 22:01:00,2950.0,3000.0,3080.5,1017.2,11.8,100.0,11.8,1.8625,0.7489272028500832,-0.6625948176746828,AMOS20200313,0.0
2020-03-12 22:02:00,3100.0,3000.0,3132.0,1017.2,11.9,100.0,11.9,1.815,0.7460360141637388,-0.6658627120167705,AMOS20200313,0.0
2020-03-12 22:03:00,3100.0,3000.0,3103.5,1017.2,11.9,100.0,11.9,1.7525,0.7743114003254122,-0.6326392714371436,AMOS20200313,0.0
2020-03-12 22:04:00,3000.0,3000.0,3100.0,1017.2,11.9,100.0,11.9,1.8050000000000002,0.8064216232930338,-0.5912926950073669,AMOS20200313,0.0
2020-03-12 22:05:00,3100.0,3000.0,3198.0,1017.2,11.9,100.0,11.9,1.8824999999999998,0.8191520442889917,-0.5735764363510462,AMOS20200313,0.0
2020-03-12 22:06:00,3100.0,3000.0,3202.5,1017.2,11.8,100.0,11.8,1.895,0.8038262522111201,-0.5948001377222607,AMOS20200313,0.0
2020-03-12 22:07:00,3200.0,3000.0,3295.0,1017.2,11.8,100.0,11.8,1.8875,0.7714776846013608,-0.6359571262631355,AMOS20200313,0.0
2020-03-12 22:08:00,3200.0,3000.0,3274.0,1017.2,11.9,100.0,11.9,1.9024999999999999,0.7372492635482824,-0.6755644832106783,AMOS20200313,0.0
2020-03-12 22:09:00,3200.0,3000.0,3282.0,1017.2,12.0,100.0,12.0,1.9575,0.7401970445128383,-0.6723475447847682,AMOS20200313,0.0
2020-03-12 22:10:00,3200.0,3000.0,3287.5,1017.2,12.0,100.0,12.0,1.98,0.7547095802227721,-0.6560590289905072,AMOS20200313,0.0
2020-03-12 22:11:00,3200.0,3000.0,3222.0,1017.2,12.1,100.0,12.1,1.87,0.7715952022879745,-0.6360540003681883,AMOS20200313,0.0
2020-03-12 22:12:00,3200.0,3000.0,3309.0,1017.2,12.1,99.0,11.95,1.71,0.8061752076460009,-0.5911136635602317,AMOS20200313,0.15000000000000036
2020-03-12 22:13:00,3300.0,3000.0,3335.0,1017.3,12.1,99.0,11.95,1.565,0.8716094027219892,-0.48812043614749884,AMOS20200313,0.15000000000000036
2020-03-12 22:14:00,3200.0,3000.0,3171.0,1017.3,12.1,99.0,11.95,1.4925,0.9285005898731247,-0.3704328323406703,AMOS20200313,0.15000000000000036
2020-03-12 22:15:00,3100.0,3000.0,3125.0,1017.3,12.0,98.0,11.7,1.5,0.946903060773276,-0.32143036443660433,AMOS20200313,0.3000000000000007
2020-03-12 22:16:00,3100.0,3000.0,3198.0,1017.3,12.0,98.0,11.7,1.4425,0.9549198711229154,-0.2965107623224076,AMOS20200313,0.3000000000000007
2020-03-12 22:17:00,3050.0,3000.0,3021.5,1017.4,11.9,98.0,11.6,1.2625,0.9755143734735021,-0.2162717741400447,AMOS20200313,0.3000000000000007
2020-03-12 22:18:00,2900.0,3000.0,2979.5,1017.4,11.8,98.0,11.5,1.0425,0.9978311169508961,-0.03920946168664032,AMOS20200313,0.3000000000000007
2020-03-12 22:19:00,3000.0,3000.0,3134.5,1017.4,11.8,97.0,11.34,0.8675,0.9627457361261155,0.24894529299842572,AMOS20200313,0.46000000000000085
2020-03-12 22:20:00,3100.0,3000.0,3157.0,1017.5,11.7,97.0,11.24,0.7575000000000001,0.7651669869490916,0.630833145920914,AMOS20200313,0.4599999999999991
2020-03-12 22:21:00,2950.0,3000.0,2911.0,1017.6,11.6,98.0,11.3,0.7675000000000001,0.5256285341930038,0.849427550363802,AMOS20200313,0.29999999999999893
2020-03-12 22:22:00,2450.0,3000.0,2258.5,1017.7,11.6,98.0,11.3,0.8375,0.4461808232643121,0.8949002852437675,AMOS20200313,0.29999999999999893
2020-03-12 22:23:00,1850.0,3000.0,1736.5,1017.7,11.6,98.0,11.3,0.8775,0.34183410516176166,0.9391931415332048,AMOS20200313,0.29999999999999893
2020-03-12 22:24:00,1550.0,3000.0,1576.5,1017.7,11.5,98.0,11.2,0.9450000000000001,0.3172925744160521,0.9482875459472352,AMOS20200313,0.3000000000000007
2020-03-12 22:25:00,1600.0,3000.0,1696.0,1017.8,11.4,99.0,11.25,1.0225,0.39052654415786053,0.9200126797293999,AMOS20200313,0.15000000000000036
2020-03-12 22:26:00,1750.0,3000.0,1828.0,1017.8,11.5,99.0,11.35,1.045,0.4539559272635154,0.8909386718837075,AMOS20200313,0.15000000000000036
2020-03-12 22:27:00,1900.0,3000.0,1982.0,1017.8,11.5,100.0,11.5,1.005,0.44614625078828074,0.8948324329391071,AMOS20200313,0.0
2020-03-12 22:28:00,1900.0,3000.0,1981.0,1017.8,11.5,100.0,11.5,0.89,0.4025221216410877,0.9147967783213647,AMOS20200313,0.0
2020-03-12 22:29:00,1750.0,3000.0,1699.0,1017.7,11.5,100.0,11.5,0.765,0.2920441769859224,0.9552107392771949,AMOS20200313,0.0
2020-03-12 22:30:00,1650.0,3000.0,1729.0,1017.7,11.4,100.0,11.4,0.72,0.09570815284530251,0.9940711314148503,AMOS20200313,0.0
2020-03-12 22:31:00,1800.0,3000.0,1903.0,1017.8,11.3,100.0,11.3,0.815,-1.3444106938820255e-16,0.9999238475781956,AMOS20200313,0.0
2020-03-12 22:32:00,1900.0,3000.0,2064.0,1017.8,11.3,100.0,11.3,0.9825,0.060981145713826596,0.9970329191880408,AMOS20200313,0.0
2020-03-12 22:33:00,2100.0,3000.0,2193.0,1017.8,11.3,100.0,11.3,1.0825,0.22882126145815135,0.9717970459750234,AMOS20200313,0.0
2020-03-12 22:34:00,2300.0,3000.0,2450.0,1017.8,11.3,100.0,11.3,1.17,0.4297737730901618,0.9010394530281522,AMOS20200313,0.0
2020-03-12 22:35:00,2600.0,3000.0,2768.0,1017.7,11.3,100.0,11.3,1.28,0.6080893939508911,0.792477527152433,AMOS20200313,0.0
2020-03-12 22:36:00,2700.0,3000.0,2642.0,1017.7,11.3,100.0,11.3,1.3125,0.6851114268348378,0.7282945319434668,AMOS20200313,0.0
2020-03-12 22:37:00,2500.0,3000.0,2561.0,1017.7,11.3,100.0,11.3,1.2349999999999999,0.7342457882281526,0.6787294858098031,AMOS20200313,0.0
2020-03-12 22:38:00,2450.0,3000.0,2492.5,1017.7,11.3,100.0,11.3,1.1,0.7160624443653976,0.6975588895857636,AMOS20200313,0.0
2020-03-12 22:39:00,2500.0,3000.0,2616.0,1017.7,11.2,100.0,11.2,1.01,0.6525413474473456,0.7573134216044728,AMOS20200313,0.0
2020-03-12 22:40:00,2450.0,3000.0,2404.5,1017.8,11.1,100.0,11.1,0.9975,0.6394208050273638,0.7688198227034763,AMOS20200313,0.0
2020-03-12 22:41:00,2300.0,3000.0,2311.0,1017.8,11.1,100.0,11.1,1.0550000000000002,0.6427876096865393,0.766044443118978,AMOS20200313,0.0
2020-03-12 22:42:00,2300.0,3000.0,2379.5,1017.7,11.1,100.0,11.1,1.1724999999999999,0.6494233193385233,0.760377011670875,AMOS20200313,0.0
2020-03-12 22:43:00,2300.0,3000.0,2345.0,1017.7,11.1,100.0,11.1,1.2625,0.6723475447847683,0.7401970445128383,AMOS20200313,0.0
2020-03-12 22:44:00,2300.0,3000.0,2367.5,1017.7,11.1,100.0,11.1,1.2475,0.6946054705417601,0.7192850208707551,AMOS20200313,0.0
2020-03-12 22:45:00,2250.0,3000.0,2202.0,1017.7,11.0,100.0,11.0,1.15,0.7222884961908849,0.6914404679426355,AMOS20200313,0.0
2020-03-12 22:46:00,2100.0,3000.0,2221.5,1017.7,11.0,100.0,11.0,1.045,0.7602612025690287,0.6493244090214356,AMOS20200313,0.0
2020-03-12 22:47:00,2200.0,3000.0,2139.0,1017.8,10.9,100.0,10.9,0.9450000000000001,0.8037038255794885,0.5947095467803065,AMOS20200313,0.0
2020-03-12 22:48:00,1900.0,3000.0,1841.0,1017.8,10.9,100.0,10.9,0.865,0.8362623190978284,0.548277502128957,AMOS20200313,0.0
2020-03-12 22:49:00,1700.0,3000.0,1793.5,1017.8,10.8,100.0,10.8,0.8225,0.869924932817157,0.4921798460547722,AMOS20200313,0.0
2020-03-12 22:50:00,2050.0,3000.0,2160.5,1017.8,10.8,100.0,10.8,0.8274999999999999,0.9166061959728525,0.3985517169748629,AMOS20200313,0.0
2020-03-12 22:51:00,1950.0,3000.0,1861.5,1017.8,10.8,100.0,10.8,0.765,0.9536082108721058,0.30067081715634175,AMOS20200313,0.0
2020-03-12 22:52:00,1300.0,2750.0,1115.0,1017.8,10.9,100.0,10.9,0.7275,0.9453030086717064,0.325492523188088,AMOS20200313,0.0
2020-03-12 22:53:00,1000.0,2250.0,1152.0,1017.8,11.0,100.0,11.0,0.8049999999999999,0.8960949851218533,0.44190764331555027,AMOS20200313,0.0
2020-03-12 22:54:00,1450.0,2950.0,1722.5,1017.7,11.1,100.0,11.1,0.9175,0.8593165511068539,0.5112393347858148,AMOS20200313,0.0
2020-03-12 22:55:00,1650.0,3000.0,1638.0,1017.7,11.1,100.0,11.1,0.98,0.8239692947911013,0.5662984067823232,AMOS20200313,0.0
2020-03-12 22:56:00,1600.0,3000.0,1618.0,1017.7,11.2,100.0,11.2,0.895,0.7879507446794269,0.6156145912133006,AMOS20200313,0.0
2020-03-12 22:57:00,1500.0,2950.0,1468.0,1017.7,11.1,100.0,11.1,0.78,0.7632107273949265,0.6461054645125314,AMOS20200313,0.0
2020-03-12 22:58:00,1400.0,2800.0,1402.0,1017.7,11.1,100.0,11.1,0.6799999999999999,0.754709580222772,0.6560590289905073,AMOS20200313,0.0
2020-03-12 22:59:00,1300.0,2700.0,1366.5,1017.7,11.1,100.0,11.1,0.645,0.7743114003254122,0.6326392714371436,AMOS20200313,0.0
2020-03-12 23:00:00,1300.0,2700.0,1391.5,1017.7,11.0,100.0,11.0,0.67,0.8139605303165685,0.5805924038165786,AMOS20200313,0.0
2020-03-12 23:01:00,1450.0,2950.0,1550.0,1017.7,10.9,100.0,10.9,0.6725000000000001,0.8524778421471002,0.5223990935395716,AMOS20200313,0.0
2020-03-12 23:02:00,1500.0,3000.0,1529.0,1017.7,10.9,100.0,10.9,0.6625000000000001,0.8660254037844386,0.5000000000000001,AMOS20200313,0.0
2020-03-12 23:03:00,1500.0,3000.0,1550.0,1017.7,10.9,100.0,10.9,0.7075,0.8571673007021123,0.5150380749100542,AMOS20200313,0.0
2020-03-12 23:04:00,1500.0,3000.0,1517.5,1017.7,10.9,100.0,10.9,0.7925,0.8571673007021123,0.5150380749100542,AMOS20200313,0.0
2020-03-12 23:05:00,1500.0,3000.0,1634.0,1017.6,10.9,100.0,10.9,0.9075,0.8571673007021123,0.5150380749100542,AMOS20200313,0.0
2020-03-12 23:06:00,1650.0,3000.0,1732.5,1017.6,10.9,100.0,10.9,1.04,0.8571673007021123,0.5150380749100542,AMOS20200313,0.0
2020-03-12 23:07:00,1750.0,3000.0,1842.0,1017.6,10.9,100.0,10.9,1.1075000000000002,0.8571673007021123,0.5150380749100542,AMOS20200313,0.0
2020-03-12 23:08:00,1800.0,3000.0,1872.5,1017.6,10.9,100.0,10.9,1.105,0.8456391331873466,0.5335588522933283,AMOS20200313,0.0
2020-03-12 23:09:00,1800.0,3000.0,1780.5,1017.7,10.9,100.0,10.9,1.0325,0.8139605303165685,0.5805924038165786,AMOS20200313,0.0
2020-03-12 23:10:00,1700.0,3000.0,1753.5,1017.7,10.9,100.0,10.9,0.885,0.7959793209371502,0.6052766361954509,AMOS20200313,0.0
2020-03-12 23:11:00,1750.0,3000.0,1797.5,1017.8,10.9,100.0,10.9,0.7,0.8035190185358583,0.5945752766036341,AMOS20200313,0.0
2020-03-12 23:12:00,1700.0,3000.0,1811.5,1017.8,10.9,100.0,10.9,0.585,0.8837518268093975,0.4649591685861049,AMOS20200313,0.0
2020-03-12 23:13:00,1800.0,3000.0,1779.0,1017.8,10.9,100.0,10.9,0.5725,0.9568886997408148,0.2879877748662681,AMOS20200313,0.0
2020-03-12 23:14:00,1700.0,3000.0,1731.0,1017.8,10.9,100.0,10.9,0.62,0.9789430081035921,0.20362018397867854,AMOS20200313,0.0
2020-03-12 23:15:00,1700.0,3000.0,1781.0,1017.8,10.9,100.0,10.9,0.6174999999999999,0.9807572877691993,0.19508466923684856,AMOS20200313,0.0
2020-03-12 23:16:00,1700.0,3000.0,1776.5,1017.8,10.9,100.0,10.9,0.555,0.9655580607406465,0.25872050262081714,AMOS20200313,0.0
2020-03-12 23:17:00,1700.0,3000.0,1788.0,1017.8,10.9,100.0,10.9,0.495,0.9332249761011132,0.35823150492200284,AMOS20200313,0.0
2020-03-12 23:18:00,1700.0,3000.0,1691.0,1017.8,10.8,100.0,10.8,0.4475,0.9170251555475206,0.398733885782537,AMOS20200313,0.0
2020-03-12 23:19:00,1550.0,3000.0,1586.0,1017.8,10.8,100.0,10.8,0.4575,0.9514248710838876,0.3045574260812154,AMOS20200313,0.0
2020-03-12 23:20:00,1600.0,3000.0,1672.0,1017.8,10.8,100.0,10.8,0.5625,0.9919844113593428,0.10864756138038803,AMOS20200313,0.0
2020-03-12 23:21:00,1600.0,3000.0,1686.5,1017.8,10.8,100.0,10.8,0.635,0.9920568129691564,-0.11742142453439827,AMOS20200313,0.0
2020-03-12 23:22:00,1700.0,3000.0,1762.5,1017.8,10.8,100.0,10.8,0.6325000000000001,0.9689077123092973,-0.24607249683423676,AMOS20200313,0.0
2020-03-12 23:23:00,1750.0,3000.0,1816.0,1017.8,10.9,100.0,10.9,0.5925,0.9610424662029022,-0.275573110099247,AMOS20200313,0.0
2020-03-12 23:24:00,1800.0,3000.0,1863.0,1017.7,10.9,100.0,10.9,0.4925,0.9183440902918055,-0.3897836402762407,AMOS20200313,0.0
2020-03-12 23:25:00,1800.0,3000.0,1900.5,1017.8,11.0,100.0,11.0,0.39749999999999996,0.7005462835853422,-0.7004544658434972,AMOS20200313,0.0
2020-03-12 23:26:00,1600.0,2950.0,1366.5,1017.8,11.0,100.0,11.0,0.3175,0.19267844453140687,-0.9698566772573596,AMOS20200313,0.0
2020-03-12 23:27:00,950.0,2150.0,966.0,1017.8,11.0,100.0,11.0,0.265,0.223285095344921,-0.967578429607098,AMOS20200313,0.0
2020-03-12 23:28:00,1050.0,2350.0,1198.0,1017.8,11.1,100.0,11.1,0.27,0.7592005361912291,-0.6255762248971296,AMOS20200313,0.0
2020-03-12 23:29:00,1200.0,2550.0,1320.0,1017.8,11.1,100.0,11.1,0.295,0.8889917913560077,-0.4578607655011328,AMOS20200313,0.0
2020-03-12 23:30:00,1350.0,2750.0,1460.5,1017.8,11.2,100.0,11.2,0.32,0.8889239390513471,-0.4578261930251015,AMOS20200313,0.0
2020-03-12 23:31:00,1500.0,2900.0,1501.5,1017.8,11.2,100.0,11.2,0.3875,0.9164665285999516,-0.3984909878727473,AMOS20200313,0.0
2020-03-12 23:32:00,1400.0,2900.0,1530.5,1017.8,11.3,100.0,11.3,0.54,0.9710533661056767,-0.22865911163213914,AMOS20200313,0.0
2020-03-12 23:33:00,1500.0,3000.0,1534.5,1017.9,11.3,100.0,11.3,0.7,0.9980974880745835,-0.052304080662595454,AMOS20200313,0.0
2020-03-12 23:34:00,1550.0,3000.0,1718.5,1017.9,11.3,100.0,11.3,0.8425,0.9997334781220674,-0.02181417900358785,AMOS20200313,0.0
2020-03-12 23:35:00,1700.0,3000.0,1726.5,1017.9,11.3,100.0,11.3,1.0025,0.9994670142325153,0.01744576162704041,AMOS20200313,0.0
2020-03-12 23:36:00,1700.0,3000.0,1714.0,1017.9,11.3,100.0,11.3,1.1375,0.9933827034607278,0.11318166259513114,AMOS20200313,0.0
2020-03-12 23:37:00,1600.0,3000.0,1635.0,1017.9,11.3,100.0,11.3,1.2349999999999999,0.9902680687415704,0.13917310096006547,AMOS20200313,0.0
2020-03-12 23:38:00,1600.0,3000.0,1630.0,1017.9,11.3,100.0,11.3,1.2875,0.990762178154838,0.13483656320264784,AMOS20200313,0.0
2020-03-12 23:39:00,1550.0,3000.0,1566.5,1017.9,11.3,100.0,11.3,1.27,0.9761101438106753,0.21639840903445923,AMOS20200313,0.0
2020-03-12 23:40:00,1350.0,2750.0,1294.5,1017.9,11.2,100.0,11.2,1.295,0.9702218359065742,0.24190347266143025,AMOS20200313,0.0
2020-03-12 23:41:00,1200.0,2450.0,1196.0,1017.9,11.2,100.0,11.2,1.3175000000000001,0.9830677194472038,0.18220083222536643,AMOS20200313,0.0
2020-03-12 23:42:00,1200.0,2500.0,1275.5,1017.9,11.1,100.0,11.1,1.1949999999999998,0.992470566848122,0.12186006275950348,AMOS20200313,0.0
2020-03-12 23:43:00,1300.0,2600.0,1312.0,1017.9,11.0,100.0,11.0,1.0350000000000001,0.9985156887554516,0.0479609005325967,AMOS20200313,0.0
2020-03-12 23:44:00,1200.0,2550.0,1245.0,1017.9,11.0,100.0,11.0,0.9125,0.9978691931617983,-0.052296108428569944,AMOS20200313,0.0
2020-03-12 23:45:00,1200.0,2500.0,1274.0,1017.9,11.0,100.0,11.0,0.8674999999999999,0.9768817532281971,-0.20764262662436855,AMOS20200313,0.0
2020-03-12 23:46:00,1200.0,2600.0,1282.0,1017.9,10.9,100.0,10.9,0.88,0.9333666778075234,-0.3582873227085703,AMOS20200313,0.0
2020-03-12 23:47:00,1300.0,2600.0,1346.0,1017.9,11.0,100.0,11.0,0.9575,0.9269715455643941,-0.3745222484300321,AMOS20200313,0.0
2020-03-12 23:48:00,1300.0,2600.0,1270.0,1017.9,11.1,100.0,11.1,1.1425,0.9597296736181261,-0.27973698762858773,AMOS20200313,0.0
2020-03-12 23:49:00,1150.0,2400.0,1164.5,1017.9,11.2,100.0,11.2,1.34,0.9789430081035922,-0.20362018397867848,AMOS20200313,0.0
2020-03-12 23:50:00,1100.0,2400.0,1162.0,1017.9,11.2,100.0,11.2,1.4324999999999999,0.984807753012208,-0.1736481776669303,AMOS20200313,0.0
2020-03-12 23:51:00,1200.0,2550.0,1323.0,1017.9,11.2,100.0,11.2,1.375,0.984807753012208,-0.1736481776669303,AMOS20200313,0.0
2020-03-12 23:52:00,1350.0,2750.0,1429.0,1017.9,11.1,100.0,11.1,1.2175,0.9806825344818708,-0.19507013866974846,AMOS20200313,0.0
2020-03-12 23:53:00,1350.0,2750.0,1287.5,1017.9,11.2,100.0,11.2,1.1025,0.9762588327595205,-0.2164313725808122,AMOS20200313,0.0
2020-03-12 23:54:00,900.0,2000.0,823.0,1017.9,11.2,100.0,11.2,0.895,0.9702218359065742,-0.24190347266143036,AMOS20200313,0.0
2020-03-12 23:55:00,800.0,1900.0,947.5,1017.9,11.0,100.0,11.0,0.6325,0.8639487238928937,-0.47870087701070263,AMOS20200313,0.0
2020-03-12 23:56:00,900.0,2100.0,970.5,1017.9,11.0,100.0,11.0,0.5925,0.33402791355913525,-0.9182007684049409,AMOS20200313,0.0
2020-03-12 23:57:00,1150.0,2350.0,1303.5,1017.9,11.1,100.0,11.1,0.7925,-0.10447671596895247,-0.9939914126264349,AMOS20200313,0.0
2020-03-12 23:58:00,1250.0,2600.0,1243.0,1017.9,11.1,100.0,11.1,1.0375,-0.06538009748930582,-0.9975265768504418,AMOS20200313,0.0
2020-03-12 23:59:00,1150.0,2400.0,1193.5,1017.9,11.1,100.0,11.1,1.1475,-0.08277937903496853,-0.9962336086868664,AMOS20200313,0.0
2020-03-13 00:00:00,1100.0,2400.0,1156.5,1017.9,11.1,100.0,11.1,1.125,-0.15211912402018943,-0.9883332726317459,AMOS20200313,0.0
2020-03-13 00:01:00,1250.0,2650.0,1452.5,1017.9,11.1,100.0,11.1,1.0725,-0.043551324912022765,-0.9977177691771696,AMOS20200313,0.0
2020-03-13 00:02:00,1500.0,3000.0,1573.5,1018.0,11.0,100.0,11.0,0.99,0.12171162896180196,-0.9912616705780204,AMOS20200313,0.0
2020-03-13 00:03:00,1600.0,3000.0,1634.5,1018.0,11.0,100.0,11.0,0.855,0.30443349982243395,-0.9510649630951049,AMOS20200313,0.0
2020-03-13 00:04:00,1550.0,3000.0,1570.0,1018.1,11.1,100.0,11.1,0.715,0.48010106318510726,-0.8750974626196262,AMOS20200313,0.0
2020-03-13 00:05:00,1300.0,2700.0,1231.0,1018.1,11.0,100.0,11.0,0.5549999999999999,0.6444270795935534,-0.7612414984580264,AMOS20200313,0.0
2020-03-13 00:06:00,1100.0,2400.0,1143.0,1018.1,10.9,100.0,10.9,0.4625,0.8327556961238012,-0.5459955209195361,AMOS20200313,0.0
2020-03-13 00:07:00,1000.0,2250.0,1041.0,1018.1,10.9,100.0,10.9,0.4575,0.9672538643811267,-0.23667091103599788,AMOS20200313,0.0
2020-03-13 00:08:00,1000.0,2150.0,1011.5,1018.1,10.8,100.0,10.8,0.43,0.983493583164709,0.13822100910241408,AMOS20200313,0.0
2020-03-13 00:09:00,900.0,2100.0,953.5,1018.1,10.7,100.0,10.7,0.355,0.8291298672258356,0.5436361279259552,AMOS20200313,0.0
2020-03-13 00:10:00,800.0,1900.0,843.5,1018.1,10.6,100.0,10.6,0.3025,0.5290830180783951,0.8384913453896312,AMOS20200313,0.0
2020-03-13 00:11:00,800.0,1900.0,886.0,1018.1,10.6,100.0,10.6,0.2625,0.304761549560088,0.952078897245604,AMOS20200313,0.0
2020-03-13 00:12:00,900.0,2000.0,918.0,1018.1,10.6,100.0,10.6,0.24,0.6227383099424414,0.755877764697868,AMOS20200313,0.0
2020-03-13 00:13:00,900.0,2000.0,900.0,1018.1,10.6,100.0,10.6,0.28,0.974284861115716,0.1629534734512335,AMOS20200313,0.0
2020-03-13 00:14:00,800.0,1900.0,896.5,1018.0,10.6,100.0,10.6,0.38,0.9746239336070666,-0.21606892416475365,AMOS20200313,0.0
2020-03-13 00:15:00,900.0,2000.0,959.0,1018.0,10.5,100.0,10.5,0.495,0.946903060773276,-0.32143036443660433,AMOS20200313,0.0
2020-03-13 00:16:00,900.0,2100.0,972.5,1017.9,10.5,100.0,10.5,0.615,0.9411491094892606,-0.33790714610854067,AMOS20200313,0.0
2020-03-13 00:17:00,1000.0,2150.0,1024.5,1017.9,10.5,100.0,10.5,0.61,0.9523685762121241,-0.30485567196189467,AMOS20200313,0.0
2020-03-13 00:18:00,950.0,2100.0,991.0,1017.9,10.6,100.0,10.6,0.485,0.8885713832680809,-0.44286533345275203,AMOS20200313,0.0
2020-03-13 00:19:00,900.0,2000.0,875.0,1018.0,10.6,100.0,10.6,0.4975,0.48802672287186066,-0.8539867139671654,AMOS20200313,0.0
2020-03-13 00:20:00,700.0,1700.0,631.0,1018.0,10.7,100.0,10.7,0.595,0.012992384237680649,-0.9967676602942204,AMOS20200313,0.0
2020-03-13 00:21:00,500.0,1300.0,532.0,1018.1,10.7,100.0,10.7,0.41500000000000004,-0.17351596454144694,-0.9840579351173397,AMOS20200313,0.0
2020-03-13 00:22:00,475.0,1200.0,447.0,1018.1,10.7,100.0,10.7,0.1575,-0.3895562371780011,-0.9176146497204605,AMOS20200313,0.0
2020-03-13 00:23:00,350.0,950.0,317.5,1018.1,10.7,100.0,10.7,0.0925,-0.24026689283405325,-0.9636578727387213,AMOS20200313,0.0
2020-03-13 00:24:00,200.0,625.0,167.0,1018.0,10.6,100.0,10.6,0.135,0.17722330328984975,-0.9796591474571372,AMOS20200313,0.0
2020-03-13 00:25:00,100.0,362.5,103.5,1018.0,10.5,100.0,10.5,0.225,0.24601337374672053,-0.9686870619427861,AMOS20200313,0.0
2020-03-13 00:26:00,50.0,300.0,90.5,1017.9,10.4,100.0,10.4,0.255,0.017375403683509115,-0.9954362103471909,AMOS20200313,0.0
2020-03-13 00:27:00,50.0,262.5,86.5,1017.9,10.3,100.0,10.3,0.3075,-0.241796822973933,-0.9697776079877619,AMOS20200313,0.0
2020-03-13 00:28:00,100.0,337.5,113.0,1018.0,10.3,100.0,10.3,0.47250000000000003,-0.18192341605704113,-0.9815709157465713,AMOS20200313,0.0
2020-03-13 00:29:00,100.0,337.5,111.0,1018.0,10.3,100.0,10.3,0.6125,-0.08280592549677478,-0.9965370361337652,AMOS20200313,0.0
2020-03-13 00:30:00,100.0,325.0,92.5,1017.9,10.3,100.0,10.3,0.6425000000000001,0.05659945166820038,-0.9964624252619467,AMOS20200313,0.0
2020-03-13 00:31:00,50.0,237.5,74.0,1017.9,10.3,100.0,10.3,0.6625000000000001,0.19497905728114706,-0.980234855154287,AMOS20200313,0.0
2020-03-13 00:32:00,50.0,262.5,98.5,1017.9,10.2,100.0,10.2,0.665,0.2206740828947629,-0.9752402481322108,AMOS20200313,0.0
2020-03-13 00:33:00,175.0,525.0,277.0,1017.9,10.2,100.0,10.2,0.63,0.23341934440419063,-0.9722586948904488,AMOS20200313,0.0
2020-03-13 00:34:00,475.0,1250.0,613.5,1017.9,10.1,100.0,10.1,0.6425000000000001,0.10008976197388447,-0.9939550043368253,AMOS20200313,0.0
2020-03-13 00:35:00,500.0,1350.0,470.5,1017.9,10.0,100.0,10.0,0.685,-0.08706283113665543,-0.9950564914497769,AMOS20200313,0.0
2020-03-13 00:36:00,375.0,1050.0,323.5,1017.9,9.9,100.0,9.9,0.6975,-0.15643446504023073,-0.9876883405951378,AMOS20200313,0.0
2020-03-13 00:37:00,175.0,550.0,141.5,1018.0,9.8,100.0,9.8,0.655,-0.11752484272512996,-0.9929645027798597,AMOS20200313,0.0
2020-03-13 00:38:00,125.0,475.0,193.0,1018.0,9.8,100.0,9.8,0.5725,-0.14347784361141858,-0.9895477253932919,AMOS20200313,0.0
2020-03-13 00:39:00,275.0,775.0,313.0,1017.9,9.7,100.0,9.7,0.5525,-0.19508466923684842,-0.9807572877691993,AMOS20200313,0.0
2020-03-13 00:40:00,250.0,775.0,231.0,1017.9,9.7,100.0,9.7,0.5625,-0.14348844198010682,-0.9896231367049622,AMOS20200313,0.0
2020-03-13 00:41:00,200.0,600.0,193.5,1017.9,9.8,100.0,9.8,0.565,-0.19497905728114706,-0.980234855154287,AMOS20200313,0.0
2020-03-13 00:42:00,150.0,525.0,187.5,1017.9,9.8,100.0,9.8,0.575,-0.35393377113502944,-0.934181672239583,AMOS20200313,0.0
2020-03-13 00:43:00,250.0,750.0,294.5,1018.0,9.7,100.0,9.7,0.605,-0.4844404934520433,-0.8739537847747396,AMOS20200313,0.0
2020-03-13 00:44:00,225.0,650.0,169.5,1018.0,9.7,100.0,9.7,0.67,-0.5734464939877548,-0.8189641502460777,AMOS20200313,0.0
2020-03-13 00:45:00,100.0,400.0,133.0,1018.0,9.6,100.0,9.6,0.71,-0.5370336838998195,-0.8429740280438202,AMOS20200313,0.0
2020-03-13 00:46:00,100.0,400.0,139.5,1018.0,9.6,100.0,9.6,0.7124999999999999,-0.43423383716925945,-0.9002612580831242,AMOS20200313,0.0
2020-03-13 00:47:00,100.0,400.0,137.0,1018.0,9.5,100.0,9.5,0.6775,-0.44611286776380354,-0.8947639875957779,AMOS20200313,0.0
2020-03-13 00:48:00,100.0,387.5,123.0,1018.1,9.4,100.0,9.4,0.67,-0.5146459326224606,-0.8565146663387083,AMOS20200313,0.0
2020-03-13 00:49:00,100.0,400.0,140.5,1018.1,9.4,100.0,9.4,0.63,-0.6282093599121578,-0.7757929494484784,AMOS20200313,0.0
2020-03-13 00:50:00,100.0,362.5,99.5,1018.1,9.3,100.0,9.3,0.48750000000000004,-0.8313278452422521,-0.5502184209333827,AMOS20200313,0.0
2020-03-13 00:51:00,50.0,300.0,93.0,1018.1,9.3,100.0,9.3,0.4325,-0.8744205483898405,-0.4846977051820432,AMOS20200313,0.0
2020-03-13 00:52:00,50.0,300.0,97.5,1018.1,9.3,100.0,9.3,0.54,-0.7871067764860211,-0.6149636413249604,AMOS20200313,0.0
2020-03-13 00:53:00,50.0,300.0,92.5,1018.1,9.2,100.0,9.2,0.6425000000000001,-0.7874107740040067,-0.61519271988586,AMOS20200313,0.0
2020-03-13 00:54:00,50.0,262.5,77.0,1018.2,9.2,100.0,9.2,0.66,-0.8589229151863039,-0.5110074655085308,AMOS20200313,0.0
2020-03-13 00:55:00,50.0,225.0,66.0,1018.2,9.2,100.0,9.2,0.6775,-0.8987940462991668,-0.43837114678907774,AMOS20200313,0.0
2020-03-13 00:56:00,50.0,200.0,60.0,1018.2,9.1,100.0,9.1,0.6625000000000001,-0.9384765389193597,-0.34157752572381406,AMOS20200313,0.0
2020-03-13 00:57:00,50.0,200.0,63.0,1018.1,9.1,100.0,9.1,0.6074999999999999,-0.9895251996571274,-0.12149841714225951,AMOS20200313,0.0
2020-03-13 00:58:00,50.0,212.5,75.0,1018.1,9.0,100.0,9.0,0.5425,-0.9935771954831125,0.10004337287967605,AMOS20200313,0.0
2020-03-13 00:59:00,50.0,275.0,95.5,1018.1,9.1,100.0,9.1,0.495,-0.9449596401668854,0.32076259668096824,AMOS20200313,0.0
2020-03-13 01:00:00,50.0,300.0,98.0,1018.1,9.2,100.0,9.2,0.48,-0.8560580171045561,0.5143715500809494,AMOS20200313,0.0
2020-03-13 01:01:00,100.0,312.5,101.5,1018.0,9.2,100.0,9.2,0.4975,-0.745016817200967,0.6649468113533368,AMOS20200313,0.0
2020-03-13 01:02:00,50.0,262.5,82.0,1018.0,9.4,100.0,9.4,0.5325,-0.5613254366146387,0.8244323101974367,AMOS20200313,0.0
2020-03-13 01:03:00,50.0,287.5,100.0,1018.0,9.4,100.0,9.4,0.5974999999999999,-0.3945205832065228,0.9182759462514392,AMOS20200313,0.0
2020-03-13 01:04:00,100.0,337.5,116.0,1018.0,9.4,100.0,9.4,0.6925,-0.2796701999705206,0.9595112210318543,AMOS20200313,0.0
2020-03-13 01:05:00,100.0,375.0,125.5,1018.0,9.3,100.0,9.3,0.755,-0.22919376465781596,0.9733514801579255,AMOS20200313,0.0
2020-03-13 01:06:00,100.0,400.0,155.0,1018.0,9.2,100.0,9.2,0.6950000000000001,-0.34163580804483545,0.9386172448892158,AMOS20200313,0.0
2020-03-13 01:07:00,225.0,700.0,301.0,1018.0,9.1,100.0,9.1,0.65,-0.43436735909837565,0.9005350186073255,AMOS20200313,0.0
2020-03-13 01:08:00,300.0,800.0,342.0,1018.0,9.3,100.0,9.3,0.6875,-0.40270429044876177,0.9152157378960328,AMOS20200313,0.0
2020-03-13 01:09:00,400.0,1050.0,444.5,1018.0,9.4,100.0,9.4,0.645,-0.36645874428129405,0.9303115332360112,AMOS20200313,0.0
2020-03-13 01:10:00,375.0,1000.0,347.5,1018.0,9.6,100.0,9.6,0.7,-0.3172442492201275,0.9481431171608535,AMOS20200313,0.0
2020-03-13 01:11:00,250.0,800.0,279.0,1018.0,9.8,100.0,9.8,0.82,-0.2630039130840466,0.9646862361104256,AMOS20200313,0.0
2020-03-13 01:12:00,300.0,850.0,363.0,1017.9,9.8,100.0,9.8,0.83,-0.25457504802971387,0.9669447436948451,AMOS20200313,0.0
2020-03-13 01:13:00,350.0,900.0,372.0,1017.9,9.7,100.0,9.7,0.73,-0.3213312007750356,0.9466150685886768,AMOS20200313,0.0
2020-03-13 01:14:00,400.0,1050.0,448.0,1017.9,9.6,100.0,9.6,0.525,-0.40261137794251606,0.9150070529902489,AMOS20200313,0.0
2020-03-13 01:15:00,450.0,1200.0,494.5,1017.9,9.6,100.0,9.6,0.305,-0.3986124275783058,0.9167458208017187,AMOS20200313,0.0
2020-03-13 01:16:00,450.0,1150.0,419.0,1017.9,9.5,100.0,9.5,0.14,-0.3342091823723141,0.9319147559128192,AMOS20200313,0.0
2020-03-13 01:17:00,200.0,600.0,119.5,1017.9,9.5,100.0,9.5,0.125,-0.8439853625694247,-0.2970920253176407,AMOS20200313,0.0
2020-03-13 01:18:00,100.0,312.5,102.5,1017.9,9.5,100.0,9.5,0.16,-0.7454484539319874,-0.6594107696564995,AMOS20200313,0.0
2020-03-13 01:19:00,50.0,300.0,89.5,1017.9,9.5,100.0,9.5,0.19,-0.8337902034553879,-0.5518744936613612,AMOS20200313,0.0
2020-03-13 01:20:00,50.0,275.0,83.5,1017.9,9.5,100.0,9.5,0.27,-0.7928972791786958,-0.6029192396315844,AMOS20200313,0.0
2020-03-13 01:21:00,50.0,287.5,98.0,1017.9,9.5,100.0,9.5,0.375,-0.5934760623471169,-0.802060311948896,AMOS20200313,0.0
2020-03-13 01:22:00,100.0,325.0,110.5,1017.9,9.3,100.0,9.3,0.515,-0.5150380749100542,-0.8571673007021123,AMOS20200313,0.0
2020-03-13 01:23:00,100.0,375.0,118.5,1017.9,9.3,100.0,9.3,0.665,-0.5037595187275137,-0.863810878013857,AMOS20200313,0.0
2020-03-13 01:24:00,100.0,375.0,121.5,1017.9,9.4,100.0,9.4,0.88,-0.44994738212891505,-0.8926820161658952,AMOS20200313,0.0
2020-03-13 01:25:00,100.0,337.5,106.0,1017.9,9.4,100.0,9.4,1.1825,-0.44994738212891505,-0.8926820161658952,AMOS20200313,0.0
2020-03-13 01:26:00,100.0,325.0,111.5,1017.9,9.4,100.0,9.4,1.405,-0.5731397238305207,-0.8185283541732843,AMOS20200313,0.0
2020-03-13 01:27:00,100.0,362.5,120.0,1018.0,9.5,100.0,9.5,1.3625,-0.6259056621187927,-0.7798621594944086,AMOS20200313,0.0
2020-03-13 01:28:00,175.0,575.0,277.0,1018.0,9.6,100.0,9.6,1.15,-0.6326392714371436,-0.7743114003254122,AMOS20200313,0.0
2020-03-13 01:29:00,275.0,800.0,239.5,1018.0,9.6,100.0,9.6,1.09,-0.6912327404556498,-0.7220657357336296,AMOS20200313,0.0
2020-03-13 01:30:00,200.0,625.0,200.0,1018.1,9.4,100.0,9.4,1.0550000000000002,-0.6688758422996355,-0.742861881324893,AMOS20200313,0.0
2020-03-13 01:31:00,100.0,387.5,108.0,1018.1,9.0,100.0,9.0,0.9824999999999999,-0.622490933187748,-0.7825783575318463,AMOS20200313,0.0
2020-03-13 01:32:00,50.0,300.0,85.5,1018.1,8.9,100.0,8.9,1.0775000000000001,-0.6394208050273639,-0.7688198227034762,AMOS20200313,0.0
2020-03-13 01:33:00,50.0,225.0,73.0,1018.1,8.9,100.0,8.9,1.165,-0.6293203910498376,-0.7771459614569708,AMOS20200313,0.0
2020-03-13 01:34:00,75.0,337.5,155.0,1018.1,8.8,100.0,8.8,1.1824999999999999,-0.6087382492388533,-0.7933231318270074,AMOS20200313,0.0
2020-03-13 01:35:00,275.0,750.0,346.5,1018.1,8.7,100.0,8.7,1.14,-0.5806808443217596,-0.8140845193319697,AMOS20200313,0.0
2020-03-13 01:36:00,300.0,850.0,307.0,1018.1,8.8,100.0,8.8,1.0325,-0.5591503195768917,-0.8289744393361248,AMOS20200313,0.0
2020-03-13 01:37:00,275.0,800.0,258.0,1018.1,8.7,100.0,8.7,0.99,-0.5298789095978726,-0.8479835152400972,AMOS20200313,0.0
2020-03-13 01:38:00,150.0,525.0,155.5,1018.1,8.7,100.0,8.7,1.0475,-0.4770679206929436,-0.8786498069927823,AMOS20200313,0.0
2020-03-13 01:39:00,150.0,550.0,254.0,1018.1,8.8,100.0,8.8,1.1466666666666667,-0.4224466299898398,-0.9059397215591528,AMOS20200313,0.0
2020-03-13 01:40:00,300.0,800.0,285.5,1018.1,9.1,100.0,9.1,1.115,-0.3337681032291927,-0.942534038323788,AMOS20200313,0.0
2020-03-13 01:41:00,200.0,675.0,218.5,1018.1,9.2,100.0,9.2,0.96,-0.3255433616537324,-0.9454465720699239,AMOS20200313,0.0
2020-03-13 01:42:00,175.0,600.0,200.0,1018.1,9.2,100.0,9.2,0.92,-0.3337941488914127,-0.9426055981926126,AMOS20200313,0.0
2020-03-13 01:43:00,150.0,575.0,179.5,1018.1,9.2,100.0,9.2,1.03,-0.3255433616537324,-0.9454465720699239,AMOS20200313,0.0
2020-03-13 01:44:00,150.0,550.0,203.5,1018.1,9.2,100.0,9.2,1.085,-0.41058316125537225,-0.9114577863863014,AMOS20200313,0.0
2020-03-13 01:45:00,200.0,600.0,202.5,1018.1,9.2,100.0,9.2,1.0325,-0.4265242995986636,-0.9043603343193962,AMOS20200313,0.0
2020-03-13 01:46:00,150.0,550.0,180.0,1018.1,9.1,100.0,9.1,1.0325,-0.34194076141397356,-0.9394784066378323,AMOS20200313,0.0
2020-03-13 01:47:00,150.0,550.0,206.0,1018.1,9.0,100.0,9.0,1.2325,-0.3743213735581075,-0.9264779106464023,AMOS20200313,0.0
2020-03-13 01:48:00,200.0,650.0,205.5,1018.1,9.2,100.0,9.2,1.385,-0.46936548751691054,-0.8827452633592214,AMOS20200313,0.0
2020-03-13 01:49:00,100.0,425.0,120.5,1018.1,9.2,100.0,9.2,1.34,-0.4924048101231685,-0.8703225554619172,AMOS20200313,0.0
2020-03-13 01:50:00,100.0,387.5,137.5,1018.1,8.9,100.0,8.9,1.23,-0.5000000000000001,-0.8660254037844386,AMOS20200313,0.0
2020-03-13 01:51:00,150.0,525.0,196.0,1018.1,8.8,100.0,8.8,1.1099999999999999,-0.5000000000000001,-0.8660254037844386,AMOS20200313,0.0
2020-03-13 01:52:00,200.0,650.0,229.5,1018.1,8.9,100.0,8.9,0.9975,-0.5037595187275137,-0.863810878013857,AMOS20200313,0.0
2020-03-13 01:53:00,175.0,575.0,176.0,1018.1,9.1,100.0,9.1,0.955,-0.4536448381626922,-0.8903281251462833,AMOS20200313,0.0
2020-03-13 01:54:00,100.0,350.0,98.5,1018.1,9.1,100.0,9.1,0.965,-0.37863772718425237,-0.9255141042882007,AMOS20200313,0.0
2020-03-13 01:55:00,100.0,337.5,128.0,1018.1,8.9,100.0,8.9,1.0125,-0.42642775918964926,-0.9041533027441563,AMOS20200313,0.0
2020-03-13 01:56:00,100.0,400.0,136.0,1018.1,8.8,100.0,8.8,1.1225,-0.488570295758057,-0.8724045268917999,AMOS20200313,0.0
2020-03-13 01:57:00,125.0,450.0,157.5,1018.1,8.8,100.0,8.8,1.16,-0.5371973194072581,-0.843230884339751,AMOS20200313,0.0
2020-03-13 01:58:00,100.0,375.0,97.0,1018.1,8.7,100.0,8.7,1.025,-0.6288412359158821,-0.7765542541445104,AMOS20200313,0.0
2020-03-13 01:59:00,50.0,275.0,86.0,1018.1,8.6,100.0,8.6,0.895,-0.7391796261567857,-0.6714296687784534,AMOS20200313,0.0
2020-03-13 02:00:00,50.0,250.0,74.5,1018.1,8.6,100.0,8.6,0.905,-0.876850620070312,-0.4760751733339062,AMOS20200313,0.0
2020-03-13 02:01:00,50.0,225.0,74.5,1018.1,8.6,100.0,8.6,0.8875,-0.9495276023348127,-0.3131064591995752,AMOS20200313,0.0
2020-03-13 02:02:00,50.0,262.5,97.5,1018.2,8.7,100.0,8.7,0.8374999999999999,-0.9703521000123867,-0.23744749545901334,AMOS20200313,0.0
2020-03-13 02:03:00,50.0,300.0,88.5,1018.2,8.9,100.0,8.9,0.81,-0.9946779305368563,-0.08702304278140151,AMOS20200313,0.0
2020-03-13 02:04:00,50.0,250.0,81.5,1018.2,9.0,100.0,9.0,0.9199999999999999,-0.9996573372986457,-0.021812849960571302,AMOS20200313,0.0
2020-03-13 02:05:00,50.0,250.0,80.5,1018.2,9.1,100.0,9.1,0.9675,-0.9989722438317952,0.030523107496767198,AMOS20200313,0.0
2020-03-13 02:06:00,50.0,250.0,81.0,1018.2,9.0,100.0,9.0,0.8674999999999999,-0.9933827034607279,0.113181662595131,AMOS20200313,0.0
2020-03-13 02:07:00,50.0,225.0,69.5,1018.2,9.0,100.0,9.0,0.8125,-0.9919766309163841,0.12619528279387712,AMOS20200313,0.0
2020-03-13 02:08:00,50.0,287.5,108.5,1018.1,9.0,100.0,9.0,0.7825,-0.9945609333513727,0.10015077658022307,AMOS20200313,0.0
2020-03-13 02:09:00,100.0,350.0,111.5,1018.1,9.0,100.0,9.0,0.7925,-0.9986299057897755,-0.03487292474765073,AMOS20200313,0.0
2020-03-13 02:10:00,100.0,325.0,99.5,1018.1,9.0,100.0,9.0,0.805,-0.9874624995652189,-0.15640004094480972,AMOS20200313,0.0
2020-03-13 02:11:00,50.0,275.0,85.5,1018.0,9.0,100.0,9.0,0.7475,-0.9862480468036728,-0.16504132135358068,AMOS20200313,0.0
2020-03-13 02:12:00,50.0,250.0,77.0,1018.0,9.0,100.0,9.0,0.655,-0.9883332726317458,-0.15211912402018973,AMOS20200313,0.0
2020-03-13 02:13:00,50.0,250.0,78.0,1018.0,8.9,100.0,8.9,0.565,-0.9962721021958163,-0.06095856655331089,AMOS20200313,0.0
2020-03-13 02:14:00,50.0,250.0,82.0,1018.0,8.8,100.0,8.8,0.45999999999999996,-0.9824678925431427,0.1820950665584255,AMOS20200313,0.0
2020-03-13 02:15:00,50.0,275.0,89.0,1018.0,8.7,100.0,8.7,0.4425,-0.9670183012858005,0.25459475772680706,AMOS20200313,0.0
2020-03-13 02:16:00,50.0,300.0,96.0,1018.0,8.6,100.0,8.6,0.475,-0.9761846321193534,0.21641424201323642,AMOS20200313,0.0
2020-03-13 02:17:00,50.0,300.0,99.0,1017.9,8.5,100.0,8.5,0.5225,-0.964759793701381,0.26302362278114005,AMOS20200313,0.0
2020-03-13 02:18:00,100.0,325.0,106.5,1017.9,8.5,100.0,8.5,0.5974999999999999,-0.9659258262890684,0.2588190451025203,AMOS20200313,0.0
2020-03-13 02:19:00,100.0,325.0,109.5,1017.9,8.5,100.0,8.5,0.6775,-0.9398610240933188,0.3374397357032617,AMOS20200313,0.0
2020-03-13 02:20:00,100.0,325.0,105.5,1017.9,8.5,100.0,8.5,0.74,-0.8678416323442578,0.49601666238991377,AMOS20200313,0.0
2020-03-13 02:21:00,50.0,300.0,88.0,1017.9,8.5,100.0,8.5,0.76,-0.8433593320509252,0.5372791496241156,AMOS20200313,0.0
2020-03-13 02:22:00,50.0,275.0,94.0,1017.9,8.5,100.0,8.5,0.7525,-0.8479835152400972,0.5298789095978725,AMOS20200313,0.0
2020-03-13 02:23:00,50.0,300.0,90.0,1017.9,8.5,100.0,8.5,0.735,-0.8796563704429584,0.4726616017621378,AMOS20200313,0.0
2020-03-13 02:24:00,50.0,275.0,84.5,1017.9,8.6,100.0,8.6,0.7424999999999999,-0.9750260277399666,0.18514188658067127,AMOS20200313,0.0
2020-03-13 02:25:00,50.0,275.0,90.5,1017.9,8.6,100.0,8.6,0.81,-0.9731117132480847,-0.21129777999356647,AMOS20200313,0.0
2020-03-13 02:26:00,50.0,300.0,98.0,1017.9,8.6,100.0,8.6,0.87,-0.8997794682328003,-0.4340062437856238,AMOS20200313,0.0
2020-03-13 02:27:00,50.0,300.0,100.0,1017.9,8.5,100.0,8.5,0.89,-0.8503278972928475,-0.5261989669024174,AMOS20200313,0.0
2020-03-13 02:28:00,50.0,300.0,94.5,1017.9,8.5,100.0,8.5,0.9275,-0.8657616241460575,-0.4998477067547742,AMOS20200313,0.0
2020-03-13 02:29:00,75.0,300.0,104.0,1017.9,8.4,100.0,8.4,0.9475,-0.9078411555800148,-0.41851913326133,AMOS20200313,0.0
2020-03-13 02:30:00,100.0,325.0,105.5,1017.9,8.4,100.0,8.4,0.92,-0.9287829975493909,-0.3705469324482594,AMOS20200313,0.0
2020-03-13 02:31:00,75.0,300.0,95.0,1017.9,8.4,100.0,8.4,0.8075,-0.960887596621419,-0.2710049721318677,AMOS20200313,0.0
2020-03-13 02:32:00,50.0,275.0,82.0,1017.9,8.4,100.0,8.4,0.6325,-0.9912658357249481,0.04327960106074544,AMOS20200313,0.0
2020-03-13 02:33:00,50.0,250.0,78.0,1017.9,8.3,100.0,8.3,0.5725,-0.9120770151533572,0.40133736123193153,AMOS20200313,0.0
2020-03-13 02:34:00,50.0,250.0,79.5,1017.9,8.3,100.0,8.3,0.545,-0.7616374031024762,0.6447835537365721,AMOS20200313,0.0
2020-03-13 02:35:00,50.0,262.5,90.5,1017.9,8.2,100.0,8.2,0.51,-0.5615708275676978,0.8248174968372084,AMOS20200313,0.0
2020-03-13 02:36:00,50.0,300.0,99.5,1017.9,8.2,100.0,8.2,0.55,-0.4886072151847528,0.8724711313006565,AMOS20200313,0.0
2020-03-13 02:37:00,50.0,300.0,92.5,1017.9,8.3,100.0,8.3,0.5575,-0.5941661390945678,0.8029694522400288,AMOS20200313,0.0
2020-03-13 02:38:00,50.0,250.0,79.5,1017.9,8.4,100.0,8.4,0.5475000000000001,-0.7036206196939193,0.7097853390843852,AMOS20200313,0.0
2020-03-13 02:39:00,50.0,250.0,81.0,1017.8,8.4,100.0,8.4,0.59,-0.7101111880807118,0.7039408306107982,AMOS20200313,0.0
2020-03-13 02:40:00,50.0,250.0,78.0,1017.8,8.4,100.0,8.4,0.6625,-0.6182315356670481,0.7842155877996767,AMOS20200313,0.0
2020-03-13 02:41:00,50.0,250.0,76.5,1017.7,8.4,100.0,8.4,0.745,-0.4767726327520417,0.8781170934458391,AMOS20200313,0.0
2020-03-13 02:42:00,50.0,250.0,83.0,1017.7,8.3,100.0,8.3,0.7224999999999999,-0.37852362707666376,0.9252316966119343,AMOS20200313,0.0
2020-03-13 02:43:00,50.0,250.0,81.0,1017.6,8.3,100.0,8.3,0.7075,-0.3296811516742847,0.9440620868959647,AMOS20200313,0.0
2020-03-13 02:44:00,50.0,250.0,83.0,1017.6,8.2,100.0,8.2,0.8375,-0.3419940976634487,0.9396210609170839,AMOS20200313,0.0
2020-03-13 02:45:00,50.0,250.0,83.0,1017.6,8.2,100.0,8.2,0.8775,-0.321260610765729,0.9463978148791456,AMOS20200313,0.0
2020-03-13 02:46:00,50.0,250.0,77.0,1017.7,8.1,100.0,8.1,0.8374999999999999,-0.22919376465781596,0.9733514801579255,AMOS20200313,0.0
2020-03-13 02:47:00,50.0,250.0,76.5,1017.7,8.1,100.0,8.1,0.8525,-0.25457504802971387,0.9669447436948451,AMOS20200313,0.0
2020-03-13 02:48:00,50.0,250.0,79.5,1017.7,8.0,100.0,8.0,0.8875,-0.2545369153943828,0.9667972957344674,AMOS20200313,0.0
2020-03-13 02:49:00,50.0,250.0,80.5,1017.7,8.0,100.0,8.0,0.9875,-0.18650426038204132,0.9823475725514714,AMOS20200313,0.0
2020-03-13 02:50:00,50.0,250.0,77.0,1017.7,8.0,100.0,8.0,1.095,-0.14348844198010718,0.9896231367049622,AMOS20200313,0.0
2020-03-13 02:51:00,50.0,250.0,78.0,1017.7,8.0,100.0,8.0,1.15,-0.14348844198010718,0.9896231367049622,AMOS20200313,0.0
2020-03-13 02:52:00,50.0,250.0,74.5,1017.7,8.1,100.0,8.1,1.18,-0.1822008322253665,0.9830677194472038,AMOS20200313,0.0
2020-03-13 02:53:00,50.0,225.0,72.0,1017.7,8.1,100.0,8.1,1.23,-0.22917663409024025,0.9732772795177584,AMOS20200313,0.0
2020-03-13 02:54:00,50.0,225.0,75.5,1017.7,8.2,100.0,8.2,1.27,-0.23343647497176662,0.9723328955306159,AMOS20200313,0.0
2020-03-13 02:55:00,50.0,250.0,81.5,1017.7,8.2,100.0,8.2,1.2375,-0.1692918586212468,0.9852279407706803,AMOS20200313,0.0
2020-03-13 02:56:00,50.0,250.0,77.5,1017.7,8.2,100.0,8.2,1.2625,-0.12186006275950344,0.992470566848122,AMOS20200313,0.0
2020-03-13 02:57:00,50.0,225.0,68.0,1017.6,8.1,100.0,8.1,1.3325,-0.12186006275950344,0.992470566848122,AMOS20200313,0.0
2020-03-13 02:58:00,50.0,200.0,65.5,1017.6,8.2,100.0,8.2,1.4075,-0.13917310096006588,0.9902680687415703,AMOS20200313,0.0
2020-03-13 02:59:00,50.0,200.0,60.0,1017.6,8.2,100.0,8.2,1.4275,-0.10017732304202932,0.9948643607982717,AMOS20200313,0.0
2020-03-13 03:00:00,50.0,175.0,56.5,1017.6,8.4,100.0,8.4,1.415,-0.030527094220977567,0.9992006431088278,AMOS20200313,0.0
2020-03-13 03:01:00,50.0,200.0,61.0,1017.6,8.4,100.0,8.4,1.4625,0.043611083281713404,0.9988580267974713,AMOS20200313,0.0
2020-03-13 03:02:00,50.0,200.0,58.5,1017.6,8.5,100.0,8.5,1.5,0.11318166259513114,0.9933827034607278,AMOS20200313,0.0
2020-03-13 03:03:00,50.0,175.0,59.5,1017.6,8.5,100.0,8.5,1.49,0.19073634696719638,0.9812534397815966,AMOS20200313,0.0
2020-03-13 03:04:00,50.0,200.0,60.0,1017.6,8.5,100.0,8.5,1.4425,0.2630039130840467,0.9646862361104256,AMOS20200313,0.0
2020-03-13 03:05:00,50.0,200.0,60.0,1017.6,8.6,100.0,8.6,1.3625,0.30899346198244704,0.9509840910381648,AMOS20200313,0.0
2020-03-13 03:06:00,50.0,200.0,62.5,1017.6,8.6,100.0,8.6,1.295,0.3255681544571567,0.9455185755993168,AMOS20200313,0.0
2020-03-13 03:07:00,50.0,200.0,64.5,1017.6,8.6,100.0,8.6,1.275,0.3255681544571567,0.9455185755993168,AMOS20200313,0.0
2020-03-13 03:08:00,50.0,200.0,67.0,1017.6,8.6,100.0,8.6,1.3,0.3048556719618947,0.952368576212124,AMOS20200313,0.0
2020-03-13 03:09:00,50.0,225.0,68.5,1017.7,8.6,100.0,8.6,1.3425,0.27561636536481393,0.9611884935321854,AMOS20200313,0.0
2020-03-13 03:10:00,50.0,225.0,69.5,1017.7,8.6,100.0,8.6,1.3925,0.25881904510252074,0.9659258262890683,AMOS20200313,0.0
2020-03-13 03:11:00,50.0,225.0,73.5,1017.7,8.6,100.0,8.6,1.4124999999999999,0.25881904510252074,0.9659258262890683,AMOS20200313,0.0
2020-03-13 03:12:00,50.0,250.0,81.0,1017.6,8.6,100.0,8.6,1.38,0.25881904510252074,0.9659258262890683,AMOS20200313,0.0
2020-03-13 03:13:00,50.0,262.5,84.5,1017.6,8.6,100.0,8.6,1.3250000000000002,0.283961275004301,0.9586371986213941,AMOS20200313,0.0
2020-03-13 03:14:00,50.0,250.0,80.5,1017.6,8.6,100.0,8.6,1.2525,0.3622328835686344,0.9314851271486534,AMOS20200313,0.0
2020-03-13 03:15:00,50.0,250.0,76.5,1017.5,8.6,100.0,8.6,1.185,0.4731630824553263,0.8805966875204821,AMOS20200313,0.0
2020-03-13 03:16:00,50.0,225.0,72.5,1017.5,8.6,100.0,8.6,1.095,0.5481116124367186,0.8360068713728925,AMOS20200313,0.0
2020-03-13 03:17:00,50.0,225.0,70.5,1017.5,8.6,100.0,8.6,0.9325,0.6187449238712165,0.7848770115254958,AMOS20200313,0.0
2020-03-13 03:18:00,50.0,225.0,68.5,1017.5,8.6,100.0,8.6,0.8075,0.7394669034394776,0.6716793951103737,AMOS20200313,0.0
2020-03-13 03:19:00,50.0,200.0,65.0,1017.4,8.5,100.0,8.5,0.705,0.8601534734709951,0.5066691169049163,AMOS20200313,0.0
2020-03-13 03:20:00,50.0,200.0,64.5,1017.4,8.5,100.0,8.5,0.55,0.959354547164846,0.2705557049504137,AMOS20200313,0.0
2020-03-13 03:21:00,50.0,200.0,64.0,1017.4,8.4,100.0,8.4,0.4275,0.9974887789088764,0.008704952696303205,AMOS20200313,0.0
2020-03-13 03:22:00,50.0,200.0,62.0,1017.4,8.3,100.0,8.3,0.3325,0.972219398693364,-0.22445453395351958,AMOS20200313,0.0
2020-03-13 03:23:00,50.0,200.0,59.5,1017.4,8.3,100.0,8.3,0.2875,0.9039446178383723,-0.4263348466834035,AMOS20200313,0.0
2020-03-13 03:24:00,50.0,200.0,61.0,1017.4,8.3,100.0,8.3,0.365,0.9307025043095085,-0.36193530956959463,AMOS20200313,0.0
2020-03-13 03:25:00,50.0,200.0,63.5,1017.4,8.2,100.0,8.2,0.5075000000000001,0.9880421518203798,-0.14325283413334214,AMOS20200313,0.0
2020-03-13 03:26:00,50.0,200.0,67.0,1017.4,8.2,100.0,8.2,0.6174999999999999,0.9993147209872891,0.01744709067005692,AMOS20200313,0.0
2020-03-13 03:27:00,50.0,200.0,67.5,1017.4,8.2,100.0,8.2,0.605,0.9954730699639787,0.09147237641585076,AMOS20200313,0.0
2020-03-13 03:28:00,50.0,200.0,66.0,1017.4,8.2,100.0,8.2,0.5774999999999999,0.9854980095450839,0.16491041909400206,AMOS20200313,0.0
2020-03-13 03:29:00,50.0,200.0,65.0,1017.4,8.2,100.0,8.2,0.6675,0.9350679782852682,0.3496075913576918,AMOS20200313,0.0
2020-03-13 03:30:00,50.0,200.0,62.0,1017.4,8.2,100.0,8.2,0.735,0.8567083894157224,0.5147669842360443,AMOS20200313,0.0
2020-03-13 03:31:00,50.0,200.0,61.0,1017.4,8.2,100.0,8.2,0.755,0.8433593320509251,0.537279149624116,AMOS20200313,0.0
2020-03-13 03:32:00,50.0,200.0,58.5,1017.4,8.3,100.0,8.3,0.705,0.8615304023114332,0.5074809612441249,AMOS20200313,0.0
2020-03-13 03:33:00,50.0,175.0,56.0,1017.5,8.3,100.0,8.3,0.4775,0.9168160417196287,0.3938705918311486,AMOS20200313,0.0
2020-03-13 03:34:00,50.0,175.0,57.0,1017.5,8.3,100.0,8.3,0.3775,0.9819468754932981,0.18198296223111102,AMOS20200313,0.0
2020-03-13 03:35:00,50.0,175.0,52.5,1017.5,8.2,100.0,8.2,0.475,0.9985916556737838,0.030516464305758276,AMOS20200313,0.0
2020-03-13 03:36:00,0.0,162.5,48.0,1017.5,8.2,100.0,8.2,0.54,0.9810447324402967,-0.18184007680856873,AMOS20200313,0.0
2020-03-13 03:37:00,0.0,150.0,47.0,1017.4,8.2,100.0,8.2,0.6699999999999999,0.9741477731354787,-0.22489837027047616,AMOS20200313,0.0
2020-03-13 03:38:00,0.0,150.0,48.5,1017.4,8.2,100.0,8.2,0.8475,0.9967676602942204,-0.04787062110974327,AMOS20200313,0.0
2020-03-13 03:39:00,25.0,150.0,50.5,1017.4,8.2,100.0,8.2,1.005,0.9937250415027474,0.10883184534424792,AMOS20200313,0.0
2020-03-13 03:40:00,50.0,175.0,54.0,1017.4,8.3,100.0,8.3,1.0725,0.9830677194472038,0.18220083222536643,AMOS20200313,0.0
2020-03-13 03:41:00,50.0,175.0,55.0,1017.5,8.4,100.0,8.4,0.9775,0.9634470011166048,0.2671875003104811,AMOS20200313,0.0
2020-03-13 03:42:00,50.0,175.0,54.5,1017.5,8.4,100.0,8.4,0.8200000000000001,0.9408628918117915,0.33780297139342125,AMOS20200313,0.0
2020-03-13 03:43:00,50.0,175.0,54.0,1017.6,8.4,100.0,8.4,0.69,0.8937466163448926,0.44559449121989353,AMOS20200313,0.0
2020-03-13 03:44:00,50.0,175.0,55.0,1017.6,8.4,100.0,8.4,0.6275,0.7812678068351208,0.6214484740929582,AMOS20200313,0.0
2020-03-13 03:45:00,50.0,175.0,57.5,1017.7,8.4,100.0,8.4,0.5974999999999999,0.6552100050959984,0.7537328899575532,AMOS20200313,0.0
2020-03-13 03:46:00,50.0,175.0,58.0,1017.7,8.4,100.0,8.4,0.5725,0.573532757116328,0.8190896638769932,AMOS20200313,0.0
2020-03-13 03:47:00,50.0,175.0,57.0,1017.8,8.3,100.0,8.3,0.52,0.4604241088694092,0.8843974674137267,AMOS20200313,0.0
2020-03-13 03:48:00,50.0,175.0,56.0,1017.8,8.3,100.0,8.3,0.43,0.017290837070127872,0.9844543052960197,AMOS20200313,0.0
2020-03-13 03:49:00,50.0,175.0,56.0,1017.8,8.3,100.0,8.3,0.395,-0.48447468182777487,0.8650322878252196,AMOS20200313,0.0
2020-03-13 03:50:00,50.0,175.0,55.0,1017.8,8.1,100.0,8.1,0.42,-0.8116190768136377,0.5788961661314831,AMOS20200313,0.0
2020-03-13 03:51:00,50.0,175.0,54.0,1017.9,8.1,100.0,8.1,0.47,-0.9194562572785198,0.39027880892157896,AMOS20200313,0.0
2020-03-13 03:52:00,50.0,175.0,55.5,1017.9,8.1,100.0,8.1,0.51,-0.9572527134474349,0.28809906502485316,AMOS20200313,0.0
2020-03-13 03:53:00,50.0,175.0,54.0,1017.9,8.0,100.0,8.0,0.4425,-0.9750176688139433,0.22062269641017243,AMOS20200313,0.0
2020-03-13 03:54:00,50.0,175.0,54.0,1017.9,8.1,100.0,8.1,0.35,-0.9482151206902466,0.31726904202355144,AMOS20200313,0.0
2020-03-13 03:55:00,50.0,175.0,53.0,1017.9,8.1,100.0,8.1,0.295,-0.9580517131545061,0.283793389748242,AMOS20200313,0.0
2020-03-13 03:56:00,50.0,175.0,53.0,1017.9,8.2,100.0,8.2,0.215,-0.9874629153814856,0.15639741558422668,AMOS20200313,0.0
2020-03-13 03:57:00,50.0,175.0,53.0,1017.9,8.1,100.0,8.1,0.1775,-0.9805332928858643,0.19503977512387108,AMOS20200313,0.0
2020-03-13 03:58:00,50.0,175.0,52.0,1017.9,8.1,100.0,8.1,0.2275,-0.9816727501520066,0.1863852709858293,AMOS20200313,0.0
2020-03-13 03:59:00,50.0,175.0,52.0,1017.9,8.1,100.0,8.1,0.245,-0.9940338896729304,-0.07387938026801924,AMOS20200313,0.0
2020-03-13 04:00:00,50.0,175.0,52.0,1017.9,8.2,100.0,8.2,0.2275,-0.9654099697310571,-0.2586849491150041,AMOS20200313,0.0
2020-03-13 04:01:00,50.0,175.0,54.0,1017.9,8.2,100.0,8.2,0.3075,-0.969129360909842,-0.24612776003714357,AMOS20200313,0.0
2020-03-13 04:02:00,50.0,175.0,56.5,1017.9,8.3,100.0,8.3,0.4375,-0.992208642526337,-0.117433373779695,AMOS20200313,0.0
2020-03-13 04:03:00,50.0,175.0,58.5,1017.9,8.3,100.0,8.3,0.4925,-0.9993147209872891,0.008720887451415242,AMOS20200313,0.0
2020-03-13 04:04:00,50.0,200.0,65.5,1017.9,8.3,100.0,8.3,0.49,-0.9996192610877435,0.01744974835125055,AMOS20200313,0.0
2020-03-13 04:05:00,50.0,200.0,67.5,1017.9,8.3,100.0,8.3,0.4675,-0.9886441977655027,-0.14334281050269906,AMOS20200313,0.0
2020-03-13 04:06:00,50.0,225.0,68.0,1018.0,8.4,100.0,8.4,0.46,-0.9557938935333755,-0.2922196872886273,AMOS20200313,0.0
2020-03-13 04:07:00,50.0,225.0,67.0,1018.0,8.4,100.0,8.4,0.5125,-0.9300271772503498,-0.36634959024525127,AMOS20200313,0.0
2020-03-13 04:08:00,50.0,200.0,63.5,1018.0,8.4,100.0,8.4,0.6375,-0.8801267539278921,-0.4729117090975752,AMOS20200313,0.0
2020-03-13 04:09:00,50.0,200.0,59.5,1018.0,8.5,100.0,8.5,0.7825,-0.8409510832033295,-0.5409176167380458,AMOS20200313,0.0
2020-03-13 04:10:00,50.0,187.5,60.0,1018.0,8.4,100.0,8.4,0.8875,-0.8007460104360635,-0.5979388763851701,AMOS20200313,0.0
2020-03-13 04:11:00,50.0,175.0,58.0,1018.0,8.4,100.0,8.4,0.8300000000000001,-0.754709580222772,-0.6560590289905073,AMOS20200313,0.0
2020-03-13 04:12:00,50.0,175.0,58.5,1018.0,8.4,100.0,8.4,0.7725,-0.7685247784029536,-0.6391801727049006,AMOS20200313,0.0
2020-03-13 04:13:00,50.0,187.5,59.0,1018.0,8.4,100.0,8.4,0.83,-0.8191520442889916,-0.5735764363510464,AMOS20200313,0.0
2020-03-13 04:14:00,50.0,175.0,58.0,1018.0,8.4,100.0,8.4,0.8474999999999999,-0.8140845193319695,-0.5806808443217598,AMOS20200313,0.0
2020-03-13 04:15:00,50.0,175.0,58.0,1018.0,8.5,100.0,8.5,0.825,-0.7933231318270075,-0.6087382492388531,AMOS20200313,0.0
2020-03-13 04:16:00,50.0,187.5,60.5,1018.0,8.4,100.0,8.4,0.8025,-0.7986355100472928,-0.6018150231520483,AMOS20200313,0.0
2020-03-13 04:17:00,50.0,200.0,63.0,1018.0,8.4,100.0,8.4,0.8025,-0.7986355100472928,-0.6018150231520483,AMOS20200313,0.0
2020-03-13 04:18:00,50.0,200.0,62.0,1018.0,8.4,100.0,8.4,0.81,-0.8140845193319695,-0.5806808443217598,AMOS20200313,0.0
2020-03-13 04:19:00,50.0,200.0,59.0,1018.0,8.4,100.0,8.4,0.78,-0.8240948084220168,-0.5663846699108965,AMOS20200313,0.0
2020-03-13 04:20:00,50.0,187.5,59.0,1018.1,8.4,100.0,8.4,0.77,-0.8190896638769931,-0.5735327571163281,AMOS20200313,0.0
2020-03-13 04:21:00,50.0,175.0,59.0,1018.1,8.4,100.0,8.4,0.815,-0.8012308811292065,-0.5983075804371545,AMOS20200313,0.0
2020-03-13 04:22:00,50.0,200.0,60.0,1018.1,8.4,100.0,8.4,0.7975,-0.8358174909471319,-0.5479838737266198,AMOS20200313,0.0
2020-03-13 04:23:00,50.0,200.0,58.5,1018.1,8.4,100.0,8.4,0.7025,-0.8681739796231778,-0.49620240506158453,AMOS20200313,0.0
2020-03-13 04:24:00,50.0,175.0,57.0,1018.1,8.4,100.0,8.4,0.6775,-0.8313188213888754,-0.5554703768814362,AMOS20200313,0.0
2020-03-13 04:25:00,50.0,175.0,55.5,1018.1,8.3,100.0,8.3,0.6725000000000001,-0.7825783575318463,-0.622490933187748,AMOS20200313,0.0
2020-03-13 04:26:00,50.0,175.0,55.0,1018.1,8.3,100.0,8.3,0.6375,-0.768819822703476,-0.6394208050273641,AMOS20200313,0.0
2020-03-13 04:27:00,50.0,175.0,54.5,1018.1,8.3,100.0,8.3,0.605,-0.8038262522111201,-0.5948001377222607,AMOS20200313,0.0
2020-03-13 04:28:00,50.0,175.0,54.0,1018.1,8.3,100.0,8.3,0.5475000000000001,-0.8113667216184242,-0.5840976960946993,AMOS20200313,0.0
2020-03-13 04:29:00,50.0,175.0,54.0,1018.1,8.3,100.0,8.3,0.4525,-0.7770867799099103,-0.6292724667779683,AMOS20200313,0.0
2020-03-13 04:30:00,50.0,175.0,55.0,1018.1,8.3,100.0,8.3,0.345,-0.7399706926385485,-0.6721437366417233,AMOS20200313,0.0
2020-03-13 04:31:00,50.0,175.0,52.5,1018.2,8.3,100.0,8.3,0.22999999999999998,-0.9023167302340501,-0.37453698885095243,AMOS20200313,0.0
2020-03-13 04:32:00,50.0,175.0,53.0,1018.2,8.2,100.0,8.2,0.1775,-0.7359557208020928,0.5959651918440572,AMOS20200313,0.0
2020-03-13 04:33:00,50.0,175.0,53.0,1018.2,8.2,100.0,8.2,0.14750000000000002,-0.0010260870465267358,0.96933203358142,AMOS20200313,0.0
2020-03-13 04:34:00,50.0,175.0,52.5,1018.3,8.3,100.0,8.3,0.1,0.7769925793150878,0.5754740453231346,AMOS20200313,0.0
2020-03-13 04:35:00,50.0,175.0,52.0,1018.3,8.3,100.0,8.3,0.07500000000000001,0.9005204657408492,-0.35376925873489157,AMOS20200313,0.0
2020-03-13 04:36:00,50.0,175.0,53.0,1018.3,8.3,100.0,8.3,0.10250000000000001,0.1193522799463449,-0.9764393110768506,AMOS20200313,0.0
2020-03-13 04:37:00,50.0,175.0,55.0,1018.3,8.3,100.0,8.3,0.1975,-0.1990256312742071,-0.9784021506456473,AMOS20200313,0.0
2020-03-13 04:38:00,50.0,175.0,55.0,1018.3,8.3,100.0,8.3,0.29500000000000004,-0.4253333430456394,-0.9018094645330994,AMOS20200313,0.0
2020-03-13 04:39:00,50.0,175.0,54.0,1018.4,8.3,100.0,8.3,0.39,-0.5804155497460511,-0.8137125900540213,AMOS20200313,0.0
2020-03-13 04:40:00,50.0,175.0,52.5,1018.4,8.3,100.0,8.3,0.47,-0.6592769628486908,-0.7517609185741346,AMOS20200313,0.0
2020-03-13 04:41:00,50.0,175.0,51.0,1018.5,8.3,100.0,8.3,0.555,-0.6851114268348377,-0.7282945319434667,AMOS20200313,0.0
2020-03-13 04:42:00,50.0,175.0,51.0,1018.5,8.3,100.0,8.3,0.625,-0.6851114268348377,-0.7282945319434667,AMOS20200313,0.0
2020-03-13 04:43:00,50.0,175.0,52.0,1018.6,8.3,100.0,8.3,0.6675,-0.7539574290215276,-0.6554157572401027,AMOS20200313,0.0
2020-03-13 04:44:00,50.0,175.0,51.0,1018.6,8.3,100.0,8.3,0.7175,-0.9056358077186542,-0.4127220155278503,AMOS20200313,0.0
2020-03-13 04:45:00,50.0,175.0,51.0,1018.6,8.3,100.0,8.3,0.8225,-0.9885360877521177,-0.1389176140989688,AMOS20200313,0.0
2020-03-13 04:46:00,50.0,175.0,50.5,1018.7,8.3,100.0,8.3,1.045,-0.9997715543329695,-0.008724874175625327,AMOS20200313,0.0
2020-03-13 04:47:00,50.0,175.0,53.5,1018.7,8.3,100.0,8.3,1.0875000000000001,-0.9971457452994723,0.07410097887059623,AMOS20200313,0.0
2020-03-13 04:48:00,50.0,175.0,56.5,1018.7,8.3,100.0,8.3,0.885,-0.9885263720381614,0.14773625616112357,AMOS20200313,0.0
2020-03-13 04:49:00,50.0,187.5,60.5,1018.7,8.3,100.0,8.3,0.7975000000000001,-0.9642460008236761,0.26288182503386975,AMOS20200313,0.0
2020-03-13 04:50:00,50.0,200.0,59.5,1018.7,8.3,100.0,8.3,0.8275,-0.9380930123449072,0.34608104921835653,AMOS20200313,0.0
2020-03-13 04:51:00,50.0,200.0,60.5,1018.8,8.3,100.0,8.3,0.85,-0.9365649637727306,0.3501680007732644,AMOS20200313,0.0
2020-03-13 04:52:00,50.0,200.0,62.0,1018.8,8.3,100.0,8.3,0.8325,-0.9574711660337066,0.28816585268292066,AMOS20200313,0.0
2020-03-13 04:53:00,50.0,200.0,61.5,1018.8,8.4,100.0,8.4,0.8125,-0.964759793701381,0.26302362278114005,AMOS20200313,0.0
2020-03-13 04:54:00,50.0,200.0,59.0,1018.8,8.4,100.0,8.4,0.805,-0.9738498425906271,0.22483504317824565,AMOS20200313,0.0
2020-03-13 04:55:00,50.0,200.0,59.0,1018.8,8.4,100.0,8.4,0.775,-0.9942973423788449,0.09573994472300121,AMOS20200313,0.0
2020-03-13 04:56:00,50.0,200.0,59.0,1018.7,8.4,100.0,8.4,0.7375,-0.9999619237890978,0.004363101609320645,AMOS20200313,0.0
2020-03-13 04:57:00,50.0,175.0,59.0,1018.7,8.3,100.0,8.3,0.7324999999999999,-0.9997715543329696,-0.017451077394266986,AMOS20200313,0.0
2020-03-13 04:58:00,50.0,175.0,58.0,1018.7,8.3,100.0,8.3,0.7575000000000001,-0.9982871155733295,-0.05668710010842406,AMOS20200313,0.0
2020-03-13 04:59:00,50.0,175.0,57.5,1018.7,8.3,100.0,8.3,0.8225,-0.997488083341492,-0.06975116161971343,AMOS20200313,0.0
2020-03-13 05:00:00,50.0,175.0,56.5,1018.7,8.2,100.0,8.2,0.8525,-0.9996573372986457,-0.021812849960571302,AMOS20200313,0.0
2020-03-13 05:01:00,50.0,175.0,54.5,1018.7,8.2,100.0,8.2,0.835,-0.9985156887554516,0.047960900532596565,AMOS20200313,0.0
2020-03-13 05:02:00,50.0,175.0,53.0,1018.7,8.1,100.0,8.1,0.8025,-0.9840579351173397,0.1735159645414471,AMOS20200313,0.0
2020-03-13 05:03:00,50.0,175.0,51.5,1018.8,8.1,100.0,8.1,0.76,-0.9518604446593323,0.3046947619020206,AMOS20200313,0.0
2020-03-13 05:04:00,50.0,175.0,50.5,1018.8,8.1,100.0,8.1,0.755,-0.9271132472708042,0.37457806621659945,AMOS20200313,0.0
2020-03-13 05:05:00,0.0,150.0,50.0,1018.8,8.1,100.0,8.1,0.7825,-0.9319101891041712,0.3624003199256983,AMOS20200313,0.0
2020-03-13 05:06:00,50.0,175.0,52.5,1018.8,8.0,100.0,8.0,0.7775000000000001,-0.9522961509551353,0.30483213956939426,AMOS20200313,0.0
2020-03-13 05:07:00,50.0,175.0,53.5,1018.8,8.0,100.0,8.0,0.7475,-0.9624277285260062,0.2714327781383796,AMOS20200313,0.0
2020-03-13 05:08:00,50.0,175.0,54.0,1018.8,8.0,100.0,8.0,0.755,-0.9732772795177584,0.2291766340902398,AMOS20200313,0.0
2020-03-13 05:09:00,50.0,175.0,58.5,1018.8,8.0,100.0,8.0,0.7925,-0.9852279407706804,0.16929185862124638,AMOS20200313,0.0
2020-03-13 05:10:00,50.0,200.0,63.5,1018.8,8.0,100.0,8.0,0.8,-0.9964239317529969,0.07842026414985802,AMOS20200313,0.0
2020-03-13 05:11:00,50.0,212.5,71.5,1018.8,8.0,100.0,8.0,0.8075,-0.9990103200426973,-0.03488620910608839,AMOS20200313,0.0
2020-03-13 05:12:00,50.0,250.0,84.0,1018.9,8.0,100.0,8.0,0.8925,-0.9893215144292973,-0.14344605173372013,AMOS20200313,0.0
2020-03-13 05:13:00,50.0,275.0,92.5,1018.9,7.9,100.0,7.9,1.0575,-0.9868929788402809,-0.16072598033353938,AMOS20200313,0.0
2020-03-13 05:14:00,50.0,262.5,82.0,1018.9,7.9,100.0,7.9,1.14,-0.9975265768504418,-0.065380097489306,AMOS20200313,0.0
2020-03-13 05:15:00,50.0,237.5,71.0,1018.9,7.9,100.0,7.9,1.1175000000000002,-0.9996573372986457,0.021812849960571378,AMOS20200313,0.0
2020-03-13 05:16:00,50.0,200.0,61.5,1019.0,7.8,100.0,7.8,1.07,-0.9999238475781956,0.008726203218641473,AMOS20200313,0.0
2020-03-13 05:17:00,50.0,187.5,57.5,1019.0,7.8,100.0,7.8,1.03,-0.9997334781220674,0.021814179003587668,AMOS20200313,0.0
2020-03-13 05:18:00,50.0,175.0,53.5,1019.0,7.8,100.0,7.8,0.95,-0.9937250415027475,0.10883184534424784,AMOS20200313,0.0
2020-03-13 05:19:00,50.0,175.0,52.5,1019.0,7.8,100.0,7.8,0.815,-0.9876131257360135,0.15642255217686418,AMOS20200313,0.0
2020-03-13 05:20:00,50.0,175.0,53.0,1019.0,7.8,100.0,7.8,0.75,-0.990762178154838,0.13483656320264786,AMOS20200313,0.0
2020-03-13 05:21:00,50.0,175.0,53.0,1019.0,7.8,100.0,7.8,0.715,-0.9978691931617983,0.052296108428569826,AMOS20200313,0.0
2020-03-13 05:22:00,50.0,175.0,53.0,1019.1,7.8,100.0,7.8,0.725,-0.9924750136500244,-0.11307824440439967,AMOS20200313,0.0
2020-03-13 05:23:00,50.0,175.0,53.0,1019.1,7.9,100.0,7.9,0.8075,-0.9679633283221547,-0.25033233771576313,AMOS20200313,0.0
2020-03-13 05:24:00,50.0,175.0,53.0,1019.1,7.9,100.0,7.9,0.8674999999999999,-0.9600224609444981,-0.2798209430434334,AMOS20200313,0.0
2020-03-13 05:25:00,50.0,175.0,53.0,1019.1,7.9,100.0,7.9,0.94,-0.964759793701381,-0.2630236227811402,AMOS20200313,0.0
2020-03-13 05:26:00,50.0,175.0,54.0,1019.1,8.0,100.0,8.0,1.045,-0.9659258262890683,-0.25881904510252063,AMOS20200313,0.0
2020-03-13 05:27:00,50.0,175.0,56.5,1019.1,8.0,100.0,8.0,1.0950000000000002,-0.9624277285260063,-0.2714327781383793,AMOS20200313,0.0
2020-03-13 05:28:00,50.0,175.0,56.0,1019.2,8.1,100.0,8.1,1.12,-0.9600224609444981,-0.2798209430434334,AMOS20200313,0.0
2020-03-13 05:29:00,50.0,175.0,55.0,1019.2,8.1,100.0,8.1,1.2125,-0.9453021432835422,-0.3254950364578077,AMOS20200313,0.0
2020-03-13 05:30:00,50.0,175.0,54.0,1019.2,8.1,100.0,8.1,1.2925,-0.9218942303882698,-0.3865809832977965,AMOS20200313,0.0
2020-03-13 05:31:00,50.0,175.0,54.0,1019.1,8.2,100.0,8.2,1.29,-0.8966424227801488,-0.442174646501709,AMOS20200313,0.0
2020-03-13 05:32:00,50.0,175.0,54.0,1019.1,8.2,100.0,8.2,1.3250000000000002,-0.8524778421471002,-0.5223990935395717,AMOS20200313,0.0
2020-03-13 05:33:00,50.0,175.0,54.0,1019.1,8.3,100.0,8.3,1.38,-0.8215610459435057,-0.5699368738962531,AMOS20200313,0.0
2020-03-13 05:34:00,50.0,175.0,55.0,1019.1,8.3,100.0,8.3,1.4425,-0.7985746920190637,-0.6017691934805569,AMOS20200313,0.0
2020-03-13 05:35:00,50.0,175.0,55.0,1019.0,8.3,100.0,8.3,1.4275,-0.7398036265368669,-0.6719879449815233,AMOS20200313,0.0
2020-03-13 05:36:00,50.0,175.0,56.0,1019.0,8.4,100.0,8.4,1.3824999999999998,-0.6689767586997174,-0.7429759465653973,AMOS20200313,0.0
2020-03-13 05:37:00,50.0,175.0,55.5,1018.9,8.4,100.0,8.4,1.3725,-0.652741174164515,-0.7575432959468236,AMOS20200313,0.0
2020-03-13 05:38:00,50.0,175.0,55.0,1018.9,8.4,100.0,8.4,1.35,-0.6851114268348377,-0.7282945319434667,AMOS20200313,0.0
2020-03-13 05:39:00,50.0,175.0,54.0,1018.9,8.4,100.0,8.4,1.49,-0.7039408306107983,-0.7101111880807118,AMOS20200313,0.0
2020-03-13 05:40:00,50.0,175.0,53.0,1018.9,8.4,100.0,8.4,1.625,-0.7162815455506253,-0.6977704731408849,AMOS20200313,0.0
2020-03-13 05:41:00,50.0,175.0,54.0,1018.8,8.4,100.0,8.4,1.705,-0.7101650359745734,-0.70399467850466,AMOS20200313,0.0
2020-03-13 05:42:00,50.0,175.0,55.0,1018.8,8.5,100.0,8.5,1.7025,-0.6819464242357131,-0.7312980072635966,AMOS20200313,0.0
2020-03-13 05:43:00,50.0,175.0,55.5,1018.8,8.5,100.0,8.5,1.5725,-0.6658627120167704,-0.7460360141637388,AMOS20200313,0.0
2020-03-13 05:44:00,50.0,175.0,59.0,1018.8,8.6,100.0,8.6,1.415,-0.652741174164515,-0.7575432959468236,AMOS20200313,0.0
2020-03-13 05:45:00,50.0,200.0,63.5,1018.8,8.6,100.0,8.6,1.2525,-0.6593269233325949,-0.7518183915364276,AMOS20200313,0.0
2020-03-13 05:46:00,50.0,200.0,64.0,1018.9,8.7,100.0,8.7,1.19,-0.761637403102476,-0.6447835537365725,AMOS20200313,0.0
2020-03-13 05:47:00,50.0,200.0,58.5,1018.9,8.7,100.0,8.7,1.3525,-0.8736241355543493,-0.484250170385913,AMOS20200313,0.0
2020-03-13 05:48:00,50.0,175.0,57.5,1018.9,8.7,100.0,8.7,1.5925,-0.9186949058261074,-0.3947027520141966,AMOS20200313,0.0
2020-03-13 05:49:00,50.0,175.0,58.0,1018.9,8.7,100.0,8.7,1.755,-0.9437740947113655,-0.32958198801271577,AMOS20200313,0.0
2020-03-13 05:50:00,50.0,175.0,57.0,1018.9,8.6,100.0,8.6,1.8325,-0.9679633283221547,-0.25033233771576313,AMOS20200313,0.0
2020-03-13 05:51:00,50.0,175.0,56.0,1019.0,8.7,100.0,8.7,1.81,-0.9807572877691993,-0.19508466923684842,AMOS20200313,0.0
2020-03-13 05:52:00,50.0,175.0,56.0,1019.0,8.7,100.0,8.7,1.76,-0.9855278999079404,-0.16934474951025552,AMOS20200313,0.0
2020-03-13 05:53:00,50.0,175.0,57.0,1019.0,8.7,100.0,8.7,1.655,-0.9901926574299,-0.13916250259137747,AMOS20200313,0.0
2020-03-13 05:54:00,50.0,175.0,57.5,1019.0,8.7,100.0,8.7,1.53,-0.9965370361337652,-0.08280592549677508,AMOS20200313,0.0
2020-03-13 05:55:00,50.0,175.0,59.5,1019.1,8.7,100.0,8.7,1.32,-0.9985534866970169,-0.05233197073312874,AMOS20200313,0.0
2020-03-13 05:56:00,50.0,200.0,60.5,1019.1,8.7,100.0,8.7,1.1,-0.995967237563179,-0.08713450841026414,AMOS20200313,0.0
2020-03-13 05:57:00,50.0,200.0,59.0,1019.1,8.7,100.0,8.7,0.9975,-0.9868929788402809,-0.16072598033353938,AMOS20200313,0.0
2020-03-13 05:58:00,50.0,200.0,59.5,1019.1,8.7,100.0,8.7,0.9025,-0.9895477253932919,-0.14347784361141877,AMOS20200313,0.0
2020-03-13 05:59:00,50.0,200.0,59.5,1019.1,8.7,100.0,8.7,0.875,-0.9896231367049622,-0.14348844198010713,AMOS20200313,0.0
2020-03-13 06:00:00,50.0,200.0,60.0,1019.1,8.7,100.0,8.7,0.935,-0.9908375894665082,-0.13484716157133617,AMOS20200313,0.0
2020-03-13 06:01:00,50.0,175.0,60.0,1019.1,8.7,100.0,8.7,0.925,-0.9875379108768891,-0.15641063931349808,AMOS20200313,0.0
2020-03-13 06:02:00,50.0,175.0,61.5,1019.1,8.8,100.0,8.8,0.8925000000000001,-0.9771287284379849,-0.2121556987205087,AMOS20200313,0.0
2020-03-13 06:03:00,50.0,175.0,63.5,1019.1,8.8,100.0,8.8,0.9025000000000001,-0.9752402481322107,-0.22067408289476315,AMOS20200313,0.0
2020-03-13 06:04:00,50.0,175.0,64.0,1019.1,8.8,100.0,8.8,0.94,-0.9574711660337067,-0.2881658526829206,AMOS20200313,0.0
2020-03-13 06:05:00,50.0,175.0,64.0,1019.1,8.8,100.0,8.8,0.9924999999999999,-0.9381645722137317,-0.34610709488057656,AMOS20200313,0.0
2020-03-13 06:06:00,50.0,175.0,65.0,1019.2,8.8,100.0,8.8,0.9299999999999999,-0.9319812835145981,-0.3624276105129536,AMOS20200313,0.0
2020-03-13 06:07:00,50.0,175.0,65.0,1019.1,8.8,100.0,8.8,0.7275,-0.9169555868484928,-0.39870291180213013,AMOS20200313,0.0
2020-03-13 06:08:00,50.0,175.0,65.5,1019.0,8.8,100.0,8.8,0.555,-0.860153473470995,-0.5066691169049165,AMOS20200313,0.0
2020-03-13 06:09:00,50.0,175.0,65.0,1018.9,8.8,100.0,8.8,0.5225,-0.748585041873947,-0.6622920992145501,AMOS20200313,0.0
2020-03-13 06:10:00,50.0,175.0,65.0,1018.9,8.8,100.0,8.8,0.5175000000000001,-0.7279029267778108,-0.6847498830305334,AMOS20200313,0.0
2020-03-13 06:11:00,50.0,175.0,67.0,1018.9,8.8,100.0,8.8,0.57,-0.8371958108379094,-0.5436955716305476,AMOS20200313,0.0
2020-03-13 06:12:00,50.0,175.0,70.0,1018.9,8.8,100.0,8.8,0.7025,-0.9314851271486534,-0.36223288356863437,AMOS20200313,0.0
2020-03-13 06:13:00,50.0,175.0,71.0,1019.0,8.9,100.0,8.9,0.8375,-0.9454465720699239,-0.3255433616537323,AMOS20200313,0.0
2020-03-13 06:14:00,50.0,175.0,73.0,1019.1,8.9,100.0,8.9,0.9175,-0.9351084750693783,-0.3542809979903927,AMOS20200313,0.0
2020-03-13 06:15:00,50.0,175.0,73.5,1019.1,8.9,100.0,8.9,0.855,-0.9454465720699239,-0.3255433616537323,AMOS20200313,0.0
2020-03-13 06:16:00,50.0,175.0,71.5,1019.2,8.9,100.0,8.9,0.685,-0.9468310572438831,-0.32140557163318006,AMOS20200313,0.0
2020-03-13 06:17:00,50.0,175.0,70.5,1019.2,8.9,100.0,8.9,0.53,-0.9350373806589515,-0.35425370740313755,AMOS20200313,0.0
2020-03-13 06:18:00,50.0,150.0,69.5,1019.2,8.9,100.0,8.9,0.4525,-0.9255141042882006,-0.3786377271842527,AMOS20200313,0.0
2020-03-13 06:19:00,50.0,150.0,70.5,1019.1,8.9,100.0,8.9,0.475,-0.8944914338173828,-0.4459769774626904,AMOS20200313,0.0
2020-03-13 06:20:00,50.0,150.0,74.0,1019.1,8.9,100.0,8.9,0.5675,-0.8360068713728924,-0.5481116124367186,AMOS20200313,0.0
2020-03-13 06:21:00,50.0,175.0,77.0,1019.1,8.9,100.0,8.9,0.67,-0.8216234263555041,-0.5699805531309714,AMOS20200313,0.0
2020-03-13 06:22:00,50.0,175.0,79.0,1019.2,8.9,100.0,8.9,0.7275,-0.838606701150579,-0.5445975594335014,AMOS20200313,0.0
2020-03-13 06:23:00,50.0,175.0,81.0,1019.2,8.9,100.0,8.9,0.7124999999999999,-0.7955560588474098,-0.6049526934139293,AMOS20200313,0.0
2020-03-13 06:24:00,50.0,175.0,81.0,1019.2,8.9,100.0,8.9,0.665,-0.7343014825837264,-0.6787814216365885,AMOS20200313,0.0
2020-03-13 06:25:00,50.0,175.0,81.0,1019.3,9.0,100.0,9.0,0.615,-0.7253467509789109,-0.6883283652607479,AMOS20200313,0.0
2020-03-13 06:26:00,50.0,175.0,81.0,1019.3,9.0,100.0,9.0,0.5974999999999999,-0.6913356321986128,-0.722178022367415,AMOS20200313,0.0
2020-03-13 06:27:00,50.0,175.0,81.5,1019.3,9.0,100.0,9.0,0.6225,-0.6941294679646808,-0.7187921057727472,AMOS20200313,0.0
2020-03-13 06:28:00,50.0,175.0,83.0,1019.3,9.0,100.0,9.0,0.635,-0.8145102654999818,-0.5756282717893957,AMOS20200313,0.0
2020-03-13 06:29:00,50.0,175.0,81.0,1019.3,9.1,100.0,9.1,0.6625000000000001,-0.9323722545880953,-0.3579041758012543,AMOS20200313,0.0
2020-03-13 06:30:00,50.0,150.0,77.0,1019.4,9.1,100.0,9.1,0.7,-0.9789430081035921,-0.20362018397867857,AMOS20200313,0.0
2020-03-13 06:31:00,50.0,150.0,77.0,1019.4,9.1,100.0,9.1,0.705,-0.9781476007338056,-0.2079116908177598,AMOS20200313,0.0
2020-03-13 06:32:00,50.0,150.0,76.0,1019.4,9.1,100.0,9.1,0.745,-0.9681107762825324,-0.2503704703510942,AMOS20200313,0.0
2020-03-13 06:33:00,50.0,150.0,76.0,1019.4,9.2,100.0,9.2,0.79,-0.9713143109033061,-0.23767918528571716,AMOS20200313,0.0
2020-03-13 06:34:00,50.0,150.0,76.0,1019.5,9.2,100.0,9.2,0.8125,-0.9762588327595203,-0.21643137258081252,AMOS20200313,0.0
2020-03-13 06:35:00,50.0,150.0,77.0,1019.5,9.2,100.0,9.2,0.85,-0.9632274161963663,-0.2671245353478205,AMOS20200313,0.0
2020-03-13 06:36:00,50.0,150.0,76.0,1019.4,9.2,100.0,9.2,0.87,-0.9108351649613048,-0.41029722564029114,AMOS20200313,0.0
2020-03-13 06:37:00,50.0,150.0,75.0,1019.4,9.2,100.0,9.2,0.8725,-0.8230226810802874,-0.5656599077722195,AMOS20200313,0.0
2020-03-13 06:38:00,50.0,150.0,75.0,1019.3,9.2,100.0,9.2,0.945,-0.7245736024613545,-0.687594674712779,AMOS20200313,0.0
2020-03-13 06:39:00,50.0,150.0,75.0,1019.3,9.2,100.0,9.2,0.97,-0.6255733415737944,-0.7794454428308549,AMOS20200313,0.0
2020-03-13 06:40:00,50.0,150.0,75.0,1019.3,9.3,100.0,9.3,0.855,-0.503416902416157,-0.8632174491550857,AMOS20200313,0.0
2020-03-13 06:41:00,50.0,150.0,75.5,1019.3,9.3,100.0,9.3,0.76,-0.32901087064892887,-0.9421195316777382,AMOS20200313,0.0
2020-03-13 06:42:00,50.0,150.0,76.5,1019.3,9.3,100.0,9.3,0.6799999999999999,-0.08689047214683804,-0.9931626412499878,AMOS20200313,0.0
2020-03-13 06:43:00,50.0,150.0,76.0,1019.3,9.4,100.0,9.4,0.6125,0.17355955181659552,-0.9842821722087499,AMOS20200313,0.0
2020-03-13 06:44:00,50.0,150.0,79.5,1019.3,9.4,100.0,9.4,0.565,0.2418482094585235,-0.9700001873060293,AMOS20200313,0.0
2020-03-13 06:45:00,50.0,150.0,80.0,1019.3,9.5,100.0,9.5,0.5175000000000001,0.15209661278813494,-0.9881826464609513,AMOS20200313,0.0
2020-03-13 06:46:00,50.0,150.0,81.5,1019.3,9.5,100.0,9.5,0.4975,0.07400938011766575,-0.9958548747161043,AMOS20200313,0.0
2020-03-13 06:47:00,50.0,150.0,84.5,1019.4,9.5,100.0,9.5,0.49,-0.1602340088920928,-0.9838122783546924,AMOS20200313,0.0
2020-03-13 06:48:00,50.0,150.0,87.0,1019.4,9.5,100.0,9.5,0.515,-0.4258953826595374,-0.902973898385103,AMOS20200313,0.0
2020-03-13 06:49:00,50.0,150.0,86.5,1019.5,9.5,100.0,9.5,0.675,-0.41448799949298953,-0.9095109058586015,AMOS20200313,0.0
2020-03-13 06:50:00,50.0,150.0,81.0,1019.5,9.6,100.0,9.6,0.87,-0.38261057863157155,-0.9237036480397576,AMOS20200313,0.0
2020-03-13 06:51:00,50.0,125.0,75.5,1019.5,9.6,100.0,9.6,0.9299999999999999,-0.4186156736703443,-0.9080481871552547,AMOS20200313,0.0
2020-03-13 06:52:00,50.0,125.0,75.0,1019.6,9.7,100.0,9.7,0.935,-0.3376219442830645,-0.9403616380519578,AMOS20200313,0.0
2020-03-13 06:53:00,50.0,125.0,74.0,1019.6,9.7,100.0,9.7,0.9025000000000001,-0.32118623990758416,-0.9461818262239394,AMOS20200313,0.0
2020-03-13 06:54:00,50.0,125.0,75.0,1019.6,9.8,100.0,9.8,0.7775,-0.3542809979903925,-0.9351084750693784,AMOS20200313,0.0
2020-03-13 06:55:00,50.0,125.0,76.0,1019.6,9.8,100.0,9.8,0.755,-0.4183582652545756,-0.9074961730262413,AMOS20200313,0.0
2020-03-13 06:56:00,50.0,125.0,72.0,1019.6,9.8,100.0,9.8,0.8674999999999999,-0.6004866744982367,-0.7968727318449458,AMOS20200313,0.0
2020-03-13 06:57:00,50.0,125.0,70.5,1019.6,9.8,100.0,9.8,1.0025,-0.7629225169130224,-0.6458566879621784,AMOS20200313,0.0
2020-03-13 06:58:00,50.0,125.0,64.5,1019.6,9.8,100.0,9.8,1.1975,-0.8114891482500558,-0.5841882870366536,AMOS20200313,0.0
2020-03-13 06:59:00,50.0,100.0,62.0,1019.6,9.9,100.0,9.9,1.3975,-0.7517609185741346,-0.6592769628486908,AMOS20200313,0.0
2020-03-13 07:00:00,50.0,100.0,58.5,1019.6,9.9,100.0,9.9,1.405,-0.7630949182930802,-0.6460065541954437,AMOS20200313,0.0
2020-03-13 07:01:00,50.0,100.0,58.0,1019.6,9.9,100.0,9.9,1.2125,-0.7683549129878982,-0.6390272301000886,AMOS20200313,0.0
2020-03-13 07:02:00,50.0,100.0,58.0,1019.6,9.9,100.0,9.9,1.0125,-0.6201605187199895,-0.7795718591413626,AMOS20200313,0.0
2020-03-13 07:03:00,50.0,100.0,59.0,1019.6,9.8,100.0,9.8,0.9624999999999999,-0.4065162161801331,-0.9130601724625491,AMOS20200313,0.0
2020-03-13 07:04:00,50.0,100.0,59.0,1019.7,9.9,100.0,9.9,1.0025,-0.46086637565435434,-0.8853678513709005,AMOS20200313,0.0
2020-03-13 07:05:00,50.0,100.0,57.5,1019.7,9.8,100.0,9.8,0.89,-0.6920859435622637,-0.7166415763184313,AMOS20200313,0.0
2020-03-13 07:06:00,50.0,100.0,57.0,1019.7,9.8,100.0,9.8,0.8325,-0.8009236474539447,-0.5980827193185277,AMOS20200313,0.0
2020-03-13 07:07:00,50.0,100.0,59.5,1019.7,9.9,100.0,9.9,0.7150000000000001,-0.7126765277707297,-0.7003527253518316,AMOS20200313,0.0
2020-03-13 07:08:00,50.0,100.0,59.5,1019.7,9.9,100.0,9.9,0.745,-0.7064068733794804,-0.7064068733794804,AMOS20200313,0.0
2020-03-13 07:09:00,50.0,100.0,57.0,1019.7,9.8,100.0,9.8,1.03,-0.7161181387209714,-0.697610825412549,AMOS20200313,0.0
2020-03-13 07:10:00,50.0,100.0,58.5,1019.6,9.8,100.0,9.8,1.1575,-0.6457598138571253,-0.7628049992264089,AMOS20200313,0.0
2020-03-13 07:11:00,50.0,100.0,60.0,1019.6,9.8,100.0,9.8,1.1,-0.6259056621187927,-0.7798621594944086,AMOS20200313,0.0
2020-03-13 07:12:00,50.0,100.0,59.0,1019.6,9.7,100.0,9.7,0.9025,-0.7088250964614258,-0.7026434697017486,AMOS20200313,0.0
2020-03-13 07:13:00,50.0,100.0,60.0,1019.6,9.7,100.0,9.7,0.78,-0.84104868146713,-0.535807102854063,AMOS20200313,0.0
2020-03-13 07:14:00,50.0,100.0,61.0,1019.6,9.8,100.0,9.8,0.6575,-0.947563847466833,-0.3170560330871094,AMOS20200313,0.0
2020-03-13 07:15:00,50.0,100.0,60.0,1019.6,9.8,100.0,9.8,0.625,-0.9830677194472038,-0.18220083222536643,AMOS20200313,0.0
2020-03-13 07:16:00,50.0,100.0,60.5,1019.6,9.8,100.0,9.8,0.585,-0.9771778901374198,-0.20771372280605288,AMOS20200313,0.0
2020-03-13 07:17:00,50.0,100.0,60.5,1019.7,9.8,100.0,9.8,0.4425,-0.9871612931058208,-0.15635502533783985,AMOS20200313,0.0
2020-03-13 07:18:00,50.0,100.0,60.5,1019.7,9.7,100.0,9.7,0.355,-0.9834884143924018,-0.17784190393017668,AMOS20200313,0.0
2020-03-13 07:19:00,50.0,100.0,64.0,1019.7,9.7,100.0,9.7,0.32,-0.9770897600169282,0.12424610947428402,AMOS20200313,0.0
2020-03-13 07:20:00,50.0,100.0,62.0,1019.7,9.7,100.0,9.7,0.2625,-0.7584587496372405,0.6423085478029344,AMOS20200313,0.0
2020-03-13 07:21:00,50.0,100.0,61.5,1019.7,9.7,100.0,9.7,0.2675,-0.900329168303947,0.3420837722618438,AMOS20200313,0.0
2020-03-13 07:22:00,50.0,100.0,66.0,1019.7,9.8,100.0,9.8,0.455,-0.9115469325932533,-0.4012248423421644,AMOS20200313,0.0
2020-03-13 07:23:00,50.0,100.0,72.0,1019.7,9.8,100.0,9.8,0.515,-0.9233279219934905,-0.3777501523821629,AMOS20200313,0.0
2020-03-13 07:24:00,50.0,100.0,68.5,1019.7,9.8,100.0,9.8,0.4875,-0.9911163690208793,-0.10417052802523383,AMOS20200313,0.0
2020-03-13 07:25:00,50.0,100.0,69.0,1019.7,9.8,100.0,9.8,0.5275000000000001,-0.9967275446186042,0.07844415900059501,AMOS20200313,0.0
2020-03-13 07:26:00,50.0,100.0,67.5,1019.7,9.9,100.0,9.9,0.535,-0.9976784064076225,0.0653920467346024,AMOS20200313,0.0
2020-03-13 07:27:00,50.0,100.0,65.0,1019.7,9.9,100.0,9.9,0.48,-0.9868593468909564,0.15631527336451573,AMOS20200313,0.0
2020-03-13 07:28:00,50.0,100.0,65.0,1019.7,9.8,100.0,9.8,0.4125,-0.9912561140865759,0.13050134316827422,AMOS20200313,0.0
2020-03-13 07:29:00,50.0,100.0,67.0,1019.6,9.8,100.0,9.8,0.3375,-0.9952099426794963,-0.07832472113770722,AMOS20200313,0.0
2020-03-13 07:30:00,50.0,100.0,71.0,1019.7,9.8,100.0,9.8,0.28250000000000003,-0.9996193074777413,-0.017447090670057043,AMOS20200313,0.0
2020-03-13 07:31:00,50.0,125.0,76.0,1019.7,9.8,100.0,9.8,0.27,-0.9973744227610783,0.004383019445828397,AMOS20200313,0.0
2020-03-13 07:32:00,50.0,100.0,67.0,1019.8,9.8,100.0,9.8,0.2175,-0.9297941952169607,-0.3288398413428373,AMOS20200313,0.0
2020-03-13 07:33:00,50.0,100.0,63.5,1019.8,9.8,100.0,9.8,0.1725,-0.5102417837644383,-0.8320585235236582,AMOS20200313,0.0
2020-03-13 07:34:00,50.0,100.0,61.0,1019.8,9.9,100.0,9.9,0.1775,0.09960896917430678,-0.9869079605067905,AMOS20200313,0.0
2020-03-13 07:35:00,50.0,100.0,62.0,1019.8,10.0,100.0,10.0,0.215,0.4613747615564305,-0.8863041817242141,AMOS20200313,0.0
2020-03-13 07:36:00,50.0,100.0,61.0,1019.8,10.0,100.0,10.0,0.255,0.54697603038492,-0.8342948057568413,AMOS20200313,0.0
2020-03-13 07:37:00,50.0,100.0,62.0,1019.8,10.0,100.0,10.0,0.2625,0.5480253493081455,-0.8358813577419768,AMOS20200313,0.0
2020-03-13 07:38:00,50.0,100.0,62.0,1019.8,10.0,100.0,10.0,0.3025,-0.040856021417978144,-0.935756735799054,AMOS20200313,0.0
2020-03-13 07:39:00,50.0,100.0,63.5,1019.8,10.0,100.0,10.0,0.4,-0.7952541251811982,-0.5991007806652946,AMOS20200313,0.0
2020-03-13 07:40:00,50.0,100.0,64.5,1019.8,10.1,100.0,10.1,0.395,-0.6934836048475834,-0.7181462426556497,AMOS20200313,0.0
2020-03-13 07:41:00,50.0,100.0,64.0,1019.8,10.0,100.0,10.0,0.33,-0.8043396797297135,-0.47264743385018443,AMOS20200313,0.0
2020-03-13 07:42:00,50.0,100.0,64.5,1019.8,10.0,100.0,10.0,0.425,-0.5507369849116702,0.8033231439250674,AMOS20200313,0.0
2020-03-13 07:43:00,50.0,100.0,68.0,1019.8,10.0,100.0,10.0,0.5075000000000001,-0.4150587484461897,0.9004014724835471,AMOS20200313,0.0
2020-03-13 07:44:00,50.0,100.0,70.5,1019.8,10.0,100.0,10.0,0.475,-0.5517074956567936,0.8335354893063798,AMOS20200313,0.0
2020-03-13 07:45:00,50.0,100.0,73.0,1019.8,10.1,100.0,10.1,0.5925,-0.4092733332378896,0.9084603843470704,AMOS20200313,0.0
2020-03-13 07:46:00,50.0,100.0,75.5,1019.9,10.1,100.0,10.1,0.715,-0.31300982352804874,0.9492387887564568,AMOS20200313,0.0
2020-03-13 07:47:00,50.0,125.0,76.0,1019.9,10.0,100.0,10.0,0.6225,-0.16866525195585774,0.9813226641210551,AMOS20200313,0.0
2020-03-13 07:48:00,50.0,125.0,77.0,1019.9,9.9,100.0,9.9,0.5825,0.3144723941300418,0.9389821211667815,AMOS20200313,0.0
2020-03-13 07:49:00,50.0,125.0,78.0,1019.9,9.9,100.0,9.9,0.5775,0.25731309655509865,0.9597982136334615,AMOS20200313,0.0
2020-03-13 07:50:00,50.0,125.0,79.5,1019.9,9.9,100.0,9.9,0.6174999999999999,-0.13890811653681423,0.98815356237667,AMOS20200313,0.0
2020-03-13 07:51:00,50.0,125.0,80.0,1020.0,10.0,100.0,10.0,0.7875,-0.12175664456877197,0.9915628770374185,AMOS20200313,0.0
2020-03-13 07:52:00,50.0,100.0,78.0,1020.0,10.1,100.0,10.1,0.94,-0.11745725164184856,0.9924358252092553,AMOS20200313,0.0
2020-03-13 07:53:00,50.0,100.0,75.5,1020.1,10.2,100.0,10.2,1.05,-0.1907033834208435,0.9811047508327515,AMOS20200313,0.0
2020-03-13 07:54:00,50.0,100.0,70.5,1020.2,10.2,100.0,10.2,1.18,-0.24612776003714365,0.969129360909842,AMOS20200313,0.0
2020-03-13 07:55:00,50.0,100.0,70.5,1020.2,10.1,100.0,10.1,1.3625,-0.24190347266143045,0.9702218359065741,AMOS20200313,0.0
2020-03-13 07:56:00,50.0,100.0,71.0,1020.3,10.0,100.0,10.0,1.6075,-0.11739763881836895,0.991983020860139,AMOS20200313,0.0
2020-03-13 07:57:00,50.0,100.0,79.5,1020.4,10.1,100.0,10.1,1.7925,-0.07845610824589197,0.9968793741757849,AMOS20200313,0.0
2020-03-13 07:58:00,50.0,125.0,84.5,1020.5,10.2,100.0,10.2,1.8025,-0.1045205031720281,0.9944461601174035,AMOS20200313,0.0
2020-03-13 07:59:00,50.0,125.0,84.0,1020.6,10.2,100.0,10.2,1.8575,-0.056691085618239684,0.9983631636308864,AMOS20200313,0.0
