compound_id,SMILES,model,observed_pIC50,predicted_pIC50
TRAIN0001,Oc1ccc2O[C@H]([C@H](Sc2c1)C3CCCC3)c4ccc(OCCN5CCCCC5)cc4,mean,8.60205999132796,6.584214843993485
TRAIN0002,Oc1ccc2O[C@H]([C@H](Sc2c1)C3CCCCCC3)c4ccc(OCCN5CCCCC5)cc4,mean,8.1249387366083,6.602143939812732
TRAIN0003,Oc1ccc(cc1)[C@H]2Sc3cc(O)ccc3O[C@H]2c4ccc(OCCN5CCCCC5)cc4,mean,8.50863830616573,6.565764886549194
TRAIN0004,Oc1ccc2O[C@H]([C@@H](CC3CCCCC3)Sc2c1)c4ccc(OCCN5CCCCC5)cc4,mean,8.4089353929735,6.584214843993485
TRAIN0005,Oc1ccc2O[C@H]([C@@H](Cc3ccccc3)Sc2c1)c4ccc(OCCN5CCCCC5)cc4,mean,8.13076828026902,6.565764886549194
TRAIN0006,Oc1ccc2O[C@H]([C@H](Sc2c1)c3ccncc3)c4ccc(OCCN5CCCCC5)cc4,mean,6.30980391997149,6.602143939812732
TRAIN0007,Oc1ccc(cc1)C2=Cc3cc(O)ccc3C24Cc5ccc(OCCN6CCCCC6)cc5C4,mean,9.0,6.565764886549194
TRAIN0008,Oc1ccc2O[C@H]([C@H](Sc2c1)c3occc3)c4ccc(OCCN5CCCCC5)cc4,mean,7.45593195564972,6.602143939812732
TRAIN0009,Oc1ccc(cc1)C2=Cc3cc(O)ccc3C24Cc5ccccc5C4,mean,8.36653154442041,6.565764886549194
TRAIN0010,Oc1ccc(cc1)C2=Cc3cc(O)ccc3C24C(=O)c5ccccc5C4=O,mean,7.04095860767891,6.602143939812732
TRAIN0011,Oc1ccc(cc1)C2=Cc3cc(O)ccc3C24C(=O)c5ccc(OCCN6CCCCC6)cc5C4=O,mean,6.76447155309245,6.600029480424278
TRAIN0012,Oc1cccc(c1)C2=Cc3cc(O)ccc3C24Cc5ccccc5C4,mean,7.45593195564972,6.584214843993485
TRAIN0013,CC(C)(C)[C@H]1Sc2cc(O)ccc2O[C@H]1c3ccc(OCCN4CCCCC4)cc3,mean,7.95860731484177,6.565764886549194
TRAIN0014,Oc1ccc2O[C@H]([C@H](Sc2c1)C3CCCCC3)c4ccc(OCCN5CCCCC5)cc4,mean,8.58502665202918,6.602143939812732
TRAIN0015,Oc1ccc2O[C@H]([C@H](Sc2c1)c3cccnc3)c4ccc(OCCN5CCCCC5)cc4,mean,6.26600071346161,6.602143939812732
TRAIN0016,CC(C)C[C@H]1Sc2cc(O)ccc2O[C@H]1c3ccc(OCCN4CCCCC4)cc3,mean,8.52287874528034,6.565764886549194
TRAIN0017,Oc1ccc(C[C@H]2Sc3cc(O)ccc3O[C@H]2c4ccc(OCCN5CCCCC5)cc4)cc1,mean,8.56863623584101,6.578407807385104
TRAIN0018,CC(C)[C@H]1Sc2cc(O)ccc2O[C@H]1c3ccc(OCCN4CCCCC4)cc3,mean,8.15490195998574,6.584214843993485
TRAIN0019,Oc1cccc(c1)C2=Cc3cc(O)ccc3C24C(=O)c5ccccc5C4=O,mean,6.43651891460559,6.600029480424278
TRAIN0020,Oc1ccc2O[C@H]([C@H](Sc2c1)c3cccs3)c4ccc(OCCN5CCCCC5)cc4,mean,8.05551732784983,6.584214843993485
TRAIN0021,Oc1ccc2O[C@H]([C@@H](CC3CCCC3)Sc2c1)c4ccc(OCCN5CCCCC5)cc4,mean,8.52287874528034,6.584214843993485
TRAIN0022,Oc1ccc(cc1)c2sc3cc(O)ccc3c2C(=O)c4ccc(OCCN5CCCCC5)cc4,mean,8.74472749489669,6.565764886549194
TRAIN0023,Oc1ccc(cc1)[C@H]2Sc3cc(O)ccc3O[C@H]2c4ccc(COCCN5CCCCC5)cc4,mean,8.63827216398241,6.602143939812732
TRAIN0024,Oc1ccc(cc1)[C@H]2Sc3cc(O)ccc3O[C@H]2c4ccc(cc4)C5=CCNCC5,mean,8.85387196432176,6.602143939812732
TRAIN0025,CN1CCN(CC1)c2ccc(cc2)[C@@H]3Oc4ccc(O)cc4S[C@@H]3c5ccc(O)cc5,mean,9.0,6.578407807385104
TRAIN0026,Oc1ccc(cc1)[C@H]2Sc3cc(O)ccc3O[C@H]2CCCN4CCCCC4,mean,9.15490195998574,6.565764886549194
TRAIN0027,Oc1ccc(cc1)[C@H]2Sc3cc(O)ccc3O[C@H]2c4ccc(CCCN5CCCCC5)cc4,mean,8.85387196432176,6.600029480424278
TRAIN0028,CN1CCCN(CC1)c2ccc(cc2)[C@@H]3Oc4ccc(O)cc4S[C@@H]3c5ccc(O)cc5,mean,8.44369749923271,6.565764886549194
TRAIN0029,Oc1ccc(cc1)[C@H]2Sc3cc(O)ccc3O[C@H]2c4ccc(cc4)C5CCNCC5,mean,8.76955107862173,6.602143939812732
TRAIN0030,CCN1CCN(CC1)c2ccc(cc2)[C@@H]3Oc4ccc(O)cc4S[C@@H]3c5ccc(O)cc5,mean,9.0,6.602143939812732
TRAIN0031,Oc1ccc(cc1)[C@H]2Sc3cc(O)ccc3O[C@H]2c4ccc(cc4)N5CCNCC5,mean,8.35654732351381,6.584214843993485
TRAIN0032,Oc1ccc(cc1)[C@H]2Sc3cc(O)ccc3O[C@H]2c4ccc(CN5CCCCC5)cc4,mean,6.80966830182971,6.602143939812732
TRAIN0033,Oc1ccc(cc1)[C@H]2Sc3cc(O)ccc3O[C@H]2c4ccc(cc4)N5CCCNCC5,mean,8.44369749923271,6.565764886549194
TRAIN0034,C[C@]12CC[C@H]3[C@@H](CCc4cc(O)ccc34)[C@@H]1CC[C@@H]2O,mean,8.88605664769316,6.600029480424278
TRAIN0035,CCCCN(C)C(=O)CCCCCCCCCCS[C@@H]1[C@H](O)c2cc(O)ccc2[C@H]3CC[C@]4(C)[C@@H](O)CC[C@H]4[C@H]13,mean,7.49485002168009,6.600029480424278
TRAIN0036,CC\C(=C(/c1ccccc1)\c2ccc(\C=C\C(=O)O)cc2)\c3ccccc3,mean,7.4089353929735,6.578407807385104
TRAIN0037,C[C@]12CC[C@H]3[C@@H]([C@H](Sc4ccc(Br)cc4)C(O)c5cc(O)ccc35)[C@@H]1CC[C@@H]2O,mean,6.40120949323688,6.578407807385104
TRAIN0038,C[C@]12CC[C@H]3[C@@H]([C@@H](Cc4cc(O)ccc34)Sc5ccc(\C=C\C(=O)O)cc5)[C@@H]1CC[C@@H]2O,mean,7.33724216831843,6.565764886549194
TRAIN0039,CN(C)C(=O)\C=C\c1ccc(S[C@@H]2Cc3cc(O)ccc3[C@H]4CC[C@]5(C)[C@@H](O)CC[C@H]5[C@H]24)cc1,mean,7.0268721464003,6.565764886549194
TRAIN0040,CCCCN(C)C(=O)CCCCCCCCCCS[C@H]1[C@@H]2[C@H](CC[C@]3(C)[C@@H](O)CC[C@@H]23)c4ccc(O)cc4C1=O,mean,7.48148606012211,6.578407807385104
TRAIN0041,C[C@]12CC[C@H]3[C@@H]([C@H](CCCCCCCCCS(=O)CCCC(F)(F)C(F)(F)F)Cc4cc(O)ccc34)[C@@H]1CC[C@@H]2O,mean,8.22184874961636,6.584214843993485
TRAIN0042,CCCCN(C)C(=O)CCCCCCCCCCS[C@@H]1Cc2cc(O)ccc2[C@H]3CC[C@]4(C)[C@@H](O)CC[C@H]4[C@H]13,mean,8.04575749056067,6.602143939812732
TRAIN0043,Oc1ccc(cc1)[C@H]2Sc3cc(O)ccc3S[C@H]2c4ccc(OCCN5CCCC5)cc4,mean,7.74472749489669,6.584214843993485
TRAIN0044,Oc1ccc2O[C@H]([C@H](Sc2c1)c3cccc(O)c3)c4ccc(OCCN5CCCC5)cc4,mean,9.0,6.578407807385104
TRAIN0045,Oc1ccc(cc1)[C@H]2Sc3cc(O)ccc3S[C@H]2c4ccc(OCCN5CCCCC5)cc4,mean,7.67778070526608,6.565764886549194
TRAIN0046,Oc1cccc(c1)[C@H]2Sc3cc(O)ccc3S[C@H]2c4ccc(OCCN5CCCCC5)cc4,mean,7.82390874094432,6.565764886549194
TRAIN0047,Oc1cccc(c1)[C@H]2Sc3cc(O)ccc3S[C@H]2c4ccc(OCCN5CCCCC5)c(Br)c4,mean,8.39794000867204,6.600029480424278
TRAIN0048,Oc1ccc(cc1)[C@H]2Sc3cc(O)ccc3S[C@H]2c4ccc(OCCN5CCCCC5)c(Br)c4,mean,8.30102999566398,6.602143939812732
TRAIN0049,Oc1ccc(cc1)[C@H]2Sc3cc(O)ccc3S[C@H]2c4ccc(OCCN5CCCC5)c(Br)c4,mean,8.39794000867204,6.565764886549194
TRAIN0050,Oc1cccc(c1)[C@H]2Sc3cc(O)ccc3O[C@H]2c4ccc(OCCN5CCCCC5)cc4,mean,8.39794000867204,6.565764886549194
TRAIN0051,CN(CCCc1ccc(Cl)cc1)c2nc(NCCc3ccc(O)cc3)nc(n2)N4CCNCC4,mean,6.95860731484177,6.565764886549194
TRAIN0052,CN(CCCc1ccc(F)cc1)c2nc(NCCc3ccc(O)cc3)nc(n2)N4CCNCC4,mean,6.61978875828839,6.602143939812732
TRAIN0053,CN(C[C@@H]1C[C@@H]1c2ccccc2)c3nc(NCCc4ccc(O)cc4)nc(n3)N5CCNCC5,mean,6.24795155218056,6.578407807385104
TRAIN0054,CN(CCCc1ccc(Cl)cc1)c2nc(NCCc3ccc(O)cc3)nc(n2)N4CCN(Cc5csc(C)n5)CC4,mean,6.82390874094432,6.565764886549194
TRAIN0055,CN(CCCc1ccc(Cl)cc1)c2nc(NCCc3ccc(O)cc3)nc(n2)N4CCN(CCO)CC4,mean,7.52287874528034,6.602143939812732
TRAIN0056,Oc1ccc(CCNc2nc(SCCCc3ccc(Cl)cc3)nc(n2)N4CCNCC4)cc1,mean,7.09691001300806,6.584214843993485
TRAIN0057,COc1cccc2OC(c3ccccc3)c4c(Br)c(NS(=O)(=O)C)ccc4c12,mean,5.64187471472335,6.565764886549194
TRAIN0058,Oc1ccc(cc1)C(=C(CC(F)(F)F)c2ccccc2)c3ccc(O)cc3,mean,8.04575749056067,6.565764886549194
TRAIN0059,Oc1ccc(cc1)C(=Cc2ccccc2)c3ccc(O)cc3,mean,6.82390874094432,6.602143939812732
TRAIN0060,CC\C(=C(/c1ccccc1)\c2ccc(OCCN(C)C)cc2)\c3ccccc3,mean,6.30102999566398,6.565764886549194
TRAIN0061,CCC(=C(c1ccc(O)cc1)c2ccc(O)cc2)c3ccccc3,mean,7.82390874094432,6.578407807385104
TRAIN0062,CCCCC(=C(c1ccc(O)cc1)c2ccc(O)cc2)c3ccccc3,mean,6.30102999566398,6.600029480424278
TRAIN0063,CC(=C(c1ccc(O)cc1)c2ccc(O)cc2)c3ccccc3,mean,7.52287874528034,6.584214843993485
TRAIN0064,CCCC(=C(c1ccc(O)cc1)c2ccc(O)cc2)c3ccccc3,mean,7.30102999566398,6.578407807385104
TRAIN0065,CC\C(=C(/c1ccccc1)\c2ccc(O)cc2)\c3ccccc3,mean,8.15490195998574,6.584214843993485
TRAIN0066,CC\C(=C(\CC)/c1ccc(O)cc1)\c2ccc(O)cc2,mean,9.48148606012211,6.565764886549194
TRAIN0067,CCc1c(oc(c2ccc(O)cc2)c1c3ccc(OCCN4CCCCC4)cc3)c5ccc(O)cc5,mean,7.18708664335714,6.578407807385104
TRAIN0068,Cc1c(c2ccc(O)cc2)n(Cc3ccc(OCCN4CCCCC4)cc3)c5ccc(O)cc15,mean,7.85387196432176,6.602143939812732
TRAIN0069,Cc1c(c2ccc(O)cc2)n(Cc3ccc(OCCN4CCCCCC4)cc3)c5ccc(O)cc15,mean,7.63827216398241,6.578407807385104
TRAIN0070,Cc1c(c2ccc(O)cc2)n(CCCCCCN3CCCC3)c4ccc(O)cc14,mean,7.60205999132796,6.565764886549194
TRAIN0071,Cc1cc(O)c2C(=O)c3c(O[C@@H]4O[C@H](CO)[C@@H](O)[C@H](O)[C@H]4O)cc(O)cc3C(=O)c2c1,mean,4.69897000433602,6.565764886549194
TRAIN0072,Oc1ccc(cc1)C2=COc3cc(O)cc(O)c3C2=O,mean,5.88605664769316,6.602143939812732
TRAIN0073,Oc1ccc(cc1)C2=COc3cc(O)ccc3C2=O,mean,5.20065945054642,6.578407807385104
TRAIN0074,Cc1cc(O)c2C(=O)c3c(O)cc(O)cc3C(=O)c2c1,mean,5.56863623584101,6.565764886549194
TRAIN0075,Oc1ccc2C(=O)c3cc(O)ccc3C(=O)c2c1,mean,5.95860731484177,6.565764886549194
TRAIN0076,Cc1ccc(cc1)S(=O)(=O)N2CCc3cc(O)ccc3C2c4ccc(OCCN5CCCC5)cc4,mean,7.60554831917378,6.600029480424278
TRAIN0077,Oc1ccc(cc1)C2CN(Cc3cc(O)ccc23)C(=O)c4ccccc4,mean,6.79588001734407,6.565764886549194
TRAIN0078,Oc1ccc2C(N(CCc2c1)c3ccccc3)c4cccs4,mean,7.30102999566398,6.584214843993485
TRAIN0079,Oc1ccc2C(N(CCc2c1)c3ccc(\C=C\C(=O)N4CCOCC4)cc3)c5ccccc5,mean,8.22914798835786,6.578407807385104
TRAIN0080,Oc1ccc2C(N(CCc2c1)S(=O)(=O)c3cccc4ccccc34)c5ccc(OCCN6CCCC6)cc5,mean,8.2518119729938,6.600029480424278
TRAIN0081,CN(C)C(=O)\C=C\c1ccc(cc1)N2CCc3cc(O)ccc3C2c4ccccc4,mean,8.09691001300806,6.578407807385104
TRAIN0082,Oc1ccc2C(C(CCc2c1)c3ccccc3)c4ccc(OCCN5CCCC5)cc4,mean,9.30102999566398,6.578407807385104
TRAIN0083,Oc1ccc(cc1)C2CN(Cc3cc(O)ccc23)S(=O)(=O)c4ccccc4,mean,6.92081875395237,6.565764886549194
TRAIN0084,Oc1ccc2C(N(Cc3ccc4OCOc4c3)CCc2c1)c5ccc(OCCN6CCCC6)cc5,mean,8.03621217265444,6.602143939812732
TRAIN0085,Oc1ccc2C(CC3CCCCC3)N(CCc2c1)c4ccccc4,mean,7.27490547891853,6.565764886549194
TRAIN0086,Oc1ccc2C(Cc3ccccc3)N(CCc2c1)c4ccccc4,mean,8.17392519729917,6.565764886549194
TRAIN0087,Oc1ccc2C(N(CCc2c1)C(=O)c3ccccc3)c4ccc(OCCN5CCCC5)cc4,mean,6.25026368443094,6.600029480424278
TRAIN0088,Oc1ccc(cc1)C2CN(Cc3ccccc3)Cc4cc(O)ccc24,mean,7.69680394257951,6.600029480424278
TRAIN0089,Oc1ccc2C(C3CCCCC3)N(CCc2c1)c4ccccc4,mean,7.52578373592374,6.584214843993485
TRAIN0090,Oc1ccc(cc1)C2CN(Cc3cc(O)ccc23)S(=O)(=O)c4cccc5ccccc45,mean,7.55284196865778,6.600029480424278
TRAIN0091,Oc1ccc2C(N(CCc2c1)C(=O)C(F)(F)F)c3ccc(Br)cc3,mean,6.78251605578609,6.565764886549194
TRAIN0092,Oc1ccc(cc1)C2CN(Cc3cc(O)ccc23)C(=O)C(F)(F)F,mean,6.911155437273,6.565764886549194
TRAIN0093,Oc1ccc2C(N(CCc2c1)S(=O)(=O)c3ccccc3)c4ccc(OCCN5CCCC5)cc4,mean,8.2839966563652,6.584214843993485
TRAIN0094,Oc1ccc(cc1)[C@H]2N(CCc3cc(O)ccc23)C(=O)C(F)(F)F,mean,7.27083521030723,6.584214843993485
TRAIN0095,Oc1ccc2C(N(CCc2c1)S(=O)(=O)c3ccc4ccccc4c3)c5ccc(OCCN6CCCC6)cc5,mean,6.95078197732982,6.600029480424278
TRAIN0096,Oc1ccc2C(N(CCc2c1)C(=O)C(F)(F)F)c3ccccc3,mean,6.62893213772826,6.565764886549194
TRAIN0097,CCCc1ccc(cc1)S(=O)(=O)N2CCc3cc(O)ccc3C2c4ccc(OCCN5CCCC5)cc4,mean,7.53165266958784,6.600029480424278
TRAIN0098,Oc1ccc2C(N(CCc2c1)c3ccccc3)c4ccccc4,mean,7.51286162452281,6.602143939812732
TRAIN0099,Oc1ccc2C(N(CCc2c1)C(=O)C(F)(F)F)c3cccs3,mean,6.4145392704915,6.584214843993485
TRAIN0100,Oc1ccc2C(N(CCc2c1)c3ccccc3)c4ccc(OCCN5CCCC5)cc4,mean,7.93930215964639,6.600029480424278
TRAIN0101,CC(C)C1N(CCc2cc(O)ccc12)c3ccccc3,mean,7.36957212497498,6.578407807385104
TRAIN0102,Oc1ccc2C(N(Cc3ccccc3)CCc2c1)c4ccc(OCCN5CCCC5)cc4,mean,8.32790214206428,6.565764886549194
TRAIN0103,Oc1ccc2C(N(CCc2c1)C(=O)C(F)(F)F)c3ccc(OCCN4CCCC4)cc3,mean,7.54211810326601,6.584214843993485
TRAIN0104,CCOC(=O)N1CCc2cc(O)ccc2C1c3ccc(OCCN4CCCC4)cc3,mean,7.35359627377693,6.600029480424278
TRAIN0105,Oc1ccc(cc1)[C@@H]2Sc3cc(O)c(F)cc3O[C@@H]2c4ccc(OCCN5CCCCC5)cc4,mean,7.86966623150499,6.600029480424278
TRAIN0106,Oc1ccc(cc1)[C@@H]2Sc3cc(O)ccc3O[C@H]2c4ccc(OCCN5CCCCC5)cc4,mean,8.52287874528034,6.565764886549194
TRAIN0107,Oc1ccc(cc1)C2=Nc3c(O)cc(O)cc3OC2,mean,4.48148606012211,6.600029480424278
TRAIN0108,Cc1ccc(cc1)N2CCc3cc(O)ccc3C2(C)c4ccc(OCCN5CCCCC5)cc4,mean,7.55284196865778,6.600029480424278
TRAIN0109,Oc1ccc(cc1)[C@@H]2Sc3c(Cl)c(O)ccc3O[C@@H]2c4ccc(OCCN5CCCCC5)cc4,mean,8.61978875828839,6.602143939812732
TRAIN0110,CN(C)CCOc1ccc(cc1)[C@@H]2Oc3ccc(O)cc3S[C@@H]2c4cccc(O)c4,mean,8.85387196432176,6.578407807385104
TRAIN0111,CCC1Oc2cc(O)ccc2N=C1c3ccc(O)cc3,mean,6.07058107428571,6.602143939812732
TRAIN0112,Oc1ccc2[C@H]([C@H](CCc2c1)c3ccccc3)c4ccc(OCCN5CCCC5)cc4,mean,8.39794000867204,6.578407807385104
TRAIN0113,Oc1ccc2C3=Nc4ccc(O)cc4OC3Cc2c1,mean,5.2518119729938,6.600029480424278
TRAIN0114,CC(C)c1ccc(cc1)N2CCc3cc(O)ccc3C2(C)c4ccc(OCCN5CCCCC5)cc4,mean,7.14874165128092,6.602143939812732
TRAIN0115,Cc1cc2S[C@H]([C@H](Oc2cc1O)c3ccc(OCCN4CCCCC4)cc3)c5ccc(O)cc5,mean,7.45717457304082,6.602143939812732
TRAIN0116,CC1(C)Oc2cc(O)ccc2N=C1c3ccc(O)cc3,mean,5.06550154875643,6.602143939812732
TRAIN0117,CCC(=C(c1ccc(O)cc1)c2ccc(OCCN(C)C)cc2)c3ccccc3,mean,7.76955107862173,6.584214843993485
TRAIN0118,Oc1ccc(cc1)[C@@H]2Sc3ccc(O)cc3O[C@@H]2c4ccc(OCCN5CCCCC5)cc4,mean,8.79588001734407,6.600029480424278
TRAIN0119,Oc1cccc(c1)C2Sc3cc(O)ccc3OC2c4ccc(OCCN5CCCCC5)cc4,mean,8.52287874528034,6.565764886549194
TRAIN0120,CC1CCN(CCOc2ccc(cc2)[C@@H]3Oc4ccc(O)cc4S[C@@H]3c5cccc(O)c5)CC1,mean,9.09691001300806,6.602143939812732
TRAIN0121,CCC1Oc2cc(O)cc(C)c2N=C1c3ccc(O)c(Br)c3,mean,6.74472749489669,6.565764886549194
TRAIN0122,CC1Oc2cc(O)cc(O)c2N=C1c3ccc(O)cc3,mean,5.55284196865778,6.600029480424278
TRAIN0123,Oc1ccc(cc1)[C@@H]2Sc3c(F)c(O)ccc3O[C@@H]2c4ccc(OCCN5CCCCC5)cc4,mean,9.09691001300806,6.602143939812732
TRAIN0124,Cc1ccc(cc1)N2CCc3cc(O)ccc3C2(C)c4ccc(OCCN5CCCC5)cc4,mean,7.50863830616573,6.584214843993485
TRAIN0125,Oc1ccc(cc1)[C@H]2[C@H](Oc3ccc(O)cc3S2(=O)=O)c4ccc(OCCN5CCCCC5)cc4,mean,5.96257350205938,6.578407807385104
TRAIN0126,CN(C)c1cccc(c1)N2CCc3cc(O)ccc3C2(C)c4ccc(OCCN5CCCCC5)cc4,mean,7.14874165128092,6.578407807385104
TRAIN0127,Cc1cc(O)cc2O[C@@H]([C@@H](Sc12)c3ccc(O)cc3)c4ccc(OCCN5CCCCC5)cc4,mean,8.69897000433602,6.600029480424278
TRAIN0128,Oc1ccc2OC(C(Sc2c1)c3ccccc3)c4ccc(OCCN5CCCCC5)cc4,mean,7.92445303860747,6.565764886549194
TRAIN0129,CCC1Oc2cc(O)cc(O)c2N=C1c3ccc(O)cc3,mean,5.92081875395237,6.600029480424278
TRAIN0130,CC1(N(CCc2cc(O)ccc12)c3ccc(Cl)cc3)c4ccc(OCCN5CCCCC5)cc4,mean,7.45593195564972,6.602143939812732
TRAIN0131,Oc1ccc(cc1)C2=C(Oc3ccc(O)cc3S2)c4ccc(OCCN5CCCCC5)cc4,mean,8.79588001734407,6.600029480424278
TRAIN0132,CC1(N(CCc2cc(O)ccc12)c3ccc(Cl)cc3)c4ccc(OCCN5CCCC5)cc4,mean,7.56863623584101,6.600029480424278
TRAIN0133,CC1(N(CCc2cc(O)ccc12)c3cccc(Cl)c3)c4ccc(OCCN5CCCCC5)cc4,mean,7.30980391997149,6.584214843993485
TRAIN0134,Oc1ccc(cc1)[C@@H]2Sc3cc(O)c(Cl)cc3O[C@@H]2c4ccc(OCCN5CCCCC5)cc4,mean,8.26760624017703,6.602143939812732
TRAIN0135,Cc1cc(O)cc2S[C@H]([C@H](Oc12)c3ccc(OCCN4CCCCC4)cc3)c5ccc(O)cc5,mean,8.27572413039921,6.565764886549194
TRAIN0136,Oc1ccc(cc1)[C@H]2Sc3c(F)c(O)ccc3O[C@H]2c4ccc(OCCN5CCCCC5)cc4,mean,9.0,6.565764886549194
TRAIN0137,Oc1ccc(cc1)[C@@H]2Sc3cc(O)ccc3O[C@@H]2c4ccc(OCCN5CCCCC5)cc4,mean,8.52287874528034,6.578407807385104
TRAIN0138,Oc1ccc(cc1)[C@@H]2Cc3ccc(O)cc3O[C@@H]2c4ccc(OCCN5CCCCC5)cc4,mean,8.17392519729917,6.578407807385104
TRAIN0139,Oc1ccc2O[C@@H]([C@@H](Sc2c1)c3ccccc3)c4ccc(OCCN5CCCCC5)cc4,mean,8.20760831050175,6.584214843993485
TRAIN0140,Oc1ccc(cc1)[C@@H]2Sc3c(Cl)cc(O)cc3O[C@@H]2c4ccc(OCCN5CCCCC5)cc4,mean,9.29242982390206,6.565764886549194
TRAIN0141,CC1(C)Oc2cc(O)cc(O)c2N=C1c3ccc(O)c(Br)c3,mean,5.22184874961636,6.584214843993485
TRAIN0142,CC1(N(CCc2cc(O)ccc12)c3ccccc3)c4ccc(OCCN5CCCCC5)cc4,mean,7.53760200210104,6.578407807385104
TRAIN0143,CC1(N(CCc2cc(O)ccc12)c3ccccc3)c4ccc(OCCN5CCCCCC5)cc4,mean,7.2518119729938,6.578407807385104
TRAIN0144,Oc1ccc(cc1)[C@@H]2Sc3c(O)cc(O)cc3O[C@@H]2c4ccc(OCCN5CCCCC5)cc4,mean,7.60205999132796,6.602143939812732
TRAIN0145,Oc1ccc2C3=Nc4ccc(O)cc4OC3CCc2c1,mean,5.22184874961636,6.578407807385104
TRAIN0146,Oc1ccc2C(N(CCc2c1)c3ccccc3)c4ccc(OCCN5CCCCC5)cc4,mean,7.72124639904717,6.565764886549194
TRAIN0147,CC(C)c1cccc(c1)N2CCc3cc(O)ccc3C2(C)c4ccc(OCCN5CCCCC5)cc4,mean,7.33724216831843,6.565764886549194
TRAIN0148,Oc1ccc(cc1)[C@@H]2Sc3ccccc3O[C@@H]2c4ccc(OCCN5CCCCC5)cc4,mean,8.0,6.578407807385104
TRAIN0149,C[C@]12CC[C@H]3[C@@H](CCc4cc(O)ccc34)[C@@H]1CCC2=O,mean,6.67778070526608,6.584214843993485
TRAIN0150,Oc1ccc(cc1)[C@@H]2Sc3c(F)cc(O)cc3O[C@@H]2c4ccc(OCCN5CCCCC5)cc4,mean,9.30102999566398,6.578407807385104
TRAIN0151,Oc1ccc(cc1)C2=Nc3ccc(O)cc3OC2,mean,4.79588001734407,6.584214843993485
TRAIN0152,CCC1Oc2cc(O)cc(O)c2N=C1c3ccc(O)c(Br)c3,mean,5.27572413039921,6.602143939812732
TRAIN0153,CC1Oc2cc(O)cc(C)c2N=C1c3ccc(O)c(Br)c3,mean,6.49485002168009,6.565764886549194
TRAIN0154,Oc1ccc2C(N(CCc2c1)c3ccccc3)c4ccc(F)cc4,mean,6.54515513999149,6.584214843993485
TRAIN0155,CC(C)c1ccc(cc1)N2CCc3cc(O)ccc3C2(C)c4ccc(OCCN5CCCC5)cc4,mean,7.35654732351381,6.578407807385104
TRAIN0156,CC1(N(CCc2cc(O)ccc12)c3ccc(F)cc3)c4ccc(OCCN5CCCCC5)cc4,mean,7.42021640338319,6.600029480424278
TRAIN0157,CN(C)c1cccc(c1)N2CCc3cc(O)ccc3C2(C)c4ccc(OCCN5CCCC5)cc4,mean,7.0268721464003,6.600029480424278
TRAIN0158,Oc1ccc(cc1)[C@H]2[C@H](Oc3cc(O)ccc3C2=O)c4ccc(OCCN5CCCCC5)cc4,mean,7.4089353929735,6.600029480424278
TRAIN0159,Oc1ccc2O[C@@H]([C@@H](Sc2c1)c3ccccc3O)c4ccc(OCCN5CCCCC5)cc4,mean,8.88605664769316,6.578407807385104
TRAIN0160,CC1(N(CCc2cc(O)ccc12)c3cccc(O)c3)c4ccc(OCCN5CCCCC5)cc4,mean,7.46852108295774,6.578407807385104
TRAIN0161,CCc1cc(O)cc2O[C@@H]([C@@H](Sc12)c3ccc(O)cc3)c4ccc(OCCN5CCCCC5)cc4,mean,7.27327279097343,6.600029480424278
TRAIN0162,Oc1ccc(cc1)[C@@H]2Sc3cc(O)cc(Cl)c3O[C@@H]2c4ccc(OCCN5CCCCC5)cc4,mean,8.27572413039921,6.602143939812732
TRAIN0163,CC1(N(CCc2cc(O)ccc12)c3ccc(F)cc3)c4ccc(OCCN5CCCC5)cc4,mean,7.50863830616573,6.578407807385104
TRAIN0164,COc1ccc(cc1)C2Sc3cc(O)ccc3OC2c4ccc(OCCN5CCCCC5)cc4,mean,7.38615817812393,6.602143939812732
TRAIN0165,CC1CCCC(C)N1CCOc2ccc(cc2)[C@@H]3Oc4ccc(O)cc4S[C@@H]3c5cccc(O)c5,mean,8.46852108295774,6.584214843993485
TRAIN0166,CCCC1Oc2cc(O)ccc2N=C1c3ccc(O)cc3,mean,5.76955107862173,6.602143939812732
TRAIN0167,Oc1ccc(cc1)[C@@H]2Sc3cc(Cl)c(O)cc3O[C@@H]2c4ccc(OCCN5CCCCC5)cc4,mean,7.63638802010786,6.602143939812732
TRAIN0168,CCc1c(O)ccc2S[C@H]([C@H](Oc12)c3ccc(OCCN4CCCCC4)cc3)c5ccc(O)cc5,mean,8.32790214206428,6.578407807385104
TRAIN0169,CC1(N(CCc2cc(O)ccc12)c3ccccc3)c4ccc(OCCN5CCCC5)cc4,mean,7.42021640338319,6.584214843993485
TRAIN0170,CC1(N(CCc2cc(O)ccc12)c3cccc(Cl)c3)c4ccc(OCCN5CCCC5)cc4,mean,7.18045606445813,6.602143939812732
TRAIN0171,Oc1cccc(c1)[C@H]2Sc3cc(O)ccc3O[C@H]2c4ccc(OCCN5CCOCC5)cc4,mean,8.42021640338319,6.578407807385104
TRAIN0172,Cc1c(O)ccc2S[C@H]([C@H](Oc12)c3ccc(OCCN4CCCCC4)cc3)c5ccc(O)cc5,mean,8.92081875395237,6.578407807385104
TRAIN0173,CC1Oc2cc(O)ccc2N=C1c3ccc(O)cc3,mean,5.76955107862173,6.602143939812732
TRAIN0174,CC1(N(CCc2cc(O)ccc12)c3cccc(O)c3)c4ccc(OCCN5CCCC5)cc4,mean,7.50863830616573,6.584214843993485
TRAIN0175,CC1(N(CCc2cc(O)ccc12)c3cccc(F)c3)c4ccc(OCCN5CCCC5)cc4,mean,7.4089353929735,6.565764886549194
TRAIN0176,Oc1cccc(c1)[C@H]2Sc3cc(O)ccc3O[C@H]2c4ccc(OCCNC5CCCCCC5)cc4,mean,8.92081875395237,6.578407807385104
TRAIN0177,Oc1ccc2OC(C(Sc2c1)c3ccc(F)cc3)c4ccc(OCCN5CCCCC5)cc4,mean,8.42021640338319,6.578407807385104
TRAIN0178,Oc1ccc2C(=O)c3oc4cc(O)ccc4c3Oc2c1,mean,6.25570701687732,6.600029480424278
TRAIN0179,COc1cc(O)c2C(=O)c3c(Oc2c1)oc4cc(O)ccc34,mean,5.56415563401556,6.600029480424278
TRAIN0180,Oc1cc(O)c2C(=O)c3oc4c(cc(O)cc4c3Oc2c1)C#N,mean,5.80966830182971,6.578407807385104
TRAIN0181,Oc1cc(O)c2C(=O)c3sc4ccccc4c3Oc2c1,mean,5.4350973274708,6.565764886549194
TRAIN0182,CC1=C(c2ccc(O)cc2)C3(Cc4ccccc4C3)c5ccc(O)cc15,mean,7.72124639904717,6.600029480424278
TRAIN0183,Oc1ccc(cc1)C2=CC(=O)c3c(O)cc(O)cc3O2,mean,5.90204892900585,6.584214843993485
TRAIN0184,CC1=CC[C@@]2(CO)COC([C@@H]1C2)c3ccc(O)cc3,mean,5.49485002168009,6.600029480424278
TRAIN0185,Oc1ccc2CC3(Cc2c1)C(=Cc4ccccc34)c5ccccc5,mean,7.23657200643706,6.600029480424278
TRAIN0186,Oc1ccc2Oc3c(oc4cc(O)ccc34)C(=O)c2c1,mean,5.82390874094432,6.602143939812732
TRAIN0187,Oc1ccc2c(C=C(c3ccccc3)C24Cc5ccccc5C4)c1,mean,7.61978875828839,6.584214843993485
TRAIN0188,Oc1ccc2c3C(=O)c4c(O)cc(O)cc4Oc3oc2c1,mean,7.55284196865778,6.578407807385104
TRAIN0189,Oc1cc(O)c2C(=O)c3oc4c(Br)cc(O)cc4c3Oc2c1,mean,5.89962945488244,6.602143939812732
TRAIN0190,Oc1ccc2oc3C(=O)c4c(O)cc(O)cc4Oc3c2c1,mean,5.53003079050004,6.565764886549194
TRAIN0191,OC[C@]12CC[C@H]([C@H](C1)C=CC2)c3ccc(O)cc3,mean,6.25963731050576,6.602143939812732
TRAIN0192,Oc1cccc(c1)C2=Cc3ccc(O)cc3C24Cc5ccccc5C4,mean,7.50863830616573,6.584214843993485
TRAIN0193,Oc1ccc2c3Oc4cc(O)cc(O)c4C(=O)c3oc2c1,mean,7.16749108729376,6.602143939812732
TRAIN0194,Oc1ccc2Oc3c(oc4ccc(O)cc34)C(=O)c2c1,mean,6.74472749489669,6.602143939812732
TRAIN0195,OC(=O)CCCOc1ccc(cc1)\C(=C\CCc2ccccc2)\c3cccc(O)c3,mean,5.76955107862173,6.578407807385104
TRAIN0196,CC\C(=C(/c1ccc(O)cc1)\c2ccc(OCC(=O)O)cc2)\c3ccccc3,mean,6.30102999566398,6.578407807385104
TRAIN0197,CC\C(=C(\c1ccc(OCC(=O)O)cc1)/c2cccc(O)c2)\c3ccccc3,mean,5.84163750790475,6.565764886549194
TRAIN0198,OC(=O)CCCOc1ccc(cc1)\C(=C\CCc2ccccc2)\c3ccc(O)cc3,mean,6.62893213772826,6.602143939812732
TRAIN0199,CC[C@@](C)([C@@H](c1ccc(O)cc1)c2ccc(OCCCC(=O)O)cc2)c3ccccc3,mean,5.22184874961636,6.578407807385104
TRAIN0200,O\N=C/1\[C@H]([C@H](Oc2cc(O)ccc12)c3ccc(OCCN4CCCCC4)cc3)c5ccc(O)cc5,mean,5.98296666070122,6.584214843993485
TRAIN0201,C[C@H]1[C@H](Oc2cc(O)ccc2C1=O)c3ccc(OCCN4CCCCC4)cc3,mean,5.44818417764898,6.578407807385104
TRAIN0202,Oc1ccc2C(=O)[C@H]([C@H](Oc2c1)c3ccc(OCCN4CCCCC4)cc3)c5ccccc5,mean,6.27490547891853,6.578407807385104
TRAIN0203,Cc1cc(O)cc2O[C@@H]([C@@H](C(=O)c12)c3ccc(O)cc3)c4ccc(OCCN5CCCCC5)cc4,mean,7.85387196432176,6.565764886549194
TRAIN0204,C[C@@H]1[C@H](Oc2cc(O)ccc2C1=O)c3ccc(OCCN4CCCCC4)cc3,mean,5.84924356013969,6.578407807385104
TRAIN0205,Oc1ccc(cc1)[C@H]2Oc3cc(O)ccc3C(=O)[C@H]2c4ccc(O)cc4,mean,6.30980391997149,6.602143939812732
TRAIN0206,CCc1cc(O)cc2O[C@@H]([C@@H](C(=O)c12)c3ccc(O)cc3)c4ccc(OCCN5CCCCC5)cc4,mean,7.16749108729376,6.578407807385104
TRAIN0207,CCCCCc1cc(O)cc2O[C@@H]([C@@H](C(=O)c12)c3ccc(O)cc3)c4ccc(OCCN5CCCCC5)cc4,mean,7.14874165128092,6.578407807385104
TRAIN0208,COc1cc(ccc1O)[C@H]2[C@H](Oc3cc(O)ccc3C2=O)c4ccc(OCCN5CCCCC5)cc4,mean,6.3840499483436,6.602143939812732
TRAIN0209,Oc1ccc(cc1)[C@@H]2[C@H](Oc3cc(O)ccc3C2=O)c4ccc(OCCN5CCCCC5)cc4,mean,7.30980391997149,6.600029480424278
TRAIN0210,Oc1ccc(cc1)[C@H]2[C@H](Oc3cc(O)cc(Cl)c3C2=O)c4ccc(OCCN5CCCCC5)cc4,mean,7.23657200643706,6.565764886549194
TRAIN0211,COc1cc(O)ccc1[C@H]2[C@H](Oc3cc(O)ccc3C2=O)c4ccc(OCCN5CCCCC5)cc4,mean,6.82681373158773,6.602143939812732
TRAIN0212,CC(C)[C@H]1[C@H](Oc2cc(O)ccc2C1=O)c3ccc(OCCN4CCCCC4)cc3,mean,7.05060999335509,6.602143939812732
TRAIN0213,Oc1ccc(cc1)[C@H]2[C@H](Oc3ccccc3C2=O)c4ccc(OCCN5CCCCC5)cc4,mean,6.74714696902011,6.584214843993485
TRAIN0214,Oc1ccc2c(OC(=O)c3c2oc4cc(O)ccc34)c1,mean,7.95860731484177,6.602143939812732
TRAIN0215,CC(C)[C@@H]1[C@H](Oc2cc(O)ccc2C1=O)c3ccc(OCCN4CCCCC4)cc3,mean,6.96257350205938,6.584214843993485
TRAIN0216,C[C@H]1[C@H](Oc2cc(O)cc(O)c2C1=O)c3ccc(OCCN4CCCCC4)cc3,mean,6.25884840114822,6.600029480424278
TRAIN0217,Oc1ccc(cc1)[C@H]2[C@H](Oc3cc(O)cc(F)c3C2=O)c4ccc(OCCN5CCCCC5)cc4,mean,6.97881070093006,6.565764886549194
TRAIN0218,CCCc1cc(O)cc2O[C@@H]([C@@H](C(=O)c12)c3ccc(O)cc3)c4ccc(OCCN5CCCCC5)cc4,mean,6.18575240426808,6.600029480424278
TRAIN0219,Cc1cc(cc(C)c1O)[C@H]2[C@H](Oc3cc(O)ccc3C2=O)c4ccc(OCCN5CCCCC5)cc4,mean,5.97881070093006,6.578407807385104
TRAIN0220,O[C@@H]1[C@H]([C@H](Oc2cc(O)ccc12)c3ccc(OCCN4CCCCC4)cc3)c5ccc(O)cc5,mean,6.03198428600636,6.600029480424278
TRAIN0221,C[C@H]1CCN(CCOc2ccc(cc2)[C@@H]3Oc4ccc(O)c(F)c4[C@@H](C)[C@@H]3c5ccc(O)cc5)C1,mean,9.09691001300806,6.600029480424278
TRAIN0222,C[C@@H]1CCN(CCOc2ccc(cc2)[C@@H]3Oc4ccc(O)cc4[C@@H](C)[C@@H]3c5ccc(O)cc5)C1,mean,8.61978875828839,6.578407807385104
TRAIN0223,C[C@@H]1CCN(CCOc2ccc(cc2)[C@@H]3Oc4ccc(O)c(F)c4[C@@H](C)[C@@H]3c5ccc(O)cc5)C1,mean,9.09691001300806,6.565764886549194
TRAIN0224,C[C@@H](COc1ccc(cc1)[C@@H]2Oc3ccc(O)cc3[C@@H](C)[C@@H]2c4ccc(O)cc4)N5CCCC5,mean,8.85387196432176,6.602143939812732
TRAIN0225,Cc1cc(C)nc(n1)N2CCN(CC2)c3ccc(cc3)C(=O)c4c(sc5cc(O)ccc45)c6ccc(O)cc6,mean,8.67366413907125,6.584214843993485
TRAIN0226,CCCN1CCN(CC1)c2ccc(cc2)C(=O)c3c(sc4cc(O)ccc34)c5ccc(O)cc5,mean,8.84466396253494,6.565764886549194
TRAIN0227,C[C@@H](COc1ccc(cc1)[C@@H]2Oc3ccc(O)c(F)c3[C@@H](C)[C@@H]2c4ccc(O)cc4)N5CCCC5,mean,9.30102999566398,6.578407807385104
TRAIN0228,C[C@@H]1[C@@H]([C@@H](Oc2cc(O)ccc12)c3ccc(OCCN4CCCCC4)cc3)c5ccc(O)cc5,mean,7.34678748622466,6.584214843993485
TRAIN0229,C[C@@H]1[C@@H]([C@@H](Oc2ccc(O)cc12)c3ccc(OCCN4CCCCC4)cc3)c5ccc(O)cc5,mean,7.42021640338319,6.584214843993485
TRAIN0230,C[C@H]1[C@@H]([C@@H](Oc2cc(O)ccc12)c3ccc(OCCN4CCCCC4)cc3)c5ccc(O)cc5,mean,9.18045606445813,6.565764886549194
TRAIN0231,CC[C@H]1[C@@H]([C@@H](Oc2ccc(O)cc12)c3ccc(OCCN4CCCCC4)cc3)c5ccc(O)cc5,mean,7.85387196432176,6.578407807385104
TRAIN0232,C[C@H]1[C@@H]([C@@H](Oc2ccc(O)cc12)c3ccc(OCCN4CCCCC4)cc3)c5ccc(O)cc5,mean,8.85387196432176,6.565764886549194
TRAIN0233,Oc1ccc(cc1)c2sc3cc(O)ccc3c2C(=O)c4ccc(cc4)N5CCN(Cc6ccccc6)CC5,mean,9.01322826573375,6.565764886549194
TRAIN0234,Oc1ccc(cc1)c2sc3cc(O)ccc3c2C(=O)c4ccc(cc4)N5CCN(CC5)C(=O)c6ccccc6,mean,9.06550154875643,6.578407807385104
TRAIN0235,Oc1ccc(cc1)c2sc3cc(O)ccc3c2C(=O)c4ccc(cc4)N5CCN(CC5)C(=O)c6occc6,mean,8.57675412606319,6.578407807385104
TRAIN0236,Cc1ccc(cc1)C(=O)N2CCN(CC2)c3ccc(cc3)C(=O)c4c(sc5cc(O)ccc45)c6ccc(O)cc6,mean,8.56224943717961,6.578407807385104
TRAIN0237,Oc1ccc(cc1)c2sc3cc(O)ccc3c2C(=O)c4ccc(cc4)N5CCN(CC5)C(=O)c6cccc(Cl)c6,mean,9.33724216831843,6.565764886549194
TRAIN0238,Oc1ccc(cc1)c2sc3cc(O)ccc3c2C(=O)c4ccc(cc4)N5CCN(CC5)C(=O)c6ccc(Cl)cc6,mean,9.10790539730952,6.578407807385104
TRAIN0239,C[C@H]1[C@@H]([C@@H](Oc2ccc(O)c(F)c12)c3ccc(OCCN4CCCCC4)cc3)c5ccc(O)cc5,mean,9.09691001300806,6.584214843993485
TRAIN0240,Oc1ccc(cc1)c2sc3cc(O)ccc3c2C(=O)c4ccc(cc4)N5CCN(CC5)C(=O)c6cccc(O)c6,mean,8.85698519974591,6.602143939812732
TRAIN0241,Oc1ccc(cc1)c2sc3cc(O)ccc3c2C(=O)c4ccc(cc4)N5CCN(CC5)C(=O)c6ccccc6O,mean,8.51570016065321,6.584214843993485
TRAIN0242,Cc1ccccc1C(=O)N2CCN(CC2)c3ccc(cc3)C(=O)c4c(sc5cc(O)ccc45)c6ccc(O)cc6,mean,8.40450377817443,6.584214843993485
TRAIN0243,Cc1cccc(c1)C(=O)N2CCN(CC2)c3ccc(cc3)C(=O)c4c(sc5cc(O)ccc45)c6ccc(O)cc6,mean,9.56863623584101,6.602143939812732
TRAIN0244,C[C@H]1[C@@H]([C@@H](Oc2ccc(O)cc12)c3ccc(OCCN4CCCC4)cc3)c5ccc(O)cc5,mean,8.82390874094432,6.578407807385104
TRAIN0245,C[C@H]1[C@@H]([C@@H](Oc2ccc(O)c(F)c12)c3ccc(OCCN4CCCC4)cc3)c5ccc(O)cc5,mean,9.04575749056067,6.600029480424278
TRAIN0246,C[C@H]1CCN(CCOc2ccc(cc2)[C@@H]3Oc4ccc(O)cc4[C@@H](C)[C@@H]3c5ccc(O)cc5)C1,mean,8.88605664769316,6.584214843993485
TRAIN0247,Oc1ccc(cc1)c2sc3cc(O)ccc3c2C(=O)c4ccc(cc4)N5CCN(CC5)C(=O)c6ccccc6Cl,mean,8.76447155309245,6.600029480424278
TRAIN0248,Oc1ccc(cc1)c2sc3cc(O)ccc3c2C(=O)c4ccc(cc4)N5CCN(CC5)C(=O)c6ccncc6,mean,7.83983170704149,6.578407807385104
TRAIN0249,Oc1ccc(cc1)c2sc3cc(O)ccc3c2C(=O)c4ccc(cc4)N5CCN(CC5)C(=O)c6ccc(cc6)[N+](=O)[O-],mean,8.66756154008439,6.578407807385104
TRAIN0250,Oc1ccc(cc1)c2sc3cc(O)ccc3c2C(=O)c4ccc(cc4)N5CCN(CC5)c6ccc(Cl)cc6,mean,9.65757731917779,6.600029480424278
TRAIN0251,Oc1ccc(cc1)c2sc3cc(O)ccc3c2C(=O)c4ccc(cc4)N5CCN(CC5)C(=O)c6ccccc6[N+](=O)[O-],mean,8.44611697335613,6.602143939812732
TRAIN0252,Oc1ccc(cc1)c2sc3cc(O)ccc3c2C(=O)c4ccc(cc4)N5CCN(CC5)c6ccc(cc6)[N+](=O)[O-],mean,9.36653154442041,6.600029480424278
TRAIN0253,CC(C)N1CCN(CC1)c2ccc(cc2)C(=O)c3c(sc4cc(O)ccc34)c5ccc(O)cc5,mean,9.55284196865778,6.600029480424278
TRAIN0254,Oc1ccc(cc1)c2sc3cc(O)ccc3c2C(=O)c4ccc(cc4)N5CCN(CC5)C6CCCC6,mean,8.96657624451305,6.602143939812732
TRAIN0255,C[C@@H](COc1ccc(cc1)[C@@H]2Oc3ccc(O)cc3[C@@H](C)[C@@H]2c4ccc(O)cc4)N5CC[C@@H](C)C5,mean,8.88605664769316,6.600029480424278
TRAIN0256,C[C@@H](COc1ccc(cc1)[C@@H]2Oc3ccc(O)c(F)c3[C@@H](C)[C@@H]2c4ccc(O)cc4)N5CC[C@@H](C)C5,mean,9.04575749056067,6.578407807385104
TRAIN0257,C[C@@H](COc1ccc(cc1)[C@@H]2Oc3ccc(O)c(F)c3[C@@H](C)[C@@H]2c4ccc(O)cc4)N5CC[C@H](C)C5,mean,8.60205999132796,6.584214843993485
TRAIN0258,C[C@H](CN1CCCC1)Oc2ccc(cc2)[C@@H]3Oc4ccc(O)cc4[C@@H](C)[C@@H]3c5ccc(O)cc5,mean,8.82390874094432,6.584214843993485
TRAIN0259,C[C@H]1[C@@H]([C@@H](Oc2ccc(O)c(F)c12)c3ccc(OCCN4CCCCCC4)cc3)c5ccc(O)cc5,mean,9.52287874528034,6.584214843993485
TRAIN0260,C[C@@H](COc1ccc(cc1)[C@@H]2Oc3ccc(O)c(F)c3[C@@H](C)[C@@H]2c4ccc(O)cc4)N5CCC[C@H]5C,mean,9.15490195998574,6.602143939812732
TRAIN0261,COc1ccc2[C@H]([C@H](OCc2c1)c3ccccc3)c4ccc(OCCN5CCCC5)cc4,mean,7.4089353929735,6.602143939812732
TRAIN0262,COc1ccc2[C@H]([C@H](SCc2c1)c3ccccc3)c4ccc(OCCN5CCCC5)cc4,mean,7.88605664769316,6.578407807385104
TRAIN0263,Oc1ccc2[C@H]([C@H](OCc2c1)c3ccccc3)c4ccc(OCCN5CCCC5)cc4,mean,8.61978875828839,6.584214843993485
TRAIN0264,Oc1ccc2[C@H]([C@H](SCc2c1)c3ccccc3)c4ccc(OCCN5CCCC5)cc4,mean,9.22184874961636,6.602143939812732
TRAIN0265,C[C@H]1CN(CCOc2ccc(cc2)[C@@H]3Oc4ccc(O)cc4S[C@@H]3c5ccc(O)cc5)C[C@@H]1C,mean,9.30102999566398,6.578407807385104
TRAIN0266,C[C@@H]1CN(CCOc2ccc(cc2)[C@@H]3Oc4ccc(O)cc4S[C@@H]3c5ccc(O)cc5)C[C@H]1C,mean,9.39794000867204,6.565764886549194
TRAIN0267,Oc1ccc(cc1)[C@H]2Sc3cc(O)ccc3O[C@H]2c4ccc(OCCCN5CCCC5)cc4,mean,8.76955107862173,6.600029480424278
TRAIN0268,C[C@H](COc1ccc(cc1)[C@@H]2Oc3ccc(O)cc3S[C@@H]2c4ccc(O)cc4)N5CCCC5,mean,8.88605664769316,6.602143939812732
TRAIN0269,Oc1ccc(cc1)[C@H]2Sc3cc(O)ccc3O[C@H]2c4ccc(OCCN5CC6CC6C5)cc4,mean,9.15490195998574,6.602143939812732
TRAIN0270,Oc1ccc(cc1)[C@H]2Sc3cc(O)ccc3O[C@H]2c4ccc(OCCN5CCCC5)cc4,mean,8.58502665202918,6.602143939812732
TRAIN0271,C[C@@H]1CCN(CCOc2ccc(cc2)[C@@H]3Oc4ccc(O)cc4S[C@@H]3c5ccc(O)cc5)C1,mean,8.52287874528034,6.578407807385104
TRAIN0272,C[C@H]1CCN(CCOc2ccc(cc2)[C@@H]3Oc4ccc(O)cc4S[C@@H]3c5ccc(O)cc5)C1,mean,9.0,6.602143939812732
TRAIN0273,C[C@@H]1CCCN1CCOc2ccc(cc2)[C@@H]3Oc4ccc(O)cc4S[C@@H]3c5ccc(O)cc5,mean,9.15490195998574,6.602143939812732
TRAIN0274,C[C@H]1CCCN1CCOc2ccc(cc2)[C@@H]3Oc4ccc(O)cc4S[C@@H]3c5ccc(O)cc5,mean,9.09691001300806,6.584214843993485
TRAIN0275,CC[C@@H]1CCN(CCOc2ccc(cc2)[C@@H]3Oc4ccc(O)cc4S[C@@H]3c5ccc(O)cc5)C1,mean,9.04575749056067,6.602143939812732
TRAIN0276,CC[C@H]1CCN(CCOc2ccc(cc2)[C@@H]3Oc4ccc(O)cc4S[C@@H]3c5ccc(O)cc5)C1,mean,8.95860731484177,6.565764886549194
TRAIN0277,CC(C)[C@@H]1CCN(CCOc2ccc(cc2)[C@@H]3Oc4ccc(O)cc4S[C@@H]3c5ccc(O)cc5)C1,mean,9.39794000867204,6.565764886549194
TRAIN0278,CC(C)[C@H]1CCN(CCOc2ccc(cc2)[C@@H]3Oc4ccc(O)cc4S[C@@H]3c5ccc(O)cc5)C1,mean,9.52287874528034,6.565764886549194
TRAIN0279,CC1(C)CCN(CCOc2ccc(cc2)[C@@H]3Oc4ccc(O)cc4S[C@@H]3c5ccc(O)cc5)C1,mean,9.0,6.565764886549194
TRAIN0280,CC1(C)CCCN1CCOc2ccc(cc2)[C@@H]3Oc4ccc(O)cc4S[C@@H]3c5ccc(O)cc5,mean,9.04575749056067,6.565764886549194
TRAIN0281,C[C@@H]1CN(CCOc2ccc(cc2)[C@@H]3Oc4ccc(O)cc4S[C@@H]3c5ccc(O)cc5)C[C@@H]1C,mean,9.15490195998574,6.600029480424278
TRAIN0282,CN(C)c1cccc(c1)N2CCc3cc(O)ccc3C2c4ccc(OCCN5CCCCC5)cc4,mean,7.14898639317633,6.565764886549194
TRAIN0283,CC[C@@H](COc1ccc(cc1)[C@@H]2Oc3ccc(O)cc3S[C@@H]2c4ccc(O)cc4)N5CCCC5,mean,9.30102999566398,6.584214843993485
TRAIN0284,CC[C@H](COc1ccc(cc1)[C@@H]2Oc3ccc(O)cc3S[C@@H]2c4ccc(O)cc4)N5CCCC5,mean,9.15490195998574,6.600029480424278
TRAIN0285,CC(C)[C@@H](COc1ccc(cc1)[C@@H]2Oc3ccc(O)cc3S[C@@H]2c4ccc(O)cc4)N5CCCC5,mean,9.15490195998574,6.565764886549194
TRAIN0286,CC(C)[C@H](COc1ccc(cc1)[C@@H]2Oc3ccc(O)cc3S[C@@H]2c4ccc(O)cc4)N5CCCC5,mean,9.30102999566398,6.584214843993485
TRAIN0287,CC(C)(COc1ccc(cc1)[C@@H]2Oc3ccc(O)cc3S[C@@H]2c4ccc(O)cc4)N5CCCC5,mean,9.15490195998574,6.584214843993485
TRAIN0288,C[C@@H](CN1CCCC1)Oc2ccc(cc2)[C@@H]3Oc4ccc(O)cc4S[C@@H]3c5ccc(O)cc5,mean,8.60205999132796,6.565764886549194
TRAIN0289,C[C@H](CN1CCCC1)Oc2ccc(cc2)[C@@H]3Oc4ccc(O)cc4S[C@@H]3c5ccc(O)cc5,mean,8.20065945054642,6.565764886549194
TRAIN0290,CC[C@@H](CN1CCCC1)Oc2ccc(cc2)[C@@H]3Oc4ccc(O)cc4S[C@@H]3c5ccc(O)cc5,mean,9.09691001300806,6.602143939812732
TRAIN0291,CC[C@H](CN1CCCC1)Oc2ccc(cc2)[C@@H]3Oc4ccc(O)cc4S[C@@H]3c5ccc(O)cc5,mean,8.92081875395237,6.584214843993485
TRAIN0292,Oc1ccc(cc1)c2oc3ccc(O)cc3c2,mean,6.75448733218585,6.565764886549194
TRAIN0293,Oc1ccc(cc1)c2oc3c(Br)cc(O)cc3c2,mean,8.82390874094432,6.584214843993485
TRAIN0294,Oc1cc(Br)c2oc(cc2c1)c3ccc(O)c(F)c3,mean,7.92081875395237,6.584214843993485
TRAIN0295,COc1cc(O)cc2cc(oc12)c3ccc(O)cc3,mean,6.31605286924849,6.600029480424278
TRAIN0296,COc1cc(O)cc2cc(oc12)c3ccc(O)c(F)c3,mean,6.00436480540245,6.600029480424278
TRAIN0297,COc1cc(O)c(Br)c2cc(oc12)c3ccc(O)cc3,mean,7.67778070526608,6.565764886549194
TRAIN0298,COc1cc(O)c(Br)c2cc(oc12)c3ccc(O)c(F)c3,mean,6.47495519296315,6.565764886549194
TRAIN0299,Oc1ccc(cc1)[C@H]2Sc3cc(O)ccc3O[C@H]2c4ccc(OCCN5C6CCCC5CC6)cc4,mean,9.22184874961636,6.578407807385104
TRAIN0300,Oc1ccc(cc1)[C@H]2Sc3cc(O)ccc3O[C@H]2c4ccc(OCCN5C6CCCC5CCC6)cc4,mean,9.22184874961636,6.565764886549194
TRAIN0301,Oc1ccc(cc1)[C@H]2Sc3cc(O)ccc3O[C@H]2c4ccc(OCCN5C6CCC5CC6)cc4,mean,9.04575749056067,6.602143939812732
TRAIN0302,Oc1ccc(cc1)[C@H]2Sc3cc(O)ccc3O[C@H]2c4ccc(OCCN5CC6CC5CO6)cc4,mean,9.15490195998574,6.602143939812732
TRAIN0303,Oc1ccc(cc1)[C@H]2Sc3cc(O)ccc3O[C@H]2c4ccc(OCCN5CC6CCC5CC6)cc4,mean,8.88605664769316,6.565764886549194
TRAIN0304,Oc1ccc(cc1)[C@H]2Sc3cc(O)ccc3O[C@H]2c4ccc(OCCN5CC6CC7CC(C6)CC5C7)cc4,mean,9.22184874961636,6.584214843993485
TRAIN0305,Oc1ccc(cc1)[C@H]2Sc3cc(O)ccc3O[C@H]2c4ccc(OCCN5CC[C@H]6C[C@@H]56)cc4,mean,9.22184874961636,6.600029480424278
TRAIN0306,Oc1ccc(cc1)[C@H]2Sc3cc(O)ccc3O[C@H]2c4ccc(OCCN5CC[C@@H]6C[C@H]56)cc4,mean,9.30102999566398,6.584214843993485
TRAIN0307,Oc1ccc(cc1)[C@H]2Sc3cc(O)ccc3O[C@H]2c4ccc(OCCN5CC6CCC6C5)cc4,mean,9.09691001300806,6.578407807385104
TRAIN0308,Oc1ccc(cc1)[C@H]2Sc3cc(O)ccc3O[C@H]2c4ccc(OCCN5C[C@H]6CCC[C@H]6C5)cc4,mean,9.52287874528034,6.600029480424278
TRAIN0309,Oc1ccc(cc1)[C@H]2Sc3cc(O)ccc3O[C@H]2c4ccc(OCCN5C[C@H]6CCCC[C@H]6C5)cc4,mean,9.0,6.565764886549194
TRAIN0310,Oc1ccc(cc1)[C@H]2Sc3cc(O)ccc3O[C@H]2c4ccc(OCCN5CCC6(CCCC6)CC5)cc4,mean,8.92081875395237,6.600029480424278
TRAIN0311,Oc1ccc(cc1)[C@H]2Sc3cc(O)ccc3O[C@H]2c4ccc(OCCN5CC6(CCC6)C5)cc4,mean,9.39794000867204,6.584214843993485
TRAIN0312,Oc1ccc(cc1)[C@H]2Sc3cc(O)ccc3O[C@H]2c4ccc(OCCN5CCC(F)(F)CC5)cc4,mean,7.79588001734407,6.584214843993485
TRAIN0313,Oc1ccc(cc1)[C@H]2Sc3cc(O)ccc3O[C@H]2c4ccc(OCCN5CCC6(CC5)OCCO6)cc4,mean,8.69897000433602,6.578407807385104
TRAIN0314,OC1CCN(CCOc2ccc(cc2)[C@@H]3Oc4ccc(O)cc4S[C@@H]3c5ccc(O)cc5)CC1,mean,8.74472749489669,6.584214843993485
TRAIN0315,OCC1CCN(CCOc2ccc(cc2)[C@@H]3Oc4ccc(O)cc4S[C@@H]3c5ccc(O)cc5)CC1,mean,8.65757731917779,6.600029480424278
TRAIN0316,OCCC1CCN(CCOc2ccc(cc2)[C@@H]3Oc4ccc(O)cc4S[C@@H]3c5ccc(O)cc5)CC1,mean,8.13667713987954,6.584214843993485
TRAIN0317,NC(=O)C1CCN(CCOc2ccc(cc2)[C@@H]3Oc4ccc(O)cc4S[C@@H]3c5ccc(O)cc5)CC1,mean,8.65757731917779,6.565764886549194
TRAIN0318,Oc1ccc(cc1)[C@H]2Sc3cc(O)ccc3O[C@H]2c4ccc(OCCN5CC[C@@H](F)C5)cc4,mean,9.30102999566398,6.600029480424278
TRAIN0319,O[C@@H]1CCN(CCOc2ccc(cc2)[C@@H]3Oc4ccc(O)cc4S[C@@H]3c5ccc(O)cc5)C1,mean,8.76955107862173,6.600029480424278
TRAIN0320,OC[C@H]1CCCN1CCOc2ccc(cc2)[C@@H]3Oc4ccc(O)cc4S[C@@H]3c5ccc(O)cc5,mean,8.69897000433602,6.565764886549194
TRAIN0321,OC[C@@H]1CCCN1CCOc2ccc(cc2)[C@@H]3Oc4ccc(O)cc4S[C@@H]3c5ccc(O)cc5,mean,8.4089353929735,6.602143939812732
TRAIN0322,Oc1ccc(cc1)[C@H]2Sc3cc(O)ccc3O[C@H]2c4ccc(OCCN5CCSCC5)cc4,mean,8.82390874094432,6.584214843993485
TRAIN0323,Oc1ccc(cc1)[C@H]2Sc3cc(O)ccc3O[C@H]2c4ccc(OCCN5CCS(=O)(=O)CC5)cc4,mean,8.69897000433602,6.578407807385104
TRAIN0324,Oc1ccc(cc1)[C@H]2Sc3cc(O)ccc3O[C@H]2c4ccc(OCCN5CCC(F)CC5)cc4,mean,8.60205999132796,6.600029480424278
TRAIN0325,Oc1ccc(cc1F)c2oc3c(C=C)c(Br)c(O)c(Br)c3n2,mean,6.09528445472132,6.600029480424278
TRAIN0326,COc1cc(O)c(Br)c2nc(oc12)c3ccc(O)c(F)c3,mean,5.57381417475549,6.602143939812732
TRAIN0327,COc1c(Br)c(O)c(Br)c2nc(oc12)c3ccc(O)c(F)c3,mean,6.25258819211358,6.602143939812732
TRAIN0328,COc1cc(O)c(Cl)c2cc(oc12)c3ccc(O)cc3,mean,6.94309514866353,6.600029480424278
TRAIN0329,COc1cc(O)c(C#N)c2cc(oc12)c3ccc(O)cc3,mean,5.78251605578609,6.602143939812732
TRAIN0330,Oc1ccc(cc1)c2oc3c(Cl)cc(O)cc3c2,mean,8.16749108729376,6.600029480424278
TRAIN0331,Cc1cc(O)cc2cc(oc12)c3ccc(O)cc3,mean,6.94309514866353,6.565764886549194
TRAIN0332,Cc1cc(O)cc2cc(oc12)c3ccc(O)c(F)c3,mean,6.96257350205938,6.565764886549194
TRAIN0333,Oc1ccc(cc1)c2oc3c(CC#N)cc(O)cc3c2,mean,5.93854752091281,6.602143939812732
TRAIN0334,Oc1cc(CC#N)c2oc(cc2c1)c3ccc(O)c(F)c3,mean,5.97633608180221,6.584214843993485
TRAIN0335,Oc1ccc(cc1)c2oc3c(CC#N)cc(O)c(Br)c3c2,mean,6.67985371388895,6.600029480424278
TRAIN0336,Oc1ccc(cc1)c2oc3c(CC#N)cc(O)c(Cl)c3c2,mean,6.20411998265593,6.602143939812732
TRAIN0337,CC(=O)c1cc(O)cc2cc(oc12)c3ccc(O)cc3,mean,6.98716277529483,6.578407807385104
TRAIN0338,CCC(=O)c1cc(O)cc2cc(oc12)c3ccc(O)cc3,mean,7.30980391997149,6.584214843993485
TRAIN0339,Oc1ccc(cc1)c2oc3c(C=O)cc(O)cc3c2,mean,6.58004425151024,6.565764886549194
TRAIN0340,Oc1ccc(cc1)c2oc3c(cc(O)cc3c2)C#N,mean,7.33724216831843,6.600029480424278
TRAIN0341,Oc1cc(C#N)c2oc(cc2c1)c3ccc(O)c(F)c3,mean,7.63827216398241,6.584214843993485
TRAIN0342,Oc1ccc2nc(oc2c1)c3ccc4cc(O)ccc4c3,mean,6.10790539730952,6.584214843993485
TRAIN0343,Oc1ccc(c(O)c1)c2oc3cc(O)ccc3n2,mean,7.08618614761628,6.602143939812732
TRAIN0344,Oc1ccc(cc1)c2oc3cc(O)ccc3n2,mean,6.04479346245806,6.600029480424278
TRAIN0345,Oc1ccc2nc(oc2c1)c3cccc(O)c3O,mean,5.62837807282398,6.602143939812732
TRAIN0346,Oc1ccc2nc(oc2c1)c3ccc(O)c(O)c3,mean,5.61798295742513,6.602143939812732
TRAIN0347,Oc1ccc2nc(oc2c1)c3ccc(O)c(F)c3,mean,5.07417242537526,6.584214843993485
TRAIN0348,Oc1ccc2nc(oc2c1)c3ccc(O)c(Cl)c3,mean,5.30102999566398,6.578407807385104
TRAIN0349,Oc1ccc(cc1)c2oc3cc(O)c(Cl)cc3n2,mean,5.55830486435928,6.602143939812732
TRAIN0350,CC(C)(C)c1cc(ccc1O)c2oc3cc(O)ccc3n2,mean,5.30102999566398,6.584214843993485
TRAIN0351,CCCCOc1cc(ccc1O)c2oc3cc(O)ccc3n2,mean,5.20481541031758,6.578407807385104
TRAIN0352,Oc1ccc(cc1)c2oc3ccc(O)cc3n2,mean,5.911155437273,6.600029480424278
TRAIN0353,Oc1ccc2oc(nc2c1)c3ccc(O)c(F)c3,mean,5.80410034759077,6.584214843993485
TRAIN0354,Oc1ccc2oc(nc2c1)c3ccc(O)c(Cl)c3,mean,5.27736607746619,6.584214843993485
TRAIN0355,Oc1ccc(c(Cl)c1)c2oc3ccc(O)cc3n2,mean,6.85698519974591,6.584214843993485
TRAIN0356,Oc1ccc(c(O)c1)c2oc3ccc(O)cc3n2,mean,6.72124639904717,6.584214843993485
TRAIN0357,Oc1ccc(cc1)c2oc3cc(Cl)c(O)cc3n2,mean,6.33348201944512,6.602143939812732
TRAIN0358,Oc1ccc(cc1F)c2oc3cc(Cl)c(O)cc3n2,mean,5.74160219590449,6.565764886549194
TRAIN0359,Oc1ccc(cc1F)c2oc3cc(Br)c(O)cc3n2,mean,5.91721462968355,6.565764886549194
TRAIN0360,Oc1ccc2oc(nc2c1)c3cccc(O)c3O,mean,5.29157909986529,6.584214843993485
TRAIN0361,COc1cc(O)cc2nc(oc12)c3ccc(O)cc3,mean,5.59226927197366,6.565764886549194
TRAIN0362,Oc1ccc(cc1)c2oc3c(Br)cc(O)cc3n2,mean,6.80966830182971,6.565764886549194
TRAIN0363,Oc1cc(Br)c2oc(nc2c1)c3ccc(O)c(F)c3,mean,6.58502665202918,6.565764886549194
TRAIN0364,Oc1cc(Br)c2oc(nc2c1)c3ccc(O)c(c3)C(F)(F)F,mean,5.7281583934635,6.578407807385104
TRAIN0365,Oc1ccc(c(F)c1)c2oc3c(Br)cc(O)cc3n2,mean,7.32790214206428,6.578407807385104
TRAIN0366,Cc1cc(O)ccc1c2oc3c(Br)cc(O)cc3n2,mean,7.35654732351381,6.578407807385104
TRAIN0367,Oc1ccc(cc1)c2oc3c(cc(O)cc3n2)C#N,mean,6.38615817812393,6.578407807385104
TRAIN0368,Oc1cc(C#N)c2oc(nc2c1)c3ccc(O)c(F)c3,mean,5.84314809892999,6.584214843993485
TRAIN0369,Oc1ccc(c(F)c1)c2oc3c(cc(O)cc3n2)C#N,mean,6.86012091359876,6.584214843993485
TRAIN0370,Oc1ccc(cc1)c2oc3c(CBr)cc(O)cc3n2,mean,5.52651302993543,6.565764886549194
TRAIN0371,Oc1ccc(cc1)c2oc3c(C=O)cc(O)cc3n2,mean,5.57872520878965,6.600029480424278
TRAIN0372,CCOC(=O)c1cc(O)cc2nc(oc12)c3ccc(O)cc3,mean,5.10640466618012,6.600029480424278
TRAIN0373,NC(=O)c1cc(O)cc2nc(oc12)c3ccc(O)cc3,mean,5.01682492796219,6.600029480424278
TRAIN0374,CCc1cc(O)cc2nc(oc12)c3ccc(O)cc3,mean,6.27002571430044,6.578407807385104
TRAIN0375,CCCc1cc(O)cc2nc(oc12)c3ccc(O)cc3,mean,6.4089353929735,6.584214843993485
TRAIN0376,CC(C)c1cc(O)cc2nc(oc12)c3ccc(O)cc3,mean,5.92081875395237,6.565764886549194
TRAIN0377,CCCCc1cc(O)cc2nc(oc12)c3ccc(O)cc3,mean,6.30277065724028,6.565764886549194
TRAIN0378,Oc1ccc(cc1)c2oc3c(cc(O)cc3n2)C#C,mean,6.31785492362617,6.565764886549194
TRAIN0379,Oc1ccc(cc1)c2oc3c(CC=C)cc(O)cc3n2,mean,6.13846558914096,6.565764886549194
TRAIN0380,Oc1cc(CC=C)c2oc(nc2c1)c3ccc(O)c(F)c3,mean,5.95860731484177,6.578407807385104
TRAIN0381,Oc1ccc(c(F)c1)c2oc3c(CC=C)cc(O)cc3n2,mean,7.0087739243075,6.600029480424278
TRAIN0382,Oc1ccc(cc1)c2oc3c(C=C)cc(O)cc3n2,mean,6.34969247686806,6.602143939812732
TRAIN0383,Oc1cc(C=C)c2oc(nc2c1)c3ccc(O)c(F)c3,mean,5.91506642506328,6.565764886549194
TRAIN0384,Oc1cc(\C=C/F)c2oc(nc2c1)c3ccc(O)c(F)c3,mean,6.42481215507234,6.578407807385104
TRAIN0385,C\C=C/c1cc(O)cc2nc(oc12)c3ccc(O)cc3,mean,6.11069829749369,6.600029480424278
TRAIN0386,Oc1ccc(cc1)c2oc3c(\C=C/Br)cc(O)cc3n2,mean,5.33236029394359,6.578407807385104
TRAIN0387,Oc1ccc(c(F)c1)c2oc3c(\C=C/Br)cc(O)cc3n2,mean,6.70774392864352,6.600029480424278
TRAIN0388,C\C=C/c1cc(O)cc2nc(oc12)c3ccc(O)cc3F,mean,6.26841123481326,6.600029480424278
TRAIN0389,Oc1ccc(c(F)c1)c2oc3c(C=C)cc(O)cc3n2,mean,6.64397414280688,6.578407807385104
TRAIN0390,Oc1cc(C=C)c2oc(nc2c1)c3ccc(O)c(F)c3F,mean,6.32422165832591,6.600029480424278
TRAIN0391,Oc1cc(F)c(c(F)c1)c2oc3c(C=C)cc(O)cc3n2,mean,6.60380065290426,6.600029480424278
TRAIN0392,Oc1cc(C=C)c2oc(nc2c1)c3cc(F)c(O)cc3F,mean,5.39361863488939,6.600029480424278
TRAIN0393,Cc1cc(O)ccc1c2oc3c(C=C)cc(O)cc3n2,mean,5.95233580539844,6.578407807385104
TRAIN0394,Oc1ccc(cc1)c2oc3c(cc(O)cc3n2)c4ccccc4,mean,5.88605664769316,6.584214843993485
TRAIN0395,Oc1ccc(cc1)c2oc3c(cc(O)cc3n2)c4occc4,mean,6.09205147838773,6.600029480424278
TRAIN0396,Oc1cc(c2occc2)c3oc(nc3c1)c4ccc(O)c(F)c4,mean,5.70333480973847,6.565764886549194
TRAIN0397,Oc1ccc(cc1)c2oc3c(cc(O)cc3n2)c4cccs4,mean,5.98716277529483,6.584214843993485
TRAIN0398,Oc1ccc(cc1)c2oc3c(cc(O)cc3n2)c4nccs4,mean,5.87289520163519,6.602143939812732
TRAIN0399,Oc1ccc(cc1)c2oc3c(cc(O)cc3n2)C4CCCC4,mean,5.99567862621736,6.565764886549194
TRAIN0400,Oc1ccc(cc1F)c2oc3c(C=C)cc(O)c(Br)c3n2,mean,5.98464024459079,6.565764886549194
TRAIN0401,Oc1ccc(c(O)c1)c2noc3cc(O)ccc23,mean,7.61978875828839,6.578407807385104
TRAIN0402,Oc1ccc(c(O)c1)c2noc3ccccc23,mean,5.21467016498923,6.578407807385104
TRAIN0403,Oc1ccc2c(noc2c1)c3ccccc3O,mean,5.52287874528034,6.565764886549194
TRAIN0404,Oc1ccc(cc1)c2noc3cc(O)ccc23,mean,6.08884239126002,6.584214843993485
TRAIN0405,Oc1ccc(c(O)c1)c2noc3ccc(O)cc23,mean,5.39061905574929,6.578407807385104
TRAIN0406,Oc1ccc(cc1)c2noc3ccc(O)cc23,mean,6.08671609823958,6.602143939812732
TRAIN0407,Oc1ccc2c(noc2c1)c3ccc(O)c(Cl)c3,mean,6.56383735295924,6.584214843993485
TRAIN0408,Oc1ccc(c(c1)C#N)c2noc3cc(O)ccc23,mean,6.57839607313017,6.578407807385104
TRAIN0409,Oc1ccc2c(noc2c1)c3ccc(O)c(Br)c3,mean,6.73754891026957,6.584214843993485
TRAIN0410,Oc1ccc2c(noc2c1)c3ccc(O)c(F)c3,mean,6.79317412396815,6.600029480424278
TRAIN0411,Cc1cc(ccc1O)c2noc3cc(O)ccc23,mean,6.36552272983927,6.600029480424278
TRAIN0412,Cc1cc(O)ccc1c2noc3cc(O)ccc23,mean,6.32330639037513,6.578407807385104
TRAIN0413,CCCc1cc(O)ccc1c2noc3cc(O)ccc23,mean,7.30102999566398,6.578407807385104
TRAIN0414,CCCc1cc(ccc1O)c2noc3cc(O)ccc23,mean,6.67778070526608,6.565764886549194
TRAIN0415,Cc1c(O)ccc(c1O)c2noc3cc(O)ccc23,mean,6.29157909986529,6.600029480424278
TRAIN0416,Oc1ccc(c(CC#N)c1)c2noc3cc(O)ccc23,mean,6.1444808443322,6.565764886549194
TRAIN0417,O\N=C\c1cc(O)ccc1c2noc3cc(O)ccc23,mean,5.62160209905186,6.602143939812732
TRAIN0418,Oc1ccc2c(noc2c1)c3cc(Br)c(O)cc3O,mean,7.52287874528034,6.600029480424278
TRAIN0419,Oc1ccc2c(noc2c1)c3cc(Cl)c(O)cc3O,mean,7.48148606012211,6.578407807385104
TRAIN0420,Cc1cc(c(O)cc1O)c2noc3cc(O)ccc23,mean,7.18708664335714,6.565764886549194
TRAIN0421,CCCc1cc(c(CC)cc1O)c2noc3cc(O)ccc23,mean,7.88605664769316,6.565764886549194
TRAIN0422,CCCc1cc(c(CCC)cc1O)c2noc3cc(O)ccc23,mean,7.65757731917779,6.565764886549194
TRAIN0423,Oc1ccc2c(noc2c1)c3ccc4cc(O)ccc4c3,mean,8.09691001300806,6.584214843993485
TRAIN0424,Oc1ccc2c(noc2c1)c3ccc4c(O)cccc4c3,mean,7.61978875828839,6.600029480424278
TRAIN0425,Oc1ccc2c(noc2c1)c3ccc4c(Br)c(O)ccc4c3,mean,6.44369749923271,6.565764886549194
TRAIN0426,Oc1ccc2cc(ccc2c1)c3noc4ccc(O)cc34,mean,6.33441900898205,6.584214843993485
TRAIN0427,Oc1ccc2c(noc2c1)c3cccc4cc(O)ccc34,mean,7.30980391997149,6.602143939812732
TRAIN0428,Oc1ccc2c(noc2c1)c3cccc4c(O)cccc34,mean,8.22184874961636,6.584214843993485
TRAIN0429,Oc1ccc2c(noc2c1)c3cccc4ccc(O)cc34,mean,5.76270766243254,6.584214843993485
TRAIN0430,Oc1ccc2nc(oc2c1)c3cccc4c(O)cccc34,mean,6.93181413825384,6.565764886549194
TRAIN0431,Oc1ccc2nc(oc2c1)c3cccc4cc(O)ccc34,mean,7.45593195564972,6.602143939812732
TRAIN0432,Oc1ccc2nc(oc2c1)c3ccc(O)c4ccccc34,mean,5.72124639904717,6.602143939812732
TRAIN0433,Oc1ccc2nc(oc2c1)c3cccc4ccccc34,mean,5.72584215073632,6.602143939812732
TRAIN0434,Oc1ccc2nc(oc2c1)c3cccc4c(Br)c(O)ccc34,mean,6.42829116819131,6.565764886549194
TRAIN0435,Oc1ccc2c(cccc2c1)c3oc4cc(O)c(F)cc4n3,mean,6.36251027048749,6.565764886549194
TRAIN0436,Oc1ccc2c(cccc2c1)c3oc4ccc(O)cc4n3,mean,6.8153085691824,6.600029480424278
TRAIN0437,Cc1cc(O)c2cccc(c3oc4cc(O)ccc4n3)c2c1,mean,6.78781239559604,6.600029480424278
TRAIN0438,Oc1ccc2cc(ccc2c1)c3oc4ccc(O)cc4n3,mean,5.42021640338319,6.584214843993485
TRAIN0439,Oc1ccc(cc1)C2=C(Br)c3ccc(O)cc3C2=O,mean,6.53760200210104,6.602143939812732
TRAIN0440,CC1=C(C(=O)c2cc(O)ccc12)c3ccc(O)cc3,mean,7.25963731050576,6.565764886549194
TRAIN0441,CSC1=C(C(=O)c2cc(O)ccc12)c3ccc(O)cc3,mean,7.92081875395237,6.602143939812732
TRAIN0442,CCSC1=C(C(=O)c2cc(O)ccc12)c3ccc(O)cc3,mean,8.0,6.584214843993485
TRAIN0443,Oc1ccc(cc1)C2=C(c3ccccc3)c4ccc(O)cc4C2=O,mean,8.04575749056067,6.602143939812732
TRAIN0444,COc1cc(O)cc2C(=O)C(=C(Br)c12)c3ccc(O)cc3,mean,6.69897000433602,6.600029480424278
TRAIN0445,Oc1ccc(cc1)C2=C(Br)c3c(O)cc(O)cc3C2=O,mean,6.14874165128092,6.584214843993485
TRAIN0446,CSC1=C(C(=O)c2cc(O)cc(O)c12)c3ccc(O)cc3,mean,8.69897000433602,6.565764886549194
TRAIN0447,CCSC1=C(C(=O)c2cc(O)cc(O)c12)c3ccc(O)cc3,mean,6.23657200643706,6.600029480424278
TRAIN0448,Oc1ccc(cc1)C2=C(c3ccccc3)c4c(O)cc(O)cc4C2=O,mean,7.32790214206428,6.600029480424278
TRAIN0449,Oc1ccc(cc1)C2=C(Br)c3cc(O)ccc3C2=O,mean,8.2839966563652,6.578407807385104
TRAIN0450,COc1ccc2C(=O)C(=C(Br)c2c1)c3ccc(O)cc3,mean,5.74472749489669,6.584214843993485
TRAIN0451,CC1=C(C(=O)c2ccc(O)cc12)c3ccc(O)cc3,mean,8.22184874961636,6.565764886549194
TRAIN0452,CSC1=C(C(=O)c2ccc(O)cc12)c3ccc(O)cc3,mean,8.50863830616573,6.565764886549194
TRAIN0453,CCSC1=C(C(=O)c2ccc(O)cc12)c3ccc(O)cc3,mean,6.31875876262441,6.565764886549194
TRAIN0454,Oc1ccc(cc1)C2=C(c3ccccc3)c4cc(O)ccc4C2=O,mean,8.0,6.578407807385104
TRAIN0455,CC1=C(C(=O)c2c(O)cc(O)cc12)c3ccc(O)cc3,mean,7.50863830616573,6.602143939812732
TRAIN0456,Oc1ccc(cc1)C2=C(c3ccccc3)c4cc(O)cc(O)c4C2=O,mean,8.52287874528034,6.565764886549194
TRAIN0457,Oc1ccc2C(=C(C(=O)Oc2c1)c3ccc(Cl)cc3)Cc4ccccc4,mean,6.92081875395237,6.602143939812732
TRAIN0458,Oc1ccc(C(=O)Cc2oc3ccccc3c2)c(O)c1,mean,4.0670191780768,6.602143939812732
TRAIN0459,O=C(Oc1ccc2C(=CC(=O)Oc2c1)c3ccccc3)c4occc4,mean,5.6345120151091,6.584214843993485
TRAIN0460,Oc1ccc(c(F)c1)c2ccc3c(Cl)c(O)ccc3c2,mean,7.23657200643706,6.602143939812732
TRAIN0461,Oc1ccc2cc(ccc2c1)c3cc(F)c(O)cc3F,mean,7.56863623584101,6.584214843993485
TRAIN0462,Oc1ccc2cc(ccc2c1Cl)c3cc(F)c(O)cc3F,mean,6.92811799269387,6.578407807385104
TRAIN0463,Oc1ccc2cc(ccc2c1)c3c(F)cc(O)cc3F,mean,7.98716277529483,6.584214843993485
TRAIN0464,Oc1cc(F)c(c(F)c1)c2ccc3c(Cl)c(O)ccc3c2,mean,7.45593195564972,6.600029480424278
TRAIN0465,Oc1ccc(c(Cl)c1)c2ccc3cc(O)ccc3c2,mean,8.0,6.578407807385104
TRAIN0466,Oc1ccc(c(Cl)c1)c2ccc3c(Cl)c(O)ccc3c2,mean,7.44369749923271,6.584214843993485
TRAIN0467,COc1cc(O)ccc1c2ccc3cc(O)ccc3c2,mean,6.7594507517174,6.602143939812732
TRAIN0468,Cc1cc(O)ccc1c2ccc3cc(O)ccc3c2,mean,7.39794000867204,6.600029480424278
TRAIN0469,Cc1cc(O)ccc1c2ccc3c(Cl)c(O)ccc3c2,mean,7.39794000867204,6.600029480424278
TRAIN0470,Oc1ccc2cc(ccc2c1)c3ccc(O)c(F)c3,mean,7.03621217265444,6.578407807385104
TRAIN0471,Oc1ccc(cc1F)c2ccc3c(Cl)c(O)ccc3c2,mean,6.84466396253494,6.565764886549194
TRAIN0472,Oc1ccc2cc(ccc2c1)c3ccc(O)c(Cl)c3,mean,6.97061622231479,6.602143939812732
TRAIN0473,Oc1ccc(cc1Cl)c2ccc3c(Cl)c(O)ccc3c2,mean,6.44855000202712,6.584214843993485
TRAIN0474,Oc1ccc2cc(ccc2c1)c3cc(F)c(O)c(F)c3,mean,7.03621217265444,6.600029480424278
TRAIN0475,Oc1ccc2cc(ccc2c1Cl)c3cc(F)c(O)c(F)c3,mean,6.28483264215154,6.600029480424278
TRAIN0476,Oc1ccc(cc1)c2cc(F)c3cc(O)ccc3c2,mean,7.65757731917779,6.584214843993485
TRAIN0477,Oc1ccc2cc(cc(F)c2c1)c3ccc(O)c(F)c3,mean,7.67778070526608,6.565764886549194
TRAIN0478,Oc1ccc(cc1)c2cc(F)c3c(Cl)c(O)ccc3c2,mean,7.39794000867204,6.602143939812732
TRAIN0479,Oc1ccc(cc1F)c2cc(F)c3c(Cl)c(O)ccc3c2,mean,6.90308998699194,6.565764886549194
TRAIN0480,Oc1ccc(cc1)c2cc(Cl)c3cc(O)ccc3c2,mean,7.52287874528034,6.578407807385104
TRAIN0481,Oc1ccc(cc1)c2cc(Cl)c3c(Cl)c(O)ccc3c2,mean,7.36653154442041,6.578407807385104
TRAIN0482,Oc1ccc(cc1)c2cc(C#N)c3cc(O)ccc3c2,mean,6.97881070093006,6.600029480424278
TRAIN0483,Oc1ccc2cc(cc(C#N)c2c1)c3ccc(O)c(F)c3,mean,6.67778070526608,6.600029480424278
TRAIN0484,Oc1ccc(cc1)c2cc(C#N)c3c(Br)c(O)ccc3c2,mean,6.88272870434424,6.584214843993485
TRAIN0485,Oc1ccc(cc1)c2cc(C#N)c3c(Cl)c(O)ccc3c2,mean,6.96257350205938,6.565764886549194
TRAIN0486,Oc1ccc(cc1F)c2cc(C#N)c3c(Cl)c(O)ccc3c2,mean,6.52432881167557,6.578407807385104
TRAIN0487,Oc1ccc(cc1F)c2cc(C#N)c3c(F)c(O)ccc3c2,mean,6.50584540598156,6.600029480424278
TRAIN0488,Oc1ccc2cc(cc(C=O)c2c1)c3ccc(O)c(F)c3,mean,6.63638802010786,6.584214843993485
TRAIN0489,Oc1ccc2cc(cc(C=C)c2c1)c3ccc(O)c(F)c3,mean,6.59516628338006,6.602143939812732
TRAIN0490,CCc1cc(cc2ccc(O)cc12)c3ccc(O)c(F)c3,mean,6.62893213772826,6.602143939812732
TRAIN0491,Oc1ccc2cc(cc(C#C)c2c1)c3ccc(O)c(F)c3,mean,6.60730304674033,6.565764886549194
TRAIN0492,CC#Cc1cc(cc2ccc(O)cc12)c3ccc(O)c(F)c3,mean,6.46470587995723,6.602143939812732
TRAIN0493,Oc1ccc(c(F)c1)c2cc(C#N)c3cc(O)ccc3c2,mean,7.58502665202918,6.565764886549194
TRAIN0494,Oc1ccc2cc(cc(C#N)c2c1)c3cc(F)c(O)cc3F,mean,6.73048705578208,6.578407807385104
TRAIN0495,Oc1ccc2cc(cc(C#N)c2c1)c3c(F)cc(O)cc3F,mean,7.34678748622466,6.584214843993485
TRAIN0496,Oc1ccc2cc(cc(C#N)c2c1)c3cc(F)c(O)c(F)c3,mean,6.26121944151563,6.600029480424278
TRAIN0497,Oc1ccc(cc1)c2ccc3cc(O)cc(C#N)c3c2,mean,7.07572071393812,6.600029480424278
TRAIN0498,Oc1cc(C#N)c2cc(ccc2c1)c3ccc(O)c(F)c3,mean,7.01772876696043,6.578407807385104
TRAIN0499,Oc1ccc(cc1F)c2ccc3c(Br)c(O)cc(C#N)c3c2,mean,6.93554201077308,6.565764886549194
TRAIN0500,Oc1ccc(cc1F)c2ccc3c(C#N)c(O)cc(C#N)c3c2,mean,6.05700040663396,6.565764886549194
TRAIN0501,Cc1c(O)cc(C#N)c2cc(ccc12)c3ccc(O)c(F)c3,mean,6.39147396642281,6.602143939812732
TRAIN0502,Oc1ccc(cc1)c2ccc3c(Cl)c(O)cc(C#N)c3c2,mean,7.0087739243075,6.565764886549194
TRAIN0503,Oc1ccc(cc1F)c2ccc3c(Cl)c(O)cc(C#N)c3c2,mean,7.25963731050576,6.578407807385104
TRAIN0504,Oc1cc(C#C)c2cc(ccc2c1)c3ccc(O)c(F)c3,mean,7.13667713987954,6.584214843993485
TRAIN0505,CC#Cc1cc(O)cc2ccc(cc12)c3ccc(O)c(F)c3,mean,6.74472749489669,6.578407807385104
TRAIN0506,Oc1cc(C=O)c2cc(ccc2c1)c3ccc(O)c(F)c3,mean,7.13667713987954,6.578407807385104
TRAIN0507,Oc1cc(C=C)c2cc(ccc2c1)c3ccc(O)c(F)c3,mean,6.27818938478745,6.602143939812732
TRAIN0508,CCc1cc(O)cc2ccc(cc12)c3ccc(O)c(F)c3,mean,6.94692155651658,6.565764886549194
TRAIN0509,Oc1ccc(cc1)c2ccc3cc(O)ccc3c2,mean,6.67571754470231,6.600029480424278
TRAIN0510,Oc1cccc(c1)c2ccc3c(O)cccc3c2,mean,5.83803338363593,6.602143939812732
TRAIN0511,Oc1ccc(cc1)c2ccc3c(O)cccc3c2,mean,7.65757731917779,6.565764886549194
TRAIN0512,Oc1cccc(c1)c2ccc3cc(O)ccc3c2,mean,6.63827216398241,6.578407807385104
TRAIN0513,Oc1ccc2cc(ccc2c1)c3ccccc3,mean,5.87127771566157,6.565764886549194
TRAIN0514,Oc1ccc(cc1)c2ccc3ccc(O)cc3c2,mean,6.35457773065091,6.578407807385104
TRAIN0515,Oc1cccc(c1)c2ccc3ccc(O)cc3c2,mean,5.57806718672149,6.600029480424278
TRAIN0516,Oc1ccc2ccc(cc2c1)c3ccccc3,mean,5.4678828837512,6.578407807385104
TRAIN0517,Oc1ccc(cc1)c2ccc3ccccc3c2,mean,6.19517932127884,6.584214843993485
TRAIN0518,Oc1ccc(cc1)c2ccc3c(Cl)c(O)ccc3c2,mean,7.04095860767891,6.578407807385104
TRAIN0519,Oc1ccc(cc1)c2ccc3c(Br)c(O)ccc3c2,mean,6.57511836336893,6.565764886549194
TRAIN0520,Oc1ccc(cc1)c2ccc3c(F)c(O)ccc3c2,mean,7.11350927482752,6.578407807385104
TRAIN0521,Oc1ccc(cc1)c2ccc3c(C#N)c(O)ccc3c2,mean,5.85325198636936,6.578407807385104
TRAIN0522,Oc1ccc(cc1)c2ccc3c(c(O)ccc3c2)c4ccccc4,mean,5.90974194706868,6.600029480424278
TRAIN0523,Cc1c(O)ccc2cc(ccc12)c3ccc(O)cc3,mean,6.54975089168064,6.602143939812732
TRAIN0524,COc1c(O)ccc2cc(ccc12)c3ccc(O)cc3,mean,6.05354773498693,6.600029480424278
TRAIN0525,Oc1ccc(cc1)c2ccc3c(c(O)ccc3c2)[N+](=O)[O-],mean,6.14935376481693,6.578407807385104
TRAIN0526,Oc1ccc(c(F)c1)c2ccc3cc(O)ccc3c2,mean,7.61978875828839,6.565764886549194
TRAIN0527,CCC1=N[C@@H]([C@@H](N1)c2ccc(O)cc2)c3ccc(OCCN4CCCCC4)cc3,mean,7.42021640338319,6.584214843993485
TRAIN0528,Oc1ccc2C(N(CCc2c1)c3ccccc3)c4ccc(cc4)N5CCN6CCCCC6C5,mean,7.20065945054642,6.565764886549194
TRAIN0529,CC1CN(CCN1C)c2ccc(cc2)C3N(CCc4cc(O)ccc34)c5ccccc5,mean,7.16115090926274,6.578407807385104
TRAIN0530,CCN1CCN(CC1C)c2ccc(cc2)C3N(CCc4cc(O)ccc34)c5ccccc5,mean,7.42021640338319,6.565764886549194
TRAIN0531,CCC1CN(CCN1C)c2ccc(cc2)C3N(CCc4cc(O)ccc34)c5ccccc5,mean,6.79048498545737,6.578407807385104
TRAIN0532,CN1CCN(CC1)c2ccc(cc2)C3N(CCc4cc(O)ccc34)c5ccccc5,mean,6.73282827159699,6.584214843993485
TRAIN0533,CN1CCC(CC1)c2ccc(cc2)C3N(CCc4cc(O)ccc34)c5ccccc5,mean,6.97469413473523,6.565764886549194
TRAIN0534,CN1CCC(CC1)c2ccc(cc2)C3N(CCc4cc(O)ccc34)c5ccc(F)cc5,mean,7.06048074738138,6.584214843993485
TRAIN0535,CN1CCC(CC1)c2ccc(cc2)C3N(CCc4cc(O)ccc34)c5cccc(F)c5,mean,6.78781239559604,6.578407807385104
TRAIN0536,CN1CCC(CC1)c2ccc(cc2)C3N(CCc4cc(O)ccc34)c5cccc(O)c5,mean,6.96657624451305,6.578407807385104
TRAIN0537,CN1CCN(CC1)c2ccc(cc2)C3N(CCc4cc(O)ccc34)c5cccc(O)c5,mean,6.77211329538633,6.584214843993485
TRAIN0538,CC(C)N1CCN(CC1)c2ccc(cc2)C3N(CCc4cc(O)ccc34)c5cccc(O)c5,mean,7.08092190762393,6.600029480424278
TRAIN0539,CC(C)CN1CCN(CC1)c2ccc(cc2)C3N(CCc4cc(O)ccc34)c5cccc(O)c5,mean,6.92445303860747,6.602143939812732
TRAIN0540,Oc1cccc(c1)N2CCc3cc(O)ccc3C2c4ccc(cc4)N5CCN(CC6CC6)CC5,mean,6.91364016932525,6.584214843993485
TRAIN0541,Oc1cccc(c1)N2CCc3cc(O)ccc3C2c4ccc(cc4)N5CCN(CC5)C6CCCC6,mean,6.9100948885606,6.565764886549194
TRAIN0542,Oc1cccc(c1)N2CCc3cc(O)ccc3C2c4ccc(cc4)N5CCN(CC5)C6CCCCC6,mean,6.75202673363819,6.602143939812732
TRAIN0543,Oc1ccc2c(c1)sc3c4ccccc4n(Cc5ccc(OCCN6CCCCCC6)cc5)c23,mean,7.74472749489669,6.578407807385104
TRAIN0544,Oc1ccc2c(c1)sc3c4cc(O)ccc4n(Cc5ccc(OCCN6CCCCCC6)cc5)c23,mean,8.47625353318844,6.600029480424278
TRAIN0545,CN(C)CCOc1ccc(Cn2c3ccccc3c4sc5cc(O)ccc5c24)cc1,mean,7.28903688100472,6.565764886549194
TRAIN0546,CN(C)CCOc1ccc(Cn2c3ccc(O)cc3c4sc5cc(O)ccc5c24)cc1,mean,7.74472749489669,6.602143939812732
TRAIN0547,CCN(CC)CCOc1ccc(Cn2c3ccccc3c4sc5cc(O)ccc5c24)cc1,mean,7.24108810760203,6.600029480424278
TRAIN0548,CCN(CC)CCOc1ccc(Cn2c3ccc(O)cc3c4sc5cc(O)ccc5c24)cc1,mean,7.50584540598156,6.578407807385104
TRAIN0549,Oc1ccc2c(c1)sc3c4ccccc4n(Cc5ccc(OCCN6CCOCC6)cc5)c23,mean,6.89962945488244,6.565764886549194
TRAIN0550,Oc1ccc2c(c1)sc3c4cc(O)ccc4n(Cc5ccc(OCCN6CCOCC6)cc5)c23,mean,8.0,6.584214843993485
TRAIN0551,Oc1ccc2c(c1)sc3c4ccccc4n(Cc5ccc(OCCN6CCCCC6)cc5)c23,mean,7.4089353929735,6.602143939812732
TRAIN0552,Oc1ccc2c(c1)sc3c4cc(O)ccc4n(Cc5ccc(OCCN6CCCCC6)cc5)c23,mean,8.54668165995296,6.584214843993485
TRAIN0553,Oc1ccc2c(c1)sc3c4ccccc4n(Cc5ccc(OCCN6CCCC6)cc5)c23,mean,7.5654310959658,6.602143939812732
TRAIN0554,Oc1ccc2c(c1)sc3c4cc(O)ccc4n(Cc5ccc(OCCN6CCCC6)cc5)c23,mean,8.22184874961636,6.578407807385104
TRAIN0555,Oc1ccc(cc1)c2ccc3cc(O)ccc3n2,mean,5.75080164260889,6.602143939812732
TRAIN0556,Oc1ccc(cc1)c2ccc3c(Cl)c(O)ccc3n2,mean,6.19928292171761,6.602143939812732
TRAIN0557,Oc1ccc(cc1)c2ccc3c(Br)c(O)ccc3n2,mean,5.94309514866353,6.600029480424278
TRAIN0558,Oc1ccc(cc1)c2cc(Cl)c3cc(O)ccc3n2,mean,6.67162039656126,6.602143939812732
TRAIN0559,Oc1ccc2nc(cc(Cl)c2c1)c3ccc(O)c(F)c3,mean,6.60906489289662,6.565764886549194
TRAIN0560,Oc1ccc(cc1)c2cc(Br)c3cc(O)ccc3n2,mean,6.67366413907125,6.602143939812732
TRAIN0561,Oc1ccc2nc(cc(Br)c2c1)c3ccc(O)c(F)c3,mean,6.54821356447571,6.578407807385104
TRAIN0562,Oc1ccc2nc(cc(Br)c2c1)c3cc(F)c(O)c(F)c3,mean,6.10623823794206,6.584214843993485
TRAIN0563,Oc1ccc(cc1)c2cc(C=C)c3cc(O)ccc3n2,mean,6.29756946355447,6.565764886549194
TRAIN0564,Oc1ccc2nc(cc(C=C)c2c1)c3ccc(O)c(F)c3,mean,6.4145392704915,6.578407807385104
TRAIN0565,CCc1cc(nc2ccc(O)cc12)c3ccc(O)cc3,mean,6.19791074211827,6.602143939812732
TRAIN0566,CCc1cc(nc2ccc(O)cc12)c3ccc(O)c(F)c3,mean,5.75696195131371,6.602143939812732
TRAIN0567,Oc1ccc(cc1)c2cc(C#C)c3cc(O)ccc3n2,mean,5.82390874094432,6.565764886549194
TRAIN0568,Oc1ccc2nc(cc(C#C)c2c1)c3ccc(O)c(F)c3,mean,5.88306035344924,6.565764886549194
TRAIN0569,Oc1ccc2nc(cc(C#C)c2c1)c3cc(F)c(O)c(F)c3,mean,5.31695296176115,6.565764886549194
TRAIN0570,Oc1ccc(cc1)c2cc(C#N)c3cc(O)ccc3n2,mean,6.34198860334289,6.584214843993485
TRAIN0571,Oc1ccc2nc(cc(C#N)c2c1)c3ccc(O)c(F)c3,mean,5.98005331832116,6.578407807385104
TRAIN0572,CC(=O)c1cc(nc2ccc(O)cc12)c3ccc(O)cc3,mean,5.50334706074908,6.565764886549194
TRAIN0573,CC(=O)c1cc(nc2ccc(O)cc12)c3ccc(O)c(F)c3,mean,5.47237009912866,6.578407807385104
TRAIN0574,Oc1ccc2nc(cc(c3ccccc3)c2c1)c4ccc(O)c(F)c4,mean,5.74112337062787,6.600029480424278
TRAIN0575,COc1cc(nc2ccc(O)cc12)c3ccc(O)cc3,mean,5.17848647159523,6.600029480424278
TRAIN0576,C[C@@H](COc1ccc(cc1)[C@@H]2Oc3ccc(O)cc3S[C@@H]2c4ccc(O)cc4)N5CCCC5,mean,8.88605664769316,6.565764886549194
TRAIN0577,C[C@@H](COc1ccc(cc1)[C@@H]2Oc3ccc(O)cc3S[C@@H]2c4ccc(O)cc4)N5CC[C@@H](C)C5,mean,8.88605664769316,6.578407807385104
TRAIN0578,C[C@@H]1CCN(CCOc2ccc(cc2)C(=O)c3c(sc4cc(O)ccc34)c5ccc(O)cc5)C1,mean,9.22184874961636,6.600029480424278
TRAIN0579,C[C@@H](COc1ccc(cc1)C(=O)c2c(sc3cc(O)ccc23)c4ccc(O)cc4)N5CCCC5,mean,9.69897000433602,6.578407807385104
TRAIN0580,C[C@@H]1CCN(CCOc2ccc(Cn3c(c(C)c4cc(O)ccc34)c5ccc(O)cc5)cc2)C1,mean,9.30102999566398,6.600029480424278
TRAIN0581,C[C@@H](COc1ccc(Cn2c(c(C)c3cc(O)ccc23)c4ccc(O)cc4)cc1)N5CCCC5,mean,9.39794000867204,6.584214843993485
TRAIN0582,C[C@@H]1CCN(CCOc2ccc(cc2)[C@H]3[C@H](CCc4cc(O)ccc34)c5ccccc5)C1,mean,9.30102999566398,6.600029480424278
TRAIN0583,C[C@@H](COc1ccc(cc1)[C@H]2[C@H](CCc3cc(O)ccc23)c4ccccc4)N5CCCC5,mean,9.22184874961636,6.578407807385104
TRAIN0584,Oc1ccc(cc1)c2[nH]c3ccccc3c2c4ccccc4,mean,5.08039897621589,6.584214843993485
TRAIN0585,Oc1ccc(cc1)c2c([nH]c3ccccc23)c4ccccc4,mean,7.61978875828839,6.565764886549194
TRAIN0586,Oc1ccc(cc1)c2[nH]c3ccccc3c2c4ccc(O)cc4,mean,7.02319166266193,6.584214843993485
TRAIN0587,c1ccc(cc1)c2[nH]c3ccccc3c2c4ccccc4,mean,5.15801519540989,6.565764886549194
TRAIN0588,Oc1ccc(cc1)c2[nH]c(nc2c3ccccc3)C(F)(F)F,mean,6.39469495385889,6.578407807385104
TRAIN0589,Oc1ccc(cc1)c2noc(c2c3ccccc3)C(F)(F)F,mean,8.07058107428571,6.584214843993485
TRAIN0590,Oc1ccc(cc1)n2c(nc3ccccc23)c4ccccc4Cl,mean,5.7619538968712,6.602143939812732
TRAIN0591,Cc1nocc1c2nc3ccccc3n2c4ccc(O)cc4,mean,5.93554201077308,6.565764886549194
TRAIN0592,Cn1cccc1c2nc3ccccc3n2c4ccc(O)cc4,mean,5.53165266958784,6.565764886549194
TRAIN0593,Oc1ccc(cc1)n2c(nc3ccccc23)c4ccccc4,mean,5.74472749489669,6.565764886549194
TRAIN0594,C[C@]12CCC3C(CC=C4C[C@@H](O)CC[C@]34C=C)C1CC[C@@H]2O,mean,5.65052820078561,6.578407807385104
TRAIN0595,C[C@]12CCC3C(CC=C4C[C@@H](O)CC[C@]34C=C)C1CC[C@@]2(O)C#C,mean,6.83268266525182,6.602143939812732
TRAIN0596,C[C@]1(O)CCC2C3CC=C4C[C@@H](O)CC[C@]4(C=C)C3CC[C@]12C,mean,5.97757162881451,6.584214843993485
TRAIN0597,C[C@]12CCC3C(CC=C4C[C@@H](O)CC[C@]34CO)C1CC[C@@H]2O,mean,5.19900813873983,6.584214843993485
TRAIN0598,C[C@]12CC[C@H]3[C@@H](CC=C4C[C@@H](O)CC[C@]34C)[C@@H]1CC[C@@H]2O,mean,6.67778070526608,6.600029480424278
TRAIN0599,C[C@]12CCC3C(CC=C4C[C@@H](O)CC[C@]34CC#C)C1CC[C@@H]2O,mean,5.33320131633383,6.584214843993485
TRAIN0600,C[C@]12CCC3C(CC=C4C[C@@H](O)CC[C@]34C#C)C1CC[C@@H]2O,mean,6.37161106994969,6.584214843993485
TRAIN0601,CCC[C@]12CC[C@H](O)CC1=CCC3C4CC[C@H](O)[C@@]4(C)CCC23,mean,5.28777133038046,6.565764886549194
TRAIN0602,CC[C@]12CC[C@H](O)CC1=CCC3C4CC[C@H](O)[C@@]4(C)CCC23,mean,5.63283051146532,6.600029480424278
TRAIN0603,C[C@]12CCC3C(CC=C4C[C@@H](O)CC[C@]34CC=C)C1CC[C@@H]2O,mean,5.75995022788735,6.578407807385104
TRAIN0604,CC\C=C/[C@]12CC[C@H](O)CC1=CCC3C4CC[C@H](O)[C@@]4(C)CCC23,mean,5.51684079028302,6.578407807385104
TRAIN0605,C\C=C\[C@]12CC[C@H](O)CC1=CCC3C4CC[C@H](O)[C@@]4(C)CCC23,mean,5.93404701968613,6.602143939812732
TRAIN0606,C\C=C/[C@]12CC[C@H](O)CC1=CCC3C4CC[C@H](O)[C@@]4(C)CCC23,mean,5.70863114954842,6.600029480424278
TRAIN0607,CO\C=C/[C@]12CC[C@H](O)CC1=CCC3C4CC[C@H](O)[C@@]4(C)CCC23,mean,5.47508485246013,6.600029480424278
TRAIN0608,C[C@]12CCC3C(CC=C4C[C@@H](O)CC[C@]34\C=C\Br)C1CC[C@@H]2O,mean,5.39968067024834,6.578407807385104
TRAIN0609,C[C@]12CCC3C(CC=C4C[C@@H](O)CC[C@]34\C=C\Cl)C1CC[C@@H]2O,mean,5.2518119729938,6.584214843993485
TRAIN0610,C[C@]12CCC3C(CC=C4C[C@@H](O)CC[C@]34\C=C/Cl)C1CC[C@@H]2O,mean,5.17457388223218,6.600029480424278
TRAIN0611,C[C@]12CCC3C(CC=C4C[C@@H](O)CC[C@]34\C=C\F)C1CC[C@@H]2O,mean,5.38038499425719,6.600029480424278
TRAIN0612,C[C@]12CCC3C(CC=C4C[C@@H](O)CC[C@]34\C=C/F)C1CC[C@@H]2O,mean,5.36855623098683,6.584214843993485
TRAIN0613,CN(C)CCOc1ccc(cc1)\C(=C(\CCCCO)/c2ccccc2)\c3ccc(O)cc3,mean,7.10237290870956,6.600029480424278
TRAIN0614,CN(C)CCOc1ccc(cc1)\C(=C(\CCCO)/c2ccccc2)\c3ccc(O)cc3,mean,6.49485002168009,6.565764886549194
TRAIN0615,CN(C)CCOc1ccc(cc1)\C(=C(\CCO)/c2ccccc2)\c3ccc(O)cc3,mean,6.60205999132796,6.578407807385104
TRAIN0616,CSCCC\C(=C(/c1ccc(O)cc1)\c2ccc(OCCN(C)C)cc2)\c3ccccc3,mean,8.0,6.578407807385104
TRAIN0617,CN(C)CCOc1ccc(cc1)\C(=C(\CCCN=[N+]=[N-])/c2ccccc2)\c3ccc(O)cc3,mean,7.88605664769316,6.565764886549194
TRAIN0618,CN(C)CCOc1ccc(cc1)\C(=C(\CCN=[N+]=[N-])/c2ccccc2)\c3ccc(O)cc3,mean,9.0,6.600029480424278
TRAIN0619,CN(C)CCOc1ccc(cc1)\C(=C(\CCCC#N)/c2ccccc2)\c3ccc(O)cc3,mean,7.60205999132796,6.584214843993485
TRAIN0620,CN(C)CCOc1ccc(cc1)\C(=C(\CCC#N)/c2ccccc2)\c3ccc(O)cc3,mean,6.69897000433602,6.578407807385104
TRAIN0621,CN(C)CCOc1ccc(cc1)\C(=C(\CCCCl)/c2ccccc2)\c3ccc(O)cc3,mean,7.0,6.602143939812732
TRAIN0622,CN(C)CCOc1ccc(cc1)\C(=C(\CCCl)/c2ccccc2)\c3ccc(O)cc3,mean,8.39794000867204,6.578407807385104
TRAIN0623,CCN(c1ccccc1)S(=O)(=O)c2ccc(O)cc2,mean,6.39361863488939,6.578407807385104
TRAIN0624,CCN(c1ccccc1Br)S(=O)(=O)c2ccc(O)cc2,mean,7.04575749056067,6.600029480424278
TRAIN0625,CCN(c1cccc(OC)c1)S(=O)(=O)c2ccc(O)cc2,mean,5.70487291474781,6.584214843993485
TRAIN0626,CCCN(c1ccccc1)S(=O)(=O)c2ccc(O)cc2,mean,6.5185573714977,6.578407807385104
TRAIN0627,CCN(c1ccc(O)cc1)S(=O)(=O)c2ccc(O)cc2,mean,6.5654310959658,6.602143939812732
TRAIN0628,CCN(c1ccccc1)S(=O)(=O)c2ccc(O)c(C)c2,mean,6.48412615628832,6.600029480424278
TRAIN0629,CC(C)N(c1ccccc1)S(=O)(=O)c2ccc(O)cc2,mean,6.05998184499234,6.600029480424278
TRAIN0630,CCN(c1ccccc1OC)S(=O)(=O)c2ccc(O)cc2,mean,6.08092190762393,6.565764886549194
TRAIN0631,CC(C)(C)CN(c1ccccc1)S(=O)(=O)c2ccc(O)cc2,mean,5.86296254521049,6.565764886549194
TRAIN0632,Oc1ccc(cc1)S(=O)(=O)N(Cc2ccccc2)c3ccccc3,mean,6.30102999566398,6.584214843993485
TRAIN0633,Oc1ccc(cc1)S(=O)(=O)N(C2CCCCC2)c3ccccc3,mean,6.06248210798265,6.565764886549194
TRAIN0634,Oc1ccc(cc1)S(=O)(=O)N(c2ccccc2)c3ccccc3,mean,6.38721614328026,6.578407807385104
TRAIN0635,CCCCN(c1ccccc1)S(=O)(=O)c2ccc(O)cc2,mean,6.49894073778225,6.602143939812732
TRAIN0636,Oc1ccc(cc1)S(=O)(=O)N(CC=C)c2ccccc2,mean,6.62893213772826,6.565764886549194
TRAIN0637,CCCN(c1ccccc1Br)S(=O)(=O)c2ccc(O)c(C)c2,mean,7.39794000867204,6.600029480424278
TRAIN0638,CCCN(c1ccccc1c2ccccc2)S(=O)(=O)c3ccc(O)c(C)c3,mean,6.59687947882418,6.600029480424278
TRAIN0639,CCCN(c1ccccc1F)S(=O)(=O)c2ccc(O)cc2,mean,7.13076828026902,6.600029480424278
TRAIN0640,CCCN(c1ccccc1Br)S(=O)(=O)c2ccc(O)c(c2)C(F)(F)F,mean,7.22184874961636,6.584214843993485
TRAIN0641,CCCN(c1ccccc1Br)S(=O)(=O)c2ccc(O)cc2,mean,7.58502665202918,6.602143939812732
TRAIN0642,CCCN(c1c(C)cccc1CC)S(=O)(=O)c2ccc(O)c(C)c2,mean,8.15490195998574,6.600029480424278
TRAIN0643,CCCN(c1c(C)cccc1C)S(=O)(=O)c2ccc(O)c(C)c2,mean,7.85387196432176,6.578407807385104
TRAIN0644,CCCN(c1c(Cl)cccc1Cl)S(=O)(=O)c2ccc(O)c(C)c2,mean,7.79588001734407,6.578407807385104
TRAIN0645,CCCN(c1c(CC)cccc1CC)S(=O)(=O)c2ccc(O)c(C)c2,mean,8.30102999566398,6.602143939812732
TRAIN0646,CCCN(c1c(C)cccc1Cl)S(=O)(=O)c2ccc(O)c(C)c2,mean,7.58502665202918,6.602143939812732
TRAIN0647,CCCN(c1c(C)cccc1Cl)S(=O)(=O)c2ccc(O)cc2,mean,7.61978875828839,6.600029480424278
TRAIN0648,CCCN(c1ccccc1C(F)(F)F)S(=O)(=O)c2ccc(O)cc2,mean,7.26760624017703,6.565764886549194
TRAIN0649,CCCN(c1ccccc1Cl)S(=O)(=O)c2ccc(O)c(C)c2,mean,7.29242982390206,6.584214843993485
TRAIN0650,CCCN(c1ccccc1Cl)S(=O)(=O)c2ccc(O)cc2,mean,7.3767507096021,6.584214843993485
TRAIN0651,CCCN(c1ccccc1C)S(=O)(=O)c2ccc(O)c(C)c2,mean,6.96257350205938,6.584214843993485
TRAIN0652,CC1CCc2ccccc2N1S(=O)(=O)c3ccc(O)cc3,mean,6.31966448658544,6.584214843993485
TRAIN0653,Oc1ccc2c(CCN(c3ccccc3Cl)S2(=O)=O)c1,mean,6.04963514562388,6.600029480424278
TRAIN0654,Cc1c(O)ccc2c1CCc3cc(O)cc(C=C)c23,mean,6.61978875828839,6.578407807385104
TRAIN0655,Cc1cc(O)c(C)c2c1c3ccc(O)c(C)c3OC2(C)CC=C,mean,6.80410034759077,6.584214843993485
TRAIN0656,Cc1c(O)ccc2c1OC(C)(C)c3c(C)c(O)ccc23,mean,6.32975414692588,6.602143939812732
TRAIN0657,CC(C)CC1Oc2c(C)c(O)ccc2c3c(C)cc(O)cc13,mean,6.20273245916928,6.565764886549194
TRAIN0658,CC1Oc2c(C)c(O)ccc2c3c(C)cc(O)c(C)c13,mean,6.6252516539899,6.565764886549194
TRAIN0659,CCCC1Oc2c(C)c(O)ccc2c3c(C)cc(O)cc13,mean,6.20342566678957,6.600029480424278
TRAIN0660,CCC1Oc2c(C)c(O)ccc2c3c(C)cc(O)cc13,mean,6.36151074304536,6.565764886549194
TRAIN0661,CCC1Oc2c(C)c(O)ccc2c3ccc(O)c(C)c13,mean,6.99567862621736,6.584214843993485
TRAIN0662,CC1Oc2c(C)c(O)ccc2c3ccc(O)c(C)c13,mean,6.47495519296315,6.565764886549194
TRAIN0663,CC1Oc2c(C)c(O)ccc2c3c(C)cc(O)cc13,mean,5.91721462968355,6.578407807385104
TRAIN0664,Cc1cc(O)cc2COc3c(C)c(O)ccc3c12,mean,5.98716277529483,6.600029480424278
TRAIN0665,Cc1c(O)ccc2c1COc3c(C)c(O)ccc23,mean,5.33629907461035,6.584214843993485
TRAIN0666,Cc1c(O)c(Cl)c(C)c2c3ccc(O)c(Cl)c3OC(=O)c12,mean,6.22402566887063,6.565764886549194
TRAIN0667,Cc1c(O)c(Cl)cc2c3ccc(O)c(Cl)c3OC(=O)c12,mean,6.28066871301627,6.584214843993485
TRAIN0668,Oc1ccc2c(OC(=O)c3c(Cl)c(O)c(F)cc23)c1Cl,mean,4.93554201077308,6.600029480424278
TRAIN0669,Cc1cc(O)c(C)c2C(=O)Oc3c(C)c(O)ccc3c12,mean,6.14508697769215,6.600029480424278
TRAIN0670,Cc1cc(O)c(C)c2OC(=O)c3c(C)c(O)ccc3c12,mean,6.10513034325475,6.584214843993485
TRAIN0671,Cc1cc(O)cc2C(=O)Oc3c(C)c(O)ccc3c12,mean,6.23433144524099,6.600029480424278
TRAIN0672,CCc1cc(O)cc2C(=O)Oc3c(C)c(O)ccc3c12,mean,5.74957999769111,6.565764886549194
TRAIN0673,Cc1c(O)ccc2c3ccc(O)c(Br)c3OC(=O)c12,mean,5.71669877129645,6.565764886549194
TRAIN0674,CCc1c(O)ccc2c3ccc(O)c(F)c3OC(=O)c12,mean,6.64206515299955,6.602143939812732
TRAIN0675,Cc1c(O)ccc2c3ccc(O)c(F)c3OC(=O)c12,mean,5.80134291304558,6.584214843993485
TRAIN0676,CCc1c(O)ccc2c1OC(=O)c3c(C)c(O)ccc23,mean,6.64016451766011,6.578407807385104
TRAIN0677,CCc1c(O)ccc2c3ccc(O)c(C)c3OC(=O)c12,mean,6.31515463835559,6.602143939812732
TRAIN0678,Cc1c(O)ccc2c1OC(=O)c3c(O)c(O)ccc23,mean,5.89279003035213,6.584214843993485
TRAIN0679,Cc1cc(O)c(Cl)c2C(=O)Oc3c(Cl)c(O)ccc3c12,mean,5.59842715432355,6.584214843993485
TRAIN0680,Cc1cc(O)cc2OC(=O)c3c(C)c(O)ccc3c12,mean,5.73048705578208,6.602143939812732
TRAIN0681,Cc1cc(O)c(C)c2OC(=O)c3cc(O)ccc3c12,mean,6.31158017799729,6.565764886549194
TRAIN0682,Cc1c(O)ccc2c3ccc(O)cc3OC(=O)c12,mean,5.93181413825384,6.565764886549194
TRAIN0683,Cc1c(O)ccc2c1OC(=O)c3cc(O)ccc23,mean,6.18442225167573,6.578407807385104
TRAIN0684,Cc1c(O)ccc2c1OC(=O)c3c(C)c(O)ccc23,mean,6.79860287567955,6.584214843993485
TRAIN0685,COc1c(C)c(Br)c2C(=O)Oc3c(C)c(O)ccc3c2c1C,mean,6.64781748188864,6.602143939812732
TRAIN0686,COc1c(C)cc2C(=O)Oc3c(C)c(O)ccc3c2c1C,mean,5.38090666937326,6.602143939812732
TRAIN0687,CCc1cc(OC)cc2C(=O)Oc3c(C)c(O)ccc3c12,mean,5.00744648216786,6.584214843993485
TRAIN0688,Cc1cc(C=C)c2c(c1)C(=O)Oc3c(C)c(O)ccc23,mean,5.0,6.565764886549194
TRAIN0689,Cc1cc(CC=C)c2c(c1)C(=O)Oc3c(C)c(O)ccc23,mean,5.0,6.584214843993485
TRAIN0690,Cc1cc(Br)c2c(c1)C(=O)Oc3c(C)c(O)ccc23,mean,5.50584540598156,6.578407807385104
TRAIN0691,Cc1cc(C)c2c(c1)C(=O)Oc3c(C)c(O)ccc23,mean,5.43062609038495,6.602143939812732
TRAIN0692,CC\C=C\c1cc2c(cc1Br)C(=O)Oc3c(C)c(O)ccc23,mean,5.96257350205938,6.578407807385104
TRAIN0693,COc1cc2C(=O)Oc3c(C)c(O)ccc3c2cc1Br,mean,5.0,6.578407807385104
TRAIN0694,Cc1cc2c(cc1Br)C(=O)Oc3c(C)c(O)ccc23,mean,5.16430942850757,6.578407807385104
TRAIN0695,Cc1ccc(C)c2c3ccc(O)c(C)c3OC(=O)c12,mean,5.51229613683627,6.600029480424278
TRAIN0696,Cc1c(O)ccc2c1OC(=O)c3c(Br)cc(Br)cc23,mean,6.22402566887063,6.565764886549194
TRAIN0697,Cc1c(O)ccc2c1OC(=O)c3c(C)c(NS(=O)(=O)C)ccc23,mean,5.3707943428977,6.600029480424278
TRAIN0698,Cc1c(O)ccc2c1OC(=O)c3c(C)c(N)ccc23,mean,4.84466396253494,6.565764886549194
TRAIN0699,COc1ccc2c3ccc(O)c(C)c3OC(=O)c2c1C,mean,6.0,6.600029480424278
TRAIN0700,C\C=C\c1cccc2C(=O)Oc3c(C)c(O)ccc3c12,mean,5.5185573714977,6.578407807385104
TRAIN0701,CCc1c(O)ccc2c1OC(=O)c3cc(Br)ccc23,mean,5.26280735729526,6.600029480424278
TRAIN0702,Cc1cc(C)c2c(c1)C(=O)Oc3cc(O)ccc23,mean,6.23284413391782,6.578407807385104
TRAIN0703,Cc1c(O)ccc2c1OC(=O)c3cc(C=C)ccc23,mean,5.33818731446274,6.584214843993485
TRAIN0704,CCC1Oc2c(C)c(O)ccc2c3c(C)cc(O)c(C)c13,mean,6.88941028970075,6.600029480424278
TRAIN0705,Oc1ccc(cc1)N2C=Nc3cc(O)cc(O)c3C2=O,mean,4.95479441396494,6.584214843993485
TRAIN0706,Oc1ccc(cc1)N2C=Nc3cc(O)cc(O)c3C2=S,mean,5.57905459407803,6.602143939812732
TRAIN0707,Oc1cc(O)c2C(=O)N(C=Nc2c1)c3ccc(O)c(F)c3,mean,4.3548234418212,6.565764886549194
TRAIN0708,Oc1cc(O)c2C(=O)N(C=Nc2c1)c3ccc(O)c(Cl)c3,mean,4.25951888270466,6.600029480424278
TRAIN0709,Cc1cc(O)ccc1N2C=Nc3cc(O)cc(O)c3C2=O,mean,5.35832762677531,6.600029480424278
TRAIN0710,COc1cc(O)c2C(=O)N(C=Nc2c1)c3ccc(O)cc3,mean,4.58576223451328,6.602143939812732
TRAIN0711,Oc1cc(O)c2C(=O)N(C=Nc2c1)c3ccc(O)nc3,mean,4.17483362774345,6.602143939812732
TRAIN0712,Oc1ccc(nc1)N2C=Nc3cc(O)cc(O)c3C2=O,mean,4.0088537000083,6.602143939812732
TRAIN0713,Cc1cc(ccc1O)N2C=Nc3cc(O)cc(O)c3C2=O,mean,4.46059767530769,6.565764886549194
TRAIN0714,Oc1ccc(N2C=Nc3cc(O)cc(O)c3C2=O)c(Cl)c1,mean,5.20432849405398,6.584214843993485
TRAIN0715,Oc1ccc(N2C=Nc3cc(O)cc(O)c3C2=O)c(F)c1,mean,5.12580819532093,6.600029480424278
TRAIN0716,CC(C)C1=Nc2cc(O)cc(O)c2C(=O)N1c3ccc(O)cc3,mean,4.15243350985741,6.565764886549194
TRAIN0717,CCCCC1=Nc2cc(O)cc(O)c2C(=O)N1c3ccc(O)cc3,mean,6.74957999769111,6.565764886549194
TRAIN0718,CCCC1=Nc2cc(O)cc(O)c2C(=O)N1c3ccc(O)cc3,mean,5.27043027369803,6.578407807385104
TRAIN0719,CCC1=Nc2cc(O)cc(O)c2C(=O)N1c3ccc(O)cc3,mean,4.71137076533501,6.602143939812732
TRAIN0720,CC1=Nc2cc(O)cc(O)c2C(=O)N1c3ccc(O)cc3,mean,4.47823447412292,6.578407807385104
TRAIN0721,Oc1cc(O)c2C(=O)N(C=Nc2c1)c3ccccc3,mean,4.1215471456025,6.565764886549194
TRAIN0722,Oc1cccc(c1)N2C=Nc3cc(O)cc(O)c3C2=O,mean,4.35838709608849,6.565764886549194
TRAIN0723,Oc1ccc(cc1)N2C=Nc3cc(O)ccc3C2=O,mean,4.27051123082044,6.602143939812732
TRAIN0724,CCCc1c(O)cc2N=CN(C(=O)c2c1O)c3ccc(O)cc3,mean,4.97269117296445,6.578407807385104
TRAIN0725,Cc1c(O)cc(O)c2C(=O)N(C=Nc12)c3ccc(O)cc3,mean,4.81539373331286,6.600029480424278
TRAIN0726,CC(=C)c1cc(O)cc2N=CN(C(=O)c12)c3ccc(O)cc3,mean,4.35686328895656,6.565764886549194
TRAIN0727,OCc1cc(O)cc2N=CN(C(=O)c12)c3ccc(O)cc3,mean,6.91721462968355,6.565764886549194
TRAIN0728,Oc1ccc(cc1)N2C=Nc3cc(O)cc(c4ccccc4)c3C2=O,mean,3.9933457329571,6.600029480424278
TRAIN0729,COC(=O)c1cc(O)cc2N=CN(C(=O)c12)c3ccc(O)cc3,mean,4.08978126831235,6.578407807385104
TRAIN0730,CCc1cc(O)cc2N=CN(C(=O)c12)c3ccc(O)cc3,mean,4.87811201489632,6.578407807385104
TRAIN0731,Cc1cc(O)cc2N=CN(C(=O)c12)c3ccc(O)cc3,mean,5.01614828100853,6.584214843993485
TRAIN0732,Nc1cc(O)cc2N=CN(C(=O)c12)c3ccc(O)cc3,mean,4.80908030108743,6.602143939812732
TRAIN0733,Oc1ccc(cc1)N2C(=O)c3ccc(O)cc3N=C2c4ccc(O)cc4,mean,4.31450010090594,6.602143939812732
TRAIN0734,Oc1ccc(cc1)N2C(=O)Nc3cc(O)cc(O)c3C2=O,mean,4.15318678603921,6.600029480424278
TRAIN0735,Oc1ccc(cc1)N2C(=S)Nc3cc(O)cc(O)c3C2=O,mean,4.95424685240586,6.565764886549194
TRAIN0736,Oc1ccc(cc1)C2=COc3cc(O)cc(O)c3C2=S,mean,4.25272028744559,6.600029480424278
TRAIN0737,Oc1ccc(nc1)N2C=Nc3cc(O)cc(O)c3C2=S,mean,4.55957898660944,6.602143939812732
TRAIN0738,CCc1cc(O)cc2N=CN(C(=S)c12)c3ccc(O)cc3,mean,5.6458915608526,6.602143939812732
TRAIN0739,Cc1cc(O)cc2N=CN(C(=S)c12)c3ccc(O)cc3,mean,5.75621808390621,6.602143939812732
TRAIN0740,Cc1cc(ccc1O)N2C=Nc3cc(O)cc(O)c3C2=S,mean,5.54454603122137,6.584214843993485
TRAIN0741,Oc1cc(O)c2C(=S)N(C=Nc2c1)c3ccc(O)c(F)c3,mean,5.51144928349956,6.584214843993485
TRAIN0742,Oc1ccc2C3=C(COc2c1)c4ccc(O)cc4O[C@H]3c5ccc(OCCN6CCCCC6)cc5,mean,9.21467016498923,6.602143939812732
TRAIN0743,Oc1ccc2C3=C(COc2c1)c4ccc(O)cc4O[C@@H]3c5ccc(OCCN6CCCCC6)cc5,mean,7.29242982390206,6.602143939812732
TRAIN0744,C[C@]12CC[C@H]3[C@@H](CCc4cc(O)ccc34)[C@@H]1CC[C@@]2(O)C#C,mean,8.69897000433602,6.565764886549194
TRAIN0745,CC(C)CC12CCC(=O)C(=C1c3ccc(O)cc3C2)C,mean,6.70996538863748,6.584214843993485
TRAIN0746,CCCC[C@]12CCC(=O)C(=C1c3ccc(O)cc3C2)Br,mean,5.39544996742874,6.578407807385104
TRAIN0747,CCCC[C@@]12CCC(=O)C(=C1c3ccc(O)cc3C2)C,mean,6.24641694110709,6.578407807385104
TRAIN0748,CCCC[C@@]12CCC(=O)C(=C1c3ccc(O)cc3C2)Br,mean,6.88941028970075,6.584214843993485
TRAIN0749,Oc1ccc2C3=C(C#N)C(=O)CCC3(Cc2c1)c4ccccc4,mean,6.05551732784983,6.602143939812732
TRAIN0750,Oc1ccc2C3=C(C(=O)CCC3(Cc2c1)c4ccccc4)c5occc5,mean,6.41005039867429,6.578407807385104
TRAIN0751,Oc1ccc2C3=C(Br)C(=O)CCC3(Cc2c1)c4ccccc4,mean,6.94692155651658,6.578407807385104
TRAIN0752,CCCCC12CCC(=O)C(=C1c3ccc(O)cc3C2)I,mean,6.90657831483776,6.578407807385104
TRAIN0753,CCCCC12CCC(=O)C(=C1c3ccc(O)cc3C2)Cl,mean,6.94309514866353,6.565764886549194
TRAIN0754,CCCCC12CCC(=O)C(=C1c3ccc(O)cc3C2)C(F)(F)F,mean,6.89279003035213,6.578407807385104
TRAIN0755,CCCCC12CCC(=O)C(=C1c3ccc(O)cc3C2)C#N,mean,5.78251605578609,6.578407807385104
TRAIN0756,CCCCC12CCC(=O)C(=C1c3ccc(O)cc3C2)c4ccccc4,mean,7.38721614328026,6.584214843993485
TRAIN0757,CCCCC12CCC(=O)C(=C1c3ccc(O)cc3C2)c4cccs4,mean,7.1518108830086,6.602143939812732
TRAIN0758,CCCCC12CCC(=O)C(=C1c3ccc(O)cc3C2)c4occc4,mean,6.70774392864352,6.602143939812732
TRAIN0759,CCCCC1=C2c3ccc(O)cc3CC2(CCCC)CCC1=O,mean,6.56383735295924,6.602143939812732
TRAIN0760,CCCCC12CCC(=O)C(=C1c3ccc(O)cc3C2)CCC,mean,7.52287874528034,6.578407807385104
TRAIN0761,CCCCC12CCC(=O)C(=C1c3ccc(O)cc3C2)CC,mean,6.57839607313017,6.602143939812732
TRAIN0762,CCCCC12CCC(=O)C(=C1c3ccc(O)cc3C2)Br,mean,6.85078088734462,6.600029480424278
TRAIN0763,CCCC12CCC(=O)C(=C1c3ccc(O)cc3C2)Br,mean,7.10237290870956,6.600029480424278
TRAIN0764,CCC12CCC(=O)C(=C1c3ccc(O)cc3C2)Br,mean,6.49620931694282,6.600029480424278
TRAIN0765,CC12CCC(=O)C(=C1c3ccc(O)cc3C2)Br,mean,6.05403929642243,6.565764886549194
TRAIN0766,CC1=C2c3ccc(O)cc3CC2(CCC1=O)c4ccccc4,mean,6.31785492362617,6.600029480424278
TRAIN0767,CCCCC12CCC(=O)C(=C1c3ccc(O)cc3C2)C,mean,6.20065945054642,6.578407807385104
TRAIN0768,CC(C)C12CCC(=O)C(=C1c3ccc(O)cc3C2)C,mean,5.84771165561694,6.600029480424278
TRAIN0769,CCCC12CCC(=O)C(=C1c3ccc(O)cc3C2)C,mean,6.34198860334289,6.602143939812732
TRAIN0770,CCC12CCC(=O)C(=C1c3ccc(O)cc3C2)C,mean,5.91721462968355,6.584214843993485
TRAIN0771,CC1=C2c3ccc(O)cc3CC2(C)CCC1=O,mean,5.92445303860747,6.565764886549194
TRAIN0772,CCCCCC12CCC(=O)C=C1c3ccc(O)cc3C2,mean,5.42712839779952,6.600029480424278
TRAIN0773,CCCCC12CCC(=O)C=C1c3ccc(O)cc3C2,mean,5.19044028536473,6.578407807385104
TRAIN0774,CCCC12CCC(=O)C=C1c3ccc(O)cc3C2,mean,5.59687947882418,6.584214843993485
TRAIN0775,CC12CCC(=O)C=C1c3ccc(O)cc3C2,mean,5.37212230542003,6.578407807385104
TRAIN0776,CCCCC12CCC(=O)C(=C1c3ccc4[nH]ncc4c3C2)Br,mean,5.85078088734462,6.602143939812732
TRAIN0777,CC1=C2c3ccc4[nH]ncc4c3CC2(C)CCC1=O,mean,5.35556141053216,6.578407807385104
TRAIN0778,CC[C@@]12CCC(=O)C(=C1c3ccc4[nH]ncc4c3C2)C,mean,5.86646109162978,6.584214843993485
TRAIN0779,CCCCC12CCC(=O)C(=C1c3ccc4[nH]ncc4c3C2)C,mean,5.97881070093006,6.584214843993485
TRAIN0780,CCC1=C2c3ccc4[nH]ncc4c3CC2(CC)CCC1=O,mean,6.65169513695184,6.600029480424278
TRAIN0781,CCCC[C@@]12CCC(=O)C(=C1c3ccc4[nH]ncc4c3C2)CC,mean,7.03151705144607,6.578407807385104
TRAIN0782,CC[C@@]12CCC(=O)C(=C1c3ccc4[nH]ncc4c3C2)Cl,mean,6.32790214206428,6.565764886549194
TRAIN0783,CC12CCC(=O)C(=C1c3ccc4[nH]ncc4c3C2)Br,mean,5.70114692359029,6.600029480424278
TRAIN0784,CC[C@@]12CCC(=O)C(=C1c3ccc4[nH]ncc4c3C2)Br,mean,6.60380065290426,6.600029480424278
TRAIN0785,CCCC12CCC(=O)C(=C1c3ccc4[nH]ncc4c3C2)Br,mean,6.17848647159523,6.565764886549194
TRAIN0786,BrC1=C2c3ccc4[nH]ncc4c3C[C@]2(CC5CC5)CCC1=O,mean,6.63827216398241,6.565764886549194
TRAIN0787,CCCCC12CCC(=O)C(=C1c3ccc4[nH]ncc4c3C2)C5CC5,mean,6.37468754903833,6.602143939812732
TRAIN0788,CCCC[C@@]12CCC(=O)C(=C1c3ccc4[nH]ncc4c3C2)C(=O)OC,mean,5.68193666503724,6.578407807385104
TRAIN0789,CC[C@@]12CCC(=O)C(=C1c3ccc4[nH]ncc4c3C2)C5CC5,mean,6.32790214206428,6.565764886549194
TRAIN0790,CCCC12CCC(=O)C(=C1c3ccc4[nH]ncc4c3C2)C,mean,6.01055018233331,6.600029480424278
TRAIN0791,C[C@@]12CCC(=O)C(=C1c3ccc4[nH]ncc4c3C2)C(F)(F)F,mean,5.83032556594119,6.578407807385104
TRAIN0792,BrC1=C2c3ccc4[nH]ncc4c3C[C@]2(CCC5CC5)CCC1=O,mean,6.64016451766011,6.600029480424278
TRAIN0793,CC[C@@]12CCC(=O)C(=C1c3ccc4[nH]ncc4c3C2)C(F)(F)F,mean,6.44369749923271,6.602143939812732
TRAIN0794,CCCC[C@@]12CCC(=O)C(=C1c3ccc4[nH]ncc4c3C2)C(F)(F)F,mean,6.75448733218585,6.602143939812732
TRAIN0795,CC[C@@]12CCC(=O)C(=C1c3ccc4[nH]ncc4c3C2)c5ccccc5,mean,7.33724216831843,6.600029480424278
TRAIN0796,CCC12CCC(=O)C(=C1c3ccc4[nH]ncc4c3C2=O)C,mean,6.20481541031758,6.565764886549194
TRAIN0797,CC[C@@]12CCC(=O)C(=C1c3ccc4[nH]ncc4c3C2=O)Cl,mean,6.85698519974591,6.578407807385104
TRAIN0798,CCC12CCC(=O)C(=C1c3ccc4[nH]ncc4c3C2=O)Br,mean,6.45345733652187,6.584214843993485
TRAIN0799,CC[C@@]12CCC(=O)C(=C1c3ccc4[nH]ncc4c3C2=O)C(F)(F)F,mean,7.23657200643706,6.602143939812732
TRAIN0800,CCCC[C@@]12CCC(=O)C(=C1c3ccc4[nH]ncc4c3C2=O)C(F)(F)F,mean,7.39794000867204,6.602143939812732
TRAIN0801,CCC12CCC(=O)C(=C1c3ccc4[nH]nc(Cl)c4c3C2)C,mean,5.61618463401957,6.602143939812732
TRAIN0802,CCC12CCC(=O)C(=C1c3ccc4[nH]nc(Br)c4c3C2)C,mean,5.23062267392386,6.602143939812732
TRAIN0803,CC[C@@]12CCC(=O)C(=C1c3ccc4[nH]nc(F)c4c3C2)Cl,mean,7.08618614761628,6.578407807385104
TRAIN0804,CCC12CCC(=O)C(=C1c3ccc4[nH]nc(F)c4c3C2)Br,mean,6.70553377383841,6.584214843993485
TRAIN0805,CC[C@@]12CCC(=O)C(=C1c3ccc4[nH]nc(F)c4c3C2)C(F)(F)F,mean,7.29328221766324,6.584214843993485
TRAIN0806,CCCC[C@@]12CCC(=O)C(=C1c3ccc4[nH]nc(F)c4c3C2)CC,mean,7.63827216398241,6.602143939812732
TRAIN0807,CCCC[C@@]12CCC(=O)C(=C1c3ccc4[nH]nc(F)c4c3C2)C(F)(F)F,mean,7.30803489723264,6.565764886549194
TRAIN0808,CCC[C@@]12CCC(=O)C(=C1c3ccc(O)cc3C2)C,mean,6.34198860334289,6.578407807385104
TRAIN0809,CC1=C2c3ccc(O)cc3C[C@@]24CC[C@H](C4)C1=O,mean,6.1007268126824,6.565764886549194
TRAIN0810,CCC[C@@H]1C[C@@H]2C[C@]13Cc4cc(O)ccc4C3=C(C)C2=O,mean,7.01322826573375,6.578407807385104
TRAIN0811,CC1=C2c3ccc(O)cc3C[C@@]24CCC[C@H](C4)C1=O,mean,6.3829996588791,6.578407807385104
TRAIN0812,CC[C@@H]1CC[C@@H]2C[C@]13Cc4cc(O)ccc4C3=C(C)C2=O,mean,6.83564714421556,6.584214843993485
TRAIN0813,CC[C@H]1CC[C@@H]2C[C@]13Cc4cc(O)ccc4C3=C(C)C2=O,mean,6.50863830616573,6.584214843993485
TRAIN0814,CCC[C@@H]1CC[C@@H]2C[C@]13Cc4cc(O)ccc4C3=C(C)C2=O,mean,7.07572071393812,6.602143939812732
TRAIN0815,CCC[C@H]1CC[C@@H]2C[C@]13Cc4cc(O)ccc4C3=C(C)C2=O,mean,6.21824462534753,6.565764886549194
TRAIN0816,CC[C@@]12CCC(=O)C(=C1c3ccc(O)cc3C2)C,mean,5.91721462968355,6.565764886549194
TRAIN0817,CC1=C2c3ccc(O)cc3CC2(Cc4ccccc4)CCC1=O,mean,5.82390874094432,6.565764886549194
TRAIN0818,CC1=C2c3ccc(O)cc3CC2(Cc4ccc(Cl)cc4)CCC1=O,mean,5.16749108729376,6.578407807385104
TRAIN0819,CC1=C2c3ccc4[nH]ncc4c3CC2(Cc5ccccc5F)CCC1=O,mean,5.46852108295774,6.602143939812732
TRAIN0820,O=C1CCC2(Cc3ccccc3)Cc4c(ccc5[nH]ncc45)C2=C1c6ccc(OCCN7CCCCC7)cc6,mean,6.20760831050175,6.602143939812732
TRAIN0821,Oc1ccc2C3=C(C(=O)CCC3(Cc4ccccc4)Cc2c1)c5ccc(OCCN6CCCCC6)cc5,mean,6.42021640338319,6.602143939812732
TRAIN0822,Oc1ccc(cc1)C2=C3c4ccc(O)cc4CC3(Cc5ccccc5)CCC2=O,mean,6.65757731917779,6.578407807385104
TRAIN0823,CCCCC1=C2c3ccc(O)cc3CC2(Cc4ccccc4)CCC1=O,mean,6.58502665202918,6.584214843993485
TRAIN0824,Oc1ccc2C3=C(C(=O)CCC3(Cc4ccccc4)Cc2c1)c5ccc(OCCN6CCOCC6)cc5,mean,6.14874165128092,6.600029480424278
TRAIN0825,CN(C)CCOc1ccc(cc1)C2=C3c4ccc(O)cc4CC3(Cc5ccccc5)CCC2=O,mean,5.92081875395237,6.578407807385104
TRAIN0826,Oc1ccc2C3=C(C(=O)CCC3(Cc4ccc(Cl)cc4)Cc2c1)c5ccc(OCCN6CCCCC6)cc5,mean,5.95860731484177,6.565764886549194
TRAIN0827,O=C1CCC2(Cc3ccccc3)Cc4c(ccc5[nH]ncc45)C2=C1,mean,5.4089353929735,6.578407807385104
TRAIN0828,CC1=C2c3ccc4[nH]ncc4c3CC2(Cc5ccccc5)CCC1=O,mean,6.79588001734407,6.602143939812732
TRAIN0829,CC1=C2c3ccc4[nH]ncc4c3CC2(Cc5cccc(F)c5)CCC1=O,mean,6.35654732351381,6.600029480424278
TRAIN0830,CC1=C2c3ccc4[nH]ncc4c3CC2(Cc5ccc(F)cc5)CCC1=O,mean,7.08618614761628,6.565764886549194
TRAIN0831,CC1=C2c3ccc4[nH]nnc4c3CC2(Cc5ccccc5)CCC1=O,mean,5.92081875395237,6.600029480424278
TRAIN0832,CC1=C2c3ccc4[nH]ncc4c3CC2(Cc5ccc6ccccc6c5)CCC1=O,mean,5.25963731050576,6.600029480424278
TRAIN0833,CC1=C2c3ccc4[nH]nnc4c3CC2(Cc5ccc(F)cc5)CCC1=O,mean,6.46852108295774,6.578407807385104
TRAIN0834,CCCCC12CCC(=O)C(=C1c3ccc4[nH]nnc4c3C2)Br,mean,6.85078088734462,6.600029480424278
TRAIN0835,CCCC[C@@]12CCC(=O)C(=C1c3ccc4[nH]nnc4c3C2)c5cccs5,mean,7.46852108295774,6.578407807385104
TRAIN0836,CCCCC12CCC(=O)C(=C1c3ccc4[nH]nnc4c3C2)c5occc5,mean,5.95116991347165,6.565764886549194
TRAIN0837,CCCC[C@@]12CCC(=O)C(=C1c3ccc4[nH]nnc4c3C2)C(F)(F)F,mean,6.04769199033787,6.578407807385104
TRAIN0838,CCCC[C@@]12CCC(=O)C(=C1c3ccc4[nH]nnc4c3C2)Br,mean,5.71987710369769,6.565764886549194
TRAIN0839,CCCCC12CCC(=O)C(=C1c3ccc4[nH]nnc4c3C2)CCC,mean,5.90343756162586,6.602143939812732
TRAIN0840,CCCC[C@@]12CCC(=O)C(=C1c3ccc4[nH]nnc4c3C2)CC,mean,6.65757731917779,6.584214843993485
TRAIN0841,CCCC[C@]12CCC(=O)C(=C1c3ccc4[nH]nnc4c3C2)CC,mean,5.32303218570524,6.584214843993485
TRAIN0842,CCCCC12CCC(=O)C(=C1c3ccc4[nH]nnc4c3C2)C,mean,5.2231535913047,6.578407807385104
TRAIN0843,CCCC12CCC(=O)C(=C1c3ccc4[nH]nnc4c3C2)Br,mean,5.48135447566969,6.565764886549194
TRAIN0844,CCCC1=C2c3ccc4[nH]nnc4c3CC2(CCC)CCC1=O,mean,6.46344155742847,6.600029480424278
TRAIN0845,CCCC12CCC(=O)C(=C1c3ccc4[nH]nnc4c3C2)CC,mean,6.21324857785444,6.602143939812732
TRAIN0846,CCCC12CCC(=O)C(=C1c3ccc4[nH]nnc4c3C2)C,mean,5.20950372303289,6.602143939812732
TRAIN0847,CC[C@@]12CCC(=O)C(=C1c3ccc4[nH]nnc4c3C2)C(F)(F)F,mean,5.77520804350732,6.584214843993485
TRAIN0848,CCC12CCC(=O)C(=C1c3ccc4[nH]nnc4c3C2)Br,mean,5.28650945690606,6.602143939812732
TRAIN0849,CCC12CCC(=O)C(=C1c3ccc4[nH]nnc4c3C2)c5ccc(O)cc5,mean,7.09151498112135,6.565764886549194
TRAIN0850,CCCCC1=C2c3ccc4[nH]nnc4c3CC2(CC)CCC1=O,mean,5.94807608395389,6.600029480424278
TRAIN0851,CCCC1=C2c3ccc4[nH]nnc4c3CC2(CC)CCC1=O,mean,6.45345733652187,6.602143939812732
TRAIN0852,CCC1=C2c3ccc4[nH]nnc4c3C[C@]2(CC)CCC1=O,mean,6.1890957193313,6.602143939812732
TRAIN0853,CCC1=C2c3ccc4[nH]nnc4c3CC2(CC)CCC1=O,mean,5.87876854485038,6.600029480424278
TRAIN0854,CCC12CCC(=O)C(=C1c3ccc4[nH]nnc4c3C2)C,mean,5.72124639904717,6.584214843993485
TRAIN0855,Oc1ccc(cc1)[C@@H]2CC(=O)c3c(O)cc(O)c(Cc4ccccc4)c3O2,mean,6.29843201494407,6.584214843993485
TRAIN0856,CC(C)(C)Cc1c(O)cc(O)c2C(=O)C[C@H](Oc12)c3ccc(O)cc3,mean,6.66554624884907,6.602143939812732
TRAIN0857,CC(C)Cc1c(O)cc(O)c2C(=O)C[C@H](Oc12)c3ccc(O)cc3,mean,7.09691001300806,6.602143939812732
TRAIN0858,CC(C)CCc1c(O)cc(O)c2C(=O)C[C@H](Oc12)c3ccc(O)cc3,mean,6.85387196432176,6.584214843993485
TRAIN0859,CCCCCCCCCCCc1c(O)cc(O)c2C(=O)C[C@H](Oc12)c3ccc(O)cc3,mean,5.99267904707725,6.584214843993485
TRAIN0860,CCCCCCCCCc1c(O)cc(O)c2C(=O)C[C@H](Oc12)c3ccc(O)cc3,mean,6.36051351073141,6.584214843993485
TRAIN0861,CCCCCCCc1c(O)cc(O)c2C(=O)C[C@H](Oc12)c3ccc(O)cc3,mean,6.40671393297954,6.602143939812732
TRAIN0862,CCCCCc1c(O)cc(O)c2C(=O)C[C@H](Oc12)c3ccc(O)cc3,mean,6.41680122603138,6.584214843993485
TRAIN0863,CCCc1c(O)cc(O)c2C(=O)C[C@H](Oc12)c3ccc(O)cc3,mean,6.80966830182971,6.565764886549194
TRAIN0864,Cc1c(O)cc(O)c2C(=O)C[C@H](Oc12)c3ccc(O)cc3,mean,5.28025450747042,6.565764886549194
TRAIN0865,Oc1ccc(cc1)[C@@H]2CC(=O)c3c(O)cc(O)cc3O2,mean,4.12319348890648,6.600029480424278
TRAIN0866,CC(=CCc1c(O)cc(O)c2C(=O)CC(Oc12)c3ccc(O)cc3)C,mean,7.24412514432751,6.584214843993485
TRAIN0867,CN(C)CCOc1ccc(cc1)c2c(nn3c(cc(nc23)C(F)(F)F)C(F)(F)F)c4ccc(O)cc4,mean,6.0,6.600029480424278
TRAIN0868,Oc1ccc(cc1)c2nn3c(cc(nc3c2c4ccc(OCCN5CCCCC5)cc4)C(F)(F)F)C(F)(F)F,mean,7.04575749056067,6.565764886549194
TRAIN0869,Oc1ccc(cc1)c2nn3c(cc(nc3c2c4ccc(O)cc4)C(F)(F)F)C(F)(F)F,mean,5.22184874961636,6.565764886549194
TRAIN0870,Oc1ccc(c(O)c1)c2n[nH]c3cc(O)ccc23,mean,7.31875876262441,6.602143939812732
TRAIN0871,CC(C)n1nc(c2ccc(O)cc2C)c3cccc(c13)C(F)(F)F,mean,7.69897000433602,6.602143939812732
TRAIN0872,Cc1cc(O)ccc1c2nn(CC=C)c3c(cccc23)C(F)(F)F,mean,7.22914798835786,6.600029480424278
TRAIN0873,Oc1ccc(c(O)c1)c2nn(CC=C)c3c(cccc23)C(F)(F)F,mean,7.03151705144607,6.600029480424278
TRAIN0874,Oc1ccc(cc1)c2nn(C3CCCC3)c4c(F)cccc24,mean,7.74472749489669,6.600029480424278
TRAIN0875,Oc1ccc(cc1)c2nn(C3CCCC3)c4c(Cl)cccc24,mean,7.74472749489669,6.565764886549194
TRAIN0876,Oc1ccc(cc1)c2nn(C3CCCCC3)c4c(Cl)cccc24,mean,7.43179827593301,6.584214843993485
TRAIN0877,CCCn1nc(c2ccc(O)cc2)c3cccc(Cl)c13,mean,7.2839966563652,6.600029480424278
TRAIN0878,CC(C)n1nc(c2ccc(O)cc2)c3cccc(c13)C(F)(F)F,mean,8.52287874528034,6.600029480424278
TRAIN0879,CCCn1nc(c2ccc(O)cc2)c3cccc(C)c13,mean,7.39794000867204,6.584214843993485
TRAIN0880,CCCCn1nc(c2ccc(O)cc2)c3cccc(Cl)c13,mean,7.60205999132796,6.600029480424278
TRAIN0881,OCCn1nc(c2ccc(O)cc2)c3cccc(Cl)c13,mean,6.38721614328026,6.584214843993485
TRAIN0882,OCCn1nc(c2ccc(O)cc2)c3cccc(c13)C(F)(F)F,mean,7.01772876696043,6.578407807385104
TRAIN0883,Oc1ccc(cc1)c2nn(Cc3ccccc3)c4c(cccc24)C(F)(F)F,mean,6.70774392864352,6.584214843993485
TRAIN0884,Oc1ccc(cc1)c2nn(Cc3ccccc3)c4c(Cl)cccc24,mean,6.97881070093006,6.578407807385104
TRAIN0885,Oc1ccc(c(O)c1)c2nn(c3cc(F)ccc3F)c4cc(O)ccc24,mean,7.50863830616573,6.565764886549194
TRAIN0886,Oc1ccc(c(O)c1)c2nn(c3cc(Cl)ccc3Cl)c4cc(O)ccc24,mean,7.82390874094432,6.600029480424278
TRAIN0887,Oc1ccc(c(O)c1)c2nn(c3cccc(Cl)c3)c4cc(O)ccc24,mean,7.30102999566398,6.584214843993485
TRAIN0888,Oc1ccc(c(O)c1)c2nn(c3cccc(F)c3)c4cc(O)ccc24,mean,7.4089353929735,6.602143939812732
TRAIN0889,Cc1ccc(cc1)n2nc(c3ccc(O)cc3O)c4ccc(O)cc24,mean,7.39794000867204,6.602143939812732
TRAIN0890,Oc1ccc(c(O)c1)c2nn(C3CCCCC3)c4cc(O)ccc24,mean,6.35359627377693,6.600029480424278
TRAIN0891,CCCCn1nc(c2ccc(O)cc2O)c3ccc(O)cc13,mean,6.95078197732982,6.565764886549194
TRAIN0892,CCCn1nc(c2ccc(O)cc2O)c3ccc(O)cc13,mean,7.20760831050175,6.565764886549194
TRAIN0893,Oc1ccc(c(O)c1)c2nn(CC(F)(F)F)c3cc(O)ccc23,mean,6.78251605578609,6.600029480424278
TRAIN0894,CCn1nc(c2ccc(O)cc2O)c3ccc(O)cc13,mean,6.51570016065321,6.600029480424278
TRAIN0895,Cn1nc(c2ccc(O)cc2O)c3ccc(O)cc13,mean,6.20620961530918,6.584214843993485
TRAIN0896,Oc1ccc2c(Oc3ccc(OCCN4CCCCC4)cc3)c(sc2c1)c5ccc(NCCCl)cc5,mean,7.44855000202713,6.584214843993485
TRAIN0897,Oc1ccc2c(Oc3ccc(OCCN4CCCCC4)cc3)c(sc2c1)c5ccc(NC(=O)CCl)cc5,mean,6.1765257708297,6.602143939812732
TRAIN0898,Nc1ccc(cc1)c2sc3cc(O)ccc3c2Oc4ccc(OCCN5CCCCC5)cc4,mean,7.71444269099223,6.584214843993485
TRAIN0899,CS(=O)(=O)c1ccc(cc1)c2sc3cc(O)ccc3c2Oc4ccc(OCCN5CCCCC5)cc4,mean,7.56863623584101,6.584214843993485
TRAIN0900,Oc1ccc2c(Oc3ccc(OCCN4CCCCC4)cc3)c(sc2c1)c5ccccc5,mean,7.96257350205938,6.602143939812732
TRAIN0901,Oc1ccc2c(Oc3ccc(OCCN4CCCCC4)cc3)c(sc2c1)c5ccc(Br)cc5,mean,7.56863623584101,6.584214843993485
TRAIN0902,Oc1ccc2c(Oc3ccc(OCCN4CCCCC4)cc3)c(sc2c1)c5ccc(F)cc5,mean,7.76447155309245,6.578407807385104
TRAIN0903,Oc1ccc(cc1)c2sc3cc(O)ccc3c2Oc4ccc(OCCN5CCCCC5)cc4,mean,8.10790539730952,6.578407807385104
TRAIN0904,COc1ccc(cc1)c2sc3cc(O)ccc3c2Oc4ccc(OCCN5CCCCC5)cc4,mean,7.66756154008439,6.565764886549194
TRAIN0905,CC(C)CCC[C@@H](C)CCC[C@@H](C)CCC[C@@H]1Cc2cc(O)ccc2[C@H]3CC[C@]4(C)[C@@H](O)CC[C@H]4[C@H]13,mean,6.71444269099223,6.584214843993485
TRAIN0906,Oc1ccc(cc1)N2C(=O)c3cc(O)cc(Br)c3C2=O,mean,7.44369749923271,6.600029480424278
TRAIN0907,Oc1ccc(N2C(=O)c3ccc(O)cc3C2=O)c(F)c1,mean,7.27572413039921,6.578407807385104
TRAIN0908,Cc1cc(O)ccc1N2C(=O)c3ccc(O)cc3C2=O,mean,6.09582563171584,6.578407807385104
TRAIN0909,Oc1ccc2C(=O)N(C(=O)c2c1)c3ccc(O)cc3[N+](=O)[O-],mean,7.67778070526608,6.578407807385104
TRAIN0910,Oc1ccc2C(=O)N(C(=O)c2c1)c3ccc(O)c4ccccc34,mean,5.57839607313017,6.565764886549194
TRAIN0911,Oc1ccc2C(=O)N(C(=O)c2c1)c3cccc4c(O)cccc34,mean,6.09582563171584,6.578407807385104
TRAIN0912,COc1ccc(N2C(=O)c3ccc(O)cc3C2=O)c(OC)c1,mean,5.60730304674033,6.584214843993485
TRAIN0913,COc1ccc(cc1)N2C(=O)c3ccc(O)cc3C2=O,mean,5.48148606012211,6.565764886549194
TRAIN0914,Oc1ccc2C(=O)N(C(=O)c2c1)c3ccccc3,mean,5.56863623584101,6.578407807385104
TRAIN0915,Oc1cccc(c1)N2C(=O)c3ccc(O)cc3C2=O,mean,5.53760200210104,6.602143939812732
TRAIN0916,Oc1ccc(cc1)N2C(=O)c3ccc(O)cc3C2=O,mean,7.07572071393812,6.565764886549194
TRAIN0917,O\N=C\c1ccc(c2ccc(O)cc2)c3ccccc13,mean,7.02227639471115,6.600029480424278
TRAIN0918,O\N=C\c1c(Cl)cc(cc1Cl)c2ccc(O)c(F)c2,mean,6.56863623584101,6.584214843993485
TRAIN0919,Cc1c(\C=N\O)c2ccccc2n1c3ccc(O)c(F)c3,mean,6.52578373592374,6.565764886549194
TRAIN0920,Cc1c(\C=N\O)c2ccccc2n1c3ccc(O)cc3,mean,6.56863623584101,6.600029480424278
TRAIN0921,O\N=C\c1cn(c2ccc(O)cc2)c3ccccc13,mean,5.72010501998836,6.602143939812732
TRAIN0922,O\N=C\c1ccc(c2ccc(O)cc2)c3occc13,mean,5.87614835903291,6.600029480424278
TRAIN0923,O\N=C\c1ccc(c2ccc(O)cc2)c3ccoc13,mean,6.80966830182971,6.578407807385104
TRAIN0924,O\N=C\c1ccc(c2ccc(O)cc2)c3sccc13,mean,7.43179827593301,6.578407807385104
TRAIN0925,O\N=C\c1ccc(c2ccc(O)cc2)c3ccsc13,mean,7.69897000433602,6.565764886549194
TRAIN0926,O\N=C\c1ccc(c2ccc(O)c(F)c2)c3ccccc13,mean,6.82973828460504,6.600029480424278
TRAIN0927,CS(=O)(=O)N1CC(Cc2ccc(O)cc12)c3ccc(O)cc3,mean,4.49349496759513,6.600029480424278
TRAIN0928,Oc1ccc(cc1)C2CN(CC3CC3)c4cc(O)ccc4C2,mean,5.78781239559604,6.565764886549194
TRAIN0929,CCCN1CC(Cc2ccc(O)cc12)c3ccc(O)cc3,mean,5.60730304674033,6.578407807385104
TRAIN0930,CCN1CC(Cc2ccc(O)cc12)c3ccc(O)cc3,mean,5.85078088734462,6.602143939812732
TRAIN0931,CN1CC(Cc2ccc(O)cc12)c3ccc(O)cc3,mean,5.53017798402184,6.602143939812732
TRAIN0932,COc1ccccc1[C@H](c2cccc3ccccc23)[C@@](C)(C#N)C(=O)N4CCC(CC4)c5cccc(c5)C(F)(F)F,mean,5.61439372640169,6.600029480424278
TRAIN0933,COc1cc(ccc1O)C2Nc3ccccc3C(=O)N2Cc4ccccc4,mean,5.95860731484177,6.600029480424278
TRAIN0934,COC(=O)C1=C(N)Oc2cc(O)ccc2C1c3ccc(OCc4ccc(C)cc4)cc3,mean,7.2518119729938,6.600029480424278
TRAIN0935,COC(=O)C1=C(N)Oc2cc(O)ccc2C1c3ccc(OCc4ccccc4F)cc3,mean,7.27572413039921,6.602143939812732
TRAIN0936,OC(=O)CCc1cc(Br)c(OCc2cccc(Br)c2)c(Br)c1,mean,4.53760200210104,6.578407807385104
TRAIN0937,CC(CCc1ccccc1)NC(=O)Cc2c([nH]c3ccccc23)c4ccccc4,mean,7.95860731484177,6.578407807385104
TRAIN0938,C[C@H](CCc1ccc(O)cc1)NC(=O)Cc2c([nH]c3ccccc23)c4ccccc4,mean,9.0,6.578407807385104
TRAIN0939,C[C@@H](CCc1ccc(O)cc1)NC(=O)Cc2c([nH]c3ccccc23)c4ccccc4,mean,7.43179827593301,6.584214843993485
TRAIN0940,CC(CCc1ccc(O)cc1)NC(=O)Cc2c([nH]c3ccccc23)c4ccccc4,mean,9.0,6.600029480424278
TRAIN0941,C[C@H](CCc1ccc(O)cc1)NC(=O)Cc2c([nH]c3ccc(OCCCCN4CCCCC4)cc23)c5ccccc5,mean,7.50863830616573,6.600029480424278
TRAIN0942,C[C@H](CCc1ccc(O)cc1)NC(=O)Cc2c([nH]c3ccc(OCCCN4CCCCC4)cc23)c5ccccc5,mean,7.39794000867204,6.578407807385104
TRAIN0943,C[C@H](CCc1ccc(O)cc1)NC(=O)Cc2c([nH]c3ccc(OCCN4CCCCC4)cc23)c5ccccc5,mean,6.42250820016277,6.600029480424278
TRAIN0944,C[C@H](CCc1ccc(O)cc1)NC(=O)Cc2c([nH]c3cccc(OCCN4CCCCC4)c23)c5ccccc5,mean,5.94538694544311,6.565764886549194
TRAIN0945,C[C@H](NC(=O)Cc1c([nH]c2ccccc12)c3ccccc3)c4c(C)c5cc(O)ccc5n4Cc6ccc(OCCN7CCCCC7)cc6,mean,8.69897000433602,6.602143939812732
TRAIN0946,C[C@H](NC(=O)Cc1c([nH]c2ccccc12)c3ccccc3)c4c(C)c5cc(O)ccc5n4Cc6ccc(OCCN7CC[C@H](C)C7)cc6,mean,8.39794000867204,6.602143939812732
TRAIN0947,C[C@H](CCc1ccc(O)cc1)NC(=O)Cc2c(c3ccccc3)n(Cc4ccc(OCCCCN5CCCCC5)cc4)c6ccccc26,mean,8.30980391997149,6.565764886549194
TRAIN0948,C[C@H](CCc1ccc(O)cc1)NC(=O)Cc2c(c3ccccc3)n(Cc4ccc(OCCCN5CCCCC5)cc4)c6ccccc26,mean,8.10790539730952,6.578407807385104
TRAIN0949,C[C@H](CCc1ccc(O)cc1)NC(=O)Cc2c(c3ccccc3)n(C(=O)c4ccc(OCCN5CCCCC5)cc4)c6ccccc26,mean,6.75696195131371,6.565764886549194
TRAIN0950,C[C@H](CCc1ccc(O)cc1)NC(=O)Cc2c(c3ccccc3)n(Cc4ccc(OCCN5CCCCC5)cc4)c6ccccc26,mean,7.69897000433602,6.578407807385104
TRAIN0951,C[C@H](CCc1ccc(O)cc1)NC(=O)Cc2c([nH]c3c(OCCCCCN4CCCCC4)cccc23)c5ccccc5,mean,7.88605664769316,6.578407807385104
TRAIN0952,C[C@H](CCc1ccc(O)cc1)NC(=O)Cc2c([nH]c3c(OCCCCN4CCCCC4)cccc23)c5ccccc5,mean,7.63827216398241,6.602143939812732
TRAIN0953,C[C@H](CCc1ccc(O)cc1)NC(=O)Cc2c([nH]c3c(OCCCN4CCCCC4)cccc23)c5ccccc5,mean,7.16115090926274,6.584214843993485
TRAIN0954,C[C@H](CCc1ccc(O)cc1)NC(=O)Cc2c([nH]c3c(OCCN4CCCCC4)cccc23)c5ccccc5,mean,6.35654732351381,6.600029480424278
TRAIN0955,C[C@H](CCc1ccc(O)cc1)NC(=O)Cc2c([nH]c3cc(OCCCN4CCCC4)ccc23)c5ccccc5,mean,8.04095860767891,6.565764886549194
TRAIN0956,C[C@H](CCc1ccc(O)cc1)NC(=O)Cc2c([nH]c3cc(OCCN4CCCC4)ccc23)c5ccccc5,mean,7.65757731917779,6.602143939812732
TRAIN0957,C[C@H](CCc1ccc(O)cc1)NC(=O)Cc2c([nH]c3cc(OCCCCN4CCCCC4)ccc23)c5ccccc5,mean,7.99567862621736,6.565764886549194
TRAIN0958,C[C@H](CCc1ccc(O)cc1)NC(=O)Cc2c([nH]c3cc(OCCCN4CCCCC4)ccc23)c5ccccc5,mean,7.88605664769316,6.578407807385104
TRAIN0959,C[C@H](CCc1ccc(O)cc1)NC(=O)Cc2c([nH]c3cc(OCCN4CCCCC4)ccc23)c5ccccc5,mean,8.09691001300806,6.584214843993485
TRAIN0960,C[C@H](CCc1ccc(O)cc1)NC(=O)Cc2c([nH]c3ccc(OCCCCCN4CCCCC4)cc23)c5ccccc5,mean,8.18045606445813,6.578407807385104
TRAIN0961,C[C@]12CC[C@H]3[C@@H](CC=C4C[C@@H](O)CC[C@]34C=C)[C@@H]1CC[C@@H]2O,mean,5.64975198166584,6.584214843993485
TRAIN0962,C[C@]12CC[C@H]3[C@@H](CC=C4[C@H]5CC[C@@]34CC[C@H]5O)[C@@H]1CC[C@@H]2O,mean,5.08964244272712,6.602143939812732
TRAIN0963,C[C@]12CC[C@H]3[C@@H](CC=C4[C@H]5CC[C@@]34CC[C@@H]5O)[C@@H]1CC[C@@H]2O,mean,6.49894073778225,6.602143939812732
TRAIN0964,C[C@]12CC[C@H]3[C@@H](CC[C@H]4[C@H]5CCC[C@@]34CC[C@@H]5O)[C@@H]1CC[C@@H]2O,mean,5.30189945437661,6.600029480424278
TRAIN0965,C[C@]12CC[C@H]3[C@@H](CC=C4[C@H]5CC=C[C@@]34CC[C@@H]5O)[C@@H]1CC[C@@H]2O,mean,5.64975198166584,6.578407807385104
TRAIN0966,C\C=C/[C@]12CC[C@H](O)CC1=CC[C@H]3[C@@H]4CC[C@H](O)[C@@]4(C)CC[C@H]23,mean,5.70863114954842,6.602143939812732
TRAIN0967,CC[C@]12CC[C@H](O)CC1=CC[C@H]3[C@@H]4CC[C@H](O)[C@@]4(C)CC[C@H]23,mean,5.63264407897398,6.565764886549194
TRAIN0968,CC1=CC2=CC[C@H]3[C@@H]4CC[C@H](O)[C@@]4(C)CC[C@@H]3[C@@]2(C)CC1,mean,6.95860731484177,6.584214843993485
TRAIN0969,C[C@]12CC[C@H]3[C@@H](CCC4=CC(=C)CC[C@]34C)[C@@H]1CC[C@@H]2O,mean,6.19382002601611,6.602143939812732
TRAIN0970,C[C@]12CC[C@H]3[C@@H](CC=C4C[C@@H](O)CC[C@]34C=C)[C@@H]1CC[C@@]2(O)C#C,mean,6.82390874094432,6.578407807385104
TRAIN0971,C[C@]1(O)CC[C@H]2[C@@H]3CC=C4C[C@@H](O)CC[C@]4(C=C)[C@H]3CC[C@]12C,mean,5.97881070093006,6.578407807385104
TRAIN0972,CC1=CC2=CC[C@H]3[C@@H]4CC[C@@](O)(C#C)[C@@]4(C)CC[C@@H]3[C@]2(CC1)C=C,mean,5.73282827159699,6.565764886549194
TRAIN0973,CC1=CC2=CC[C@H]3[C@@H]4CC[C@](C)(O)[C@@]4(C)CC[C@@H]3[C@]2(CC1)C=C,mean,5.3585258894959,6.584214843993485
TRAIN0974,C[C@]12CC[C@H]3[C@@H](CC=C4C=C(Cl)CC[C@]34C=C)[C@@H]1CC[C@@H]2O,mean,5.24108810760203,6.565764886549194
TRAIN0975,CCC1=CC2=CC[C@H]3[C@@H]4CC[C@H](O)[C@@]4(C)CC[C@@H]3[C@]2(CC1)C=C,mean,5.50723961097316,6.565764886549194
TRAIN0976,CC1=CC2=CC[C@H]3[C@@H]4CC[C@H](O)[C@@]4(C)CC[C@@H]3[C@]2(CC1)C=C,mean,5.84163750790475,6.565764886549194
TRAIN0977,C[C@]1(O)CC[C@]2(C=C)[C@H]3CC[C@]4(C)[C@@H](O)CC[C@H]4[C@@H]3CC=C2C1,mean,5.27572413039921,6.565764886549194
TRAIN0978,COC[C@@]1(CC[C@H]2[C@@H]3CCC4=CC(=O)CCC4=C3[C@H](C[C@]12C)c5ccc(\C=N\O)cc5)OC,mean,5.72124639904717,6.584214843993485
TRAIN0979,Cc1c(O)c(C)c2OC=C(C(=O)c2c1O)c3ccc(O)cc3,mean,4.99139982823808,6.584214843993485
TRAIN0980,Cc1c(nn(c2ccc(O)cc2)c1c3ccc(CCCN4CCCCC4)cc3)c5ccc(O)cc5,mean,7.69897000433602,6.600029480424278
TRAIN0981,Cc1c(nn(c2ccc(O)cc2)c1c3ccc(\C=C\C(=O)N4CCCCC4)cc3)c5ccc(O)cc5,mean,6.0,6.584214843993485
TRAIN0982,Cc1c(nn(c2ccc(O)cc2)c1c3ccc(OCCN4CCCCC4)cc3)c5ccc(O)cc5,mean,7.09691001300806,6.600029480424278
TRAIN0983,O\N=C\c1ccc(cc1F)c2ccc(O)cc2,mean,6.09963287134353,6.584214843993485
TRAIN0984,CC(C)CNc1cc(\C=C\c2ccccc2)nc(NCC(C)C)n1,mean,5.16115090926274,6.578407807385104
TRAIN0985,CC(C)CCc1cc(NCC(C)C)nc(OCC(C)C)n1,mean,5.16115090926274,6.578407807385104
TRAIN0986,CC(C)CNc1nc(CCc2ccccc2)cc(n1)N(C)CC(C)C,mean,5.25963731050576,6.584214843993485
TRAIN0987,CC(C)CNc1nc(CCc2cccc3ccccc23)cc(n1)N(C)CC(C)C,mean,5.35654732351381,6.602143939812732
TRAIN0988,CC(C)CCc1cc(NCC(C)C)nc(n1)N(C)CC(C)C,mean,5.01322826573375,6.600029480424278
TRAIN0989,CC(C)CNc1cc(NCc2ccccc2)nc(NCC(C)C)n1,mean,5.02227639471115,6.565764886549194
TRAIN0990,CC(C)CNc1cc(NCC(C)C)nc(NCC(C)C)n1,mean,5.61978875828839,6.602143939812732
TRAIN0991,CC(C)CCc1cc(NCc2cccc3ccccc23)nc(NCC(C)C)n1,mean,5.17392519729917,6.578407807385104
TRAIN0992,CC(C)CCc1cc(NCc2ccccc2)nc(NCC(C)C)n1,mean,5.23657200643706,6.578407807385104
TRAIN0993,CC(C)CCc1cc(NCC(C)C)nc(NCc2cccc3ccccc23)n1,mean,5.38721614328026,6.600029480424278
TRAIN0994,CC(C)CCc1cc(NCC(C)C)nc(NCc2ccccc2)n1,mean,5.74472749489669,6.602143939812732
TRAIN0995,CCc1cc(NCC(C)C)nc(NCC(C)C)n1,mean,5.13667713987954,6.600029480424278
TRAIN0996,CC(C)CNc1cc(CCc2cccc3ccccc23)nc(NCC(C)C)n1,mean,5.67778070526608,6.578407807385104
TRAIN0997,CC(C)CCc1cc(NCc2ccccc2)nc(NCc3ccccc3)n1,mean,5.08092190762393,6.600029480424278
TRAIN0998,CC(C)CCc1cc(NCC(C)C)nc(NCC(C)C)n1,mean,5.50863830616573,6.602143939812732
TRAIN0999,CCCCc1cc(NCCC)nc(NCCC)n1,mean,4.88605664769316,6.584214843993485
TRAIN1000,CC(C)CNc1nc(CCc2ccccc2)cc(NCc3ccccc3)n1,mean,5.72124639904717,6.600029480424278
TRAIN1001,CC(C)CNc1cc(CCc2ccccc2)nc(NCc3ccccc3)n1,mean,5.34678748622466,6.600029480424278
TRAIN1002,CC(C)CNc1nc(NCc2ccccc2)cc(\C=C\c3ccccc3)n1,mean,5.0087739243075,6.584214843993485
TRAIN1003,CC(C)CNc1cc(\C=C\c2ccccc2)nc(NCc3ccccc3)n1,mean,4.92081875395237,6.600029480424278
TRAIN1004,CC(C)CNc1cc(CCc2ccccc2)nc(NCC(C)C)n1,mean,5.67778070526608,6.600029480424278
TRAIN1005,NC(=N)N\N=C\C1=C(Cl)c2ccccc2CC1,mean,5.25963731050576,6.565764886549194
TRAIN1006,CC#C[C@]1(O)CC[C@H]2[C@@H]3CCC4=CC(=O)CCC4=C3[C@H](C[C@]12C)c5ccc(cc5)N(C)C,mean,5.30102999566398,6.565764886549194
TRAIN1007,CC(C)OC(=O)C1=CN(CC(C)(C)c2c1[nH]c3ccccc23)C(=O)c4ccc(F)c(F)c4,mean,5.0,6.584214843993485
TRAIN1008,C(CN1CCC1)Oc2ccc(cc2)C3=C(CCOc4ccccc34)c5ccccc5,mean,8.05700040663396,6.578407807385104
TRAIN1009,Oc1ccc(cc1)C2=C(c3ccc(OCCN4CCC4)cc3)c5ccccc5OCC2,mean,8.72124639904717,6.600029480424278
TRAIN1010,COc1ccc2C(=C(CCOc2c1)c3ccc(O)cc3)c4ccc(OCCN5CCC5)cc4,mean,8.17392519729917,6.584214843993485
TRAIN1011,COc1ccc2C(=C(CCOc2c1)c3ccc(O)cc3)c4ccc(OCCN5CCCC5)cc4,mean,7.98716277529483,6.602143939812732
TRAIN1012,Oc1ccc(cc1)C2=C(c3ccc(OCCN4CCCC4)cc3)c5ccc(O)cc5OCC2,mean,8.07572071393812,6.602143939812732
TRAIN1013,Fc1ccc2C(=C(CCOc2c1)c3ccccc3)c4ccc(OCCN5CCCC5)cc4,mean,7.79048498545737,6.600029480424278
TRAIN1014,Oc1ccc(cc1)C2=C(c3ccc(OCCN4CCCC4)cc3)c5ccc(F)cc5OCC2,mean,7.98296666070122,6.578407807385104
TRAIN1015,Oc1cccc(c1)C2=C(c3ccc(OCCN4CCCC4)cc3)c5ccc(F)cc5OCC2,mean,7.85387196432176,6.578407807385104
TRAIN1016,Fc1ccc(cc1)C2=C(c3ccc(OCCN4CCCC4)cc3)c5ccc(F)cc5OCC2,mean,6.89962945488244,6.600029480424278
TRAIN1017,Oc1ccc(cc1)C2=C(c3ccc(OCCN4CCCCC4)cc3)c5ccc(F)cc5OCC2,mean,8.18708664335714,6.584214843993485
TRAIN1018,Oc1ccc(cc1)C2=C(CCOc3cc(F)ccc23)c4ccc(OCCN5CCCC5)cc4,mean,8.25414480482627,6.600029480424278
TRAIN1019,C\C(=C(\Cl)/c1ccccc1)\C=N\NC(=N)N,mean,4.43179827593301,6.602143939812732
TRAIN1020,NC(=N)N\N=C\C1=C(Cl)c2ccccc2CCC1,mean,4.79588001734407,6.578407807385104
TRAIN1021,COc1cc2oc(cc2cc1O)c3ccc(O)cc3O,mean,7.33724216831843,6.565764886549194
TRAIN1022,COc1cc(O)c2c(C=O)c(oc2c1)c3ccc(O)cc3O,mean,7.36653154442041,6.584214843993485
TRAIN1023,CC(=CCc1c(O)c(CC(O)C(=C)C)c(O)c2C(=O)C(=COc12)c3ccc(O)c(O)c3)C,mean,4.53760200210104,6.578407807385104
TRAIN1024,CC(=CCc1c(O)c2C(=O)C(=COc2c3CC(Oc13)C(C)(C)O)c4ccc(O)c(O)c4)C,mean,4.88605664769316,6.600029480424278
TRAIN1025,CC(=CCc1c(O)c(CC(O)C(=C)C)c2OC=C(C(=O)c2c1O)c3ccc(O)c(O)c3)C,mean,4.74472749489669,6.565764886549194
TRAIN1026,CC[C@@]12C[C@H](O)[C@@](O)(C[C@H]1CCc3cc(O)ccc23)c4ccccc4,mean,5.46852108295774,6.578407807385104
TRAIN1027,CC[C@@]12CC[C@@](O)(C[C@H]1CCc3cc(OCc4ccncc4)ccc23)C#CC,mean,6.17392519729917,6.600029480424278
TRAIN1028,CC[C@@]12CC[C@@](O)(C[C@H]1CCc3cc(O)ccc23)C#CC,mean,7.05060999335509,6.602143939812732
TRAIN1029,CC#C[C@@]1(O)CC[C@]2(CC=C)[C@H](CCc3cc(O)ccc23)C1,mean,7.03151705144607,6.600029480424278
TRAIN1030,Oc1ccc2C(=C(Cc3ccccc3)C(=O)Oc2c1)C(F)(F)F,mean,6.0,6.584214843993485
TRAIN1031,Cc1cccc(SCC2=CC(=O)Oc3cc(O)ccc23)n1,mean,4.30102999566398,6.602143939812732
TRAIN1032,Cn1cc(nn1)[C@]2(O)CC[C@H]3[C@@H]4CCc5cc(O)ccc5[C@H]4CC[C@]23C,mean,6.39794000867204,6.584214843993485
TRAIN1033,COc1cc2[C@H]3CC[C@@]4(C)[C@@H](CCC4=O)[C@@H]3CCc2cc1O,mean,4.95860731484177,6.602143939812732
TRAIN1034,C[C@]12CC[C@H]3[C@@H](CCc4cc(O)c(Cl)cc34)[C@@H]1CCCC2=O,mean,6.11350927482752,6.565764886549194
TRAIN1035,COc1cc2[C@H]3CC[C@@]4(C)[C@@H](CCCC4=O)[C@@H]3CCc2cc1O,mean,5.20760831050175,6.565764886549194
TRAIN1036,Oc1ccc2C3=C(CCOc2c1)c4ccc(O)cc4O[C@@H]3c5ccc(OCCN6CCCCC6)cc5,mean,8.95860731484177,6.578407807385104
TRAIN1037,Oc1ccc2C3=C(CCOc2c1)c4ccc(O)cc4O[C@@H]3c5ccc(OCCN6CCCC6)cc5,mean,8.92081875395237,6.565764886549194
TRAIN1038,Oc1ccc2C3=C(CCOc2c1)c4ccc(O)cc4O[C@@H]3c5ccc(OCCN6CCSCC6)cc5,mean,8.92081875395237,6.565764886549194
TRAIN1039,Oc1ccc2C3=C(CCOc2c1)c4ccc(O)cc4O[C@@H]3c5ccc(OCCN6CCOCC6)cc5,mean,8.79588001734407,6.578407807385104
TRAIN1040,Oc1ccc2C3=C(CCOc2c1)c4ccc(O)cc4O[C@@H]3c5ccc(OCCN6CCCCCC6)cc5,mean,8.65757731917779,6.565764886549194
TRAIN1041,Oc1ccc2C3=C(CCOc2c1)c4ccc(O)cc4O[C@H]3c5ccc(OCCN6CCCCCC6)cc5,mean,8.61978875828839,6.578407807385104
TRAIN1042,Oc1ccc2C3=C(CCOc2c1)c4ccc(O)cc4O[C@H]3c5ccc(OCCN6CCCC6)cc5,mean,8.60205999132796,6.600029480424278
TRAIN1043,Oc1ccc2C3=C(CCOc2c1)c4ccc(O)cc4O[C@@H]3c5ccc(OCCCN6C(=O)CCC6=O)cc5,mean,8.58004425151024,6.602143939812732
TRAIN1044,CN(C)CCOc1ccc(cc1)[C@H]2Oc3cc(O)ccc3C4=C2c5ccc(O)cc5OCC4,mean,8.48148606012211,6.565764886549194
TRAIN1045,Oc1ccc2C3=C(CCOc2c1)c4ccc(F)cc4O[C@@H]3c5ccc(OCCN6CCCCCC6)cc5,mean,8.48148606012211,6.584214843993485
TRAIN1046,Oc1ccc2C3=C(CCOc2c1)c4ccc(O)cc4O[C@H]3c5ccc(OCCN6CCCCC6)cc5,mean,8.46852108295774,6.600029480424278
TRAIN1047,Oc1ccc2C3=C(CCOc2c1)c4ccccc4O[C@H]3c5ccc(OCCN6CCCCC6)cc5,mean,8.3767507096021,6.578407807385104
TRAIN1048,COc1ccc2C3=C(CCOc2c1)c4ccc(O)cc4O[C@H]3c5ccc(OCCN6CCCCC6)cc5,mean,8.3767507096021,6.578407807385104
TRAIN1049,Oc1ccc2C3=C(CCOc2c1)c4ccccc4O[C@H]3c5ccc(OCCN6CCCCCC6)cc5,mean,8.34678748622466,6.565764886549194
TRAIN1050,Oc1ccc2C3=C(CCOc2c1)c4ccc(O)cc4O[C@@H]3c5ccc(OCCN6C(=O)CCC6=O)cc5,mean,8.31875876262441,6.584214843993485
TRAIN1051,COC(=O)COc1ccc(cc1)C2Oc3cc(O)ccc3C4=C2c5ccc(O)cc5OCC4,mean,8.31875876262441,6.578407807385104
TRAIN1052,CCN(CC)CCOc1ccc(cc1)[C@H]2Oc3ccccc3C4=C2c5ccc(O)cc5OCC4,mean,8.30102999566398,6.600029480424278
TRAIN1053,CCN(CC)CCOc1ccc(cc1)[C@H]2Oc3cc(F)ccc3C4=C2c5ccc(O)cc5OCC4,mean,8.30102999566398,6.565764886549194
TRAIN1054,Oc1ccc2C3=C(CCOc2c1)c4ccc(F)cc4O[C@H]3c5ccc(OCCN6CCCCCC6)cc5,mean,8.30102999566398,6.584214843993485
TRAIN1055,CC(C)N(CCOc1ccc(cc1)[C@H]2Oc3cc(O)ccc3C4=C2c5ccc(O)cc5OCC4)C(C)C,mean,8.26760624017703,6.600029480424278
TRAIN1056,CC(C)N(CCOc1ccc(cc1)[C@@H]2Oc3cc(O)ccc3C4=C2c5ccc(O)cc5OCC4)C(C)C,mean,8.2518119729938,6.600029480424278
TRAIN1057,Oc1ccc2C3=C(CCOc2c1)c4ccccc4O[C@@H]3c5ccc(OCCN6CCCCC6)cc5,mean,8.23657200643706,6.600029480424278
TRAIN1058,COc1ccc2C3=C(CCOc2c1)c4ccc(O)cc4O[C@@H]3c5ccc(OCCN6CCCCC6)cc5,mean,8.23657200643706,6.584214843993485
TRAIN1059,Oc1ccc2C3=C(CCOc2c1)c4ccc(O)cc4O[C@H]3c5ccc(OCCN6C(=O)CCC6=O)cc5,mean,8.20760831050175,6.600029480424278
TRAIN1060,Oc1ccc2C3=C([C@@H](Oc2c1)c4ccc(OCCN5CCCCC5)cc4)c6ccccc6OCC3,mean,8.20065945054642,6.584214843993485
TRAIN1061,COc1ccc2C3=C([C@@H](Oc2c1)c4ccc(OCCN5CCCCC5)cc4)c6ccc(O)cc6OCC3,mean,8.20065945054642,6.584214843993485
TRAIN1062,CCN(CC)CCOc1ccc(cc1)[C@@H]2Oc3cc(F)ccc3C4=C2c5ccc(O)cc5OCC4,mean,8.15490195998574,6.584214843993485
TRAIN1063,CN1CCN(CCOc2ccc(cc2)[C@H]3Oc4cc(O)ccc4C5=C3c6ccc(O)cc6OCC5)CC1,mean,8.06048074738138,6.565764886549194
TRAIN1064,CCN(CC)CCOc1ccc(cc1)[C@@H]2Oc3ccccc3C4=C2c5ccc(O)cc5OCC4,mean,8.04575749056067,6.600029480424278
TRAIN1065,COc1ccc2C3=C([C@H](Oc2c1)c4ccc(OCCN5CCCCC5)cc4)c6ccc(O)cc6OCC3,mean,8.04575749056067,6.578407807385104
TRAIN1066,Oc1ccc2C3=C(CCOc2c1)c4ccc(O)cc4O[C@H]3c5ccc(OCCN6CCOCC6)cc5,mean,8.0,6.565764886549194
TRAIN1067,CN(C)CCOc1ccc(cc1)[C@@H]2Oc3cc(O)ccc3C4=C2c5ccc(O)cc5OCC4,mean,7.95860731484177,6.578407807385104
TRAIN1068,Oc1ccc2C3=C(CCOc2c1)c4ccccc4O[C@@H]3c5ccc(OCCN6CCCCCC6)cc5,mean,7.95860731484177,6.602143939812732
TRAIN1069,CN(C)CCOc1ccc(cc1)[C@@H]2Oc3cc(O)ccc3C4=C2c5ccccc5OCC4,mean,7.95467702121334,6.584214843993485
TRAIN1070,CN(C)CCOc1ccc(cc1)[C@@H]2Oc3ccccc3C4=C2c5ccc(O)cc5OCC4,mean,7.88605664769316,6.578407807385104
TRAIN1071,CN(C)CCOc1ccc(cc1)[C@H]2Oc3ccccc3C4=C2c5ccc(O)cc5OCC4,mean,7.79588001734407,6.565764886549194
TRAIN1072,Oc1ccc2C3=C(CCOc2c1)c4ccc(O)cc4O[C@@H]3c5ccc(OCCCN6CCCCC6)cc5,mean,7.65757731917779,6.600029480424278
TRAIN1073,Oc1ccc2C3=C(CCOc2c1)c4ccc(O)cc4O[C@H]3c5ccc(OCCCN6C(=O)CCC6=O)cc5,mean,7.38753403604686,6.578407807385104
TRAIN1074,Oc1ccc2C3=C(CCOc2c1)c4ccc(O)cc4O[C@H]3c5ccc(OCCCN6CCCCC6)cc5,mean,7.25963731050576,6.584214843993485
TRAIN1075,COc1ccc2C3=C(CCOc2c1)c4ccc(OC)cc4O[C@@H]3c5ccc(OCCN6CCCCC6)cc5,mean,7.19382002601611,6.602143939812732
TRAIN1076,Oc1ccc2C3=C([C@H](Oc2c1)c4ccc(OCCN5CCCCCC5)cc4)c6ccccc6OCC3,mean,7.07058107428571,6.565764886549194
TRAIN1077,Oc1ccc2C3=C([C@H](Oc2c1)c4ccc(OCCN5CCCCC5)cc4)c6ccccc6OCC3,mean,7.0,6.602143939812732
TRAIN1078,Oc1ccc2C3=C(CCOc2c1)c4ccc(O)cc4O[C@H]3c5ccc(OCCN6CCSCC6)cc5,mean,6.95467702121334,6.600029480424278
TRAIN1079,OC(=O)CCOc1ccc(cc1)[C@H]2Oc3cc(O)ccc3C4=C2c5ccc(O)cc5OCC4,mean,6.92081875395237,6.602143939812732
TRAIN1080,Oc1ccc2C3=C(CCOc2c1)c4ccc(O)cc4O[C@@H]3c5cccc(OCCN6CCCCC6)c5,mean,6.82390874094432,6.565764886549194
TRAIN1081,CN(C)CCOc1ccc(cc1)[C@H]2Oc3cc(O)ccc3C4=C2c5ccccc5OCC4,mean,6.74472749489669,6.600029480424278
TRAIN1082,Oc1ccc2C3=C(CCOc2c1)c4ccc(O)cc4O[C@H]3c5cccc(OCCN6CCCCC6)c5,mean,6.72124639904717,6.565764886549194
TRAIN1083,OCCOc1ccc(cc1)C2Oc3cc(O)ccc3C4=C2c5ccc(O)cc5OCC4,mean,6.50863830616573,6.565764886549194
TRAIN1084,CN1CCN(CCOc2ccc(cc2)[C@@H]3Oc4cc(O)ccc4C5=C3c6ccc(O)cc6OCC5)CC1,mean,6.50584540598156,6.565764886549194
TRAIN1085,OCCCOc1ccc(cc1)C2Oc3cc(O)ccc3C4=C2c5ccc(O)cc5OCC4,mean,6.48678239993206,6.565764886549194
TRAIN1086,OC(=O)CCOc1ccc(cc1)[C@@H]2Oc3cc(O)ccc3C4=C2c5ccc(O)cc5OCC4,mean,6.23657200643706,6.584214843993485
TRAIN1087,Oc1ccc2C3=C([C@@H](Oc2c1)c4ccc(OCCN5CCCCCC5)cc4)c6ccccc6OCC3,mean,8.39794000867204,6.602143939812732
TRAIN1088,Oc1ccc2C3=C(CCOc2c1)c4ccc(O)cc4OC3c5ccc(OCCN6CCCCC6)cc5,mean,7.88605664769316,6.565764886549194
TRAIN1089,Oc1ccc2C3=C(CCCOc2c1)c4ccc(O)cc4OC3c5ccc(OCCN6CCCCC6)cc5,mean,7.63827216398241,6.578407807385104
TRAIN1090,C[C@]12CC[C@H]3[C@@H](CCc4cc(O)ccc34)[C@@H]1CC[C@@]2(O)c5ccc6COCc6c5,mean,7.12901118623942,6.602143939812732
TRAIN1091,Cc1ccc(cc1)S(=O)(=O)N2Cc3ccc(cc3C2)[C@]4(O)CC[C@H]5[C@@H]6CCc7cc(O)ccc7[C@H]6CC[C@]45C,mean,6.46700370613424,6.565764886549194
TRAIN1092,CCOC(=O)C1(Cc2ccc(cc2C1)[C@]3(O)CC[C@H]4[C@@H]5CCc6cc(O)ccc6[C@H]5CC[C@]34C)C#N,mean,7.32303218570524,6.584214843993485
TRAIN1093,CCOC(=O)C1(Cc2ccc(cc2C1)[C@]3(O)CC[C@H]4[C@@H]5CCc6cc(O)ccc6[C@H]5CC[C@]34C)C(=O)C,mean,6.61000157739267,6.565764886549194
TRAIN1094,CC(=O)C1(Cc2ccc(cc2C1)[C@]3(O)CC[C@H]4[C@@H]5CCc6cc(O)ccc6[C@H]5CC[C@]34C)C(=O)C,mean,6.61400071586103,6.565764886549194
TRAIN1095,CCOC(=O)C1(Cc2ccc(cc2C1)[C@]3(O)CC[C@H]4[C@@H]5CCc6cc(O)ccc6[C@H]5CC[C@]34C)C(=O)OCC,mean,6.3079995901734,6.578407807385104
TRAIN1096,Oc1cccc2c(OC(=O)c3ccc(Cl)cc3Cl)cccc12,mean,5.92081875395237,6.600029480424278
TRAIN1097,COc1ccc(cc1)C(=O)Oc2cccc3c(O)cccc23,mean,6.09963287134353,6.600029480424278
TRAIN1098,COC(=O)C(C)N1C(=O)S\C(=C\c2ccc(O)c(Cl)c2)\C1=O,mean,5.6345120151091,6.584214843993485
TRAIN1099,Cc1ccc(cc1)C(=O)C2=C(O)C(=O)N(C2c3ccc(Br)cc3)c4ccc(O)cc4,mean,5.21253952548158,6.565764886549194
TRAIN1100,Oc1ccc(cc1)N2C(=O)c3ccc(Br)cc3C2=O,mean,5.09799710864927,6.584214843993485
TRAIN1101,Oc1ccc(\C=C\C(=O)c2ccc(Br)cc2)cc1,mean,5.33161408331,6.600029480424278
TRAIN1102,Cc1ccc(cc1)C(=O)Oc2cccc3c(O)cccc23,mean,4.5003129173816,6.565764886549194
TRAIN1103,COc1ccc(CCCc2ccc(O)cc2)c(O)c1,mean,5.09151498112135,6.600029480424278
TRAIN1104,CC(=CCc1c(O)c(O)cc([C@H]2CCc3ccc(O)cc3O2)c1CC=C(C)C)C,mean,3.82073553566097,6.578407807385104
TRAIN1105,CC(=CCc1c(O)c(O)ccc1[C@H]2CCc3ccc(O)cc3O2)C,mean,4.24260397120698,6.584214843993485
TRAIN1106,Oc1ccc(cc1)[C@H]2CCc3ccc(O)cc3O2,mean,4.58169870868025,6.584214843993485
TRAIN1107,CC(=O)S[C@@H]1CC2=CC(=O)CC[C@]2(C)[C@H]3CC[C@@]4(C)[C@@H](CC[C@@]45CCC(=O)O5)[C@H]13,mean,5.24397278702656,6.584214843993485
TRAIN1108,OC(=O)\C=C\c1ccc2c(C(=O)c3ccc(OCCN4CCCCC4)cc3)c(sc2c1)c5ccc(O)cc5,mean,7.08618614761628,6.602143939812732
TRAIN1109,Oc1ccc2nc(c3ccccc3)n(Cc4ccc(OCCN5CCCCC5)cc4)c2c1,mean,6.50863830616573,6.584214843993485
TRAIN1110,Oc1ccc(cc1)c2nc3ccccc3n2Cc4ccc(OCCN5CCCCC5)cc4,mean,5.29242982390206,6.600029480424278
TRAIN1111,OCC1=Nc2cc3CCC(N(CC#C)c4ccc(cc4)C(=O)N[C@@H](CCC(=O)N[C@H](CCC(=O)O)C(=O)O)C(=O)O)c3cc2C(=O)N1,mean,9.0,6.584214843993485
TRAIN1112,COc1ccc(cc1)c2oc(SC\C(=C(\C#N)/C(=N)C)\O)nn2,mean,4.52235935025974,6.600029480424278
TRAIN1113,Cc1ccc(cc1)c2nnc(S)n2\N=C\C=C/c3ccccc3[N+](=O)[O-],mean,5.1356900937109,6.600029480424278
TRAIN1114,Oc1c(\C=N\c2cccc3cccnc23)sc4ccccc14,mean,5.28814386287795,6.602143939812732
TRAIN1115,Cc1nn(c2ccccc2)c3sc(cc13)C(=O)OCN4C(=O)c5ccccc5C4=O,mean,5.01085287001103,6.600029480424278
TRAIN1116,CCCCn1c(NC(=O)CC)c(C#N)c2nc3ccccc3nc12,mean,4.63145856480961,6.602143939812732
TRAIN1117,Cn1c(SCC2=CC(=O)N3C=C(Br)C=CC3=N2)nnc1C4COc5ccccc5O4,mean,4.59920617169586,6.565764886549194
TRAIN1118,CC1Cc2ccccc2N1C(=O)CSc3nnc(NC(=O)Cc4cccs4)s3,mean,4.46845083512027,6.602143939812732
TRAIN1119,COC(=O)c1oc2ccc(Br)cc2c1NC(=O)CCCN3C(=O)c4ccccc4C3=O,mean,4.37395747799675,6.602143939812732
TRAIN1120,O=Cc1cn(nc1C2=Cc3c(OC2=O)ccc4ccccc34)c5ccccc5,mean,4.70727000864908,6.565764886549194
TRAIN1121,FC(F)(F)c1cc(nc2c(Br)c(nn12)C(=O)NCc3occc3)c4cccs4,mean,4.43303166134329,6.600029480424278
TRAIN1122,O=C(CSc1nnc(SCC(=O)c2occc2)s1)c3occc3,mean,4.67303691378129,6.578407807385104
TRAIN1123,CC(=O)Nc1ccc2nc(C)cc(O)c2c1,mean,4.6780761259682,6.600029480424278
TRAIN1124,O=C(CN1C(=O)N(Cc2occc2)C(=O)c3c4CCCCCc4sc13)Nc5ccccc5,mean,5.14041022314325,6.602143939812732
TRAIN1125,O=C(N1CCc2ccccc2C1)c3cc(on3)c4occc4,mean,4.48796366068057,6.565764886549194
TRAIN1126,Cc1ccc(cc1C)n2nnnc2SCC(=O)Nc3ccc4C(=O)OCc4c3,mean,4.56721279841171,6.584214843993485
TRAIN1127,CN1C(=O)\C(=C\2/SC(=NC2=O)Nc3cccc(C)c3C)\c4ccccc14,mean,4.48278588582462,6.565764886549194
TRAIN1128,O=C(COC(=O)CCC(=O)c1cccs1)NCc2occc2,mean,4.92331915025674,6.578407807385104
TRAIN1129,Cc1oc(\C=C\2/Sc3nc(nn3C2=O)c4occc4)cc1,mean,4.85758644184401,6.602143939812732
TRAIN1130,OC(=O)c1cc(nc2ccccc12)c3occc3,mean,4.63025440381758,6.602143939812732
TRAIN1131,Cc1occc1C(=O)NCc2cccc(CNC(=O)c3ccoc3C)c2,mean,4.70597556793945,6.565764886549194
TRAIN1132,O=C(Nc1cccc(c1)C(=O)Nc2cccc(c2)c3cnc4ccccc4n3)c5occc5,mean,4.88167474812818,6.600029480424278
TRAIN1133,Cc1oc(cc1)C2CC(=O)N3CN(CSC3=C2C#N)c4cccc(C)c4,mean,5.44991113292255,6.578407807385104
TRAIN1134,CCOC(=O)c1c(C)oc2c3ccccc3c(O)c(\C=N\C4CCS(=O)(=O)C4)c12,mean,4.79556798031009,6.565764886549194
TRAIN1135,C=CCN1C(=O)C(=CC2=C1N=C3C=CC=CN3C2=O)C#N,mean,4.34979683667053,6.600029480424278
TRAIN1136,Cc1ccc(cc1)S(=O)(=O)Cc2oc(cc2)C(=O)NCc3ccc4OCOc4c3,mean,4.42602965358432,6.584214843993485
TRAIN1137,COc1ccc(Cl)cc1NC(=O)c2ocnc2C,mean,4.60293293137304,6.578407807385104
TRAIN1138,COc1ccc(cc1OC)C2CC(=NN2S(=O)(=O)C)c3c(O)nc4ccc(Cl)cc4c3c5ccccc5,mean,4.90520929512123,6.584214843993485
TRAIN1139,COc1ccc(NC(=O)c2occc2)cc1N,mean,4.44253815476181,6.584214843993485
TRAIN1140,CCCN(CCC)S(=O)(=O)c1ccc(NC(=O)Cc2cccs2)cc1,mean,4.77837323158492,6.565764886549194
TRAIN1141,CCn1c(SCC(=O)c2oc(CNC(=O)C)cc2)nnc1c3cccs3,mean,4.3696347818133,6.602143939812732
TRAIN1142,Cc1ccc2nc(O)c(cc2c1)c3nc4ccccn4c3NCc5occc5,mean,4.59010642123507,6.602143939812732
TRAIN1143,O\C(=C(/C#N)\c1nc2ccccc2[nH]1)\Nc3ccc(Cl)cc3,mean,4.56769435635878,6.600029480424278
TRAIN1144,CCCNC(=O)c1ccc(s1)c2nc3ccccc3s2,mean,4.51863850471161,6.578407807385104
TRAIN1145,O=C(Nc1cccc(c1)c2cn3cccnc3n2)c4ccc5OCOc5c4,mean,5.1756001326518,6.600029480424278
TRAIN1146,CCCN1N=C(C(=O)OCC(=O)c2ccc3OCC(=O)Nc3c2)c4ccccc4C1=O,mean,4.42114094829303,6.602143939812732
TRAIN1147,Cc1ccc2[nH]c(nc2c1)\C(=C/c3ccc(N4CCCCC4)c(c3)[N+](=O)[O-])\C#N,mean,5.37323888912829,6.578407807385104
TRAIN1148,CCOC(=O)Nc1on[n+](c1)N2CCOCC2,mean,4.60776149568119,6.602143939812732
TRAIN1149,NC(=O)C1(CCN(CC1)c2nc(cs2)c3ccc(Br)cc3)N4CCCCC4,mean,4.42257989913828,6.602143939812732
TRAIN1150,COc1ccc2c(c1)C(=O)Oc3cc(OCC(=O)N4CCC(C)CC4)ccc23,mean,4.93256087551421,6.600029480424278
TRAIN1151,CCc1nnc2SCC(=Nn12)c3oc(cc3)c4cc(Cl)ccc4Cl,mean,4.35672058234574,6.600029480424278
TRAIN1152,Cc1nc2sccn2c1c3nc(cs3)c4oc5ccccc5c4,mean,4.9714901547074,6.565764886549194
TRAIN1153,CCOP(=O)(OCC)C1(NS(=O)(=O)c2ccccc2)C=C(Cl)C(=O)c3ccccc13,mean,4.90000738654018,6.584214843993485
TRAIN1154,Oc1c(Cl)cc(Cl)c(Cl)c1Cc2c(O)c(Cl)cc(Cl)c2Cl,mean,5.66523270493382,6.578407807385104
TRAIN1155,NC(=O)c1c2CCCc2sc1NC(=O)c3oc4ccccc4c3,mean,4.6292730540647,6.602143939812732
TRAIN1156,Cc1cc(c2nn3c(nnc3s2)c4ccccc4)c5ccccc5n1,mean,4.6664985176495,6.565764886549194
TRAIN1157,COC(=O)c1ccc2C(=O)N(CCCCCC(=O)NCc3ccc4OCOc4c3)C(=O)Nc2c1,mean,4.82979521612664,6.565764886549194
TRAIN1158,COCCNC(=O)c1c(N)n(\N=C\c2cccs2)c3nc4ccccc4nc13,mean,4.9508513924415,6.602143939812732
TRAIN1159,CCC1(C)NC(=O)N(CC(=O)Nc2sc3CCCc3c2C(=O)N)C1=O,mean,4.7390466018959,6.584214843993485
TRAIN1160,Cc1onc(c1)C(=O)OCC(=O)c2ccc(Br)s2,mean,4.44123768585093,6.600029480424278
TRAIN1161,CC1=Nc2ccccc2C(=O)N1\N=C\c3c(O)ccc4oc5CCCCc5c34,mean,4.53512893585102,6.600029480424278
TRAIN1162,CCc1cccc2c(c[nH]c12)C(=O)Cn3nnc(n3)c4ccc(OC)c(OC)c4,mean,4.9875470639767,6.565764886549194
TRAIN1163,CC(C)CN(C1CCS(=O)(=O)C1)C(=O)COC(=O)c2cc3CCCc3s2,mean,5.53053292553511,6.600029480424278
TRAIN1164,CC(=N)\C(=C(\O)/CSc1oc(nn1)c2ccc(OC(F)F)cc2)\C#N,mean,4.33184340659711,6.602143939812732
TRAIN1165,O=C(Cc1cn2ccsc2n1)OCc3nc4ccccc4s3,mean,5.15644271271841,6.584214843993485
TRAIN1166,CCn1c(SCC(=O)Nc2ccc3c(oc4ccccc34)c2)nnc1c5ccc(N)cc5,mean,4.93100754543335,6.602143939812732
TRAIN1167,CCN(c1ccccc1)S(=O)(=O)c2ccc3ncc(C(=O)NCCOC)c(O)c3c2,mean,4.55449729962728,6.584214843993485
TRAIN1168,Cc1ccc(cc1)c2csc(NC(=O)c3oncc3)n2,mean,5.14331218530747,6.602143939812732
TRAIN1169,CCOC(=O)C1=C(C)S\C(=C/N(C)C)\C1=O,mean,4.39471650746975,6.602143939812732
TRAIN1170,CCc1ccc(NC(=O)c2noc3CCCc23)cc1,mean,5.10023474509524,6.584214843993485
TRAIN1171,O=C(Cc1ccc(s1)S(=O)(=O)N2CCOCC2)Nc3nc4CCCCc4s3,mean,5.3286623603728,6.600029480424278
TRAIN1172,CN1C(=O)CSc2ccc(NC(=O)N3CCC(CC3)N4CCCCC4)cc12,mean,4.92773245148766,6.602143939812732
TRAIN1173,CCn1c2ccccc2c3cc(NC(=O)CSc4nnc(c5ccc(OC)cc5)n4N)ccc13,mean,4.91256644090434,6.600029480424278
TRAIN1174,CCCc1nnc2SCC(=Nn12)c3oc(cc3)c4cc(Cl)ccc4Cl,mean,4.87327586223383,6.565764886549194
TRAIN1175,Cc1ccccc1NC(=O)CSc2nnc(c3occc3)c(n2)c4occc4,mean,4.82733286333074,6.578407807385104
TRAIN1176,O=C(CSc1nc(ccc1C#N)c2cccnc2)Nc3sc4CCCc4c3C#N,mean,4.8246717423819,6.584214843993485
TRAIN1177,NC(=S)N1NC(=C(\N=N\c2ccc(O)cc2)C1=O)c3ccc(cc3)[N+](=O)[O-],mean,4.95781722319597,6.602143939812732
TRAIN1178,Clc1ccc(COc2ccc(cc2)c3oc(NCc4cccnc4)c(n3)C#N)cc1,mean,4.4270110148084,6.565764886549194
TRAIN1179,Cc1ccc(cc1)c2nnc3SCC(=Nn23)c4ccc(Br)cc4,mean,4.37357822287408,6.565764886549194
TRAIN1180,CCc1cc2C(=O)N(CC=C)C(=Nc2s1)SCC(=O)NC(=O)NCc3occc3,mean,4.99616263968299,6.584214843993485
TRAIN1181,COc1cccc2C=C(C(=O)Oc12)c3cn4ccc(C)cc4n3,mean,5.10505676838404,6.578407807385104
TRAIN1182,COc1ccc(CN2C(=O)Nc3cc(ccc3C2=O)C(=O)NCc4ccc5OCOc5c4)cc1,mean,4.72401917320842,6.602143939812732
TRAIN1183,CCOP(=O)(OCC)C1(NS(=O)(=O)c2ccccc2)C=C(Br)C(=O)c3ccccc13,mean,5.06106469179672,6.584214843993485
TRAIN1184,[O-][N+](=O)c1ccc(Oc2cccc(\C=N\NC(=O)c3cncc(Br)c3)c2)c(c1)[N+](=O)[O-],mean,4.55514143049076,6.600029480424278
TRAIN1185,O=C1Oc2ccccc2N1CCn3c4ccccc4c5nc6ccccc6nc35,mean,4.74611486666982,6.565764886549194
TRAIN1186,COc1ccc(cc1)C2C=C(Nc3nc(NC(=O)C)nn23)c4ccc(Cl)cc4,mean,4.65986376825642,6.602143939812732
TRAIN1187,CCOC(=O)Cc1cc(O)n2nc(cc2n1)c3ccc(C)cc3,mean,4.85645437276158,6.565764886549194
TRAIN1188,Cc1oc(cc1)c2cc(C(=O)NCc3occc3)c4ccccc4n2,mean,5.16466081024311,6.600029480424278
TRAIN1189,CC(OC(=O)COc1ccc(Cl)cc1C)C(=O)N(C)C,mean,4.43211049327627,6.600029480424278
TRAIN1190,CC1CCN(Cc2c(O)c(Cl)cc3C(=CC(=O)Oc23)C)CC1,mean,4.62473959843782,6.602143939812732
TRAIN1191,COc1cc(NC(=O)CSC2=Nc3ccccc3C(=O)N2C)ccc1NC(=O)c4occc4,mean,4.48756630245776,6.602143939812732
TRAIN1192,FC(F)Oc1ccc(cc1)c2oc(SCC(=O)NC(=O)NCc3occc3)nn2,mean,4.93569741116747,6.578407807385104
TRAIN1193,CCN=C1C=CC(=CC(=C1O)C(=O)\C=C\c2ccccc2Cl)Br,mean,5.50768530563614,6.584214843993485
TRAIN1194,COc1ccc2[nH]c3C4=Nc5ccccc5C(=O)N4CCc3c2c1,mean,4.76488104338268,6.602143939812732
TRAIN1195,CCc1ccc2nc(O)c(cc2c1)C3C(=C(N)Oc4c3ccc5cccnc45)C#N,mean,4.94843114051437,6.584214843993485
TRAIN1196,CC(=O)c1cccc(NC(=O)CN2C(=O)NC3(CCCCCCC3)C2=O)c1,mean,4.31701468642117,6.602143939812732
TRAIN1197,Cc1ccnc(NS(=O)(=O)c2ccc(NC(=O)Cc3cccs3)cc2)n1,mean,4.91336117135942,6.578407807385104
TRAIN1198,Clc1cccc(c1)N2CCN(CC2)C(=O)CCCN3C(=S)Nc4ccccc4C3=O,mean,5.24162260345562,6.565764886549194
TRAIN1199,CNc1nnc(s1)C2=Cc3cc(Cl)ccc3OC2=O,mean,4.95633009106842,6.600029480424278
TRAIN1200,COc1ccc2cc3c(N)nn(C(=O)Cc4ccc(Cl)cc4)c3nc2c1,mean,4.60584086598378,6.600029480424278
TRAIN1201,CC1=CC=CN2C(=O)C3=C(N=C12)N(C(=O)C(=C3)C#N)c4ccc(C)cc4,mean,4.51048672484976,6.602143939812732
TRAIN1202,NCCNc1nc(NCc2ccccc2)c3CN(Cc4ccccc4)CCc3c1C#N,mean,4.92723851735217,6.565764886549194
TRAIN1203,Cc1onc(NC(=O)CSc2cn(CCNC(=O)c3ccc(Cl)cc3)c4ccccc24)c1,mean,4.60434185229877,6.578407807385104
TRAIN1204,COc1cccc(c1)c2nnc(NC(=O)Cc3cccs3)s2,mean,4.71946169218663,6.565764886549194
TRAIN1205,CCCSc1nc(C)c(cc1C#N)c2csc(n2)C(=C3CCCC3)C#N,mean,5.02952248308969,6.602143939812732
TRAIN1206,O=C(Nc1nc(cs1)c2nc3ccccc3s2)C4COc5ccccc5O4,mean,4.60047649079234,6.602143939812732
TRAIN1207,O=C(CSc1n[nH]c(n1)c2ccc(cc2)S(=O)(=O)N3CCCCC3)Nc4nccs4,mean,4.32621417303019,6.600029480424278
TRAIN1208,Cc1ccc(cc1)S(=O)(=O)Cc2oc(cc2)C(=O)O,mean,4.74182215360085,6.565764886549194
TRAIN1209,O=C(Cc1coc2cc3CCCc3cc12)OCC4=CC(=O)N5C(=N4)Sc6ccccc56,mean,5.31628401497667,6.584214843993485
TRAIN1210,Cc1cccc(N2CCN(CC2)c3nc4ccccc4n5cnnc35)c1C,mean,4.41132131181919,6.565764886549194
TRAIN1211,Cc1ccc(C(=O)CSC2=C(C#N)C(CC(=O)N2)c3occc3)c(C)c1,mean,4.57610513610905,6.602143939812732
TRAIN1212,Cc1snc2sc(C(=O)c3ccc(Br)cc3)c(N)c12,mean,4.54939174624062,6.584214843993485
TRAIN1213,Oc1ccc(\C=N\c2ccc(cc2)N3CCOCC3)c(O)c1,mean,4.51733804364467,6.600029480424278
TRAIN1214,CCOC(=O)c1c(C)c(C)sc1Nc2nc(C)c(s2)C(=O)NC,mean,4.37359023318917,6.565764886549194
TRAIN1215,COc1ccc2c(c1)C(=O)Oc3cc4oc(C)c(C)c4cc23,mean,5.16088600749357,6.578407807385104
TRAIN1216,COc1ccc(OC)c(\C=N\c2oc(c3occc3)c(c4occc4)c2C#N)c1,mean,4.78844564808966,6.578407807385104
TRAIN1217,O=C(Cc1cccs1)Nc2ccccn2,mean,4.87197314332322,6.584214843993485
TRAIN1218,Cc1sc2ncnc(NCc3occc3)c2c1C,mean,4.45246613030073,6.578407807385104
TRAIN1219,Cc1c([nH]c2CC(CC(=O)c12)c3occc3)C(=O)OCC4CCCO4,mean,4.49306305266635,6.602143939812732
TRAIN1220,CCOc1cccc2C=C(C(=O)Oc12)c3nnc(NCc4occc4)s3,mean,4.57207738147755,6.578407807385104
TRAIN1221,Cc1onc(C)c1COc2ccc(cc2)C(=O)OCC(=O)N3c4ccccc4NC(=O)C3(C)C,mean,5.05868041484764,6.578407807385104
TRAIN1222,CCOC(=O)C1=C(O)\C(=C/c2oc(CNC(=O)C(=O)Nc3ccccc3)cc2)\N=C1C,mean,5.2419113230389,6.584214843993485
TRAIN1223,Cc1cc(ccc1n2c(C)ccc2C)C(=O)O,mean,5.12292596536061,6.584214843993485
TRAIN1224,CCOC(=O)c1[nH]c2CC(CC(=O)c2c1C)c3occc3,mean,4.51859635941899,6.578407807385104
TRAIN1225,CCN1CCc2nc(NC(=O)Cc3ccc4OCCOc4c3)sc2C1,mean,4.54094482461076,6.578407807385104
TRAIN1226,COc1ccccc1NC(=O)c2ccccc2NC(=O)c3cc(Cl)ccc3NC(=O)c4occc4,mean,4.90268055349511,6.578407807385104
TRAIN1227,CC(=O)c1c(C)[nH]c(C(=O)COc2ccc(cc2)C#N)c1C,mean,4.46802945895586,6.578407807385104
TRAIN1228,CCOC(=O)CSC1=NN(C)C(=S)S1,mean,5.09782027033806,6.584214843993485
TRAIN1229,COCCCNC(=O)c1ccc2C(=O)N(Cc3ccc4OCOc4c3)C(=S)Nc2c1,mean,4.37669694313743,6.584214843993485
TRAIN1230,Cn1ccnc1SCC(=O)Nc2ccc3nc(SCC(=O)NC4CC4)sc3c2,mean,4.59048836367724,6.578407807385104
TRAIN1231,Cc1c([nH]c2CC(CC(=O)c12)c3occc3)C(=O)OCc4ccccc4,mean,4.63908070389418,6.600029480424278
TRAIN1232,Cc1ccccc1CSCC(=O)NC(=O)NCc2occc2,mean,5.03309270609331,6.600029480424278
TRAIN1233,C(Oc1ccccc1)c2nnc3sc(nn23)C4COc5ccccc5O4,mean,5.02000390461512,6.578407807385104
TRAIN1234,Brc1oc(cc1)c2nc3cc(ccc3[nH]2)N4C(=O)c5ccccc5C4=O,mean,5.04787330735224,6.584214843993485
TRAIN1235,COc1cc2cc(C(N3CCc4ccccc34)c5nnnn5C6CCCC6)c(O)nc2cc1OC,mean,4.65906911365129,6.565764886549194
TRAIN1236,COC(=O)c1ccc2C(=O)N(CC3CCCO3)C(=Nc2c1)SCC(=O)Nc4ccccc4Cl,mean,4.67891300015487,6.565764886549194
TRAIN1237,O=S(=O)(N1CCCCCC1)c2cccc(c2)c3cn4cccnc4n3,mean,4.65169377369776,6.584214843993485
TRAIN1238,COc1ccccc1N2CCN(CC2)C(=O)c3cc4CCCc4s3,mean,5.28445290514375,6.602143939812732
TRAIN1239,OC(=O)C1Nc2c(cccc2C(=O)N3CCOCC3)C4C=CCC14,mean,4.79906008145814,6.565764886549194
TRAIN1240,COc1ccc(OCCC(=O)OCC(=O)NCc2occc2)cc1,mean,4.47734323592094,6.602143939812732
TRAIN1241,COC(=O)C1=C(O)\C(=C/c2oc(CNC(=O)C(=O)Nc3ccc(C)c(C)c3)cc2)\N=C1C,mean,4.70769141763853,6.584214843993485
TRAIN1242,CN(CC(=O)NC(=O)NCc1occc1)Cc2nc(O)c3ccccc3n2,mean,4.86198734945631,6.565764886549194
TRAIN1243,OC1=C(C(=O)Nc2ccccc2[N+](=O)[O-])c3nc4ccccc4n3CC1,mean,4.73077434552155,6.565764886549194
TRAIN1244,COC(=O)c1oc(CSc2nc(O)c3cnn(c4ccc(C)c(C)c4)c3n2)cc1,mean,4.41466280817923,6.584214843993485
TRAIN1245,CC1(C)Cc2c(CO1)sc3c4nnnn4c5nnnn5c23,mean,5.38589408904197,6.578407807385104
TRAIN1246,Cc1cccc2cc(C(N(CC3CCCO3)Cc4occc4)c5nnnn5C(C)(C)C)c(O)nc12,mean,4.87563599797108,6.584214843993485
TRAIN1247,COc1ccc(Cn2c(N)c(C(=O)NCc3occc3)c4nc5ccccc5nc24)cc1,mean,4.76196117701313,6.578407807385104
TRAIN1248,Cc1ccc(Nc2nnc(SCC(=O)NCc3occc3)s2)cc1,mean,4.5411194670599,6.602143939812732
TRAIN1249,CCOC(=O)C1=C(O)\C(=C/c2oc(CNC(=O)C(=O)Nc3ccc(C)c(C)c3)cc2)\N=C1C,mean,4.39242274813291,6.578407807385104
TRAIN1250,Clc1ccc(cc1)N2CCN(CC2)C(=O)CCCN3C(=S)Nc4cc5OCOc5cc4C3=O,mean,4.89936310035941,6.565764886549194
TRAIN1251,CCc1ccc2nc(NC(=O)c3ccc4c(O)nc(CN5CCOCC5)nc4c3)sc2c1,mean,5.08461705141423,6.578407807385104
TRAIN1252,Fc1ccc(CNC(=O)C2=CC3=C(N=C4C=CC=CN4C3=O)N(Cc5cccnc5)C2=N)cc1,mean,5.152559376579,6.565764886549194
TRAIN1253,CCOC(=O)C1=C(Nc2ccc(C)cc2)S\C(=C/c3cn(CC(=O)NCC4CCCO4)c5ccccc35)\C1=O,mean,5.11924755611537,6.578407807385104
TRAIN1254,COc1ccc2[nH]c3nc(SCc4oc(nn4)c5ccc(C)cc5)nnc3c2c1,mean,5.1649381839164,6.578407807385104
TRAIN1255,Cc1sc2ncnc(SCC(=O)NC(=O)NCc3occc3)c2c1C,mean,4.93909299337807,6.578407807385104
TRAIN1256,CCC1=NN2C(=NC(=O)\C(=C\c3oc(SCc4occc4)cc3)\C2=N)S1,mean,4.67752227355247,6.565764886549194
TRAIN1257,CC1CCN(CC1)S(=O)(=O)c2ccc(NC(=O)Cc3cccs3)cc2,mean,5.02258096477287,6.578407807385104
TRAIN1258,CC(=O)c1cccc(NC(=O)Cc2cccs2)c1,mean,4.73179189747043,6.602143939812732
TRAIN1259,Cn1c(SCC(=O)Nc2sccc2C#N)nnc1c3ccccc3,mean,4.76683782277114,6.578407807385104
TRAIN1260,Cc1csc2nc(CCNS(=O)(=O)c3ccc4OCCOc4c3)cn12,mean,4.76800569930525,6.578407807385104
TRAIN1261,Cc1cccc2c(C)cc(SCC(=O)NC(=O)NCc3occc3)nc12,mean,4.49430925471006,6.565764886549194
TRAIN1262,ClC1=CCC2C(C1)C(=O)N(CCCCCCN3C(=O)C4CC=C(Cl)CC4C3=O)C2=O,mean,4.60727386031865,6.602143939812732
TRAIN1263,CC1CC(n2nc(cc2N1)C(=O)O)C(F)(F)C(F)(F)F,mean,4.70062935231933,6.578407807385104
TRAIN1264,Cc1nnc(Oc2ccccc2F)c3ccccc13,mean,4.52307567008513,6.600029480424278
TRAIN1265,COc1ccc(OC)c(NC(=O)c2cc([nH]n2)c3ccc(C)cc3O)c1,mean,4.65525198639263,6.602143939812732
TRAIN1266,CCN(c1ccccc1)S(=O)(=O)c2cc(ccc2C)C(=O)O,mean,4.88415526543205,6.602143939812732
TRAIN1267,COC(=O)c1cc2ccsc2n1CC(=O)Nc3ccc(cc3)N(C)C,mean,4.32550977471733,6.578407807385104
TRAIN1268,CCOc1ccc(Nc2oc(nc2C#N)c3ccccc3Cl)cc1,mean,5.02042567765862,6.565764886549194
TRAIN1269,Clc1ccc(s1)S(=O)(=O)NCCc2csc(n2)c3cccnc3,mean,4.71622854027023,6.565764886549194
TRAIN1270,Cc1ccc(cc1)C(=O)N\N=C\c2ccc(s2)[N+](=O)[O-],mean,4.67484304449807,6.584214843993485
TRAIN1271,COc1ccc(CNC(=O)c2cc(on2)c3cccs3)cc1,mean,4.55705608184781,6.584214843993485
TRAIN1272,COc1ccccc1\C=C\2/Sc3nc(nn3C2=O)c4occc4,mean,4.75681357203525,6.584214843993485
TRAIN1273,COc1ccc(cc1)N2Cc3cccc(C(=O)O)c3C2=O,mean,4.92143480310854,6.584214843993485
TRAIN1274,COc1ccc(cc1)N2Cc3cccc(C(=O)N4CCN(CC4)C(=O)c5occc5)c3C2=O,mean,5.00898624870819,6.584214843993485
TRAIN1275,Cc1nc2cc(nn2c(O)c1Cl)c3ccsc3n4c(C)ccc4C,mean,4.56118608454367,6.578407807385104
TRAIN1276,Fc1ccccc1c2oc3ccc(NC(=O)c4cncc(Br)c4)cc3n2,mean,4.8094576500544,6.565764886549194
TRAIN1277,Clc1ccc(Nc2nc(cs2)c3ccncc3)cc1,mean,4.74028693342951,6.578407807385104
TRAIN1278,O=C(Nc1ccc(cc1)n2nncc2c3occc3)C4=Cc5ccccc5OC4=O,mean,4.39168817134633,6.584214843993485
TRAIN1279,Cc1ccc(NC(=O)CN2C(=O)S\C(=C\c3oc(cc3)c4cc(ccc4C)C(=O)O)\C2=O)cc1C,mean,4.74032299679253,6.600029480424278
TRAIN1280,COc1ccc2c(c1)C(=O)Oc3cc(OCC(=O)NC4CCCCC4)ccc23,mean,4.74727072418482,6.600029480424278
TRAIN1281,Brc1ccc(cc1)C2NC(=O)c3c4CCCc4sc3N2,mean,4.71199616869067,6.584214843993485
TRAIN1282,CN(C)CC(=O)N1c2ccccc2CCc3ccc(NC(=O)c4ccc(N)cc4)cc13,mean,4.80746488301482,6.578407807385104
TRAIN1283,CC(=O)Nc1ccc(cc1)\N=C\c2nc(oc2O)c3ccc(C)cc3,mean,5.08644150308821,6.565764886549194
TRAIN1284,CCOc1cccc2C=C(C(=O)Oc12)c3cn4cc(C)ccc4n3,mean,5.41807990968355,6.602143939812732
TRAIN1285,CN1N=C(SCC(=O)Nc2nc(C)cc(C)n2)SC1=S,mean,5.05715097494662,6.584214843993485
TRAIN1286,COc1cc(cc2OCOc12)C3C(=C(N)OC4=C3C(=O)OC(=C4)C)C#N,mean,4.58183680975872,6.584214843993485
TRAIN1287,CN(\N=C\c1cccnc1)C2=C(Cl)C(=O)N(N=C2)c3ccc(F)c(Cl)c3,mean,4.74793304940716,6.584214843993485
TRAIN1288,CCSc1nnc(NC(=O)C2Cc3ccccc3CN2C(=O)c4occc4)s1,mean,5.1268032508159,6.578407807385104
TRAIN1289,CS(=O)(=O)c1ccc2nc(NC(=O)CCC(=O)c3cccs3)sc2c1,mean,5.14828496475211,6.565764886549194
TRAIN1290,Cc1nnc(NC(=O)Cc2cccs2)s1,mean,4.72027443927624,6.565764886549194
TRAIN1291,Brc1cnc2cc(nn2c1)C(=O)N3CCN(CC3)C(=O)c4occc4,mean,4.74690950641093,6.584214843993485
TRAIN1292,OC1=C(\C=N\c2cc(Cl)ccc2O)C(=O)CC(C1)c3occc3,mean,4.35846045279168,6.602143939812732
TRAIN1293,CCOC(=O)c1ccc(NC(=O)CSc2nc(C)cc(O)n2)cc1,mean,5.51390972181463,6.602143939812732
TRAIN1294,COc1ccc(NC2=NC(=O)S/C/2=C\c3ccc(cc3)N(C)C)cc1,mean,4.47716260152248,6.584214843993485
TRAIN1295,CC1CC2=C(S1)C(=O)N(CCc3ccccc3)C(=N2)SCC(=O)Nc4cc(C)on4,mean,4.47420056548306,6.600029480424278
TRAIN1296,CCN1C(=O)c2ccccc2N=C1SCC(=O)Nc3ccc(NC(=O)c4occc4)c(OC)c3,mean,4.4458976978771,6.565764886549194
TRAIN1297,CCOCCCNC(=O)c1cnc2ccc(cc2c1O)S(=O)(=O)Nc3cccc(OC)c3,mean,4.45354383389407,6.602143939812732
TRAIN1298,CCOc1cc(N2CCOCC2)c(OCC)cc1NC(=O)c3cc(nc4ccccc34)c5occc5,mean,4.8320650474416,6.602143939812732
TRAIN1299,OC1C(Sc2ccccc2NC1=O)c3ccccc3,mean,5.52050818833839,6.602143939812732
TRAIN1300,Nc1c(C#N)c(cc(c2ccccc2)c1C#N)c3occc3,mean,4.47559725641642,6.584214843993485
TRAIN1301,O=C(Nc1ccc(cc1)N2CCCC2)C(c3ccccc3)c4ccccc4,mean,5.1492239246649,6.565764886549194
TRAIN1302,CN1N=C(c2c(c(N)n(C3CCCCC3)c2C1=O)c4nc5ccccc5s4)[N+](=O)[O-],mean,5.30251434217388,6.602143939812732
TRAIN1303,CC(=O)c1c(COC(=O)c2occc2)nc3ccccc3[n+]1[O-],mean,4.53406333016282,6.584214843993485
TRAIN1304,NC1=C(C#N)C(C2=C(O1)\C(=C/c3cocc3)\CCC2)c4cocc4,mean,4.99854667930364,6.602143939812732
TRAIN1305,Brc1ccc(cc1)c2nnc(c3cccnc3)c4conc24,mean,5.17906329361928,6.578407807385104
TRAIN1306,Cc1ccc(OCc2ccoc2C(=O)O)cc1C,mean,4.59448613658729,6.600029480424278
TRAIN1307,CCOC(=O)C1=C2N(C(=O)C(S1)c3ccccc3OC)C(=C(N)/C/2=C\c4ccccc4OC)C#N,mean,5.00883597080835,6.600029480424278
TRAIN1308,Fc1ccc(cc1)c2nnc(c3ccccc23)n4nnc5ccccc45,mean,4.58028342701928,6.565764886549194
TRAIN1309,COc1ccc(cc1)c2oc(nn2)C3=Cc4c(OC3=O)ccc5ccccc45,mean,4.69811875336692,6.602143939812732
TRAIN1310,[O-][N+](=O)c1cc(ccc1Cl)C(=O)NNC(=O)c2ccc(SCC3CCCO3)c(c2)[N+](=O)[O-],mean,4.63253020809741,6.600029480424278
TRAIN1311,O=C(Nc1ccc2nn(nc2c1)c3ccccc3)c4ccc5OCOc5c4,mean,5.20067048038761,6.600029480424278
TRAIN1312,CC(C)CNC(=O)c1c(N)n(\N=C\c2ccccn2)c3nc4ccccc4nc13,mean,4.79840980778379,6.565764886549194
TRAIN1313,COc1cc(NC(=O)c2cccs2)c(cc1OC)C(=O)OCC(=O)NCc3occc3,mean,4.83054776528276,6.565764886549194
TRAIN1314,CCn1nnc(NC(=O)CSc2ccc(Cl)cc2)n1,mean,5.03299663718775,6.578407807385104
TRAIN1315,NC(=O)c1ccccc1OCC2CC(=NO2)c3ccccc3,mean,4.52385845973953,6.565764886549194
TRAIN1316,COc1ccc(cc1OC)c2nc(C(=O)N)c3nc(O)n(c4cccc(Cl)c4)c3n2,mean,5.20328763025923,6.584214843993485
TRAIN1317,CS(=O)(=O)N(CC(=O)NCc1occc1)c2ccc3OCOc3c2,mean,4.39664914291357,6.578407807385104
TRAIN1318,CCOC(=O)c1c(COC)n(C)c2C(=O)C(=O)c3ccc(Br)cc3c12,mean,5.0520396600903,6.584214843993485
TRAIN1319,Cc1cc(C)c(c(C)c1)S(=O)(=O)\N=C\2/C=CC(=O)C(=C2)Cl,mean,4.98780583832918,6.600029480424278
TRAIN1320,O=S(=O)(NCc1csc(n1)c2cccnc2)c3cccs3,mean,4.74363444946183,6.600029480424278
TRAIN1321,COC(=O)c1cnn2c(cc(nc12)c3occc3)C(F)(F)F,mean,4.37256675104935,6.600029480424278
TRAIN1322,C\C=C\COC(=O)c1[nH]c2CC(CC(=O)c2c1C)c3occc3,mean,4.60771943050859,6.600029480424278
TRAIN1323,CC1CC2=C(S1)C(=O)N(CCc3ccccc3)C(=N2)SCC(=O)Nc4nnc(C)s4,mean,4.75587435189118,6.578407807385104
TRAIN1324,Cc1ccc(cc1)S(=O)(=O)Cc2oc(cc2)C(=O)N3CCC4(CC3)OCCO4,mean,4.36647387798186,6.600029480424278
TRAIN1325,COCCOC(=O)c1[nH]c2CC(CC(=O)c2c1C)c3occc3,mean,4.70969019995492,6.584214843993485
TRAIN1326,Clc1ccc2cc3cc(oc3nc2c1)C(=O)NCc4occc4,mean,4.7519308068645,6.584214843993485
TRAIN1327,CSc1ccc(cc1)S(=O)(=O)Nc2cccc(F)c2,mean,4.62549214012227,6.565764886549194
TRAIN1328,CC(C)CC(=O)Nc1ccc(cc1)C(=O)COc2ccc(cc2)c3ocnn3,mean,4.65251269121475,6.584214843993485
TRAIN1329,Cc1cccc(OCc2nnc(SCC(=O)NC(=O)NCc3occc3)n2CC=C)c1,mean,4.82910286039691,6.602143939812732
TRAIN1330,O=C(NCc1occc1)c2cc3CSCc3s2,mean,5.02625348661083,6.584214843993485
TRAIN1331,CCOc1ccc(NC2=NC(=O)S/C/2=C\c3ccc(OC)cc3)cc1,mean,4.72594588558301,6.584214843993485
TRAIN1332,NC(=O)c1c2CCCCCCc2sc1NC(=O)c3cccs3,mean,4.58732160395108,6.602143939812732
TRAIN1333,CCC\C(=N\Nc1ccc(Cl)cc1)\c2cnnc(n2)c3ccccc3,mean,5.41421451710934,6.600029480424278
TRAIN1334,O=C(Cc1cccs1)Nc2nnc(COc3ccccc3)s2,mean,4.4288713911395,6.602143939812732
TRAIN1335,COc1cccc2sc(Nc3oc(nn3)c4ccc(F)cc4)nc12,mean,4.60267643190417,6.578407807385104
TRAIN1336,Cc1onc(c1C(=O)OCC(=O)NCc2occc2)c3c(F)cccc3Cl,mean,4.41318177057485,6.578407807385104
TRAIN1337,O=Cc1ccc2OC3=C(C(=O)N4CCCSC4=N3)C(=O)c2c1,mean,4.74956462686628,6.600029480424278
TRAIN1338,CN1C(=O)c2cc(C(=O)Nc3ccc4OCOc4c3)n(C)c2c5ccccc15,mean,4.64658236917103,6.600029480424278
TRAIN1339,O=C(CSc1ncccn1)Nc2oc(c3ccccc3)c(c4ccccc4)c2C#N,mean,5.01858915983411,6.565764886549194
TRAIN1340,Cc1ccc(cc1C)n2nnnc2SCC(=O)Nc3cccc(NC(=O)c4occc4)c3,mean,4.82629725752537,6.584214843993485
TRAIN1341,Clc1ccc(cc1)c2nc(NC(=O)CSc3nnnn3c4ccccc4)ns2,mean,4.68236887776863,6.565764886549194
TRAIN1342,Fc1cccc(c1)C(=O)N2CCN(CC2)C(=O)c3cc4ncc(Br)cn4n3,mean,4.47673516487617,6.565764886549194
TRAIN1343,Cc1ccc(cc1)C(=O)ONc2ccc(cc2)N=NC(=O)c3ccccc3O,mean,5.07374967062203,6.584214843993485
TRAIN1344,COc1ccc(C)cc1n2nnnc2SCC(=O)NC(=O)NCc3occc3,mean,5.02329108533107,6.584214843993485
TRAIN1345,O=C(COC(=O)c1cccc(c1)S(=O)(=O)N2CCc3ccccc3C2)NCc4occc4,mean,4.60273436596132,6.578407807385104
TRAIN1346,OC(=O)c1ccc2N[C@H]([C@H]3CC=C[C@H]3c2c1)c4ccccn4,mean,5.02077450712343,6.602143939812732
TRAIN1347,CC(C)c1c(O)c(O)c(C=O)c2c(O)c(c(C)cc12)c3c(C)cc4c(C(C)C)c(O)c(O)c(C=O)c4c3O,mean,5.59323166201562,6.602143939812732
TRAIN1348,CC1CCc2c(C1)sc(NC(=O)c3oc(Cn4cc(cn4)[N+](=O)[O-])cc3)c2C#N,mean,5.07856637309888,6.600029480424278
TRAIN1349,Cc1[nH]c2ccc(cc2c1C)c3oc(SCC(=O)c4ccccc4F)nn3,mean,4.58473877681157,6.600029480424278
TRAIN1350,COc1cc(\C=C\2/Sc3nc(nn3C2=O)c4ccncc4)ccc1OC(=O)C,mean,4.49951707397422,6.584214843993485
TRAIN1351,O=C(COC(=O)c1ccccc1Oc2ccccc2)NCc3occc3,mean,4.74679530864056,6.578407807385104
TRAIN1352,CCc1ccc2nc(O)c(CN(Cc3ccc4OCOc4c3)C(=O)c5occc5)cc2c1,mean,4.58183680975872,6.600029480424278
TRAIN1353,CSC1=N\C(=C/c2oc(Br)cc2)\C(=O)S1,mean,4.65538434810389,6.584214843993485
TRAIN1354,CC1=C(SCCC#N)S\C(=C\2/SC(=C(SCCC#N)S2)C)\S1,mean,5.29203913465215,6.600029480424278
TRAIN1355,Cc1ccccc1Nc2nnc(SCC(=O)NC(=O)NCc3occc3)s2,mean,4.76232835483134,6.602143939812732
TRAIN1356,O=C(CSc1n[nH]c(n1)c2occc2)Nc3sc4CCCCc4c3C(=O)Nc5ccccc5,mean,4.39776903887726,6.600029480424278
TRAIN1357,CCOC(=O)C1CCCN(C1)C(=O)c2cc3ncc(Br)cn3n2,mean,4.68442783539546,6.565764886549194
TRAIN1358,CCCc1cc(n2ccnc2)n3c4ccccc4nc3c1C#N,mean,4.52579699813894,6.600029480424278
TRAIN1359,CC(=O)c1ccc(NCC(=O)N2CCN(CC2)c3ccccc3)cc1,mean,5.29943818710162,6.578407807385104
TRAIN1360,Cc1ccc(NS(=O)(=O)c2cccc(c2)C(=O)OCC(=O)NCc3occc3)cc1,mean,4.51418335141008,6.602143939812732
TRAIN1361,O=C(NCc1occc1)C2=Cc3ccccc3C(=O)O2,mean,4.52031832445487,6.584214843993485
TRAIN1362,O=C(Nc1ccc2oc(nc2c1)c3ccc4ccccc4c3)c5cccs5,mean,4.55695961615859,6.600029480424278
TRAIN1363,Cc1ccc(N\C=C/2\C(=O)N(C(=O)c3ccccc23)c4ccc5OCOc5c4)cc1,mean,4.70242943855046,6.600029480424278
TRAIN1364,Clc1cc2C(=O)c3ccccc3C(=O)c2cc1NC(=O)COC(=O)CC4CCCC4,mean,4.65260284501831,6.578407807385104
TRAIN1365,COc1ccc2nc3oc(cc3cc2c1)C(=O)N4CCN(CC4)c5cccc(c5)C(F)(F)F,mean,4.81120365181192,6.565764886549194
TRAIN1366,Cc1nn(c(Cl)c1\C=N\Nc2ccc(cc2[N+](=O)[O-])S(=O)(=O)Nc3ccccc3C(=O)O)c4ccccc4,mean,5.16523288913073,6.602143939812732
TRAIN1367,Cc1ccc2nc(O)c(cc2c1)C3C(=C(N)Oc4c3ccc5cccnc45)C#N,mean,4.70928085669247,6.602143939812732
TRAIN1368,COc1cc(NC(=O)COc2ccc(cc2)n3cnnn3)c(OC)cc1Cl,mean,5.08048103479045,6.578407807385104
TRAIN1369,FC(F)(F)c1cc(nc2c(cnn12)C(=O)Nc3cnn(c3)C45CC6CC(CC(C6)C4)C5)c7occc7,mean,5.4389236725246,6.584214843993485
TRAIN1370,O=S(=O)(\N=C(\Sc1ccccc1)/c2ccccc2)c3ccccc3,mean,4.99129765332127,6.578407807385104
TRAIN1371,Oc1c(Cl)cc(Cl)cc1Sc2cc(Cl)cc(Cl)c2O,mean,5.40440678922252,6.602143939812732
TRAIN1372,O=C(COC(=O)CCOc1ccccc1)NCc2occc2,mean,4.77949311975971,6.600029480424278
TRAIN1373,OC(=O)c1cc(nc2ccc(Br)cc12)c3occc3,mean,4.3220298881035,6.602143939812732
TRAIN1374,O=C(CSC1=Nc2scc(c3occc3)c2C(=O)N1c4ccccc4)NCC5CCCO5,mean,4.52099856208925,6.602143939812732
TRAIN1375,Cc1occc1c2nnc3sc(nn23)c4cc(oc4C)c5ccc(Cl)cc5,mean,5.55760176679497,6.602143939812732
TRAIN1376,Cc1cc(C)n2nc(SCC3=CC(=O)Oc4cc(O)ccc34)nc2n1,mean,4.99433225248268,6.600029480424278
TRAIN1377,CCCCCCc1cc2C=C(C(=O)Oc2cc1O)c3oc(nn3)c4ccccc4,mean,4.45664441041485,6.584214843993485
TRAIN1378,CN(c1ccccc1C(=O)O)S(=O)(=O)c2ccc3NC(=O)c4cccc2c34,mean,4.72849248742571,6.600029480424278
TRAIN1379,CCOc1ccc(NC(=O)c2oc3nc4cc(OC)ccc4cc3c2)cc1,mean,4.32540135160228,6.602143939812732
TRAIN1380,COc1ccccc1C(=O)Nc2nc(c(NC(=O)C)s2)c3cccs3,mean,4.72083447185916,6.584214843993485
TRAIN1381,Clc1ccc(s1)S(=O)(=O)NCc2csc(n2)c3cccnc3,mean,4.86549139909975,6.578407807385104
TRAIN1382,CC(Cc1ccc(O)c(O)c1)C(C)Cc2ccc(O)c(O)c2,mean,4.65377087582302,6.565764886549194
TRAIN1383,COc1ccc(OC)c(c1)N2C(=O)[C@H]3ON=C([C@H]3C2=O)c4ccccc4Cl,mean,5.00944405224017,6.565764886549194
TRAIN1384,CC(=O)OC1CC(C)(C)N(OC(=O)c2ccc(N)cc2)C(C)(C)C1,mean,4.57926602634855,6.600029480424278
TRAIN1385,O=C(Nc1ccc2c(c1)nc3CSCCn23)c4occc4,mean,4.83844065083876,6.584214843993485
TRAIN1386,COc1ccc(cc1)N2C(=Nc3sc4CN(C)CCc4c3C2=O)SCC(=O)Nc5nccs5,mean,5.07184748226717,6.602143939812732
TRAIN1387,Cc1oc2c(cccc2n1)C(=O)NCc3ccccc3,mean,4.31498570912566,6.578407807385104
TRAIN1388,CC(=N)\C(=C(\O)/CSc1oc(COc2ccccc2Cl)nn1)\C#N,mean,4.42923868358544,6.602143939812732
TRAIN1389,COC(=O)c1oc(CSc2nc(C)nc3sc(C)c(C)c23)cc1,mean,4.31072915440875,6.584214843993485
TRAIN1390,Oc1ccc2C=C(C(=O)NCc3occc3)C(=O)Oc2c1,mean,4.84470830535413,6.600029480424278
TRAIN1391,CN(C)S(=O)(=O)N(CC(=O)N(Cc1ccccc1)Cc2ccccc2)c3ccccc3,mean,4.60361337109283,6.600029480424278
TRAIN1392,O=C(CCCCCN1C(=S)Nc2ccccc2C1=O)N3CCC(CC3)Nc4ccccc4,mean,6.74472749489669,6.584214843993485
TRAIN1393,CC(C)(C)OC(=O)[C@@H](CCC(=O)N1CCN(CC1)c2ccc(cc2)C#N)N3C(=S)Nc4ccccc4C3=O,mean,7.09691001300806,6.584214843993485
TRAIN1394,O=C(CCCCCN1C(=S)Nc2ccccc2C1=O)N3CCN(CC3)c4ccccc4C#N,mean,7.04575749056067,6.584214843993485
TRAIN1395,Clc1cccc(c1)N2CCN(CC2)C(=O)CCCCCN3C(=S)Nc4ccccc4C3=O,mean,6.45593195564972,6.578407807385104
TRAIN1396,O=C(CCCCCN1C(=S)Nc2ccccc2C1=O)N3CCN(CC3)c4ccncc4,mean,7.52287874528034,6.578407807385104
TRAIN1397,O=C(CCCN1C(=S)Nc2ccccc2C1=O)N3CCC(CC3)c4ccccc4,mean,7.30102999566398,6.600029480424278
TRAIN1398,O=C(CCCCCN1C(=S)Nc2ccccc2C1=O)N3CCC(CC3)N(Cc4ccccc4)c5ccccc5,mean,6.92081875395237,6.602143939812732
TRAIN1399,Oc1ccccc1N2CCN(CC2)C(=O)CCCN3C(=S)Nc4ccccc4C3=O,mean,7.15490195998574,6.602143939812732
TRAIN1400,Clc1ccc(cc1)N2CCN(CC2)C(=O)CCCN3C(=S)Nc4ccccc4C3=O,mean,4.70311552446145,6.602143939812732
TRAIN1401,FC(F)(F)c1ccc(cc1)N2CCN(CC2)C(=O)CCCCCN3C(=S)Nc4ccccc4C3=O,mean,4.36825192560343,6.600029480424278
TRAIN1402,[O-][N+](=O)c1cccc(c1)N2CCN(CC2)C(=O)CCCCCN3C(=S)Nc4ccccc4C3=O,mean,6.07572071393812,6.602143939812732
TRAIN1403,COc1cc2NC(=S)N(CCCC(=O)N3CCN(CC3)c4cccc(Cl)c4)C(=O)c2cc1OC,mean,5.62708799702989,6.584214843993485
TRAIN1404,OC1(CCN(CC1)C(=O)CCCCCN2C(=S)Nc3ccccc3C2=O)c4ccc(Cl)cc4,mean,7.09691001300806,6.578407807385104
TRAIN1405,Oc1cccc(c1)N2CCN(CC2)C(=O)CCCN3C(=S)Nc4ccccc4C3=O,mean,5.79048498545737,6.600029480424278
TRAIN1406,O=C(CCCCCN1C(=S)Nc2ccccc2C1=O)N3CCN(CC3)c4ncccn4,mean,6.92081875395237,6.578407807385104
TRAIN1407,O=C(CCCN1C(=S)Nc2ccccc2C1=O)N3CCN(Cc4cccc5ccccc45)CC3,mean,6.76955107862173,6.602143939812732
TRAIN1408,O=C(CCCCCN1C(=S)Nc2ccccc2C1=O)N3CCN(CC3)c4cccc(c4)C#N,mean,7.04575749056067,6.600029480424278
TRAIN1409,COC(=O)c1ccc2C(=O)N(CCCC(=O)N3CCN(CC3)c4cccc(Cl)c4)C(=S)Nc2c1,mean,4.72699872793626,6.584214843993485
TRAIN1410,O=C(CCCN1C(=S)Nc2ccccc2C1=O)N3CCN(CC3)c4cccc5ccccc45,mean,7.15490195998574,6.584214843993485
TRAIN1411,C[C@@H]1CCCCCCCc2cc(OC(=O)C)cc(OC(=O)C)c2C(=O)O1,mean,5.07779372256098,6.578407807385104
TRAIN1412,COc1cc(\C=C\2/SC(=O)NC2=O)ccc1Oc3ccc(cc3C(F)(F)F)C#N,mean,5.65757731917779,6.565764886549194
TRAIN1413,COc1cc(O)c(\C=C/C(C)(C)O)c2O[C@@H](CC(=O)c12)c3ccccc3,mean,2.45593195564972,6.578407807385104
TRAIN1414,COc1cc(O)c(\C=C/C(C)(C)O)c2OC(CC(=O)c12)c3ccc(O)cc3,mean,3.0,6.600029480424278
TRAIN1415,COc1cc(O)c(\C=C/C(C)(C)O)c(O)c1C(=O)\C=C\c2ccc(O)cc2,mean,4.09691001300806,6.578407807385104
TRAIN1416,CC(C)[C@]1(O)CC[C@@]2(C)[C@H](O)CCC(=C)[C@@H]2[C@H]1O,mean,2.55284196865778,6.578407807385104
TRAIN1417,Cn1cc(NC(=O)c2cc(NC(=O)CCS(=O)(=O)C)cn2C)cc1C(=O)NCCCC(=O)NCCCCCC[C@@H]3Cc4cc(O)ccc4[C@H]5CC[C@]6(C)[C@@H](O)CC[C@H]6[C@H]35,mean,8.95467702121334,6.600029480424278
TRAIN1418,Oc1ccc(\C=C\C(=O)OCCc2ccccc2)cc1O,mean,5.10171372141088,6.578407807385104
TRAIN1419,C[C@]12CC[C@H]3[C@@H](CCc4cc(OC(=O)c5ccccc5)ccc34)[C@@H]1CC[C@@H]2O,mean,7.18708664335714,6.578407807385104
TRAIN1420,CC(C)(c1ccc(O)cc1)c2ccc(O)cc2,mean,5.64378286578027,6.578407807385104
TRAIN1421,CCCCCCCCCc1ccc(O)cc1,mean,6.42365864979421,6.578407807385104
TRAIN1422,CCCCCCCCc1ccc(O)cc1,mean,4.55792806339697,6.584214843993485
TRAIN1423,C[C@]12CC[C@H]3[C@@H](CCc4cc(O)ccc34)[C@@H]1C[C@@H](O)[C@@H]2O,mean,8.77185639240226,6.565764886549194
TRAIN1424,CC[C@]1(O)CC[C@H]2[C@@H]3CCC4=CCCC[C@@H]4[C@H]3CC[C@]12C,mean,5.95039438740503,6.600029480424278
TRAIN1425,CCN(CC)CCOc1ccc(cc1)\C(=C(\Cl)/c2ccccc2)\c3ccccc3,mean,8.34065436425382,6.602143939812732
TRAIN1426,C[C@]12Cc3cnoc3C=C1CC[C@@H]4[C@@H]2CC[C@@]5(C)[C@H]4CC[C@@]5(O)C#C,mean,4.74982405191608,6.602143939812732
TRAIN1427,C[C@]12CC[C@H]3[C@@H](CCC4=CC(=O)CC[C@H]34)[C@@H]1CC[C@@]2(O)C#C,mean,6.09258863922541,6.578407807385104
TRAIN1428,COc1ccc2[C@H]3CC[C@@]4(C)[C@@H](CC[C@@]4(O)C#C)[C@@H]3CCc2c1,mean,7.74472749489669,6.600029480424278
TRAIN1429,C[C@]1(O)CC[C@H]2[C@@H]3CC[C@H]4Cc5n[nH]cc5C[C@]4(C)[C@H]3CC[C@]12C,mean,6.94692155651658,6.578407807385104
TRAIN1430,C[C@@H]1CC2=C(CCC(=O)C2)[C@H]3CC[C@@]4(C)[C@@H](CC[C@@]4(O)C#C)[C@H]13,mean,6.36321131096562,6.584214843993485
TRAIN1431,CCC1=C(c2ccc(O)cc2)c3ccc4cccc1n34,mean,8.02227639471115,6.584214843993485
TRAIN1432,C[C@H]1CCN(CCOc2ccc(cc2)C(=O)c3c(sc4cc(O)ccc34)c5ccc(O)cc5)C1,mean,9.22184874961636,6.565764886549194
TRAIN1433,C[C@H](COc1ccc(cc1)C(=O)c2c(sc3cc(O)ccc23)c4ccc(O)cc4)N5CCCC5,mean,9.69897000433602,6.602143939812732
TRAIN1434,Cc1cccc(c1)C(=O)Oc2ccc3ccc(O)cc3c2,mean,4.55129368009492,6.600029480424278
TRAIN1435,COc1ccccc1C(=O)Oc2ccc3ccc(O)cc3c2,mean,5.36451625318509,6.584214843993485
TRAIN1436,Oc1cccc2c(OC(=O)\C=C\c3ccccc3)cccc12,mean,5.5016894462104,6.578407807385104
TRAIN1437,Oc1cccc2c(OC(=O)c3ccc(Br)cc3)cccc12,mean,5.72353819582676,6.602143939812732
TRAIN1438,Cc1cccc(c1)C(=O)Oc2cccc3c(O)cccc23,mean,5.64016451766011,6.600029480424278
TRAIN1439,CCOc1ccccc1C(=O)Oc2ccc3ccc(O)cc3c2,mean,5.48280410205003,6.600029480424278
TRAIN1440,Oc1ccc(cc1)C(=O)OC(c2ccccc2)c3ccccc3,mean,6.53760200210104,6.602143939812732
TRAIN1441,COc1cccc(c1)C(=O)Oc2cccc(O)c2,mean,4.54975089168064,6.565764886549194
TRAIN1442,Oc1ccc2ccc(OC(=O)c3ccccc3F)cc2c1,mean,5.51427857351842,6.600029480424278
TRAIN1443,COc1ccccc1C(=O)Oc2cccc3c(O)cccc23,mean,4.96657624451305,6.565764886549194
TRAIN1444,Oc1cccc2c(OC(=O)c3ccccc3)cccc12,mean,5.65169513695184,6.602143939812732
TRAIN1445,Cc1ccc(cc1)S(=O)(=O)Oc2cccc3c(O)cccc23,mean,5.54211810326601,6.600029480424278
TRAIN1446,Oc1cccc2c(OC(=O)C3CCCCC3)cccc12,mean,5.70333480973847,6.578407807385104
TRAIN1447,Oc1ccc2ccc(OC(=O)c3ccccc3Cl)cc2c1,mean,6.0,6.584214843993485
TRAIN1448,Cc1ccccc1S(=O)(=O)Oc2cccc3c(O)cccc23,mean,6.59345981956604,6.578407807385104
TRAIN1449,Oc1cccc2c(OC(=O)c3ccccc3Cl)cccc12,mean,6.20134935455473,6.578407807385104
TRAIN1450,Cc1ccccc1S(=O)(=O)Oc2ccc3ccc(O)cc3c2,mean,5.05700040663396,6.584214843993485
TRAIN1451,Cc1ccccc1C(=O)Oc2cccc3c(O)cccc23,mean,6.36653154442041,6.565764886549194
TRAIN1452,CC\C(=C(/c1ccccc1)\c2ccc(OCCN(C)Cc3ccc(cc3)c4cn(CCCCCC(=O)NO)nn4)cc2)\c5ccccc5,mean,6.60554831917378,6.578407807385104
TRAIN1453,CC\C(=C(/c1ccccc1)\c2ccc(OCCN(C)Cc3ccc(NC(=O)CCCCCCC(=O)NO)cc3)cc2)\c4ccccc4,mean,6.89619627904404,6.600029480424278
TRAIN1454,CCCCC(CCCC)(c1ccc(O)c(CC)c1)c2ccc(O)c(CC)c2,mean,5.53760200210104,6.565764886549194
TRAIN1455,Cc1cc(ccc1O)C(C)(C)c2ccc(O)c(C)c2,mean,5.92081875395237,6.600029480424278
TRAIN1456,Oc1ccc(cc1)C2(CCCCC2)c3ccc(O)cc3,mean,6.2839966563652,6.584214843993485
TRAIN1457,CCCC(CCC)(c1ccc(O)c(CC)c1)c2ccc(O)c(CC)c2,mean,6.30980391997149,6.578407807385104
TRAIN1458,CCc1cc(ccc1O)C(CC)(CC)c2ccc(O)c(CC)c2,mean,6.63827216398241,6.602143939812732
TRAIN1459,Cc1cc(ccc1O)C2(CCCCC2)c3ccc(O)c(C)c3,mean,6.63827216398241,6.578407807385104
TRAIN1460,Oc1ccc(cc1)C2(CCCC2)c3ccc(O)cc3,mean,6.76955107862173,6.565764886549194
TRAIN1461,CCC(CC)(c1ccc(O)cc1)c2ccc(O)c(C)c2,mean,6.95860731484177,6.602143939812732
TRAIN1462,CCCC(CCC)(c1ccc(O)cc1)c2ccc(O)cc2,mean,7.00436480540245,6.578407807385104
TRAIN1463,CCC(CC)(c1ccc(N)c(C)c1)c2ccc(O)c(C)c2,mean,7.0087739243075,6.584214843993485
TRAIN1464,CCC(CC)(c1ccc(O)cc1)c2ccc(O)cc2,mean,7.06550154875643,6.578407807385104
TRAIN1465,Cc1cc(ccc1O)C2(CCCC2)c3ccc(O)c(C)c3,mean,7.07572071393812,6.584214843993485
TRAIN1466,CCCCC(CCCC)(c1ccc(O)cc1)c2ccc(O)cc2,mean,7.10237290870956,6.565764886549194
TRAIN1467,CCC(CC)(c1cc(C)c(O)c(C)c1)c2cc(C)c(O)c(C)c2,mean,7.13076828026902,6.578407807385104
TRAIN1468,CCC(CC)(c1ccc(O)c(C)c1)c2ccc(O)c(C)c2,mean,7.60205999132796,6.602143939812732
TRAIN1469,CCCCC(CCCC)(c1ccc(O)c(C)c1)c2ccc(O)c(C)c2,mean,7.85387196432176,6.578407807385104
TRAIN1470,CCCC(CCC)(c1ccc(O)c(C)c1)c2ccc(O)c(C)c2,mean,8.30980391997149,6.602143939812732
TRAIN1471,C[C@@H](N1C(=O)O[C@](Cc2ccc(F)cc2)(C(=O)NCc3ccc(Cl)c(Cl)c3)C1=O)c4ccc(F)cc4,mean,5.13667713987954,6.602143939812732
TRAIN1472,COc1cc(CNC(=O)[C@@]2(Cc3ccccc3)OC(=O)N([C@@H]4CCc5ccccc45)C2=O)cc(OC)c1,mean,4.76955107862173,6.584214843993485
TRAIN1473,COc1cc(ccc1O)C(=O)CCc2cc3[C@H]4CC[C@]5(C)[C@@H](O)CC[C@H]5[C@@H]4CCc3cc2OC,mean,4.18770003287361,6.578407807385104
TRAIN1474,COc1cc2CC[C@@H]3[C@H](CC[C@]4(C)[C@H](CC[C@@H]34)OC(=O)C)c2cc1C=O,mean,4.18770003287361,6.565764886549194
TRAIN1475,COc1ccc2[C@H]3CC[C@]4(C)[C@H](CC[C@H]4[C@@H]3CCc2c1)OC(=O)C,mean,4.18770003287361,6.600029480424278
TRAIN1476,Oc1ccc(CCC(=O)c2c(O)cc(O)cc2O)cc1,mean,6.52287874528034,6.584214843993485
TRAIN1477,C[C@]12CC[C@H]3[C@@H](CCc4cc(O)ccc34)[C@@H]1CC=C2CO,mean,6.83863199776503,6.565764886549194
TRAIN1478,CC1C[C@H](C)C2(CC[C@H]3[C@@H]4CCc5cc(O)ccc5[C@H]4CC[C@]23C)O1,mean,6.31515463835559,6.584214843993485
TRAIN1479,CCCOC(=O)[C@H]1CC[C@H]2[C@@H]3CCc4cc(O)ccc4[C@H]3CC[C@]12C,mean,7.03621217265444,6.584214843993485
TRAIN1480,Cc1ccc2c(C(Nc3ccc(Cl)cc3)c4ccccc4Cl)c(C)[nH]c2c1,mean,4.58169870868025,6.584214843993485
TRAIN1481,CCOC(=O)COc1ccc(cc1CC2CCCCC2)c3ccc(OCCN(C)C)cc3,mean,4.89619627904404,6.602143939812732
TRAIN1482,CCOC(=O)COc1ccc(cc1Cc2ccc3ccccc3c2)c4ccc(OCCN(C)C)cc4,mean,5.49485002168009,6.600029480424278
TRAIN1483,CCOC(=O)COc1ccc(cc1)c2ccc(OCCN(C)C)c(Cc3ccc(cc3)c4ccccc4)c2,mean,5.50863830616573,6.565764886549194
TRAIN1484,CN(C)CCOc1ccc(cc1)C23CC4CC(CC(C4)(C2)c5ccc(O)cc5)C3,mean,5.97469413473523,6.565764886549194
TRAIN1485,CCOc1ccc2C(=C(CCCc2c1)c3ccccc3)c4ccc(OCCN(C)C)cc4,mean,8.52287874528034,6.565764886549194
TRAIN1486,CNCCOc1ccc(cc1)C2=C(CCCc3cc(O)ccc23)c4ccccc4,mean,8.52287874528034,6.602143939812732
TRAIN1487,Oc1ccc(cc1)[C@H]2[C@@H](C(=O)N2c3ccc(O)cc3)c4ccc(O)cc4,mean,5.85387196432176,6.600029480424278
TRAIN1488,Oc1ccc(cc1)[C@H]2[C@@H](C(=O)N2c3ccc(O)cc3)c4ccccc4,mean,6.63827216398241,6.600029480424278
TRAIN1489,Oc1ccc(cc1)[C@H]2[C@H](Oc3ccccc3)C(=O)N2c4ccc(O)cc4,mean,6.85387196432176,6.600029480424278
TRAIN1490,Oc1ccc(cc1)[C@H]2[C@@H](C(=O)N2c3ccc(O)cc3)c4ccc5ccccc5c4,mean,6.82390874094432,6.602143939812732
TRAIN1491,Oc1ccc(cc1)[C@@H]2N(C(=O)C2(c3ccccc3)c4ccccc4)c5ccc(O)cc5,mean,7.39794000867204,6.578407807385104
TRAIN1492,COc1cc(cc(OC)c1OC)[C@H]2[C@@H](N(C2=O)c3ccc(O)cc3)c4ccc(O)cc4,mean,5.83268266525182,6.578407807385104
TRAIN1493,COc1cc(cc(OC)c1OC)[C@H]2[C@@H](C(=O)N2c3ccc(O)cc3)c4ccc(O)cc4,mean,4.74472749489669,6.565764886549194
TRAIN1494,COc1ccc(cc1)[C@H]2[C@H](C(O)c3ccc(O)cc3)C(=O)N2c4cc(OC)c(OC)c(OC)c4,mean,8.09691001300806,6.602143939812732
TRAIN1495,Oc1ccc(cc1)[C@H]2CC(=O)N2c3ccc(O)cc3,mean,4.88605664769316,6.578407807385104
TRAIN1496,OC(=O)\C=C\c1ccc(CC2=C(C(=O)Oc3cc(O)ccc23)c4ccc(F)cc4)cc1,mean,8.04575749056067,6.600029480424278
TRAIN1497,OC(=O)\C=C\c1ccc(CC2=C(C(=O)Oc3cc(O)ccc23)c4cccc(OC(F)(F)F)c4)cc1,mean,8.22914798835786,6.578407807385104
TRAIN1498,COc1cccc(c1)C2=C(Cc3ccc(\C=C\C(=O)O)cc3)c4ccc(O)cc4OC2=O,mean,7.38721614328026,6.584214843993485
TRAIN1499,Cc1cccc(c1)C2=C(Cc3ccc(\C=C\C(=O)O)cc3)c4ccc(O)cc4OC2=O,mean,7.76955107862173,6.600029480424278
TRAIN1500,OC(=O)\C=C\c1ccc(CC2=C(C(=O)Oc3cc(O)ccc23)c4ccccc4)cc1,mean,8.09151498112135,6.600029480424278
TRAIN1501,CC\C(=C(/c1ccc(O)cc1)\c2ccc(\C=C\C(=O)O)cc2)\c3ccccc3,mean,9.82390874094432,6.584214843993485
TRAIN1502,OC(=O)\C=C\c1ccc(CC2=C(C(=O)Oc3cc(O)ccc23)c4ccc(Cl)cc4)cc1,mean,8.431798275933,6.578407807385104
TRAIN1503,OC(=O)\C=C\c1ccc(CC2=C(C(=O)Oc3cc(O)ccc23)c4ccc(cc4)C(F)(F)F)cc1,mean,8.33724216831843,6.600029480424278
TRAIN1504,COc1ccc(cc1)C2=C(Cc3ccc(\C=C\C(=O)O)cc3)c4ccc(O)cc4OC2=O,mean,8.42021640338319,6.584214843993485
TRAIN1505,OC(=O)\C=C\c1ccc(CC2=C(C(=O)Oc3cc(O)ccc23)c4ccc(OC(F)(F)F)cc4)cc1,mean,8.79588001734407,6.584214843993485
TRAIN1506,OC(=O)\C=C\c1ccc(CC2=C(C(=O)Oc3cc(O)ccc23)c4ccc(F)cc4F)cc1,mean,8.52287874528034,6.565764886549194
TRAIN1507,OC(=O)\C=C\c1ccc(CC2=C(C(=O)Oc3cc(O)ccc23)c4ccc(F)cc4Cl)cc1,mean,8.65757731917779,6.602143939812732
TRAIN1508,COc1cc(F)ccc1C2=C(Cc3ccc(\C=C\C(=O)O)cc3)c4ccc(O)cc4OC2=O,mean,7.95860731484177,6.578407807385104
TRAIN1509,Cc1cc(F)ccc1C2=C(Cc3ccc(\C=C\C(=O)O)cc3)c4ccc(O)cc4OC2=O,mean,8.4089353929735,6.600029480424278
TRAIN1510,Cc1cc(Cl)ccc1C2=C(Cc3ccc(\C=C\C(=O)O)cc3)c4ccc(O)cc4OC2=O,mean,8.82390874094432,6.584214843993485
TRAIN1511,Cc1cc(OC(F)(F)F)ccc1C2=C(Cc3ccc(\C=C\C(=O)O)cc3)c4ccc(O)cc4OC2=O,mean,9.0,6.578407807385104
TRAIN1512,Cc1cc(F)ccc1C2=C(c3ccc(\C=C\C(=O)O)cc3)c4ccc(O)cc4OC2=O,mean,8.23657200643706,6.602143939812732
TRAIN1513,Cc1cc(F)ccc1C2=C(Oc3ccc(\C=C\C(=O)O)cc3)c4ccc(O)cc4OC2=O,mean,9.39794000867204,6.565764886549194
TRAIN1514,Cc1cc(OC(F)(F)F)ccc1C2=C(Oc3ccc(\C=C\C(=O)O)cc3)c4ccc(O)cc4OC2=O,mean,9.30102999566398,6.578407807385104
TRAIN1515,Cc1cc(F)ccc1C2=C(Nc3ccc(\C=C\C(=O)O)cc3)c4ccc(O)cc4OC2=O,mean,7.60205999132796,6.584214843993485
TRAIN1516,CN(C1=C(C(=O)Oc2cc(O)ccc12)c3ccc(F)cc3C)c4ccc(\C=C\C(=O)O)cc4,mean,8.00436480540245,6.600029480424278
TRAIN1517,Cc1cc(F)ccc1C2=C(Cc3ccc(\C=C\C(=O)O)cc3)c4c(F)cc(O)cc4OC2=O,mean,8.88605664769316,6.600029480424278
TRAIN1518,Cc1cc(F)ccc1C2=C(Oc3ccc(\C=C\C(=O)O)cc3)c4cc(F)c(O)cc4OC2=O,mean,8.13076828026902,6.602143939812732
TRAIN1519,Cc1cc(F)ccc1C2=C(Oc3ccc(\C=C\C(=O)O)cc3)c4ccc(O)c(F)c4OC2=O,mean,8.49485002168009,6.584214843993485
TRAIN1520,Cc1cc2C(=C(C(=O)Oc2cc1O)c3ccc(OC(F)(F)F)cc3)Cc4ccc(\C=C\C(=O)O)cc4,mean,8.0,6.602143939812732
TRAIN1521,Cc1c(O)ccc2C(=C(C(=O)Oc12)c3ccc(OC(F)(F)F)cc3)Cc4ccc(\C=C\C(=O)O)cc4,mean,6.55284196865778,6.602143939812732
TRAIN1522,OC(=O)\C=C\c1ccc(CC2=C(C(=O)Oc3ccccc23)c4ccc(OC(F)(F)F)cc4)cc1,mean,6.44369749923271,6.600029480424278
TRAIN1523,Cc1cc(F)ccc1C2=C(Cc3ccc(\C=C\C(=O)O)cc3)c4ccc(CO)cc4OC2=O,mean,7.0,6.600029480424278
TRAIN1524,Cc1cc(F)ccc1C2=C(Cc3ccc(\C=C\C(=O)O)cc3)c4ccc(cc4OC2=O)C(F)F,mean,6.4089353929735,6.565764886549194
TRAIN1525,COc1ccc2C(=C(C(=O)Oc2c1)c3ccc(OC(F)(F)F)cc3)Cc4ccc(\C=C\C(=O)O)cc4,mean,5.95860731484177,6.578407807385104
TRAIN1526,OC(=O)\C=C\c1ccc(CC2=C(C(=O)Oc3cc(F)ccc23)c4ccc(OC(F)(F)F)cc4)cc1,mean,5.23657200643706,6.565764886549194
TRAIN1527,Cc1cc(F)ccc1C2=C(Oc3ccc(\C=C\C(=O)O)cc3)c4ccccc4OC2=O,mean,7.14266750356873,6.602143939812732
TRAIN1528,Cc1cc(OC(F)(F)F)ccc1C2=C(Oc3ccc(\C=C\C(=O)O)cc3)c4ccccc4OC2=O,mean,7.82390874094432,6.602143939812732
TRAIN1529,Cc1cc(OC(F)(F)F)ccc1C2=C(Oc3ccc(\C=C\C(=O)O)cc3)c4ccc(cc4OC2=O)C(F)F,mean,7.30102999566398,6.584214843993485
TRAIN1530,CCOc1ccc2C(=C(C(=O)Oc2c1)c3ccc(OC(F)(F)F)cc3C)Oc4ccc(\C=C\C(=O)O)cc4,mean,7.30102999566398,6.578407807385104
TRAIN1531,Cc1cc(F)ccc1C2=C(Cc3ccc(\C=C\C(=O)O)cc3)c4ccc(N)cc4OC2=O,mean,5.86012091359876,6.565764886549194
TRAIN1532,C[C@@H](N1C(=O)O[C@@](Cc2ccccc2)(C1=O)c3nc4cc(Cl)ccc4[nH]3)c5ccc(F)cc5,mean,5.48148606012211,6.565764886549194
TRAIN1533,C[C@@H](N1C(=O)O[C@@](Cc2ccccc2)(C1=O)c3nc4cc(ccc4[nH]3)C(F)(F)F)c5ccc(F)cc5,mean,5.52287874528034,6.584214843993485
TRAIN1534,C[C@@H](N1C(=O)O[C@@](Cc2ccccc2)(C1=O)c3nc4cc(NS(=O)(=O)C)ccc4[nH]3)c5ccc(F)cc5,mean,4.76955107862173,6.584214843993485
TRAIN1535,C[C@@H](N1C(=O)O[C@@](Cc2ccccc2)(C1=O)c3nc4cc(ccc4[nH]3)c5cc[nH]n5)c6ccc(F)cc6,mean,5.20065945054642,6.584214843993485
TRAIN1536,C[C@@H](N1C(=O)O[C@@](Cc2ccccc2)(C1=O)c3nc4cc(ccc4[nH]3)c5conc5C)c6ccc(F)cc6,mean,5.30980391997149,6.578407807385104
TRAIN1537,C[C@@H](N1C(=O)O[C@@](Cc2ccccc2)(C1=O)c3nc4cc(ccc4[nH]3)N5CCOCC5)c6ccc(F)cc6,mean,5.21467016498923,6.602143939812732
TRAIN1538,C[C@@H](N1C(=O)O[C@@](Cc2ccccc2)(C1=O)c3nc4cc(ccc4[nH]3)c5cccnc5)c6ccc(F)cc6,mean,5.10237290870956,6.578407807385104
TRAIN1539,CC\C(=C(\c1ccc(\C=C\C(=O)O)cc1)/c2ccc3[nH]ncc3c2)\c4ccc(F)cc4Cl,mean,8.21467016498923,6.602143939812732
TRAIN1540,CCCCCCNCCOc1ccc(cc1)\C(=C(\CC)/c2ccccc2)\c3ccc(O)cc3,mean,6.82102305270683,6.584214843993485
TRAIN1541,CCCCCCCCNCCOc1ccc(cc1)\C(=C(\CC)/c2ccccc2)\c3ccc(O)cc3,mean,7.27572413039921,6.600029480424278
TRAIN1542,CCCCCCCCCCNCCOc1ccc(cc1)\C(=C(\CC)/c2ccccc2)\c3ccc(O)cc3,mean,8.44369749923271,6.565764886549194
TRAIN1543,CCCCCCCCCCCCNCCOc1ccc(cc1)\C(=C(\CC)/c2ccccc2)\c3ccc(O)cc3,mean,7.85387196432176,6.602143939812732
TRAIN1544,CCCCCCCCCCCCCCNCCOc1ccc(cc1)\C(=C(\CC)/c2ccccc2)\c3ccc(O)cc3,mean,7.95860731484177,6.578407807385104
TRAIN1545,CCCCCCCCCCCCCCCCNCCOc1ccc(cc1)\C(=C(\CC)/c2ccccc2)\c3ccc(O)cc3,mean,8.31875876262441,6.602143939812732
TRAIN1546,CCCCCCCCCCCCCCCCCCNCCOc1ccc(cc1)\C(=C(\CC)/c2ccccc2)\c3ccc(O)cc3,mean,4.0,6.584214843993485
TRAIN1547,CC\C(=C(/c1ccc(O)cc1)\c2ccc(OCCNCCCCCCCCCCO)cc2)\c3ccccc3,mean,6.67778070526608,6.600029480424278
TRAIN1548,CC\C(=C(/c1ccc(O)cc1)\c2ccc(OCCNCCCCCCCCCCF)cc2)\c3ccccc3,mean,8.46852108295774,6.600029480424278
TRAIN1549,Oc1ccc(cc1)C2=C([C@H]3O[C@@H]2C[C@@H]3S(=O)(=O)Oc4ccccc4)c5ccc(O)cc5,mean,7.85387196432176,6.600029480424278
TRAIN1550,COC(=O)CCCCCCC(=O)Nc1ccc(OS(=O)(=O)C2CC3OC2C(=C3c4ccc(O)cc4)c5ccc(O)cc5)cc1,mean,4.96657624451305,6.602143939812732
TRAIN1551,OC(=O)CCCCCCC(=O)Nc1ccc(OS(=O)(=O)C2CC3OC2C(=C3c4ccc(O)cc4)c5ccc(O)cc5)cc1,mean,7.30102999566398,6.565764886549194
TRAIN1552,OC(=O)CCCCCCC(=O)Nc1ccc(cc1)C2=C(C3CC(C2O3)S(=O)(=O)Oc4ccccc4)c5ccc(O)cc5,mean,5.91721462968355,6.565764886549194
TRAIN1553,Cc1ccc(OS(=O)(=O)C2CC3OC2C(=C3c4ccc(O)cc4)c5ccc(NC(=O)CCCCCCC(=O)O)cc5)cc1,mean,5.96657624451305,6.602143939812732
TRAIN1554,COc1ccc(OS(=O)(=O)C2CC3OC2C(=C3c4ccc(O)cc4)c5ccc(NC(=O)CCCCCCC(=O)O)cc5)cc1,mean,3.93704216591549,6.584214843993485
TRAIN1555,Cc1ccccc1OS(=O)(=O)C2CC3OC2C(=C3c4ccc(O)cc4)c5ccc(NC(=O)CCCCCCC(=O)O)cc5,mean,6.33724216831843,6.602143939812732
TRAIN1556,OC(=O)CCCCCCC(=O)Nc1ccc(cc1)C2=C(C3CC(C2O3)S(=O)(=O)Oc4ccccc4O)c5ccc(O)cc5,mean,6.85387196432176,6.602143939812732
TRAIN1557,OC(=O)CCCCCCC(=O)Nc1ccc(cc1)C2=C(C3CC(C2O3)S(=O)(=O)Oc4ccc(Br)cc4)c5ccc(O)cc5,mean,5.76955107862173,6.578407807385104
TRAIN1558,OC(=O)CCCCCCC(=O)Nc1ccc(cc1)C2=C(C3CC(C2O3)S(=O)(=O)Oc4ccc(cc4)C(F)(F)F)c5ccc(O)cc5,mean,6.10237290870956,6.584214843993485
TRAIN1559,OC(=O)CCCCCCC(=O)Nc1ccc(cc1)C2=C(C3CC(C2O3)S(=O)(=O)Oc4ccccc4C(F)(F)F)c5ccc(O)cc5,mean,6.19382002601611,6.578407807385104
TRAIN1560,OC(=O)CCCCCCC(=O)Nc1ccc(cc1)C2=C(C3CC(C2O3)S(=O)(=O)Oc4cccc5ccccc45)c6ccc(O)cc6,mean,6.88605664769316,6.602143939812732
TRAIN1561,OC(=O)CCCCCCC(=O)Nc1ccc(cc1)C2=C(C3CC(C2O3)S(=O)(=O)Oc4ccc5ccccc5c4)c6ccc(O)cc6,mean,6.03621217265444,6.584214843993485
TRAIN1562,ONC(=O)CCCCCCC(=O)Nc1ccc(cc1)C2=C(C3CC(C2O3)S(=O)(=O)Oc4ccc5ccccc5c4)c6ccc(O)cc6,mean,6.79588001734407,6.578407807385104
TRAIN1563,CC[C@H](C)[C@@H]1NC(=O)[C@@H](CSSC[C@H](NC(=O)[C@H](CC(C)C)NC1=O)C(=O)N[C@@H](CCCNC(=N)N)C(=O)N[C@@H](CC(C)C)C(=O)N[C@@H](CC(C)C)C(=O)N[C@@H](CCC(=O)N)C(=O)NCC(=O)NCC(=O)NCC(=O)N[C@@H](CCCNC(=N)N)C(=O)N[C@@H](CCCNC(=N)N)C(=O)N[C@@H](CCCNC(=N)N)C(=O)N[C@@H](CCCNC(=N)N)C(=O)N[C@@H](CCCNC(=N)N)C(=O)N[C@@H](CCCNC(=N)N)C(=O)N[C@@H](CCCNC(=N)N)C(=O)N)NC(=O)[C@@H](N)CCCCN,mean,6.12551818230053,6.584214843993485
TRAIN1564,CC[C@H](C)[C@@H]1NC(=O)[C@@H](C\C=C/C[C@H](NC(=O)[C@H](CC(C)C)NC1=O)C(=O)N[C@@H](CCCNC(=N)N)C(=O)NC(CC(C)(C)C)C(=O)N[C@@H](CC(C)C)C(=O)N[C@@H](CCC(=O)N)C(=O)N)NC(=O)[C@@H](N)CCCNC(=N)N,mean,6.95860731484177,6.584214843993485
TRAIN1565,CC[C@H](C)[C@@H]1NC(=O)[C@@H](C\C=C\C[C@H](NC(=O)[C@H](CC(C)C)NC1=O)C(=O)N[C@@H](CCCNC(=N)N)C(=O)NC(CC(C)(C)C)C(=O)N[C@@H](CC(C)C)C(=O)N[C@@H](CCC(=O)N)C(=O)N)NC(=O)[C@@H](N)CCCNC(=N)N,mean,6.4089353929735,6.565764886549194
TRAIN1566,CC[C@H](C)[C@H](NC(=O)C(CC)NC(=O)[C@@H](N)CCCNC(=N)N)C(=O)N[C@@H](CC(C)C)C(=O)NC(CC)C(=O)N[C@@H](CCCNC(=N)N)C(=O)NC(CC(C)(C)C)C(=O)N[C@@H](CC(C)C)C(=O)NCC(=O)N,mean,6.17392519729917,6.602143939812732
TRAIN1567,CC[C@H](C)[C@H](NC(=O)[C@H](Cc1cnc[nH]1)NC(=O)[C@@H](N)CCCNC(=N)N)C(=O)N[C@@H](CC(C)C)C(=O)NC(CC)C(=O)N[C@@H](CCCNC(=N)N)C(=O)NC(CC(C)(C)C)C(=O)N[C@@H](CC(C)C)C(=O)N[C@@H](CCC(=O)N)C(=O)N,mean,6.20760831050175,6.600029480424278
TRAIN1568,CC[C@H](C)[C@@H]1NC(=O)[C@@H](CSSC[C@H](NC(=O)[C@H](CC(C)C)NC1=O)C(=O)N[C@@H](CCCNC(=N)N)C(=O)NC(CC(C)(C)C)C(=O)N[C@@H](CC(C)C)C(=O)N[C@@H](CCC(=O)N)C(=O)N)NC(=O)[C@@H](N)CCCNC(=N)N,mean,7.88605664769316,6.600029480424278
TRAIN1569,CC[C@H](C)[C@@H]1NC(=O)[C@@H](CSSC[C@H](NC(=O)[C@H](CC(C)C)NC1=O)C(=O)N[C@@H](CCCNC(=N)N)C(=O)N[C@@H](CC(C)C)C(=O)N[C@@H](CC(C)C)C(=O)N[C@@H](CCC(=O)N)C(=O)N)NC(=O)[C@@H](N)CCCCN,mean,7.45593195564972,6.578407807385104
TRAIN1570,C[C@@H]1Cc2c([nH]c3ccccc23)[C@H](N1CC(C)(C)F)c4c(F)cc(\C=C\C(=O)O)cc4F,mean,9.86012091359876,6.584214843993485
TRAIN1571,C[C@@H]1Cc2c([nH]c3ccccc23)[C@H](N1CC(C)(C)F)c4ccc(\C=C\C(=O)O)cc4,mean,9.07001940948449,6.602143939812732
TRAIN1572,CC(C)CN1[C@H](C)Cc2c([nH]c3ccccc23)[C@H]1c4c(F)cc(\C=C\C(=O)O)cc4F,mean,9.3799681048737,6.600029480424278
TRAIN1573,CC(C)CN1[C@H](C)Cc2c([nH]c3ccccc23)[C@H]1c4ccc(\C=C\C(=O)O)cc4,mean,8.68006156001969,6.584214843993485
TRAIN1574,C[C@@H](CO)CN1[C@H](C)Cc2c([nH]c3ccccc23)[C@H]1c4ccc(\C=C\C(=O)O)cc4,mean,7.33998877871067,6.565764886549194
TRAIN1575,C[C@H](CO)CN1[C@H](C)Cc2c([nH]c3ccccc23)[C@H]1c4ccc(\C=C\C(=O)O)cc4,mean,7.3300326300915,6.584214843993485
TRAIN1576,C[C@@H]1Cc2c([nH]c3ccccc23)[C@H](N1CCO)c4ccc(\C=C\C(=O)O)cc4,mean,5.8799989255316,6.584214843993485
TRAIN1577,C[C@@H](CN1[C@H](C)Cc2c([nH]c3ccccc23)[C@H]1c4ccc(Cl)cc4)C(=O)O,mean,7.51999305704285,6.600029480424278
TRAIN1578,C[C@@H]1Cc2c([nH]c3ccc(O)cc23)[C@H](N1CCO)c4ccc(Cl)cc4,mean,7.36001575195841,6.565764886549194
TRAIN1579,C[C@@H]1Cc2c([nH]c3ccccc23)[C@H](N1CCC(=O)O)c4ccc(Cl)cc4,mean,6.10999838681536,6.600029480424278
TRAIN1580,C[C@@H]1Cc2c([nH]c3ccccc23)[C@H](N1CCO)c4ccc(Cl)cc4,mean,7.07001940948449,6.578407807385104
TRAIN1581,OC(=O)CCN1CCc2c([nH]c3ccccc23)C1c4ccc(Cl)cc4,mean,5.43000026779606,6.584214843993485
TRAIN1582,OCCN1CCc2c([nH]c3ccccc23)C1c4ccc(Cl)cc4,mean,5.92999909619765,6.565764886549194
TRAIN1583,CCN(Cc1ccc(cc1)C(=O)N2CCc3ccc(OS(=O)(=O)N)cc3C2)Cc4ccccn4,mean,5.50863830616573,6.584214843993485
TRAIN1584,CCN(Cc1ccc(cc1)C(=O)N2CCc3ccc(O)cc3C2)Cc4ccccn4,mean,4.60906489289662,6.578407807385104
TRAIN1585,Oc1cc(Cc2ccccc2)c3CC(C(=O)Oc3c1)c4ccc(Cl)cc4,mean,6.92081875395237,6.602143939812732
TRAIN1586,CCCCCC(O)[C@@H]1C2CC3=C(COC(=C3)\C=C\C)C(=O)[C@]2(C)OC1=O,mean,4.79588001734407,6.584214843993485
TRAIN1587,CCCCN(C)C(=O)CCCCCCCCCC[C@@H]1Cc2cc(O)ccc2[C@H]3CC[C@]4(C)[C@@H](O)CC[C@H]4[C@H]13,mean,6.46852108295774,6.584214843993485
TRAIN1588,CC\C(=C(/c1ccccc1)\c2ccc(OCCN(C)C)cc2)\c3ccc(O)cc3,mean,7.15490195998574,6.578407807385104
TRAIN1589,C[C@]12CC[C@H]3[C@@H]([C@H](CCCCCCCCCCC(=O)NO)Cc4cc(O)ccc34)[C@@H]1CC[C@@H]2O,mean,6.29242982390206,6.578407807385104
TRAIN1590,C[C@]12CC[C@H]3[C@@H]([C@H](CCCCCCCCCCC(=O)Nc4ccccc4N)Cc5cc(O)ccc35)[C@@H]1CC[C@@H]2O,mean,6.67778070526608,6.600029480424278
TRAIN1591,CCCCN(O)C(=O)CCCCCCCCCC[C@@H]1Cc2cc(O)ccc2[C@H]3CC[C@]4(C)[C@@H](O)CC[C@H]4[C@H]13,mean,5.59345981956604,6.602143939812732
TRAIN1592,CCCCN(O)C(=O)c1cccc(NC(=O)CCCCCS[C@@H]2Cc3cc(O)ccc3[C@H]4CC[C@]5(C)[C@@H](O)CC[C@H]5[C@H]24)c1,mean,7.30102999566398,6.565764886549194
TRAIN1593,CN(C)CCOc1ccc(cc1)\C(=C(/C)\c2ccccc2)\c3ccc(O)cc3,mean,8.88605664769316,6.602143939812732
TRAIN1594,C\C(=C(\c1ccc(O)cc1)/c2ccc(OCCN3CCCC3)cc2)\c4ccccc4,mean,9.09691001300806,6.602143939812732
TRAIN1595,C\C(=C(\c1ccc(O)cc1)/c2ccc(OCCN3CCCCC3)cc2)\c4ccccc4,mean,9.39794000867204,6.565764886549194
TRAIN1596,CN(C)CCOc1ccc(cc1)\C(=C(\C)/c2ccccc2)\c3ccc(OC(=O)C)cc3,mean,7.65757731917779,6.584214843993485
TRAIN1597,CCCC(=O)Oc1ccc(cc1)\C(=C(\C)/c2ccccc2)\c3ccc(OCCN(C)C)cc3,mean,7.46218090492673,6.600029480424278
TRAIN1598,CCCCCCCCCC(=O)Oc1ccc(cc1)\C(=C(\C)/c2ccccc2)\c3ccc(OCCN(C)C)cc3,mean,7.49620931694282,6.578407807385104
TRAIN1599,CC(=O)Oc1ccc(cc1)\C(=C(\C)/c2ccccc2)\c3ccc(OCCN4CCCC4)cc3,mean,8.11350927482752,6.602143939812732
TRAIN1600,CCCC(=O)Oc1ccc(cc1)\C(=C(\C)/c2ccccc2)\c3ccc(OCCN4CCCC4)cc3,mean,7.56703070912559,6.600029480424278
TRAIN1601,CCCCCCCCCC(=O)Oc1ccc(cc1)\C(=C(\C)/c2ccccc2)\c3ccc(OCCN4CCCC4)cc3,mean,7.31515463835559,6.584214843993485
TRAIN1602,CC(=O)Oc1ccc(cc1)\C(=C(\C)/c2ccccc2)\c3ccc(OCCN4CCCCC4)cc3,mean,7.90657831483776,6.602143939812732
TRAIN1603,CCCC(=O)Oc1ccc(cc1)\C(=C(\C)/c2ccccc2)\c3ccc(OCCN4CCCCC4)cc3,mean,7.47755576649368,6.600029480424278
TRAIN1604,CCCCCCCCCC(=O)Oc1ccc(cc1)\C(=C(\C)/c2ccccc2)\c3ccc(OCCN4CCCCC4)cc3,mean,7.09151498112135,6.565764886549194
TRAIN1605,CC(C)CN1CCc2cc(O)ccc2[C@]1(C)c3ccc(\C=C\C(=O)O)cc3,mean,6.22914798835786,6.602143939812732
TRAIN1606,CC(C)(F)CN1[C@H](c2ccc(\C=C\C(=O)O)cc2)c3ccc(O)cc3CC1(C)C,mean,8.18708664335714,6.565764886549194
TRAIN1607,C[C@H](CF)CN1[C@@H](c2ccc(O)cc2CC1(C)C)c3c(F)cc(\C=C\C(=O)O)cc3F,mean,8.79588001734407,6.565764886549194
TRAIN1608,C[C@H](CF)CN1[C@H](c2ccc(\C=C\C(=O)O)cc2)c3ccc(O)cc3CC1(C)C,mean,8.88605664769316,6.600029480424278
TRAIN1609,COC[C@H](C)CN1[C@@H](c2ccc(O)cc2CC1(C)C)c3c(F)cc(\C=C\C(=O)O)cc3F,mean,8.00436480540245,6.584214843993485
TRAIN1610,CC(C)CN1[C@@H](c2ccc(O)cc2CC1(C)C)c3c(F)cc(\C=C\C(=O)O)cc3F,mean,8.79588001734407,6.602143939812732
TRAIN1611,C[C@@H]1Cc2cc(O)ccc2[C@H](N1c3ccc(OC(F)(F)F)cc3)c4ccc(\C=C\C(=O)O)cc4,mean,8.21467016498923,6.602143939812732
TRAIN1612,C[C@@H]1Cc2cc(O)ccc2[C@H](N1CC(C)(C)F)c3c(F)cc(\C=C\C(=O)O)cc3F,mean,9.60205999132796,6.602143939812732
TRAIN1613,C[C@H](CF)CN1[C@H](C)Cc2cc(O)ccc2[C@H]1c3c(F)cc(\C=C\C(=O)O)cc3F,mean,9.431798275933,6.584214843993485
TRAIN1614,C[C@H](CF)CN1[C@H](C)Cc2cc(O)ccc2[C@H]1c3ccc(\C=C\C(=O)O)cc3,mean,9.39794000867204,6.602143939812732
TRAIN1615,COC[C@H](C)CN1[C@H](C)Cc2cc(O)ccc2[C@H]1c3c(F)cc(\C=C\C(=O)O)cc3F,mean,8.92081875395237,6.578407807385104
TRAIN1616,COC[C@H](C)CN1[C@H](C)Cc2cc(O)ccc2[C@H]1c3ccc(\C=C\C(=O)O)cc3,mean,8.23657200643706,6.565764886549194
TRAIN1617,COc1ccc2[C@H](N(CC(C)C)[C@H](C)Cc2c1)c3ccc(\C=C\C(=O)O)cc3,mean,6.79588001734407,6.584214843993485
TRAIN1618,CC(C)CN1[C@H](C)Cc2ccccc2[C@H]1c3ccc(\C=C\C(=O)O)cc3,mean,7.08618614761628,6.584214843993485
TRAIN1619,CC(C)CN1CCc2cc(O)c(C)cc2[C@H]1c3ccc(\C=C\C(=O)O)cc3,mean,7.36653154442041,6.584214843993485
TRAIN1620,CC(C)CN1CCc2c(C)c(O)ccc2[C@H]1c3ccc(\C=C\C(=O)O)cc3,mean,6.76955107862173,6.602143939812732
TRAIN1621,CC(C)CN1[C@H](c2ccc(\C=C\C(=O)O)cc2)c3ccc(O)cc3CC1(C)C,mean,8.15490195998574,6.602143939812732
TRAIN1622,CC(C)CN1[C@H](C)Cc2cc(O)ccc2[C@@]1(C)c3ccc(\C=C\C(=O)O)cc3,mean,8.25963731050576,6.600029480424278
TRAIN1623,CC(C)CN1[C@H](C)Cc2cc(O)ccc2[C@H]1c3ccc(\C=C\C(=O)O)cc3,mean,8.88605664769316,6.565764886549194
TRAIN1624,CC(C)CN1CCc2cc(O)ccc2[C@@]1(C)c3ccc(\C=C\C(=O)O)cc3,mean,7.95860731484177,6.602143939812732
TRAIN1625,CC(C)CN1CCc2cc(O)ccc2[C@@H]1c3ccc(\C=C\C(=O)O)cc3,mean,7.3767507096021,6.600029480424278
TRAIN1626,CC(C)CN1CCc2cc(O)ccc2[C@H]1c3ccc(\C=C\C(=O)O)cc3,mean,8.35654732351381,6.600029480424278
TRAIN1627,OC(=O)\C=C\c1ccc(cc1)C2N(CCc3cc(O)ccc23)c4ccc(OC(F)(F)F)cc4,mean,7.45593195564972,6.602143939812732
TRAIN1628,OC(=O)\C=C\c1ccc(cc1)C2N(Cc3ccccc3)CCc4cc(O)ccc24,mean,7.04575749056067,6.600029480424278
TRAIN1629,OC(=O)\C=C\c1ccc(cc1)C2N(CCc3cc(O)ccc23)c4ccccc4,mean,7.14874165128092,6.565764886549194
TRAIN1630,CC(C)CN1[C@@H](c2ccc(\C=C\C(=O)O)cc2)c3ccc(O)cc3CC1(C)C,mean,6.01772876696043,6.565764886549194
TRAIN1631,CCCCCCNCCOc1ccc(cc1)C(=O)c2c(sc3cc(O)ccc23)c4ccc(O)cc4,mean,7.21467016498923,6.565764886549194
TRAIN1632,CCCCCCCCNCCOc1ccc(cc1)C(=O)c2c(sc3cc(O)ccc23)c4ccc(O)cc4,mean,7.30980391997149,6.600029480424278
TRAIN1633,CCCCCCCCCCNCCOc1ccc(cc1)C(=O)c2c(sc3cc(O)ccc23)c4ccc(O)cc4,mean,7.39794000867204,6.600029480424278
TRAIN1634,CCCCCCCCCCCCNCCOc1ccc(cc1)C(=O)c2c(sc3cc(O)ccc23)c4ccc(O)cc4,mean,8.22914798835786,6.584214843993485
TRAIN1635,CCCCCCCCCCCCCCNCCOc1ccc(cc1)C(=O)c2c(sc3cc(O)ccc23)c4ccc(O)cc4,mean,7.55284196865778,6.565764886549194
TRAIN1636,CCCCCCCCCCCCCCCCNCCOc1ccc(cc1)C(=O)c2c(sc3cc(O)ccc23)c4ccc(O)cc4,mean,7.95860731484177,6.565764886549194
TRAIN1637,CCCCCCCCCCCCCCCCCCNCCOc1ccc(cc1)C(=O)c2c(sc3cc(O)ccc23)c4ccc(O)cc4,mean,8.74472749489669,6.578407807385104
TRAIN1638,CCc1ccc2c(c1)C(Cc3cc(O)cc(C)c23)c4ccc(OCCN5CCOCC5)cc4,mean,8.04575749056067,6.584214843993485
TRAIN1639,CNCCCCCCCCCCCCn1c(c(C)c2cc(O)ccc12)c3ccc(O)cc3,mean,6.42021640338319,6.600029480424278
TRAIN1640,Cc1c(c2ccc(O)cc2)n(CCCCn3c(c(C)c4cc(O)ccc34)c5ccc(O)cc5)c6ccc(O)cc16,mean,6.36051351073141,6.584214843993485
TRAIN1641,COc1ccc(\C=C(\C(=O)N(C)CCCCCCCCCCCCn2c(c(C)c3cc(O)ccc23)c4ccc(O)cc4)/c5cc(OC)c(OC)c(OC)c5)cc1O,mean,6.24108810760203,6.600029480424278
TRAIN1642,CN1CCN(CCOc2ccc(cc2)N3C(=O)c4cc(O)ccc4C5=C3c6ccc(O)cc6C5=O)CC1,mean,4.97469413473523,6.600029480424278
TRAIN1643,Oc1ccc2C3=C(N(C(=O)c2c1)c4ccc(OCCN5CCOCC5)cc4)c6ccc(O)cc6C3=O,mean,4.70333480973847,6.565764886549194
TRAIN1644,Oc1ccc2C3=C(N(C(=O)c2c1)c4ccc(OCCN5CCCCC5)cc4)c6ccc(O)cc6C3=O,mean,5.46852108295774,6.600029480424278
TRAIN1645,Oc1ccc2C3=C(N(C(=O)c2c1)c4ccc(OCCN5CCCC5)cc4)c6ccc(O)cc6C3=O,mean,5.14266750356873,6.578407807385104
TRAIN1646,CCN(CC)CCOc1ccc(cc1)N2C(=O)c3cc(O)ccc3C4=C2c5ccc(O)cc5C4=O,mean,5.17392519729917,6.602143939812732
TRAIN1647,CN(C)CCOc1ccc(cc1)N2C(=O)c3cc(O)ccc3C4=C2c5ccc(O)cc5C4=O,mean,5.11918640771921,6.600029480424278
TRAIN1648,COc1ccc2C3=C(N(C(=O)c2c1)c4ccc(OCCCN5CCN(C)CC5)cc4)c6ccc(OC)cc6C3=O,mean,4.45345733652187,6.584214843993485
TRAIN1649,COc1ccc2C3=C(N(C(=O)c2c1)c4ccc(OCCCN5CCCCC5)cc4)c6ccc(OC)cc6C3=O,mean,4.41680122603138,6.578407807385104
TRAIN1650,COc1ccc2C3=C(N(C(=O)c2c1)c4ccc(OCCCN5CCCC5)cc4)c6ccc(OC)cc6C3=O,mean,4.39469495385889,6.584214843993485
TRAIN1651,CCN(CC)CCCOc1ccc(cc1)N2C(=O)c3cc(OC)ccc3C4=C2c5ccc(OC)cc5C4=O,mean,4.40011692792631,6.602143939812732
TRAIN1652,COc1ccc2C3=C(N(C(=O)c2c1)c4ccc(OCCCN(C)C)cc4)c5ccc(OC)cc5C3=O,mean,4.40450377817443,6.578407807385104
TRAIN1653,COc1ccc2C3=C(N(C(=O)c2c1)c4ccc(OCCN5CCN(C)CC5)cc4)c6ccc(OC)cc6C3=O,mean,4.63264407897398,6.578407807385104
TRAIN1654,COc1ccc2C3=C(N(C(=O)c2c1)c4ccc(OCCN5CCCCC5)cc4)c6ccc(OC)cc6C3=O,mean,4.60380065290426,6.602143939812732
TRAIN1655,COc1ccc2C3=C(N(C(=O)c2c1)c4ccc(OCCN5CCCC5)cc4)c6ccc(OC)cc6C3=O,mean,4.75202673363819,6.584214843993485
TRAIN1656,CCN(CC)CCOc1ccc(cc1)N2C(=O)c3cc(OC)ccc3C4=C2c5ccc(OC)cc5C4=O,mean,4.7281583934635,6.602143939812732
TRAIN1657,COc1ccc2C3=C(N(C(=O)c2c1)c4ccc(OCCN(C)C)cc4)c5ccc(OC)cc5C3=O,mean,4.61261017366127,6.602143939812732
TRAIN1658,CCN(CC)CCOc1ccc(cc1)\C(=C(\CCCO)/c2ccccc2)\c3ccc(O)cc3,mean,6.05799194697769,6.602143939812732
TRAIN1659,CN(C)CCCOc1ccc(cc1)\C(=C(\CCCO)/c2ccccc2)\c3ccc(O)cc3,mean,6.00436480540245,6.600029480424278
TRAIN1660,CNCCOc1ccc(cc1)\C(=C(\CCCO)/c2ccccc2)\c3ccc(O)cc3,mean,5.47625353318844,6.565764886549194
TRAIN1661,CN(C)CCOc1ccc(cc1)\C(=C(\CCCF)/c2ccccc2)\c3ccc(O)cc3,mean,7.69897000433602,6.600029480424278
TRAIN1662,CN(C)CCOc1ccc(cc1)\C(=C(\CCC(F)F)/c2ccccc2)\c3ccc(O)cc3,mean,5.76955107862173,6.602143939812732
TRAIN1663,N#C\C(=C(/c1ccccc1)\c2ccc(OCCN3CCOCC3)cc2)\c4ccccc4,mean,6.64975198166584,6.584214843993485
TRAIN1664,N#C\C(=C(\c1ccccc1)/c2ccc(OCCN3CCOCC3)cc2)\c4ccccc4,mean,7.01322826573375,6.584214843993485
TRAIN1665,CN(C)CCOc1ccc(cc1)C(=C(C#N)c2ccccc2)c3ccccc3,mean,7.06550154875643,6.600029480424278
TRAIN1666,N#CC(=C(c1ccc(OCCN2CCOCC2)cc1)c3ccc(OCCN4CCOCC4)cc3)c5ccccc5,mean,6.2572748686953,6.578407807385104
TRAIN1667,CC\C(=C(/c1ccccc1)\c2ccc(\C=C\C(=O)O)cc2)\c3ccc(O)cc3,mean,6.65757731917779,6.602143939812732
TRAIN1668,Cc1c(c2ccc3OCOc3c2)n(Cc4ccc(OCCN5CCCCC5)cc4)c6ccc(O)cc16,mean,7.15490195998574,6.565764886549194
TRAIN1669,CC(C)Oc1ccc(cc1)c2c(C)c3cc(O)ccc3n2Cc4ccc(OC5C=CC=C5)cc4,mean,7.09691001300806,6.600029480424278
TRAIN1670,Cc1c(c2ccccc2)n(Cc3ccc(OCCN4CCCCC4)cc3)c5ccccc15,mean,6.34678748622466,6.600029480424278
TRAIN1671,Cc1c(c2ccc(O)cc2)n(Cc3ccc(OCCN4CCCCC4)cc3)c5ccccc15,mean,6.92081875395237,6.578407807385104
TRAIN1672,Cc1c(c2ccccc2)n(Cc3ccc(OCCN4CCCCC4)cc3)c5ccc(O)cc15,mean,7.52287874528034,6.584214843993485
TRAIN1673,COc1ccc2c(c1)c(C)c(c3ccc(O)cc3)n2Cc4ccc(OCCN5CCCCC5)cc4,mean,6.45593195564972,6.578407807385104
TRAIN1674,COc1ccc(cc1)c2c(C)c3cc(O)ccc3n2Cc4ccc(OCCN5CCCCC5)cc4,mean,6.52287874528034,6.578407807385104
TRAIN1675,COc1ccc(cc1)c2c(C)c3cc(OC)ccc3n2Cc4ccc(OCCN5CCCCC5)cc4,mean,6.22184874961636,6.578407807385104
TRAIN1676,COc1ccc(cc1)c2c(C)c3cc(OC)ccc3n2Cc4ccc(OCCN5CCCCCC5)cc4,mean,6.2839966563652,6.600029480424278
TRAIN1677,CCOc1ccc(cc1)c2c(C)c3cc(O)ccc3n2Cc4ccc(OCCN5CCCCC5)cc4,mean,7.20760831050175,6.602143939812732
TRAIN1678,CCOc1ccc(cc1)c2c(C)c3cc(O)ccc3n2Cc4ccc(OCCN5CCCCCC5)cc4,mean,7.04575749056067,6.600029480424278
TRAIN1679,Cc1c(c2ccc(O)cc2)n(Cc3ccc(OCCN4CCCCC4)cc3)c5ccc(F)cc15,mean,6.69897000433602,6.578407807385104
TRAIN1680,Cc1c(c2ccc(O)cc2)n(Cc3ccc(OCCN4CCCCCCC4)cc3)c5ccc(O)cc15,mean,7.52287874528034,6.602143939812732
TRAIN1681,CN(C)CCOc1ccc(Cn2c(c(C)c3cc(O)ccc23)c4ccc(O)cc4)cc1,mean,7.22184874961636,6.584214843993485
TRAIN1682,CCN(CC)CCOc1ccc(Cn2c(c(C)c3cc(O)ccc23)c4ccc(O)cc4)cc1,mean,7.39794000867204,6.602143939812732
TRAIN1683,CCCN(CCC)CCOc1ccc(Cn2c(c(C)c3cc(O)ccc23)c4ccc(O)cc4)cc1,mean,7.09691001300806,6.565764886549194
TRAIN1684,CCCCN(CCCC)CCOc1ccc(Cn2c(c(C)c3cc(O)ccc23)c4ccc(O)cc4)cc1,mean,6.69897000433602,6.565764886549194
TRAIN1685,CC(C)N(CCOc1ccc(Cn2c(c(C)c3cc(O)ccc23)c4ccc(O)cc4)cc1)C(C)C,mean,7.0,6.584214843993485
TRAIN1686,CCCCN(C)CCOc1ccc(Cn2c(c(C)c3cc(O)ccc23)c4ccc(O)cc4)cc1,mean,7.55284196865778,6.584214843993485
TRAIN1687,Cc1c(c2ccc(O)cc2)n(Cc3ccc(OCC[N+](C)(C)C)cc3)c4ccc(O)cc14,mean,7.0,6.565764886549194
TRAIN1688,CC1CCCCN1CCOc2ccc(Cn3c(c(C)c4cc(O)ccc34)c5ccc(O)cc5)cc2,mean,7.69897000433602,6.578407807385104
TRAIN1689,CC1CCCN(CCOc2ccc(Cn3c(c(C)c4cc(O)ccc34)c5ccc(O)cc5)cc2)C1,mean,6.76955107862173,6.565764886549194
TRAIN1690,CC1CCN(CCOc2ccc(Cn3c(c(C)c4cc(O)ccc34)c5ccc(O)cc5)cc2)CC1,mean,7.43179827593301,6.578407807385104
TRAIN1691,Cc1c(c2ccc(O)cc2)n(Cc3ccc(OCCN4CCCC(C)(C)C4)cc3)c5ccc(O)cc15,mean,6.82390874094432,6.600029480424278
TRAIN1692,C[C@@H]1CCC[C@H](C)N1CCOc2ccc(Cn3c(c(C)c4cc(O)ccc34)c5ccc(O)cc5)cc2,mean,7.15490195998574,6.565764886549194
TRAIN1693,Cc1c(c2ccc(O)cc2)n(Cc3ccc(OCCN4CCC(O)CC4)cc3)c5ccc(O)cc15,mean,7.32790214206428,6.565764886549194
TRAIN1694,Cc1c(c2ccc(O)cc2)n(Cc3ccc(OCCN4CC5CCC4C5)cc3)c6ccc(O)cc16,mean,9.0,6.584214843993485
TRAIN1695,Cc1c(c2ccc(O)cc2)n(Cc3ccc(OCCN4CC5(C)CC4C(C)(C)C5)cc3)c6ccc(O)cc16,mean,6.82390874094432,6.578407807385104
TRAIN1696,Cc1c(c2ccc(F)cc2)n(Cc3ccc(OCCN4CCCCC4)cc3)c5ccc(O)cc15,mean,7.39794000867204,6.565764886549194
TRAIN1697,Cc1c(c2ccc(F)cc2)n(Cc3ccc(OCCN4CCCCCC4)cc3)c5ccc(O)cc15,mean,7.0,6.584214843993485
TRAIN1698,CC(C)Oc1ccc(cc1)c2c(C)c3cc(O)ccc3n2Cc4ccc(OCCN5CCCCC5)cc4,mean,7.0,6.584214843993485
TRAIN1699,CC(C)Oc1ccc(cc1)c2c(C)c3cc(O)ccc3n2Cc4ccc(OCCN5CCCCCC5)cc4,mean,7.09691001300806,6.602143939812732
TRAIN1700,Cc1c(c2ccc(cc2)C(F)(F)F)n(Cc3ccc(OCCN4CCCCC4)cc3)c5ccc(O)cc15,mean,6.76955107862173,6.602143939812732
TRAIN1701,Cc1ccc(cc1)c2c(C)c3cc(O)ccc3n2Cc4ccc(OCCN5CCCCC5)cc4,mean,6.95860731484177,6.600029480424278
TRAIN1702,Cc1c(c2ccc(Cl)cc2)n(Cc3ccc(OCCN4CCCCC4)cc3)c5ccc(O)cc15,mean,6.95860731484177,6.584214843993485
TRAIN1703,Cc1c(c2cccc(O)c2)n(Cc3ccc(OCCN4CCCCC4)cc3)c5ccc(O)cc15,mean,7.72124639904717,6.602143939812732
TRAIN1704,Cc1c(c2cccc(O)c2)n(Cc3ccc(OCCN4CCCCCC4)cc3)c5ccc(O)cc15,mean,8.04575749056067,6.602143939812732
TRAIN1705,Cc1c(c2ccc(O)c(F)c2)n(Cc3ccc(OCCN4CCCCC4)cc3)c5ccc(O)cc15,mean,8.25963731050576,6.584214843993485
TRAIN1706,Cc1c(c2ccc(O)c(F)c2)n(Cc3ccc(OCCN4CCCCCC4)cc3)c5ccc(O)cc15,mean,7.88605664769316,6.602143939812732
TRAIN1707,COc1cccc(c1)c2c(C)c3cc(O)ccc3n2Cc4ccc(OCCN5CCCCC5)cc4,mean,6.92081875395237,6.565764886549194
TRAIN1708,Cc1c(c2ccc(OC(F)(F)F)cc2)n(Cc3ccc(OCCN4CCCCC4)cc3)c5ccc(O)cc15,mean,7.30102999566398,6.602143939812732
TRAIN1709,Oc1ccc(cc1)c2c(Cl)c3cc(O)ccc3n2Cc4ccc(OCCN5CCCC5)cc4,mean,8.39794000867204,6.600029480424278
TRAIN1710,Oc1ccc(cc1)c2c(Cl)c3cc(O)ccc3n2Cc4ccc(OCCN5CCCCC5)cc4,mean,7.61978875828839,6.584214843993485
TRAIN1711,Oc1ccc(cc1)c2c(Cl)c3cc(O)ccc3n2Cc4ccc(OCCN5CCCCCC5)cc4,mean,7.53760200210104,6.602143939812732
TRAIN1712,Cc1cc(O)ccc1c2c(Cl)c3cc(O)ccc3n2Cc4ccc(OCCN5CCCCC5)cc4,mean,7.88605664769316,6.578407807385104
TRAIN1713,CCc1c(c2ccc(O)cc2)n(Cc3ccc(OCCN4CCCCC4)cc3)c5ccc(O)cc15,mean,6.82390874094432,6.565764886549194
TRAIN1714,Oc1ccc(cc1)c2c(C#N)c3cc(O)ccc3n2Cc4ccc(OCCN5CCCCC5)cc4,mean,7.95860731484177,6.565764886549194
TRAIN1715,Oc1ccc(cc1)c2c(C#N)c3cc(O)ccc3n2Cc4ccc(OCCN5CCCCCC5)cc4,mean,7.63827216398241,6.600029480424278
TRAIN1716,Cc1c(c2ccc(O)cc2)n(Cc3ccc(OCCCN4CCCCC4)cc3)c5ccc(O)cc15,mean,7.00436480540245,6.578407807385104
TRAIN1717,COc1cc(Cn2c(c(C)c3cc(O)ccc23)c4ccc(O)cc4)ccc1OCCN5CCCCC5,mean,7.09691001300806,6.584214843993485
TRAIN1718,COc1cc(Cn2c(c(C)c3cc(O)ccc23)c4ccc(O)cc4)ccc1OCCN5CCCCCC5,mean,7.24412514432751,6.578407807385104
TRAIN1719,COCCCCCC[C@@H]1C[C@H]2[C@@H]3CC[C@H](O)C3CC[C@@H]2c4ccc(O)cc14,mean,7.15490195998574,6.584214843993485
TRAIN1720,COC[C@@H]1CC2C(CC[C@]3(C)[C@@H](O)CCC23)c4ccc(O)cc14,mean,6.30539480106643,6.600029480424278
TRAIN1721,COC[C@@H]1C[C@H]2[C@@H]3CCC(O)C3CC[C@@H]2c4ccc(O)cc14,mean,5.64781748188864,6.602143939812732
TRAIN1722,Cc1ccccc1C(=O)c2sc3cc(O)ccc3c2Oc4ccc(\C=C\C(=O)O)cc4,mean,7.77728352885242,6.565764886549194
TRAIN1723,Cc1cc(F)ccc1C(=O)c2sc3cc(O)ccc3c2Oc4ccc(\C=C\C(=O)O)cc4,mean,8.05551732784983,6.584214843993485
TRAIN1724,Cc1ccc(C(=O)c2sc3cc(O)ccc3c2Oc4ccc(\C=C\C(=O)O)cc4)c(C)c1,mean,8.34678748622466,6.565764886549194
TRAIN1725,Cc1cccc(C)c1C(=O)c2sc3cc(O)ccc3c2Oc4ccc(\C=C\C(=O)O)cc4,mean,8.3767507096021,6.584214843993485
TRAIN1726,Cc1cc(F)cc(C)c1C(=O)c2sc3cc(O)ccc3c2Oc4ccc(\C=C\C(=O)O)cc4,mean,8.50863830616573,6.565764886549194
TRAIN1727,Cc1cc(Cl)cc(C)c1C(=O)c2sc3cc(O)ccc3c2Oc4ccc(\C=C\C(=O)O)cc4,mean,8.61978875828839,6.565764886549194
TRAIN1728,CC(C)c1cccc(c1)N2CCc3cc(O)ccc3C2(C)c4ccc(\C=C\C(=O)O)cc4,mean,6.33161408331,6.565764886549194
TRAIN1729,CC(C)c1ccccc1N2CCc3cc(O)ccc3C2(C)c4ccc(\C=C\C(=O)O)cc4,mean,5.0,6.578407807385104
TRAIN1730,CC1(N(CCc2cc(O)ccc12)c3cccc(F)c3)c4ccc(\C=C\C(=O)O)cc4,mean,6.29670862188134,6.602143939812732
TRAIN1731,CC1(N(CCc2cc(O)ccc12)c3ccccc3)c4ccc(\C=C\C(=O)O)cc4,mean,6.43651891460559,6.602143939812732
TRAIN1732,CC1(N(CCc2cc(O)ccc12)c3ccc(F)cc3)c4ccc(\C=C\c5oc(CO)nn5)cc4,mean,7.36653154442041,6.602143939812732
TRAIN1733,CCCc1oc(\C=C\c2ccc(cc2)C3(C)N(CCc4cc(O)ccc34)c5ccc(F)cc5)nn1,mean,7.2518119729938,6.578407807385104
TRAIN1734,Cc1oc(\C=C\c2ccc(cc2)C3(C)N(CCc4cc(O)ccc34)c5ccc(F)cc5)nn1,mean,6.94692155651658,6.600029480424278
TRAIN1735,Cn1nnnc1\C=C\c2ccc(cc2)C3(C)N(CCc4cc(O)ccc34)c5ccc(F)cc5,mean,5.85108900689064,6.600029480424278
TRAIN1736,Cn1nnc(\C=C\c2ccc(cc2)C3(C)N(CCc4cc(O)ccc34)c5ccc(F)cc5)n1,mean,6.94692155651658,6.600029480424278
TRAIN1737,CC1(N(CCc2cc(O)ccc12)c3ccc(F)cc3)c4ccc(\C=C\c5nn[nH]n5)cc4,mean,5.98716277529483,6.600029480424278
TRAIN1738,Cn1cncc1\C=C\c2ccc(cc2)C3(C)N(CCc4cc(O)ccc34)c5ccc(F)cc5,mean,7.24412514432751,6.578407807385104
TRAIN1739,CC1(N(CCc2cc(O)ccc12)c3ccc(cc3)C(F)(F)F)c4ccc(\C=C\C(=O)O)cc4,mean,6.92445303860747,6.565764886549194
TRAIN1740,Cn1cnc(\C=C\c2ccc(cc2)C3(C)N(CCc4cc(O)ccc34)c5ccc(F)cc5)c1,mean,5.59108197915322,6.600029480424278
TRAIN1741,CC1(N(CCc2cc(O)ccc12)c3ccc(F)cc3)c4ccc(\C=C\c5cnc[nH]5)cc4,mean,7.25963731050576,6.602143939812732
TRAIN1742,CC1(N(CCc2cc(O)ccc12)c3ccc(F)cc3)c4ccc(\C=C\C(=O)NCCC(F)(F)F)cc4,mean,7.33724216831843,6.578407807385104
TRAIN1743,CC1(N(CCc2cc(O)ccc12)c3ccc(F)cc3)c4ccc(\C=C\C(=O)NCC(F)F)cc4,mean,5.9303319030884,6.584214843993485
TRAIN1744,CNC(=O)\C=C\c1ccc(cc1)C2(C)N(CCc3cc(O)ccc23)c4ccc(F)cc4,mean,6.92081875395237,6.565764886549194
TRAIN1745,CC1(N(CCc2cc(O)ccc12)c3ccc(F)cc3)c4ccc(CCC(=O)O)cc4,mean,6.65955588515988,6.600029480424278
TRAIN1746,CC1(N(CCc2cc(O)ccc12)c3ccc(F)cc3)c4ccc(\C=C\C(=O)O)cc4,mean,6.69464863055338,6.565764886549194
TRAIN1747,CC(C)(C)c1ccc(cc1)N2CCc3cc(O)ccc3C2(C)c4ccc(\C=C\C(=O)O)cc4,mean,6.51999305704285,6.602143939812732
TRAIN1748,Cc1ccc(cc1F)N2CCc3cc(O)ccc3C2(C)c4ccc(\C=C\C(=O)O)cc4,mean,6.95467702121334,6.602143939812732
TRAIN1749,Cc1ccc(cc1)N2CCc3cc(O)ccc3C2(C)c4ccc(\C=C\C(=O)O)cc4,mean,6.68402965454308,6.602143939812732
TRAIN1750,CC(C)c1ccc(cc1)N2CCc3cc(O)ccc3C2(C)c4ccc(\C=C\C(=O)O)cc4,mean,7.52287874528034,6.600029480424278
TRAIN1751,CCCCc1ccc(cc1)N2CCc3cc(O)ccc3C2(C)c4ccc(\C=C\C(=O)O)cc4,mean,7.63827216398241,6.578407807385104
TRAIN1752,CCCCCc1ccc(cc1)N2CCc3cc(O)ccc3C2(C)c4ccc(\C=C\C(=O)O)cc4,mean,7.25963731050576,6.602143939812732
TRAIN1753,CC1(N(CCc2cc(O)ccc12)c3ccc(cc3)C4CC4)c5ccc(\C=C\C(=O)O)cc5,mean,7.4089353929735,6.584214843993485
TRAIN1754,CC1(N(CCc2cc(O)ccc12)c3ccc(cc3)C4CCC4)c5ccc(\C=C\C(=O)O)cc5,mean,7.27572413039921,6.578407807385104
TRAIN1755,CC(C)Cc1ccc(cc1)N2CCc3cc(O)ccc3C2(C)c4ccc(\C=C\C(=O)O)cc4,mean,7.95860731484177,6.578407807385104
TRAIN1756,CC1(N(CCc2cc(O)ccc12)c3ccc(CC4CC4)cc3)c5ccc(\C=C\C(=O)O)cc5,mean,8.18708664335714,6.584214843993485
TRAIN1757,CC1(N(CCc2cc(O)ccc12)c3ccc(CC(F)(F)F)cc3)c4ccc(\C=C\C(=O)O)cc4,mean,7.56863623584101,6.584214843993485
TRAIN1758,CC(C)c1ccc(cn1)N2CCc3cc(O)ccc3C2(C)c4ccc(\C=C\C(=O)O)cc4,mean,5.93629144060858,6.584214843993485
TRAIN1759,CCC(C)c1ccc(cc1)N2CCc3cc(O)ccc3C2(C)c4ccc(\C=C\C(=O)O)cc4,mean,6.95078197732982,6.578407807385104
TRAIN1760,CC(C)c1ccc(cc1F)N2CCc3cc(O)ccc3C2(C)c4ccc(\C=C\C(=O)O)cc4,mean,6.96657624451305,6.565764886549194
TRAIN1761,CC(C)c1ccc(N2CCc3cc(O)ccc3C2(C)c4ccc(\C=C\C(=O)O)cc4)c(F)c1,mean,6.58169870868026,6.602143939812732
TRAIN1762,CC(C)Cc1ccc(N2CCc3cc(O)ccc3C2(C)c4ccc(\C=C\C(=O)O)cc4)c(F)c1,mean,8.15490195998574,6.600029480424278
TRAIN1763,CC(C)c1ccc(cc1)N2CCc3cc(O)ccc3C2(c4ccc(\C=C\C(=O)O)cc4)C(F)(F)F,mean,6.85698519974591,6.600029480424278
TRAIN1764,CC(C)c1ccc(cc1)N2CCc3cc(O)ccc3[C@]2(c4ccc(\C=C\C(=O)O)cc4)C(F)(F)F,mean,6.90308998699194,6.584214843993485
TRAIN1765,CC(C)c1ccc(cc1)N2CCc3cc(O)ccc3[C@@]2(c4ccc(\C=C\C(=O)O)cc4)C(F)(F)F,mean,5.94385773794095,6.602143939812732
TRAIN1766,CC(C)c1ccc(cc1)N2CCc3cc(O)ccc3C2(C(F)F)c4ccc(\C=C\C(=O)O)cc4,mean,6.95860731484177,6.565764886549194
TRAIN1767,CC(C)c1ccc(cc1)N2CCc3cc(O)ccc3[C@@]2(C(F)F)c4ccc(\C=C\C(=O)O)cc4,mean,7.11350927482752,6.565764886549194
TRAIN1768,CC(C)c1ccc(cc1)N2CCc3cc(O)ccc3[C@]2(C(F)F)c4ccc(\C=C\C(=O)O)cc4,mean,4.42596873227228,6.602143939812732
TRAIN1769,CC(C)c1ccc(cc1)N2CCc3cc(O)ccc3[C@@]2(C)c4ccc(\C=C\C(=O)O)cc4,mean,7.46852108295774,6.584214843993485
TRAIN1770,CC(C)c1ccc(cc1)N2CCc3cc(O)ccc3[C@]2(C)c4ccc(\C=C\C(=O)O)cc4,mean,7.56863623584101,6.602143939812732
TRAIN1771,OCCCNC(=O)\C=C\c1ccc(cc1)C(=C2C3CC4CC(CC2C4)C3)c5ccc(O)cc5,mean,7.30102999566398,6.565764886549194
TRAIN1772,OC(=O)\C=C\c1ccc(cc1)C(=C2C3CC4CC(CC2C4)C3)c5ccc(O)cc5,mean,6.30102999566398,6.565764886549194
TRAIN1773,OCCN(CCO)C(=O)\C=C\c1ccc(cc1)C(=C2C3CC4CC(CC2C4)C3)c5ccc(O)cc5,mean,8.67778070526608,6.565764886549194
TRAIN1774,CN(CCO)C(=O)\C=C\c1ccc(cc1)C(=C2C3CC4CC(CC2C4)C3)c5ccc(O)cc5,mean,8.26760624017703,6.600029480424278
TRAIN1775,CN(C)CCNC(=O)\C=C\c1ccc(cc1)C(=C2C3CC4CC(CC2C4)C3)c5ccc(O)cc5,mean,8.53760200210104,6.565764886549194
TRAIN1776,NCCCNC(=O)\C=C\c1ccc(cc1)C(=C2C3CC4CC(CC2C4)C3)c5ccc(O)cc5,mean,7.92081875395237,6.584214843993485
TRAIN1777,NCCNC(=O)\C=C\c1ccc(cc1)C(=C2C3CC4CC(CC2C4)C3)c5ccc(O)cc5,mean,8.0,6.578407807385104
TRAIN1778,OCCCCCNC(=O)\C=C\c1ccc(cc1)C(=C2C3CC4CC(CC2C4)C3)c5ccc(O)cc5,mean,8.0,6.565764886549194
TRAIN1779,OCCCCNC(=O)\C=C\c1ccc(cc1)C(=C2C3CC4CC(CC2C4)C3)c5ccc(O)cc5,mean,8.36653154442041,6.584214843993485
TRAIN1780,OCCNC(=O)\C=C\c1ccc(cc1)C(=C2C3CC4CC(CC2C4)C3)c5ccc(O)cc5,mean,8.2518119729938,6.565764886549194
TRAIN1781,CCCCNC(=O)\C=C\c1ccc(cc1)C(=C2C3CC4CC(CC2C4)C3)c5ccc(O)cc5,mean,8.04095860767891,6.578407807385104
TRAIN1782,CCCC(CCC)(c1ccc(O)c(C)c1)c2cc(C)c(O)c(O)c2,mean,6.56703070912559,6.578407807385104
TRAIN1783,CCCC(CCC)(c1ccc(O)c(C)c1)c2ccc(OCCN(C)C)c(C)c2,mean,6.87289520163519,6.602143939812732
TRAIN1784,CCCC(CCC)(c1ccc(OCCN(C)C)c(C)c1)c2ccc(O)c(O)c2,mean,6.64781748188864,6.600029480424278
TRAIN1785,CCCC(CCC)(c1ccc(O)c(C)c1)c2ccc(O)c(O)c2,mean,6.80134291304558,6.578407807385104
TRAIN1786,CCCC(CCC)(c1ccc(O)cc1)c2ccc(O)c(O)c2,mean,7.19928292171761,6.600029480424278
TRAIN1787,CCC(CC)(c1ccc(O)c(C)c1)c2ccc(O)c(O)c2,mean,6.17783192063198,6.578407807385104
TRAIN1788,CCC(CC)(c1ccc(O)cc1)c2ccc(O)c(O)c2,mean,6.81247927916354,6.584214843993485
TRAIN1789,OC(=O)\C=C\c1ccc(Oc2c(sc3cc(O)ccc23)c4ccc(O)cc4)cc1,mean,6.12609840213554,6.565764886549194
TRAIN1790,OC(=O)CCc1ccc(Oc2c(sc3cc(O)ccc23)c4ccc(O)cc4)cc1,mean,6.34008379993015,6.600029480424278
TRAIN1791,NC(=O)\C=C\c1ccc(Oc2c(sc3cc(O)ccc23)c4ccc(O)cc4)cc1,mean,7.39794000867204,6.584214843993485
TRAIN1792,OC(=O)\C=C\c1ccc(Oc2c(sc3cc(O)ccc23)c4ccccc4C(F)F)cc1,mean,7.2839966563652,6.565764886549194
TRAIN1793,COCc1ccccc1c2sc3cc(O)ccc3c2Oc4ccc(\C=C\C(=O)O)cc4,mean,6.9100948885606,6.565764886549194
TRAIN1794,C[C@H](O)c1ccccc1c2sc3cc(O)ccc3c2Oc4ccc(\C=C\C(=O)O)cc4,mean,6.74714696902011,6.600029480424278
TRAIN1795,CN(C)c1ccccc1c2sc3cc(O)ccc3c2Oc4ccc(\C=C\C(=O)O)cc4,mean,6.90657831483776,6.600029480424278
TRAIN1796,Cc1ncccc1c2sc3cc(O)ccc3c2Oc4ccc(\C=C\C(=O)O)cc4,mean,6.17457388223218,6.578407807385104
TRAIN1797,OC(=O)\C=C\c1ccc(Oc2c(sc3cc(O)ccc23)c4ccc(F)cc4C(F)(F)F)cc1,mean,7.92081875395237,6.600029480424278
TRAIN1798,OC(=O)\C=C\c1ccc(Oc2c(sc3cc(O)ccc23)c4ccccc4C(F)(F)F)cc1,mean,7.63827216398241,6.584214843993485
TRAIN1799,Cc1cc(F)ccc1c2sc3cc(O)ccc3c2Oc4ccc(\C=C\C(=O)O)cc4,mean,7.10790539730952,6.602143939812732
TRAIN1800,CC(C)c1ccccc1c2sc3cc(O)ccc3c2Oc4ccc(\C=C\C(=O)O)cc4,mean,8.22184874961636,6.600029480424278
TRAIN1801,CC(C)(C)c1ccccc1c2sc3cc(O)ccc3c2Oc4ccc(\C=C\C(=O)O)cc4,mean,7.44369749923271,6.584214843993485
TRAIN1802,CCc1ccccc1c2sc3cc(O)ccc3c2Oc4ccc(\C=C\C(=O)O)cc4,mean,7.44369749923271,6.578407807385104
TRAIN1803,Cc1ccccc1c2sc3cc(O)ccc3c2Oc4ccc(\C=C\C(=O)O)cc4,mean,7.05060999335509,6.578407807385104
TRAIN1804,OC(=O)\C=C\c1ccc(Oc2c(sc3cc(O)ccc23)c4ccccc4)cc1,mean,5.63714069704132,6.584214843993485
TRAIN1805,OC(=O)\C=C\c1ccc(Oc2c(sc3cc(O)ccc23)c4ccc(cc4)C(F)(F)F)cc1,mean,6.02641037657274,6.602143939812732
TRAIN1806,OC(=O)\C=C\c1ccc(Oc2c(sc3cc(O)ccc23)c4ccc(F)cc4)cc1,mean,5.73921333134502,6.600029480424278
TRAIN1807,COc1ccc(cc1)c2sc3cc(O)ccc3c2Oc4ccc(\C=C\C(=O)O)cc4,mean,6.1890957193313,6.600029480424278
TRAIN1808,Cc1cc(ccc1O)c2sc3cc(O)ccc3c2Oc4ccc(\C=C\C(=O)O)cc4,mean,6.48545224733971,6.600029480424278
TRAIN1809,CC\C(=C/c1ccc(Oc2c(sc3cc(O)ccc23)c4ccc(O)cc4)cc1)\C(=O)O,mean,6.66554624884907,6.600029480424278
TRAIN1810,C\C(=C/C(=O)O)\c1ccc(Oc2c(sc3cc(O)ccc23)c4ccc(O)cc4)cc1,mean,6.5003129173816,6.600029480424278
TRAIN1811,C\C(=C/c1ccc(Oc2c(sc3cc(O)ccc23)c4ccc(O)cc4)cc1)\C(=O)O,mean,6.05256627811295,6.584214843993485
TRAIN1812,COc1cc(Oc2c(sc3cc(O)ccc23)c4ccc(O)cc4)ccc1\C=C\C(=O)O,mean,5.29929628285498,6.602143939812732
TRAIN1813,Cc1cc(\C=C\C(=O)O)ccc1Oc2c(sc3cc(O)ccc23)c4ccc(O)cc4,mean,5.98716277529483,6.602143939812732
TRAIN1814,Cc1cc(Oc2c(sc3cc(O)ccc23)c4ccc(O)cc4)ccc1\C=C\C(=O)O,mean,5.89619627904404,6.578407807385104
TRAIN1815,OC(=O)\C=C\c1ccc(Oc2c(sc3cc(O)ccc23)c4ccc(O)cc4)cn1,mean,5.11069829749369,6.565764886549194
TRAIN1816,Cn1cnc(\C=C\c2ccc(Oc3c(sc4cc(O)ccc34)c5ccc(O)cc5)cc2)c1,mean,6.90308998699194,6.565764886549194
TRAIN1817,Oc1ccc(cc1)c2sc3cc(O)ccc3c2Oc4ccc(\C=C\c5c[nH]cn5)cc4,mean,7.27572413039921,6.600029480424278
TRAIN1818,Cn1nnc(\C=C\c2ccc(Oc3c(sc4cc(O)ccc34)c5ccc(O)cc5)cc2)n1,mean,8.52287874528034,6.584214843993485
TRAIN1819,Cn1nnnc1\C=C\c2ccc(Oc3c(sc4cc(O)ccc34)c5ccc(O)cc5)cc2,mean,9.0,6.578407807385104
TRAIN1820,Oc1ccc(cc1)c2sc3cc(O)ccc3c2Oc4ccc(\C=C\c5nnn[nH]5)cc4,mean,6.65955588515988,6.602143939812732
TRAIN1821,OCCNC(=O)\C=C\c1ccc(Oc2c(sc3cc(O)ccc23)c4ccc(O)cc4)cc1,mean,7.25963731050576,6.565764886549194
TRAIN1822,Oc1ccc(cc1)c2sc3cc(O)ccc3c2Oc4ccc(\C=C\C(=O)NCCC(F)(F)F)cc4,mean,8.0,6.578407807385104
TRAIN1823,CNC(=O)\C=C\c1ccc(Oc2c(sc3cc(O)ccc23)c4ccc(O)cc4)cc1,mean,7.27572413039921,6.602143939812732
TRAIN1824,CC(F)c1ccccc1c2sc3cc(O)ccc3c2Oc4ccc(\C=C\C(=O)O)cc4,mean,7.60205999132796,6.602143939812732
TRAIN1825,CC(F)(F)c1ccccc1c2sc3cc(O)ccc3c2Oc4ccc(\C=C\C(=O)O)cc4,mean,7.95860731484177,6.602143939812732
TRAIN1826,CC(F)(F)c1cc(F)ccc1c2sc3cc(O)ccc3c2Oc4ccc(\C=C\C(=O)O)cc4,mean,8.22184874961636,6.602143939812732
TRAIN1827,CN(c1ccc(\C=C\C(=O)O)cc1)c2c(sc3cc(O)ccc23)c4ccc(O)cc4,mean,5.46852108295774,6.578407807385104
TRAIN1828,CC1=C(C(=O)Oc2cc(O)ccc12)c3ccc(O)cc3C,mean,6.95078197732982,6.584214843993485
TRAIN1829,CC1=C(C(=O)Oc2cc(O)ccc12)c3ccc(O)cc3Cl,mean,5.9072793553159,6.602143939812732
TRAIN1830,CCC1=C(C(=O)Oc2cc(O)ccc12)c3ccc(O)cc3F,mean,7.92081875395237,6.602143939812732
TRAIN1831,Oc1ccc2C(=C(C(=O)Oc2c1)c3ccc(O)c(F)c3)c4ccc(O)c(F)c4,mean,6.65955588515988,6.565764886549194
TRAIN1832,Oc1ccc(cc1)C2=C(c3ccc(O)cc3)c4ccc(O)cc4OC2=O,mean,6.65364702554936,6.578407807385104
TRAIN1833,c1ccc(cc1)c2c3ccccc3nc4cc5ccccc5cc24,mean,6.03857890593355,6.565764886549194
TRAIN1834,FC(F)(F)c1ccc2cc3nc4ccccc4c(c5ccccc5)c3cc2c1,mean,5.45469288353418,6.578407807385104
TRAIN1835,Oc1ccc2cc3nc4ccccc4c(c5ccccc5)c3cc2c1,mean,6.77211329538633,6.584214843993485
TRAIN1836,FC(F)(F)c1cccc2c(c3ccccc3)c4cc5ccccc5cc4nc12,mean,5.57675412606319,6.602143939812732
TRAIN1837,Oc1cccc2c(c3ccccc3)c4cc5ccccc5cc4nc12,mean,5.96537154337468,6.602143939812732
TRAIN1838,Clc1ccc2c(c3ccccc3)c4cc5ccccc5cc4nc2c1,mean,5.78146449478347,6.578407807385104
TRAIN1839,Oc1ccc2c(c3ccccc3)c4cc5ccccc5cc4nc2c1,mean,6.53165266958784,6.600029480424278
TRAIN1840,Clc1c2ccccc2cc3c(c4ccccc4)c5ccccc5nc13,mean,5.77443228656053,6.600029480424278
TRAIN1841,Oc1ccc2c(C(=O)c3ccc(OCCN4CCCCC4)cc3)c(sc2c1)c5ccc(Cl)cc5,mean,10.3372421683184,6.600029480424278
TRAIN1842,Oc1ccc2Cc3sc4cc(O)ccc4c3C(c5ccc(OCCN6CCCCC6)cc5)c2c1,mean,9.04575749056067,6.584214843993485
TRAIN1843,CN(C)CCOc1ccc(NC2=C(C(=O)Oc3cc(O)ccc23)c4ccc(O)cc4)cc1,mean,5.08565684288056,6.584214843993485
TRAIN1844,CCN(CC)CCOc1ccc(NC2=C(C(=O)Oc3cc(O)ccc23)c4ccc(O)cc4)cc1,mean,5.22402566887063,6.600029480424278
TRAIN1845,Oc1ccc(cc1)C2=C(Nc3ccc(OCCN4CCCC4)cc3)c5ccc(O)cc5OC2=O,mean,5.19178902707578,6.578407807385104
TRAIN1846,Oc1ccc(cc1)C2=C(Nc3ccc(OCCN4CCCCC4)cc3)c5ccc(O)cc5OC2=O,mean,5.41793663708829,6.584214843993485
TRAIN1847,Fc1ccc(cc1)C2=C(Nc3ccc(OCCN4CCCCC4)cc3)c5ccccc5OC2=O,mean,5.10846254232744,6.602143939812732
TRAIN1848,COc1ccc2C(=C(C(=O)Oc2c1)c3ccc(F)cc3)Nc4ccc(OCCN5CCCCC5)cc4,mean,5.09908693226233,6.602143939812732
TRAIN1849,CN(C)CCOc1ccc(NC2=C(C(=O)Oc3cc(O)ccc23)c4ccc(F)cc4)cc1,mean,5.1791420105603,6.600029480424278
TRAIN1850,CCN(CC)CCOc1ccc(NC2=C(C(=O)Oc3cc(O)ccc23)c4ccc(F)cc4)cc1,mean,5.35951856302958,6.602143939812732
TRAIN1851,Oc1ccc2C(=C(C(=O)Oc2c1)c3ccc(F)cc3)Nc4ccc(OCCN5CCCC5)cc4,mean,5.34390179798717,6.584214843993485
TRAIN1852,Oc1ccc2C(=C(C(=O)Oc2c1)c3ccc(F)cc3)Nc4ccc(OCCN5CCCCC5)cc4,mean,5.41341269532824,6.584214843993485
TRAIN1853,COc1ccc(cc1)C2=C(Nc3ccc(OCCN4CCCCC4)cc3)c5ccc(O)cc5OC2=O,mean,5.17783192063198,6.600029480424278
TRAIN1854,COc1ccc(cc1)C2=C(Oc3ccc(OCCN4CCCCC4)cc3)c5ccc(OC)cc5OC2=O,mean,5.02594909720712,6.578407807385104
TRAIN1855,COc1ccc2C(=C(C(=O)Oc2c1)c3ccc(F)cc3)Oc4ccc(OCCN(C)C)cc4,mean,5.04769199033787,6.584214843993485
TRAIN1856,COc1ccc2C(=C(C(=O)Oc2c1)c3ccc(F)cc3)Oc4ccc(OCCN5CCCCC5)cc4,mean,5.16304326294045,6.602143939812732
TRAIN1857,CN(C)CCOc1ccc(OC2=C(C(=O)Oc3cc(O)ccc23)c4ccc(O)cc4)cc1,mean,5.07417242537526,6.565764886549194
TRAIN1858,Oc1ccc(cc1)C2=C(Oc3ccc(OCCN4CCCC4)cc3)c5ccc(O)cc5OC2=O,mean,5.16494389827988,6.565764886549194
TRAIN1859,Oc1ccc(cc1)C2=C(Oc3ccc(OCCN4CCCCC4)cc3)c5ccc(O)cc5OC2=O,mean,5.58169870868026,6.584214843993485
TRAIN1860,CN(C)CCOc1ccc(OC2=C(C(=O)Oc3cc(O)ccc23)c4ccc(F)cc4)cc1,mean,5.19178902707578,6.584214843993485
TRAIN1861,CCN(CC)CCOc1ccc(OC2=C(C(=O)Oc3cc(O)ccc23)c4ccc(F)cc4)cc1,mean,5.44977164694491,6.565764886549194
TRAIN1862,Oc1ccc2C(=C(C(=O)Oc2c1)c3ccc(F)cc3)Oc4ccc(OCCN5CCCC5)cc4,mean,5.36957212497498,6.602143939812732
TRAIN1863,Oc1ccc2C(=C(C(=O)Oc2c1)c3ccc(F)cc3)Oc4ccc(OCCN5CCCCC5)cc4,mean,5.65955588515988,6.578407807385104
TRAIN1864,OC1CCC(CC1)C2=C(c3ccc(O[C@H]4CCN(CCCF)C4)cc3)c5ccc(O)cc5CCC2,mean,9.69897000433602,6.602143939812732
TRAIN1865,Cc1oc2cc(ccc2n1)C3=C(c4ccc(O[C@H]5CCN(CCCF)C5)cc4)c6ccc(O)cc6CCC3,mean,9.52287874528034,6.584214843993485
TRAIN1866,Oc1ccc2C(=C(CCCc2c1F)c3ccc(OC(F)F)cc3F)c4ccc(O[C@H]5CCN(CCCF)C5)cc4,mean,9.69897000433602,6.565764886549194
TRAIN1867,COc1ccc(cc1F)C2=C(c3ccc(O[C@H]4CCN(CCCF)C4)cc3)c5ccc(O)cc5CCC2,mean,9.52287874528034,6.578407807385104
TRAIN1868,COc1ccc(C2=C(c3ccc(O[C@H]4CCN(CCCF)C4)cc3)c5ccc(O)cc5CCC2)c(C)c1,mean,9.69897000433602,6.578407807385104
TRAIN1869,CN1CCC(=CC1)C2=C(c3ccc(O[C@H]4CCN(CCCF)C4)cc3)c5ccc(O)cc5CCC2,mean,7.42021640338319,6.600029480424278
TRAIN1870,Oc1cccc(c1)C2=C(c3ccc(O[C@H]4CCN(CCCF)C4)cc3)c5ccc(O)cc5CCC2,mean,9.15490195998574,6.602143939812732
TRAIN1871,CCCCOC(=O)c1c(F)c(F)c(O)c(F)c1F,mean,4.53165266958784,6.600029480424278
TRAIN1872,CCCCOC(=O)c1cc(Cl)c(O)c(Cl)c1,mean,4.2572748686953,6.578407807385104
TRAIN1873,CCCCOC(=O)c1cc(Br)c(O)c(Br)c1,mean,4.40450377817443,6.584214843993485
TRAIN1874,CCCCOC(=O)c1ccc(O)c(Br)c1,mean,5.08565684288056,6.600029480424278
TRAIN1875,CCCCOC(=O)c1cc(I)c(O)c(I)c1,mean,4.46092390120722,6.600029480424278
TRAIN1876,CCCCOC(=O)c1ccc(O)c(I)c1,mean,5.09799710864927,6.584214843993485
TRAIN1877,CCCCOC(=O)c1cc(C)c(O)c(C)c1,mean,4.48811663902113,6.584214843993485
TRAIN1878,CCCCOC(=O)c1cc(O)c(O)c(O)c1,mean,5.04720755695591,6.600029480424278
TRAIN1879,CCCCCCCCOC(=O)c1cc(I)c(O)c(I)c1,mean,4.87942606879415,6.578407807385104
TRAIN1880,CCCCOC(=O)c1ccc(O)cc1,mean,5.84771165561694,6.578407807385104
TRAIN1881,CCCCCCCCOC(=O)c1cc(c(O)c(c1)[N+](=O)[O-])[N+](=O)[O-],mean,4.21896306137887,6.600029480424278
TRAIN1882,CCCCCCCCOC(=O)c1cc(O)c(O)c(O)c1,mean,5.0584885673656,6.565764886549194
TRAIN1883,CCCCCCCCOC(=O)c1cc(C)c(O)c(C)c1,mean,4.79048498545737,6.602143939812732
TRAIN1884,CCCCCCCCCCNCCOc1ccc(cc1C)C(CCC)(CCC)c2ccc(O)c(C)c2,mean,7.34678748622466,6.584214843993485
TRAIN1885,CCCCCCCCCCCCCCCCNCCOc1ccc(cc1C)C(CCC)(CCC)c2ccc(O)c(C)c2,mean,7.69897000433602,6.578407807385104
TRAIN1886,CCCCCCCCCCCCNCCOc1ccc(cc1C)C(CCC)(CCC)c2ccc(O)c(C)c2,mean,8.30980391997149,6.584214843993485
TRAIN1887,CCCCCCCCNCCOc1ccc(cc1C)C(CCC)(CCC)c2ccc(O)c(C)c2,mean,8.61978875828839,6.600029480424278
TRAIN1888,CCCCCCNCCOc1ccc(cc1C)C(CCC)(CCC)c2ccc(O)c(C)c2,mean,7.10790539730952,6.602143939812732
TRAIN1889,CCCC(CCC)(c1ccc(O)c(C)c1)c2ccc(OCCN)c(C)c2,mean,7.10790539730952,6.578407807385104
TRAIN1890,CCCCCCCCOc1ccc(cc1C)C(CCC)(CCC)c2ccc(O)c(C)c2,mean,6.39794000867204,6.602143939812732
TRAIN1891,CCCCCCOc1ccc(cc1C)C(CCC)(CCC)c2ccc(O)c(C)c2,mean,6.77469071827414,6.565764886549194
TRAIN1892,CCCCOc1ccc(cc1C)C(CCC)(CCC)c2ccc(O)c(C)c2,mean,7.06048074738138,6.584214843993485
TRAIN1893,CCCC(CCC)(c1ccc(O)c(C)c1)c2ccc(OCC)c(C)c2,mean,7.39794000867204,6.578407807385104
TRAIN1894,Cc1cccc2[nH]c(nc12)c3cc4ccccc4n3Cc5ccccc5,mean,6.41187401639687,6.565764886549194
TRAIN1895,Cc1cc(C)c2nc([nH]c2c1)c3cc4ccccc4n3Cc5ccccc5,mean,7.47977856411804,6.600029480424278
TRAIN1896,C(c1ccccc1)n2c(cc3ccccc23)c4nc5ccccc5[nH]4,mean,6.58643202872671,6.602143939812732
TRAIN1897,Brc1cnc2[nH]c(nc2c1)c3cc4ccccc4n3Cc5ccccc5,mean,6.52225670221405,6.565764886549194
TRAIN1898,Brc1ccc2[nH]c(nc2c1)c3cc4ccccc4n3Cc5ccccc5,mean,7.13306318226836,6.565764886549194
TRAIN1899,Clc1cc2nc([nH]c2cc1Cl)c3cc4ccccc4n3Cc5ccccc5,mean,7.11503480179927,6.584214843993485
TRAIN1900,BrC1=CN2NC(=NC2N=C1)c3cc4ccccc4n3Cc5ccccc5,mean,6.26826622561727,6.565764886549194
TRAIN1901,Cc1cccc2[nH]c(nc12)c3cc4ccccc4[nH]3,mean,6.7174005426154,6.600029480424278
TRAIN1902,O=C(c1ccccc1)c2ccc3[nH]c(nc3c2)c4cc5ccccc5[nH]4,mean,7.32901239698997,6.584214843993485
TRAIN1903,Brc1ccc2[nH]c(nc2c1)c3cc4ccccc4[nH]3,mean,7.09496007192379,6.578407807385104
TRAIN1904,N1C(=Nc2cccc3cccc1c23)c4cc5ccccc5[nH]4,mean,6.69505731759754,6.578407807385104
TRAIN1905,COc1cc(ccc1O)C2Oc3c(OC)cc(\C=C\CO)cc3C2CO,mean,7.20823919598709,6.602143939812732
TRAIN1906,C[C@@H](COc1ccc(cc1)C2Oc3ccc(O)cc3C(=C2c4cccc(O)c4)C)N5CC[C@@H](C)C5,mean,8.29242982390206,6.600029480424278
TRAIN1907,CC1=C(C(Oc2ccc(O)cc12)c3ccc(OCCN4CCC4)cc3)c5cccc(O)c5,mean,9.52287874528034,6.602143939812732
TRAIN1908,CC1=C(C(Oc2ccc(O)cc12)c3ccc(OCCN4CCCC4)cc3)c5cccc(O)c5,mean,9.39794000867204,6.578407807385104
TRAIN1909,CC1=C(C(Oc2ccc(O)cc12)c3ccc(OCCN4CCCCC4)cc3)c5cccc(O)c5,mean,9.69897000433602,6.584214843993485
TRAIN1910,CC1=C(C(Oc2ccc(O)cc12)c3ccc(OCCN4CCCCCC4)cc3)c5cccc(O)c5,mean,9.69897000433602,6.565764886549194
TRAIN1911,CC1CN(CCOc2ccc(cc2)C3Oc4ccc(O)cc4C(=C3c5cccc(O)c5)C)C1,mean,9.52287874528034,6.600029480424278
TRAIN1912,C[C@@H]1CCN(CCOc2ccc(cc2)C3Oc4ccc(O)cc4C(=C3c5cccc(O)c5)C)C1,mean,9.39794000867204,6.578407807385104
TRAIN1913,C[C@H]1CCN(CCOc2ccc(cc2)C3Oc4ccc(O)cc4C(=C3c5cccc(O)c5)C)C1,mean,9.69897000433602,6.578407807385104
TRAIN1914,CC1CCN(CCOc2ccc(cc2)C3Oc4ccc(O)cc4C(=C3c5cccc(O)c5)C)CC1,mean,9.69897000433602,6.578407807385104
TRAIN1915,C[C@@H](COc1ccc(cc1)C2Oc3ccc(O)cc3C(=C2c4cccc(O)c4)C)N5CCCC5,mean,9.39794000867204,6.602143939812732
TRAIN1916,C[C@H](COc1ccc(cc1)C2Oc3ccc(O)cc3C(=C2c4cccc(O)c4)C)N5CCCC5,mean,9.52287874528034,6.602143939812732
TRAIN1917,C[C@@H](COc1ccc(cc1)C2Oc3ccc(O)cc3C(=C2c4cccc(O)c4)C)N5CCC5,mean,9.04575749056067,6.578407807385104
TRAIN1918,C[C@@H](COc1ccc(cc1)C2Oc3ccc(O)cc3C(=C2c4cccc(O)c4)C)N5CCCCC5,mean,9.69897000433602,6.565764886549194
TRAIN1919,C[C@@H](COc1ccc(cc1)C2Oc3ccc(O)cc3C(=C2c4cccc(O)c4)C)N5CCCCCC5,mean,9.69897000433602,6.584214843993485
TRAIN1920,C[C@@H](COc1ccc(cc1)[C@@H]2Oc3ccc(O)cc3C(=C2c4cccc(O)c4)C)N5CC[C@@H](C)C5,mean,10.0,6.600029480424278
TRAIN1921,C[C@@H](COc1ccc(cc1)[C@H]2Oc3ccc(O)cc3C(=C2c4cccc(O)c4)C)N5CC[C@@H](C)C5,mean,8.01322826573375,6.578407807385104
TRAIN1922,C[C@@H](COc1ccc(cc1)C2Oc3ccc(O)cc3C(=C2c4cccc(O)c4)C)N5CC[C@H](C)C5,mean,9.69897000433602,6.578407807385104
TRAIN1923,C[C@H](COc1ccc(cc1)C2Oc3ccc(O)cc3C(=C2c4cccc(O)c4)C)N5CC[C@@H](C)C5,mean,9.52287874528034,6.600029480424278
TRAIN1924,C[C@H](COc1ccc(cc1)C2Oc3ccc(O)cc3C(=C2c4cccc(O)c4)C)N5CC[C@H](C)C5,mean,9.69897000433602,6.602143939812732
TRAIN1925,C[C@@H](COc1ccc(cc1)C2Oc3cc(O)ccc3C(=C2c4cccc(O)c4)C)N5CC[C@@H](C)C5,mean,9.69897000433602,6.578407807385104
TRAIN1926,C[C@@H](COc1ccc(cc1)C2Oc3ccc(O)cc3C(=C2c4ccc(O)cc4)C)N5CC[C@@H](C)C5,mean,10.0,6.565764886549194
TRAIN1927,C[C@@H](COc1ccc(cc1)C2Oc3cc(O)ccc3C(=C2c4ccc(O)cc4)C)N5CC[C@@H](C)C5,mean,9.52287874528034,6.600029480424278
TRAIN1928,C[C@@H](COc1ccc(cc1)C2Oc3ccc(O)cc3C(=C2c4ccccc4)C)N5CC[C@@H](C)C5,mean,9.39794000867204,6.565764886549194
TRAIN1929,C[C@@H](COc1ccc(cc1)C2Oc3ccc(O)cc3C(=C2c4cccc(F)c4)C)N5CC[C@@H](C)C5,mean,9.30102999566398,6.600029480424278
TRAIN1930,C[C@@H](COc1ccc(cc1)C2Oc3ccc(O)cc3C(=C2c4ccc(F)cc4)C)N5CC[C@@H](C)C5,mean,9.39794000867204,6.584214843993485
TRAIN1931,C[C@@H](COc1ccc(cc1)C2Oc3ccc(O)cc3C(=C2c4cccc(c4)C#N)C)N5CC[C@@H](C)C5,mean,9.15490195998574,6.565764886549194
TRAIN1932,C[C@@H](COc1ccc(cc1)C2Oc3ccc(O)cc3C(=C2c4ccc(cc4)C#N)C)N5CC[C@@H](C)C5,mean,8.82390874094432,6.584214843993485
TRAIN1933,C[C@@H](COc1ccc(cc1)C2Oc3ccc(O)cc3C(=C2c4cccc(c4)S(=O)(=O)C)C)N5CC[C@@H](C)C5,mean,8.85387196432176,6.600029480424278
TRAIN1934,C[C@@H](COc1ccc(cc1)C2Oc3ccc(O)cc3C(=C2c4ccc(cc4)S(=O)(=O)C)C)N5CC[C@@H](C)C5,mean,8.24412514432751,6.602143939812732
TRAIN1935,Oc1ccc(\C=C\C(=O)c2ccc(O)cc2O)cc1,mean,5.7281583934635,6.565764886549194
TRAIN1936,COC(=O)Cc1ccc(OCc2oc(nc2C)c3cccc(OC)c3)cc1,mean,5.76955107862173,6.565764886549194
TRAIN1937,COC(=O)c1ccc(OCc2oc(nc2C)c3cccc(OC)c3)cc1,mean,5.32790214206428,6.584214843993485
TRAIN1938,COC(=O)Cc1ccc(OCc2oc(nc2C)c3ccccc3OC)cc1,mean,5.38721614328026,6.578407807385104
TRAIN1939,COC(=O)c1cccc(OCc2oc(nc2C)c3ccccc3OC)c1,mean,5.2839966563652,6.600029480424278
TRAIN1940,CC1CC(=O)C2=C(C1)OC3=C(C2c4cc5ccccc5n4Cc6ccccc6)C(=O)CCC3(C)C,mean,3.44880626256421,6.602143939812732
TRAIN1941,CC1(C)CC(=O)C2=C(C1)OC3=C(C2c4cc5ccccc5n4Cc6ccccc6)C(=O)CCC3(C)C,mean,3.23122134917816,6.578407807385104
TRAIN1942,CC1CC(=O)C2=C(C1)OC3=C(C2c4cc5ccccc5n4Cc6ccccc6)C(=O)CC(C)(C)C3,mean,4.57446577950174,6.602143939812732
TRAIN1943,CC1(C)CC(=O)C2=C(C1)OC3=C(C2c4cc5ccccc5n4Cc6ccccc6)C(=O)CCC3,mean,4.73494621149599,6.600029480424278
TRAIN1944,CC1(C)CCC(=O)C2=C1OC3=C(C2c4cc5ccccc5n4Cc6ccccc6)C(=O)CCC3,mean,4.25963731050576,6.600029480424278
TRAIN1945,CC1CC(=O)C2=C(C1)OC3=C(C2c4cc5ccccc5n4Cc6ccccc6)C(=O)CCC3,mean,4.78120200188826,6.578407807385104
TRAIN1946,CC1(C)CC(=O)C2=C(C1)OC3=C(C2c4cc5ccccc5n4Cc6ccccc6)C(=O)CC(C)(C)C3,mean,4.21623930425608,6.602143939812732
TRAIN1947,CC1CC(=O)C2=C(C1)OC3=C(C2c4cc5ccccc5n4Cc6ccccc6)C(=O)CC(C)C3,mean,3.31668273807812,6.565764886549194
TRAIN1948,O=C1CCC2=C1C(C3=C(CCC3=O)O2)c4cc5ccccc5n4Cc6ccccc6,mean,4.29081487044975,6.600029480424278
TRAIN1949,O=C1NC(=O)C2=C(N1)OC3=C(C2c4cc5ccccc5n4Cc6ccccc6)C(=O)NC(=O)N3,mean,4.21410097161562,6.602143939812732
TRAIN1950,COc1cc(OC)cc(\C=C\c2ccc(cc2)C3=C(C4CC(C3O4)S(=O)(=O)Oc5ccc(Br)cc5)c6ccc(O)cc6)c1,mean,5.0329202658555,6.602143939812732
TRAIN1951,CCc1ccccc1OS(=O)(=O)C2CC3OC2C(=C3c4ccc(O)cc4)c5ccc(\C=C\c6cc(OC)cc(OC)c6)cc5,mean,8.52287874528034,6.565764886549194
TRAIN1952,Oc1ccc(cc1)C2=C(C3OC2CC3S(=O)(=O)Oc4ccccc4)c5ccc(\C=C\c6cc(O)cc(O)c6)cc5,mean,6.36855623098683,6.578407807385104
TRAIN1953,Oc1ccc(cc1)C2=C(C3OC2CC3S(=O)(=O)Oc4ccc(Br)cc4)c5ccc(\C=C\c6cc(O)cc(O)c6)cc5,mean,7.21467016498923,6.584214843993485
TRAIN1954,COc1cccc(OS(=O)(=O)C2CC3OC2C(=C3c4ccc(O)cc4)c5ccc(\C=C\c6cc(O)cc(O)c6)cc5)c1,mean,7.31875876262441,6.602143939812732
TRAIN1955,Oc1ccc(cc1)C2=C(C3OC2CC3S(=O)(=O)Oc4ccc(F)cc4)c5ccc(\C=C\c6cc(O)cc(O)c6)cc5,mean,8.30102999566398,6.602143939812732
TRAIN1956,Oc1ccc(cc1)C2=C(C3OC2CC3S(=O)(=O)Oc4ccc(Cl)cc4)c5ccc(\C=C\c6cc(O)cc(O)c6)cc5,mean,7.20760831050175,6.578407807385104
TRAIN1957,Oc1ccc(cc1)C2=C(C3OC2CC3S(=O)(=O)Oc4ccccc4Cl)c5ccc(\C=C\c6cc(O)cc(O)c6)cc5,mean,6.77989191195995,6.584214843993485
TRAIN1958,Cc1ccccc1OS(=O)(=O)C2CC3OC2C(=C3c4ccc(O)cc4)c5ccc(\C=C\c6cc(O)cc(O)c6)cc5,mean,8.0,6.565764886549194
TRAIN1959,Oc1ccc(cc1)C2=C(C3OC2CC3S(=O)(=O)Oc4cccc(c4)C(F)(F)F)c5ccc(\C=C\c6cc(O)cc(O)c6)cc5,mean,7.14266750356873,6.584214843993485
TRAIN1960,Oc1ccc(cc1)C2=C(C3OC2CC3S(=O)(=O)Oc4cccc(Cl)c4)c5ccc(\C=C\c6cc(O)cc(O)c6)cc5,mean,6.03058408764602,6.584214843993485
TRAIN1961,Oc1ccc(cc1)C2=C(C3OC2CC3S(=O)(=O)Oc4cccc(O)c4)c5ccc(\C=C\c6cc(O)cc(O)c6)cc5,mean,5.22040350874218,6.565764886549194
TRAIN1962,Cc1cccc(OS(=O)(=O)C2CC3OC2C(=C3c4ccc(O)cc4)c5ccc(\C=C\c6cc(O)cc(O)c6)cc5)c1,mean,6.02365002099673,6.565764886549194
TRAIN1963,Oc1ccc(OS(=O)(=O)C2CC3OC2C(=C3c4ccc(O)cc4)c5ccc(\C=C\c6cc(O)cc(O)c6)cc5)cc1,mean,7.26760624017703,6.602143939812732
TRAIN1964,Oc1ccc(cc1)C2=C(C3OC2CC3S(=O)(=O)Oc4cccc(Br)c4)c5ccc(\C=C\c6cc(O)cc(O)c6)cc5,mean,5.61618463401957,6.600029480424278
TRAIN1965,Cc1ccc(OS(=O)(=O)C2CC3OC2C(=C3c4ccc(O)cc4)c5ccc(\C=C\c6cc(O)cc(O)c6)cc5)cc1,mean,8.69897000433602,6.578407807385104
TRAIN1966,Oc1ccc(cc1)C2=C(C3OC2CC3S(=O)(=O)Oc4cccc5ccccc45)c6ccc(\C=C\c7cc(O)cc(O)c7)cc6,mean,7.30980391997149,6.578407807385104
TRAIN1967,Oc1ccc(cc1)C2=C(C3OC2CC3S(=O)(=O)Oc4ccccc4)c5ccc(\C=C\c6ccccc6)cc5,mean,5.98716277529483,6.600029480424278
TRAIN1968,COc1cc(OC)cc(\C=C\c2ccc(OS(=O)(=O)C3CC4OC3C(=C4c5ccc(O)cc5)c6ccc(O)cc6)cc2)c1,mean,8.15490195998574,6.584214843993485
TRAIN1969,Oc1ccc(cc1)C2=C(C3OC2CC3S(=O)(=O)Oc4ccc(\C=C\c5ccccc5)cc4)c6ccc(O)cc6,mean,6.82681373158773,6.602143939812732
TRAIN1970,COc1cc(OC)cc(\C=C\c2cccc(OS(=O)(=O)C3CC4OC3C(=C4c5ccc(O)cc5)c6ccc(O)cc6)c2)c1,mean,6.13194363817696,6.602143939812732
TRAIN1971,Oc1ccc(cc1)C2=C(C3OC2CC3S(=O)(=O)Oc4cccc(\C=C\c5cc(O)cc(O)c5)c4)c6ccc(O)cc6,mean,5.85078088734462,6.578407807385104
TRAIN1972,Oc1ccc(cc1)C2=C(C3OC2CC3S(=O)(=O)Oc4ccc(\C=C\c5cc(O)cc(O)c5)cc4)c6ccc(O)cc6,mean,7.72124639904717,6.600029480424278
TRAIN1973,Oc1ccc(cc1)C2=C([C@H]3O[C@H]2C[C@@H]3S(=O)(=O)Oc4ccccc4)c5ccc(O)cc5,mean,7.88605664769316,6.584214843993485
TRAIN1974,COc1cc(OC)cc(\C=C\c2ccc(OS(=O)(=O)[C@H]3C[C@H]4O[C@@H]3C(=C4c5ccc(O)cc5)c6ccc(O)cc6)cc2)c1,mean,7.56863623584101,6.565764886549194
TRAIN0001,Oc1ccc2O[C@H]([C@H](Sc2c1)C3CCCC3)c4ccc(OCCN5CCCCC5)cc4,median,8.60205999132796,6.567833472483301
TRAIN0002,Oc1ccc2O[C@H]([C@H](Sc2c1)C3CCCCCC3)c4ccc(OCCN5CCCCC5)cc4,median,8.1249387366083,6.60554831917378
TRAIN0003,Oc1ccc(cc1)[C@H]2Sc3cc(O)ccc3O[C@H]2c4ccc(OCCN5CCCCC5)cc4,median,8.50863830616573,6.56383735295924
TRAIN0004,Oc1ccc2O[C@H]([C@@H](CC3CCCCC3)Sc2c1)c4ccc(OCCN5CCCCC5)cc4,median,8.4089353929735,6.567833472483301
TRAIN0005,Oc1ccc2O[C@H]([C@@H](Cc3ccccc3)Sc2c1)c4ccc(OCCN5CCCCC5)cc4,median,8.13076828026902,6.56383735295924
TRAIN0006,Oc1ccc2O[C@H]([C@H](Sc2c1)c3ccncc3)c4ccc(OCCN5CCCCC5)cc4,median,6.30980391997149,6.60554831917378
TRAIN0007,Oc1ccc(cc1)C2=Cc3cc(O)ccc3C24Cc5ccc(OCCN6CCCCC6)cc5C4,median,9.0,6.56383735295924
TRAIN0008,Oc1ccc2O[C@H]([C@H](Sc2c1)c3occc3)c4ccc(OCCN5CCCCC5)cc4,median,7.45593195564972,6.60554831917378
TRAIN0009,Oc1ccc(cc1)C2=Cc3cc(O)ccc3C24Cc5ccccc5C4,median,8.36653154442041,6.56383735295924
TRAIN0010,Oc1ccc(cc1)C2=Cc3cc(O)ccc3C24C(=O)c5ccccc5C4=O,median,7.04095860767891,6.60554831917378
TRAIN0011,Oc1ccc(cc1)C2=Cc3cc(O)ccc3C24C(=O)c5ccc(OCCN6CCCCC6)cc5C4=O,median,6.76447155309245,6.60730304674033
TRAIN0012,Oc1cccc(c1)C2=Cc3cc(O)ccc3C24Cc5ccccc5C4,median,7.45593195564972,6.567833472483301
TRAIN0013,CC(C)(C)[C@H]1Sc2cc(O)ccc2O[C@H]1c3ccc(OCCN4CCCCC4)cc3,median,7.95860731484177,6.56383735295924
TRAIN0014,Oc1ccc2O[C@H]([C@H](Sc2c1)C3CCCCC3)c4ccc(OCCN5CCCCC5)cc4,median,8.58502665202918,6.60554831917378
TRAIN0015,Oc1ccc2O[C@H]([C@H](Sc2c1)c3cccnc3)c4ccc(OCCN5CCCCC5)cc4,median,6.26600071346161,6.60554831917378
TRAIN0016,CC(C)C[C@H]1Sc2cc(O)ccc2O[C@H]1c3ccc(OCCN4CCCCC4)cc3,median,8.52287874528034,6.56383735295924
TRAIN0017,Oc1ccc(C[C@H]2Sc3cc(O)ccc3O[C@H]2c4ccc(OCCN5CCCCC5)cc4)cc1,median,8.56863623584101,6.56863623584101
TRAIN0018,CC(C)[C@H]1Sc2cc(O)ccc2O[C@H]1c3ccc(OCCN4CCCCC4)cc3,median,8.15490195998574,6.567833472483301
TRAIN0019,Oc1cccc(c1)C2=Cc3cc(O)ccc3C24C(=O)c5ccccc5C4=O,median,6.43651891460559,6.60730304674033
TRAIN0020,Oc1ccc2O[C@H]([C@H](Sc2c1)c3cccs3)c4ccc(OCCN5CCCCC5)cc4,median,8.05551732784983,6.567833472483301
TRAIN0021,Oc1ccc2O[C@H]([C@@H](CC3CCCC3)Sc2c1)c4ccc(OCCN5CCCCC5)cc4,median,8.52287874528034,6.567833472483301
TRAIN0022,Oc1ccc(cc1)c2sc3cc(O)ccc3c2C(=O)c4ccc(OCCN5CCCCC5)cc4,median,8.74472749489669,6.56383735295924
TRAIN0023,Oc1ccc(cc1)[C@H]2Sc3cc(O)ccc3O[C@H]2c4ccc(COCCN5CCCCC5)cc4,median,8.63827216398241,6.60554831917378
TRAIN0024,Oc1ccc(cc1)[C@H]2Sc3cc(O)ccc3O[C@H]2c4ccc(cc4)C5=CCNCC5,median,8.85387196432176,6.60554831917378
TRAIN0025,CN1CCN(CC1)c2ccc(cc2)[C@@H]3Oc4ccc(O)cc4S[C@@H]3c5ccc(O)cc5,median,9.0,6.56863623584101
TRAIN0026,Oc1ccc(cc1)[C@H]2Sc3cc(O)ccc3O[C@H]2CCCN4CCCCC4,median,9.15490195998574,6.56383735295924
TRAIN0027,Oc1ccc(cc1)[C@H]2Sc3cc(O)ccc3O[C@H]2c4ccc(CCCN5CCCCC5)cc4,median,8.85387196432176,6.60730304674033
TRAIN0028,CN1CCCN(CC1)c2ccc(cc2)[C@@H]3Oc4ccc(O)cc4S[C@@H]3c5ccc(O)cc5,median,8.44369749923271,6.56383735295924
TRAIN0029,Oc1ccc(cc1)[C@H]2Sc3cc(O)ccc3O[C@H]2c4ccc(cc4)C5CCNCC5,median,8.76955107862173,6.60554831917378
TRAIN0030,CCN1CCN(CC1)c2ccc(cc2)[C@@H]3Oc4ccc(O)cc4S[C@@H]3c5ccc(O)cc5,median,9.0,6.60554831917378
TRAIN0031,Oc1ccc(cc1)[C@H]2Sc3cc(O)ccc3O[C@H]2c4ccc(cc4)N5CCNCC5,median,8.35654732351381,6.567833472483301
TRAIN0032,Oc1ccc(cc1)[C@H]2Sc3cc(O)ccc3O[C@H]2c4ccc(CN5CCCCC5)cc4,median,6.80966830182971,6.60554831917378
TRAIN0033,Oc1ccc(cc1)[C@H]2Sc3cc(O)ccc3O[C@H]2c4ccc(cc4)N5CCCNCC5,median,8.44369749923271,6.56383735295924
TRAIN0034,C[C@]12CC[C@H]3[C@@H](CCc4cc(O)ccc34)[C@@H]1CC[C@@H]2O,median,8.88605664769316,6.60730304674033
TRAIN0035,CCCCN(C)C(=O)CCCCCCCCCCS[C@@H]1[C@H](O)c2cc(O)ccc2[C@H]3CC[C@]4(C)[C@@H](O)CC[C@H]4[C@H]13,median,7.49485002168009,6.60730304674033
TRAIN0036,CC\C(=C(/c1ccccc1)\c2ccc(\C=C\C(=O)O)cc2)\c3ccccc3,median,7.4089353929735,6.56863623584101
TRAIN0037,C[C@]12CC[C@H]3[C@@H]([C@H](Sc4ccc(Br)cc4)C(O)c5cc(O)ccc35)[C@@H]1CC[C@@H]2O,median,6.40120949323688,6.56863623584101
TRAIN0038,C[C@]12CC[C@H]3[C@@H]([C@@H](Cc4cc(O)ccc34)Sc5ccc(\C=C\C(=O)O)cc5)[C@@H]1CC[C@@H]2O,median,7.33724216831843,6.56383735295924
TRAIN0039,CN(C)C(=O)\C=C\c1ccc(S[C@@H]2Cc3cc(O)ccc3[C@H]4CC[C@]5(C)[C@@H](O)CC[C@H]5[C@H]24)cc1,median,7.0268721464003,6.56383735295924
TRAIN0040,CCCCN(C)C(=O)CCCCCCCCCCS[C@H]1[C@@H]2[C@H](CC[C@]3(C)[C@@H](O)CC[C@@H]23)c4ccc(O)cc4C1=O,median,7.48148606012211,6.56863623584101
TRAIN0041,C[C@]12CC[C@H]3[C@@H]([C@H](CCCCCCCCCS(=O)CCCC(F)(F)C(F)(F)F)Cc4cc(O)ccc34)[C@@H]1CC[C@@H]2O,median,8.22184874961636,6.567833472483301
TRAIN0042,CCCCN(C)C(=O)CCCCCCCCCCS[C@@H]1Cc2cc(O)ccc2[C@H]3CC[C@]4(C)[C@@H](O)CC[C@H]4[C@H]13,median,8.04575749056067,6.60554831917378
TRAIN0043,Oc1ccc(cc1)[C@H]2Sc3cc(O)ccc3S[C@H]2c4ccc(OCCN5CCCC5)cc4,median,7.74472749489669,6.567833472483301
TRAIN0044,Oc1ccc2O[C@H]([C@H](Sc2c1)c3cccc(O)c3)c4ccc(OCCN5CCCC5)cc4,median,9.0,6.56863623584101
TRAIN0045,Oc1ccc(cc1)[C@H]2Sc3cc(O)ccc3S[C@H]2c4ccc(OCCN5CCCCC5)cc4,median,7.67778070526608,6.56383735295924
TRAIN0046,Oc1cccc(c1)[C@H]2Sc3cc(O)ccc3S[C@H]2c4ccc(OCCN5CCCCC5)cc4,median,7.82390874094432,6.56383735295924
TRAIN0047,Oc1cccc(c1)[C@H]2Sc3cc(O)ccc3S[C@H]2c4ccc(OCCN5CCCCC5)c(Br)c4,median,8.39794000867204,6.60730304674033
TRAIN0048,Oc1ccc(cc1)[C@H]2Sc3cc(O)ccc3S[C@H]2c4ccc(OCCN5CCCCC5)c(Br)c4,median,8.30102999566398,6.60554831917378
TRAIN0049,Oc1ccc(cc1)[C@H]2Sc3cc(O)ccc3S[C@H]2c4ccc(OCCN5CCCC5)c(Br)c4,median,8.39794000867204,6.56383735295924
TRAIN0050,Oc1cccc(c1)[C@H]2Sc3cc(O)ccc3O[C@H]2c4ccc(OCCN5CCCCC5)cc4,median,8.39794000867204,6.56383735295924
TRAIN0051,CN(CCCc1ccc(Cl)cc1)c2nc(NCCc3ccc(O)cc3)nc(n2)N4CCNCC4,median,6.95860731484177,6.56383735295924
TRAIN0052,CN(CCCc1ccc(F)cc1)c2nc(NCCc3ccc(O)cc3)nc(n2)N4CCNCC4,median,6.61978875828839,6.60554831917378
TRAIN0053,CN(C[C@@H]1C[C@@H]1c2ccccc2)c3nc(NCCc4ccc(O)cc4)nc(n3)N5CCNCC5,median,6.24795155218056,6.56863623584101
TRAIN0054,CN(CCCc1ccc(Cl)cc1)c2nc(NCCc3ccc(O)cc3)nc(n2)N4CCN(Cc5csc(C)n5)CC4,median,6.82390874094432,6.56383735295924
TRAIN0055,CN(CCCc1ccc(Cl)cc1)c2nc(NCCc3ccc(O)cc3)nc(n2)N4CCN(CCO)CC4,median,7.52287874528034,6.60554831917378
TRAIN0056,Oc1ccc(CCNc2nc(SCCCc3ccc(Cl)cc3)nc(n2)N4CCNCC4)cc1,median,7.09691001300806,6.567833472483301
TRAIN0057,COc1cccc2OC(c3ccccc3)c4c(Br)c(NS(=O)(=O)C)ccc4c12,median,5.64187471472335,6.56383735295924
TRAIN0058,Oc1ccc(cc1)C(=C(CC(F)(F)F)c2ccccc2)c3ccc(O)cc3,median,8.04575749056067,6.56383735295924
TRAIN0059,Oc1ccc(cc1)C(=Cc2ccccc2)c3ccc(O)cc3,median,6.82390874094432,6.60554831917378
TRAIN0060,CC\C(=C(/c1ccccc1)\c2ccc(OCCN(C)C)cc2)\c3ccccc3,median,6.30102999566398,6.56383735295924
TRAIN0061,CCC(=C(c1ccc(O)cc1)c2ccc(O)cc2)c3ccccc3,median,7.82390874094432,6.56863623584101
TRAIN0062,CCCCC(=C(c1ccc(O)cc1)c2ccc(O)cc2)c3ccccc3,median,6.30102999566398,6.60730304674033
TRAIN0063,CC(=C(c1ccc(O)cc1)c2ccc(O)cc2)c3ccccc3,median,7.52287874528034,6.567833472483301
TRAIN0064,CCCC(=C(c1ccc(O)cc1)c2ccc(O)cc2)c3ccccc3,median,7.30102999566398,6.56863623584101
TRAIN0065,CC\C(=C(/c1ccccc1)\c2ccc(O)cc2)\c3ccccc3,median,8.15490195998574,6.567833472483301
TRAIN0066,CC\C(=C(\CC)/c1ccc(O)cc1)\c2ccc(O)cc2,median,9.48148606012211,6.56383735295924
TRAIN0067,CCc1c(oc(c2ccc(O)cc2)c1c3ccc(OCCN4CCCCC4)cc3)c5ccc(O)cc5,median,7.18708664335714,6.56863623584101
TRAIN0068,Cc1c(c2ccc(O)cc2)n(Cc3ccc(OCCN4CCCCC4)cc3)c5ccc(O)cc15,median,7.85387196432176,6.60554831917378
TRAIN0069,Cc1c(c2ccc(O)cc2)n(Cc3ccc(OCCN4CCCCCC4)cc3)c5ccc(O)cc15,median,7.63827216398241,6.56863623584101
TRAIN0070,Cc1c(c2ccc(O)cc2)n(CCCCCCN3CCCC3)c4ccc(O)cc14,median,7.60205999132796,6.56383735295924
TRAIN0071,Cc1cc(O)c2C(=O)c3c(O[C@@H]4O[C@H](CO)[C@@H](O)[C@H](O)[C@H]4O)cc(O)cc3C(=O)c2c1,median,4.69897000433602,6.56383735295924
TRAIN0072,Oc1ccc(cc1)C2=COc3cc(O)cc(O)c3C2=O,median,5.88605664769316,6.60554831917378
TRAIN0073,Oc1ccc(cc1)C2=COc3cc(O)ccc3C2=O,median,5.20065945054642,6.56863623584101
TRAIN0074,Cc1cc(O)c2C(=O)c3c(O)cc(O)cc3C(=O)c2c1,median,5.56863623584101,6.56383735295924
TRAIN0075,Oc1ccc2C(=O)c3cc(O)ccc3C(=O)c2c1,median,5.95860731484177,6.56383735295924
TRAIN0076,Cc1ccc(cc1)S(=O)(=O)N2CCc3cc(O)ccc3C2c4ccc(OCCN5CCCC5)cc4,median,7.60554831917378,6.60730304674033
TRAIN0077,Oc1ccc(cc1)C2CN(Cc3cc(O)ccc23)C(=O)c4ccccc4,median,6.79588001734407,6.56383735295924
TRAIN0078,Oc1ccc2C(N(CCc2c1)c3ccccc3)c4cccs4,median,7.30102999566398,6.567833472483301
TRAIN0079,Oc1ccc2C(N(CCc2c1)c3ccc(\C=C\C(=O)N4CCOCC4)cc3)c5ccccc5,median,8.22914798835786,6.56863623584101
TRAIN0080,Oc1ccc2C(N(CCc2c1)S(=O)(=O)c3cccc4ccccc34)c5ccc(OCCN6CCCC6)cc5,median,8.2518119729938,6.60730304674033
TRAIN0081,CN(C)C(=O)\C=C\c1ccc(cc1)N2CCc3cc(O)ccc3C2c4ccccc4,median,8.09691001300806,6.56863623584101
TRAIN0082,Oc1ccc2C(C(CCc2c1)c3ccccc3)c4ccc(OCCN5CCCC5)cc4,median,9.30102999566398,6.56863623584101
TRAIN0083,Oc1ccc(cc1)C2CN(Cc3cc(O)ccc23)S(=O)(=O)c4ccccc4,median,6.92081875395237,6.56383735295924
TRAIN0084,Oc1ccc2C(N(Cc3ccc4OCOc4c3)CCc2c1)c5ccc(OCCN6CCCC6)cc5,median,8.03621217265444,6.60554831917378
TRAIN0085,Oc1ccc2C(CC3CCCCC3)N(CCc2c1)c4ccccc4,median,7.27490547891853,6.56383735295924
TRAIN0086,Oc1ccc2C(Cc3ccccc3)N(CCc2c1)c4ccccc4,median,8.17392519729917,6.56383735295924
TRAIN0087,Oc1ccc2C(N(CCc2c1)C(=O)c3ccccc3)c4ccc(OCCN5CCCC5)cc4,median,6.25026368443094,6.60730304674033
TRAIN0088,Oc1ccc(cc1)C2CN(Cc3ccccc3)Cc4cc(O)ccc24,median,7.69680394257951,6.60730304674033
TRAIN0089,Oc1ccc2C(C3CCCCC3)N(CCc2c1)c4ccccc4,median,7.52578373592374,6.567833472483301
TRAIN0090,Oc1ccc(cc1)C2CN(Cc3cc(O)ccc23)S(=O)(=O)c4cccc5ccccc45,median,7.55284196865778,6.60730304674033
TRAIN0091,Oc1ccc2C(N(CCc2c1)C(=O)C(F)(F)F)c3ccc(Br)cc3,median,6.78251605578609,6.56383735295924
TRAIN0092,Oc1ccc(cc1)C2CN(Cc3cc(O)ccc23)C(=O)C(F)(F)F,median,6.911155437273,6.56383735295924
TRAIN0093,Oc1ccc2C(N(CCc2c1)S(=O)(=O)c3ccccc3)c4ccc(OCCN5CCCC5)cc4,median,8.2839966563652,6.567833472483301
TRAIN0094,Oc1ccc(cc1)[C@H]2N(CCc3cc(O)ccc23)C(=O)C(F)(F)F,median,7.27083521030723,6.567833472483301
TRAIN0095,Oc1ccc2C(N(CCc2c1)S(=O)(=O)c3ccc4ccccc4c3)c5ccc(OCCN6CCCC6)cc5,median,6.95078197732982,6.60730304674033
TRAIN0096,Oc1ccc2C(N(CCc2c1)C(=O)C(F)(F)F)c3ccccc3,median,6.62893213772826,6.56383735295924
TRAIN0097,CCCc1ccc(cc1)S(=O)(=O)N2CCc3cc(O)ccc3C2c4ccc(OCCN5CCCC5)cc4,median,7.53165266958784,6.60730304674033
TRAIN0098,Oc1ccc2C(N(CCc2c1)c3ccccc3)c4ccccc4,median,7.51286162452281,6.60554831917378
TRAIN0099,Oc1ccc2C(N(CCc2c1)C(=O)C(F)(F)F)c3cccs3,median,6.4145392704915,6.567833472483301
TRAIN0100,Oc1ccc2C(N(CCc2c1)c3ccccc3)c4ccc(OCCN5CCCC5)cc4,median,7.93930215964639,6.60730304674033
TRAIN0101,CC(C)C1N(CCc2cc(O)ccc12)c3ccccc3,median,7.36957212497498,6.56863623584101
TRAIN0102,Oc1ccc2C(N(Cc3ccccc3)CCc2c1)c4ccc(OCCN5CCCC5)cc4,median,8.32790214206428,6.56383735295924
TRAIN0103,Oc1ccc2C(N(CCc2c1)C(=O)C(F)(F)F)c3ccc(OCCN4CCCC4)cc3,median,7.54211810326601,6.567833472483301
TRAIN0104,CCOC(=O)N1CCc2cc(O)ccc2C1c3ccc(OCCN4CCCC4)cc3,median,7.35359627377693,6.60730304674033
TRAIN0105,Oc1ccc(cc1)[C@@H]2Sc3cc(O)c(F)cc3O[C@@H]2c4ccc(OCCN5CCCCC5)cc4,median,7.86966623150499,6.60730304674033
TRAIN0106,Oc1ccc(cc1)[C@@H]2Sc3cc(O)ccc3O[C@H]2c4ccc(OCCN5CCCCC5)cc4,median,8.52287874528034,6.56383735295924
TRAIN0107,Oc1ccc(cc1)C2=Nc3c(O)cc(O)cc3OC2,median,4.48148606012211,6.60730304674033
TRAIN0108,Cc1ccc(cc1)N2CCc3cc(O)ccc3C2(C)c4ccc(OCCN5CCCCC5)cc4,median,7.55284196865778,6.60730304674033
TRAIN0109,Oc1ccc(cc1)[C@@H]2Sc3c(Cl)c(O)ccc3O[C@@H]2c4ccc(OCCN5CCCCC5)cc4,median,8.61978875828839,6.60554831917378
TRAIN0110,CN(C)CCOc1ccc(cc1)[C@@H]2Oc3ccc(O)cc3S[C@@H]2c4cccc(O)c4,median,8.85387196432176,6.56863623584101
TRAIN0111,CCC1Oc2cc(O)ccc2N=C1c3ccc(O)cc3,median,6.07058107428571,6.60554831917378
TRAIN0112,Oc1ccc2[C@H]([C@H](CCc2c1)c3ccccc3)c4ccc(OCCN5CCCC5)cc4,median,8.39794000867204,6.56863623584101
TRAIN0113,Oc1ccc2C3=Nc4ccc(O)cc4OC3Cc2c1,median,5.2518119729938,6.60730304674033
TRAIN0114,CC(C)c1ccc(cc1)N2CCc3cc(O)ccc3C2(C)c4ccc(OCCN5CCCCC5)cc4,median,7.14874165128092,6.60554831917378
TRAIN0115,Cc1cc2S[C@H]([C@H](Oc2cc1O)c3ccc(OCCN4CCCCC4)cc3)c5ccc(O)cc5,median,7.45717457304082,6.60554831917378
TRAIN0116,CC1(C)Oc2cc(O)ccc2N=C1c3ccc(O)cc3,median,5.06550154875643,6.60554831917378
TRAIN0117,CCC(=C(c1ccc(O)cc1)c2ccc(OCCN(C)C)cc2)c3ccccc3,median,7.76955107862173,6.567833472483301
TRAIN0118,Oc1ccc(cc1)[C@@H]2Sc3ccc(O)cc3O[C@@H]2c4ccc(OCCN5CCCCC5)cc4,median,8.79588001734407,6.60730304674033
TRAIN0119,Oc1cccc(c1)C2Sc3cc(O)ccc3OC2c4ccc(OCCN5CCCCC5)cc4,median,8.52287874528034,6.56383735295924
TRAIN0120,CC1CCN(CCOc2ccc(cc2)[C@@H]3Oc4ccc(O)cc4S[C@@H]3c5cccc(O)c5)CC1,median,9.09691001300806,6.60554831917378
TRAIN0121,CCC1Oc2cc(O)cc(C)c2N=C1c3ccc(O)c(Br)c3,median,6.74472749489669,6.56383735295924
TRAIN0122,CC1Oc2cc(O)cc(O)c2N=C1c3ccc(O)cc3,median,5.55284196865778,6.60730304674033
TRAIN0123,Oc1ccc(cc1)[C@@H]2Sc3c(F)c(O)ccc3O[C@@H]2c4ccc(OCCN5CCCCC5)cc4,median,9.09691001300806,6.60554831917378
TRAIN0124,Cc1ccc(cc1)N2CCc3cc(O)ccc3C2(C)c4ccc(OCCN5CCCC5)cc4,median,7.50863830616573,6.567833472483301
TRAIN0125,Oc1ccc(cc1)[C@H]2[C@H](Oc3ccc(O)cc3S2(=O)=O)c4ccc(OCCN5CCCCC5)cc4,median,5.96257350205938,6.56863623584101
TRAIN0126,CN(C)c1cccc(c1)N2CCc3cc(O)ccc3C2(C)c4ccc(OCCN5CCCCC5)cc4,median,7.14874165128092,6.56863623584101
TRAIN0127,Cc1cc(O)cc2O[C@@H]([C@@H](Sc12)c3ccc(O)cc3)c4ccc(OCCN5CCCCC5)cc4,median,8.69897000433602,6.60730304674033
TRAIN0128,Oc1ccc2OC(C(Sc2c1)c3ccccc3)c4ccc(OCCN5CCCCC5)cc4,median,7.92445303860747,6.56383735295924
TRAIN0129,CCC1Oc2cc(O)cc(O)c2N=C1c3ccc(O)cc3,median,5.92081875395237,6.60730304674033
TRAIN0130,CC1(N(CCc2cc(O)ccc12)c3ccc(Cl)cc3)c4ccc(OCCN5CCCCC5)cc4,median,7.45593195564972,6.60554831917378
TRAIN0131,Oc1ccc(cc1)C2=C(Oc3ccc(O)cc3S2)c4ccc(OCCN5CCCCC5)cc4,median,8.79588001734407,6.60730304674033
TRAIN0132,CC1(N(CCc2cc(O)ccc12)c3ccc(Cl)cc3)c4ccc(OCCN5CCCC5)cc4,median,7.56863623584101,6.60730304674033
TRAIN0133,CC1(N(CCc2cc(O)ccc12)c3cccc(Cl)c3)c4ccc(OCCN5CCCCC5)cc4,median,7.30980391997149,6.567833472483301
TRAIN0134,Oc1ccc(cc1)[C@@H]2Sc3cc(O)c(Cl)cc3O[C@@H]2c4ccc(OCCN5CCCCC5)cc4,median,8.26760624017703,6.60554831917378
TRAIN0135,Cc1cc(O)cc2S[C@H]([C@H](Oc12)c3ccc(OCCN4CCCCC4)cc3)c5ccc(O)cc5,median,8.27572413039921,6.56383735295924
TRAIN0136,Oc1ccc(cc1)[C@H]2Sc3c(F)c(O)ccc3O[C@H]2c4ccc(OCCN5CCCCC5)cc4,median,9.0,6.56383735295924
TRAIN0137,Oc1ccc(cc1)[C@@H]2Sc3cc(O)ccc3O[C@@H]2c4ccc(OCCN5CCCCC5)cc4,median,8.52287874528034,6.56863623584101
TRAIN0138,Oc1ccc(cc1)[C@@H]2Cc3ccc(O)cc3O[C@@H]2c4ccc(OCCN5CCCCC5)cc4,median,8.17392519729917,6.56863623584101
TRAIN0139,Oc1ccc2O[C@@H]([C@@H](Sc2c1)c3ccccc3)c4ccc(OCCN5CCCCC5)cc4,median,8.20760831050175,6.567833472483301
TRAIN0140,Oc1ccc(cc1)[C@@H]2Sc3c(Cl)cc(O)cc3O[C@@H]2c4ccc(OCCN5CCCCC5)cc4,median,9.29242982390206,6.56383735295924
TRAIN0141,CC1(C)Oc2cc(O)cc(O)c2N=C1c3ccc(O)c(Br)c3,median,5.22184874961636,6.567833472483301
TRAIN0142,CC1(N(CCc2cc(O)ccc12)c3ccccc3)c4ccc(OCCN5CCCCC5)cc4,median,7.53760200210104,6.56863623584101
TRAIN0143,CC1(N(CCc2cc(O)ccc12)c3ccccc3)c4ccc(OCCN5CCCCCC5)cc4,median,7.2518119729938,6.56863623584101
TRAIN0144,Oc1ccc(cc1)[C@@H]2Sc3c(O)cc(O)cc3O[C@@H]2c4ccc(OCCN5CCCCC5)cc4,median,7.60205999132796,6.60554831917378
TRAIN0145,Oc1ccc2C3=Nc4ccc(O)cc4OC3CCc2c1,median,5.22184874961636,6.56863623584101
TRAIN0146,Oc1ccc2C(N(CCc2c1)c3ccccc3)c4ccc(OCCN5CCCCC5)cc4,median,7.72124639904717,6.56383735295924
TRAIN0147,CC(C)c1cccc(c1)N2CCc3cc(O)ccc3C2(C)c4ccc(OCCN5CCCCC5)cc4,median,7.33724216831843,6.56383735295924
TRAIN0148,Oc1ccc(cc1)[C@@H]2Sc3ccccc3O[C@@H]2c4ccc(OCCN5CCCCC5)cc4,median,8.0,6.56863623584101
TRAIN0149,C[C@]12CC[C@H]3[C@@H](CCc4cc(O)ccc34)[C@@H]1CCC2=O,median,6.67778070526608,6.567833472483301
TRAIN0150,Oc1ccc(cc1)[C@@H]2Sc3c(F)cc(O)cc3O[C@@H]2c4ccc(OCCN5CCCCC5)cc4,median,9.30102999566398,6.56863623584101
TRAIN0151,Oc1ccc(cc1)C2=Nc3ccc(O)cc3OC2,median,4.79588001734407,6.567833472483301
TRAIN0152,CCC1Oc2cc(O)cc(O)c2N=C1c3ccc(O)c(Br)c3,median,5.27572413039921,6.60554831917378
TRAIN0153,CC1Oc2cc(O)cc(C)c2N=C1c3ccc(O)c(Br)c3,median,6.49485002168009,6.56383735295924
TRAIN0154,Oc1ccc2C(N(CCc2c1)c3ccccc3)c4ccc(F)cc4,median,6.54515513999149,6.567833472483301
TRAIN0155,CC(C)c1ccc(cc1)N2CCc3cc(O)ccc3C2(C)c4ccc(OCCN5CCCC5)cc4,median,7.35654732351381,6.56863623584101
TRAIN0156,CC1(N(CCc2cc(O)ccc12)c3ccc(F)cc3)c4ccc(OCCN5CCCCC5)cc4,median,7.42021640338319,6.60730304674033
TRAIN0157,CN(C)c1cccc(c1)N2CCc3cc(O)ccc3C2(C)c4ccc(OCCN5CCCC5)cc4,median,7.0268721464003,6.60730304674033
TRAIN0158,Oc1ccc(cc1)[C@H]2[C@H](Oc3cc(O)ccc3C2=O)c4ccc(OCCN5CCCCC5)cc4,median,7.4089353929735,6.60730304674033
TRAIN0159,Oc1ccc2O[C@@H]([C@@H](Sc2c1)c3ccccc3O)c4ccc(OCCN5CCCCC5)cc4,median,8.88605664769316,6.56863623584101
TRAIN0160,CC1(N(CCc2cc(O)ccc12)c3cccc(O)c3)c4ccc(OCCN5CCCCC5)cc4,median,7.46852108295774,6.56863623584101
TRAIN0161,CCc1cc(O)cc2O[C@@H]([C@@H](Sc12)c3ccc(O)cc3)c4ccc(OCCN5CCCCC5)cc4,median,7.27327279097343,6.60730304674033
TRAIN0162,Oc1ccc(cc1)[C@@H]2Sc3cc(O)cc(Cl)c3O[C@@H]2c4ccc(OCCN5CCCCC5)cc4,median,8.27572413039921,6.60554831917378
TRAIN0163,CC1(N(CCc2cc(O)ccc12)c3ccc(F)cc3)c4ccc(OCCN5CCCC5)cc4,median,7.50863830616573,6.56863623584101
TRAIN0164,COc1ccc(cc1)C2Sc3cc(O)ccc3OC2c4ccc(OCCN5CCCCC5)cc4,median,7.38615817812393,6.60554831917378
TRAIN0165,CC1CCCC(C)N1CCOc2ccc(cc2)[C@@H]3Oc4ccc(O)cc4S[C@@H]3c5cccc(O)c5,median,8.46852108295774,6.567833472483301
TRAIN0166,CCCC1Oc2cc(O)ccc2N=C1c3ccc(O)cc3,median,5.76955107862173,6.60554831917378
TRAIN0167,Oc1ccc(cc1)[C@@H]2Sc3cc(Cl)c(O)cc3O[C@@H]2c4ccc(OCCN5CCCCC5)cc4,median,7.63638802010786,6.60554831917378
TRAIN0168,CCc1c(O)ccc2S[C@H]([C@H](Oc12)c3ccc(OCCN4CCCCC4)cc3)c5ccc(O)cc5,median,8.32790214206428,6.56863623584101
TRAIN0169,CC1(N(CCc2cc(O)ccc12)c3ccccc3)c4ccc(OCCN5CCCC5)cc4,median,7.42021640338319,6.567833472483301
TRAIN0170,CC1(N(CCc2cc(O)ccc12)c3cccc(Cl)c3)c4ccc(OCCN5CCCC5)cc4,median,7.18045606445813,6.60554831917378
TRAIN0171,Oc1cccc(c1)[C@H]2Sc3cc(O)ccc3O[C@H]2c4ccc(OCCN5CCOCC5)cc4,median,8.42021640338319,6.56863623584101
TRAIN0172,Cc1c(O)ccc2S[C@H]([C@H](Oc12)c3ccc(OCCN4CCCCC4)cc3)c5ccc(O)cc5,median,8.92081875395237,6.56863623584101
TRAIN0173,CC1Oc2cc(O)ccc2N=C1c3ccc(O)cc3,median,5.76955107862173,6.60554831917378
TRAIN0174,CC1(N(CCc2cc(O)ccc12)c3cccc(O)c3)c4ccc(OCCN5CCCC5)cc4,median,7.50863830616573,6.567833472483301
TRAIN0175,CC1(N(CCc2cc(O)ccc12)c3cccc(F)c3)c4ccc(OCCN5CCCC5)cc4,median,7.4089353929735,6.56383735295924
TRAIN0176,Oc1cccc(c1)[C@H]2Sc3cc(O)ccc3O[C@H]2c4ccc(OCCNC5CCCCCC5)cc4,median,8.92081875395237,6.56863623584101
TRAIN0177,Oc1ccc2OC(C(Sc2c1)c3ccc(F)cc3)c4ccc(OCCN5CCCCC5)cc4,median,8.42021640338319,6.56863623584101
TRAIN0178,Oc1ccc2C(=O)c3oc4cc(O)ccc4c3Oc2c1,median,6.25570701687732,6.60730304674033
TRAIN0179,COc1cc(O)c2C(=O)c3c(Oc2c1)oc4cc(O)ccc34,median,5.56415563401556,6.60730304674033
TRAIN0180,Oc1cc(O)c2C(=O)c3oc4c(cc(O)cc4c3Oc2c1)C#N,median,5.80966830182971,6.56863623584101
TRAIN0181,Oc1cc(O)c2C(=O)c3sc4ccccc4c3Oc2c1,median,5.4350973274708,6.56383735295924
TRAIN0182,CC1=C(c2ccc(O)cc2)C3(Cc4ccccc4C3)c5ccc(O)cc15,median,7.72124639904717,6.60730304674033
TRAIN0183,Oc1ccc(cc1)C2=CC(=O)c3c(O)cc(O)cc3O2,median,5.90204892900585,6.567833472483301
TRAIN0184,CC1=CC[C@@]2(CO)COC([C@@H]1C2)c3ccc(O)cc3,median,5.49485002168009,6.60730304674033
TRAIN0185,Oc1ccc2CC3(Cc2c1)C(=Cc4ccccc34)c5ccccc5,median,7.23657200643706,6.60730304674033
TRAIN0186,Oc1ccc2Oc3c(oc4cc(O)ccc34)C(=O)c2c1,median,5.82390874094432,6.60554831917378
TRAIN0187,Oc1ccc2c(C=C(c3ccccc3)C24Cc5ccccc5C4)c1,median,7.61978875828839,6.567833472483301
TRAIN0188,Oc1ccc2c3C(=O)c4c(O)cc(O)cc4Oc3oc2c1,median,7.55284196865778,6.56863623584101
TRAIN0189,Oc1cc(O)c2C(=O)c3oc4c(Br)cc(O)cc4c3Oc2c1,median,5.89962945488244,6.60554831917378
TRAIN0190,Oc1ccc2oc3C(=O)c4c(O)cc(O)cc4Oc3c2c1,median,5.53003079050004,6.56383735295924
TRAIN0191,OC[C@]12CC[C@H]([C@H](C1)C=CC2)c3ccc(O)cc3,median,6.25963731050576,6.60554831917378
TRAIN0192,Oc1cccc(c1)C2=Cc3ccc(O)cc3C24Cc5ccccc5C4,median,7.50863830616573,6.567833472483301
TRAIN0193,Oc1ccc2c3Oc4cc(O)cc(O)c4C(=O)c3oc2c1,median,7.16749108729376,6.60554831917378
TRAIN0194,Oc1ccc2Oc3c(oc4ccc(O)cc34)C(=O)c2c1,median,6.74472749489669,6.60554831917378
TRAIN0195,OC(=O)CCCOc1ccc(cc1)\C(=C\CCc2ccccc2)\c3cccc(O)c3,median,5.76955107862173,6.56863623584101
TRAIN0196,CC\C(=C(/c1ccc(O)cc1)\c2ccc(OCC(=O)O)cc2)\c3ccccc3,median,6.30102999566398,6.56863623584101
TRAIN0197,CC\C(=C(\c1ccc(OCC(=O)O)cc1)/c2cccc(O)c2)\c3ccccc3,median,5.84163750790475,6.56383735295924
TRAIN0198,OC(=O)CCCOc1ccc(cc1)\C(=C\CCc2ccccc2)\c3ccc(O)cc3,median,6.62893213772826,6.60554831917378
TRAIN0199,CC[C@@](C)([C@@H](c1ccc(O)cc1)c2ccc(OCCCC(=O)O)cc2)c3ccccc3,median,5.22184874961636,6.56863623584101
TRAIN0200,O\N=C/1\[C@H]([C@H](Oc2cc(O)ccc12)c3ccc(OCCN4CCCCC4)cc3)c5ccc(O)cc5,median,5.98296666070122,6.567833472483301
TRAIN0201,C[C@H]1[C@H](Oc2cc(O)ccc2C1=O)c3ccc(OCCN4CCCCC4)cc3,median,5.44818417764898,6.56863623584101
TRAIN0202,Oc1ccc2C(=O)[C@H]([C@H](Oc2c1)c3ccc(OCCN4CCCCC4)cc3)c5ccccc5,median,6.27490547891853,6.56863623584101
TRAIN0203,Cc1cc(O)cc2O[C@@H]([C@@H](C(=O)c12)c3ccc(O)cc3)c4ccc(OCCN5CCCCC5)cc4,median,7.85387196432176,6.56383735295924
TRAIN0204,C[C@@H]1[C@H](Oc2cc(O)ccc2C1=O)c3ccc(OCCN4CCCCC4)cc3,median,5.84924356013969,6.56863623584101
TRAIN0205,Oc1ccc(cc1)[C@H]2Oc3cc(O)ccc3C(=O)[C@H]2c4ccc(O)cc4,median,6.30980391997149,6.60554831917378
TRAIN0206,CCc1cc(O)cc2O[C@@H]([C@@H](C(=O)c12)c3ccc(O)cc3)c4ccc(OCCN5CCCCC5)cc4,median,7.16749108729376,6.56863623584101
TRAIN0207,CCCCCc1cc(O)cc2O[C@@H]([C@@H](C(=O)c12)c3ccc(O)cc3)c4ccc(OCCN5CCCCC5)cc4,median,7.14874165128092,6.56863623584101
TRAIN0208,COc1cc(ccc1O)[C@H]2[C@H](Oc3cc(O)ccc3C2=O)c4ccc(OCCN5CCCCC5)cc4,median,6.3840499483436,6.60554831917378
TRAIN0209,Oc1ccc(cc1)[C@@H]2[C@H](Oc3cc(O)ccc3C2=O)c4ccc(OCCN5CCCCC5)cc4,median,7.30980391997149,6.60730304674033
TRAIN0210,Oc1ccc(cc1)[C@H]2[C@H](Oc3cc(O)cc(Cl)c3C2=O)c4ccc(OCCN5CCCCC5)cc4,median,7.23657200643706,6.56383735295924
TRAIN0211,COc1cc(O)ccc1[C@H]2[C@H](Oc3cc(O)ccc3C2=O)c4ccc(OCCN5CCCCC5)cc4,median,6.82681373158773,6.60554831917378
TRAIN0212,CC(C)[C@H]1[C@H](Oc2cc(O)ccc2C1=O)c3ccc(OCCN4CCCCC4)cc3,median,7.05060999335509,6.60554831917378
TRAIN0213,Oc1ccc(cc1)[C@H]2[C@H](Oc3ccccc3C2=O)c4ccc(OCCN5CCCCC5)cc4,median,6.74714696902011,6.567833472483301
TRAIN0214,Oc1ccc2c(OC(=O)c3c2oc4cc(O)ccc34)c1,median,7.95860731484177,6.60554831917378
TRAIN0215,CC(C)[C@@H]1[C@H](Oc2cc(O)ccc2C1=O)c3ccc(OCCN4CCCCC4)cc3,median,6.96257350205938,6.567833472483301
TRAIN0216,C[C@H]1[C@H](Oc2cc(O)cc(O)c2C1=O)c3ccc(OCCN4CCCCC4)cc3,median,6.25884840114822,6.60730304674033
TRAIN0217,Oc1ccc(cc1)[C@H]2[C@H](Oc3cc(O)cc(F)c3C2=O)c4ccc(OCCN5CCCCC5)cc4,median,6.97881070093006,6.56383735295924
TRAIN0218,CCCc1cc(O)cc2O[C@@H]([C@@H](C(=O)c12)c3ccc(O)cc3)c4ccc(OCCN5CCCCC5)cc4,median,6.18575240426808,6.60730304674033
TRAIN0219,Cc1cc(cc(C)c1O)[C@H]2[C@H](Oc3cc(O)ccc3C2=O)c4ccc(OCCN5CCCCC5)cc4,median,5.97881070093006,6.56863623584101
TRAIN0220,O[C@@H]1[C@H]([C@H](Oc2cc(O)ccc12)c3ccc(OCCN4CCCCC4)cc3)c5ccc(O)cc5,median,6.03198428600636,6.60730304674033
TRAIN0221,C[C@H]1CCN(CCOc2ccc(cc2)[C@@H]3Oc4ccc(O)c(F)c4[C@@H](C)[C@@H]3c5ccc(O)cc5)C1,median,9.09691001300806,6.60730304674033
TRAIN0222,C[C@@H]1CCN(CCOc2ccc(cc2)[C@@H]3Oc4ccc(O)cc4[C@@H](C)[C@@H]3c5ccc(O)cc5)C1,median,8.61978875828839,6.56863623584101
TRAIN0223,C[C@@H]1CCN(CCOc2ccc(cc2)[C@@H]3Oc4ccc(O)c(F)c4[C@@H](C)[C@@H]3c5ccc(O)cc5)C1,median,9.09691001300806,6.56383735295924
TRAIN0224,C[C@@H](COc1ccc(cc1)[C@@H]2Oc3ccc(O)cc3[C@@H](C)[C@@H]2c4ccc(O)cc4)N5CCCC5,median,8.85387196432176,6.60554831917378
TRAIN0225,Cc1cc(C)nc(n1)N2CCN(CC2)c3ccc(cc3)C(=O)c4c(sc5cc(O)ccc45)c6ccc(O)cc6,median,8.67366413907125,6.567833472483301
TRAIN0226,CCCN1CCN(CC1)c2ccc(cc2)C(=O)c3c(sc4cc(O)ccc34)c5ccc(O)cc5,median,8.84466396253494,6.56383735295924
TRAIN0227,C[C@@H](COc1ccc(cc1)[C@@H]2Oc3ccc(O)c(F)c3[C@@H](C)[C@@H]2c4ccc(O)cc4)N5CCCC5,median,9.30102999566398,6.56863623584101
TRAIN0228,C[C@@H]1[C@@H]([C@@H](Oc2cc(O)ccc12)c3ccc(OCCN4CCCCC4)cc3)c5ccc(O)cc5,median,7.34678748622466,6.567833472483301
TRAIN0229,C[C@@H]1[C@@H]([C@@H](Oc2ccc(O)cc12)c3ccc(OCCN4CCCCC4)cc3)c5ccc(O)cc5,median,7.42021640338319,6.567833472483301
TRAIN0230,C[C@H]1[C@@H]([C@@H](Oc2cc(O)ccc12)c3ccc(OCCN4CCCCC4)cc3)c5ccc(O)cc5,median,9.18045606445813,6.56383735295924
TRAIN0231,CC[C@H]1[C@@H]([C@@H](Oc2ccc(O)cc12)c3ccc(OCCN4CCCCC4)cc3)c5ccc(O)cc5,median,7.85387196432176,6.56863623584101
TRAIN0232,C[C@H]1[C@@H]([C@@H](Oc2ccc(O)cc12)c3ccc(OCCN4CCCCC4)cc3)c5ccc(O)cc5,median,8.85387196432176,6.56383735295924
TRAIN0233,Oc1ccc(cc1)c2sc3cc(O)ccc3c2C(=O)c4ccc(cc4)N5CCN(Cc6ccccc6)CC5,median,9.01322826573375,6.56383735295924
TRAIN0234,Oc1ccc(cc1)c2sc3cc(O)ccc3c2C(=O)c4ccc(cc4)N5CCN(CC5)C(=O)c6ccccc6,median,9.06550154875643,6.56863623584101
TRAIN0235,Oc1ccc(cc1)c2sc3cc(O)ccc3c2C(=O)c4ccc(cc4)N5CCN(CC5)C(=O)c6occc6,median,8.57675412606319,6.56863623584101
TRAIN0236,Cc1ccc(cc1)C(=O)N2CCN(CC2)c3ccc(cc3)C(=O)c4c(sc5cc(O)ccc45)c6ccc(O)cc6,median,8.56224943717961,6.56863623584101
TRAIN0237,Oc1ccc(cc1)c2sc3cc(O)ccc3c2C(=O)c4ccc(cc4)N5CCN(CC5)C(=O)c6cccc(Cl)c6,median,9.33724216831843,6.56383735295924
TRAIN0238,Oc1ccc(cc1)c2sc3cc(O)ccc3c2C(=O)c4ccc(cc4)N5CCN(CC5)C(=O)c6ccc(Cl)cc6,median,9.10790539730952,6.56863623584101
TRAIN0239,C[C@H]1[C@@H]([C@@H](Oc2ccc(O)c(F)c12)c3ccc(OCCN4CCCCC4)cc3)c5ccc(O)cc5,median,9.09691001300806,6.567833472483301
TRAIN0240,Oc1ccc(cc1)c2sc3cc(O)ccc3c2C(=O)c4ccc(cc4)N5CCN(CC5)C(=O)c6cccc(O)c6,median,8.85698519974591,6.60554831917378
TRAIN0241,Oc1ccc(cc1)c2sc3cc(O)ccc3c2C(=O)c4ccc(cc4)N5CCN(CC5)C(=O)c6ccccc6O,median,8.51570016065321,6.567833472483301
TRAIN0242,Cc1ccccc1C(=O)N2CCN(CC2)c3ccc(cc3)C(=O)c4c(sc5cc(O)ccc45)c6ccc(O)cc6,median,8.40450377817443,6.567833472483301
TRAIN0243,Cc1cccc(c1)C(=O)N2CCN(CC2)c3ccc(cc3)C(=O)c4c(sc5cc(O)ccc45)c6ccc(O)cc6,median,9.56863623584101,6.60554831917378
TRAIN0244,C[C@H]1[C@@H]([C@@H](Oc2ccc(O)cc12)c3ccc(OCCN4CCCC4)cc3)c5ccc(O)cc5,median,8.82390874094432,6.56863623584101
TRAIN0245,C[C@H]1[C@@H]([C@@H](Oc2ccc(O)c(F)c12)c3ccc(OCCN4CCCC4)cc3)c5ccc(O)cc5,median,9.04575749056067,6.60730304674033
TRAIN0246,C[C@H]1CCN(CCOc2ccc(cc2)[C@@H]3Oc4ccc(O)cc4[C@@H](C)[C@@H]3c5ccc(O)cc5)C1,median,8.88605664769316,6.567833472483301
TRAIN0247,Oc1ccc(cc1)c2sc3cc(O)ccc3c2C(=O)c4ccc(cc4)N5CCN(CC5)C(=O)c6ccccc6Cl,median,8.76447155309245,6.60730304674033
TRAIN0248,Oc1ccc(cc1)c2sc3cc(O)ccc3c2C(=O)c4ccc(cc4)N5CCN(CC5)C(=O)c6ccncc6,median,7.83983170704149,6.56863623584101
TRAIN0249,Oc1ccc(cc1)c2sc3cc(O)ccc3c2C(=O)c4ccc(cc4)N5CCN(CC5)C(=O)c6ccc(cc6)[N+](=O)[O-],median,8.66756154008439,6.56863623584101
TRAIN0250,Oc1ccc(cc1)c2sc3cc(O)ccc3c2C(=O)c4ccc(cc4)N5CCN(CC5)c6ccc(Cl)cc6,median,9.65757731917779,6.60730304674033
TRAIN0251,Oc1ccc(cc1)c2sc3cc(O)ccc3c2C(=O)c4ccc(cc4)N5CCN(CC5)C(=O)c6ccccc6[N+](=O)[O-],median,8.44611697335613,6.60554831917378
TRAIN0252,Oc1ccc(cc1)c2sc3cc(O)ccc3c2C(=O)c4ccc(cc4)N5CCN(CC5)c6ccc(cc6)[N+](=O)[O-],median,9.36653154442041,6.60730304674033
TRAIN0253,CC(C)N1CCN(CC1)c2ccc(cc2)C(=O)c3c(sc4cc(O)ccc34)c5ccc(O)cc5,median,9.55284196865778,6.60730304674033
TRAIN0254,Oc1ccc(cc1)c2sc3cc(O)ccc3c2C(=O)c4ccc(cc4)N5CCN(CC5)C6CCCC6,median,8.96657624451305,6.60554831917378
TRAIN0255,C[C@@H](COc1ccc(cc1)[C@@H]2Oc3ccc(O)cc3[C@@H](C)[C@@H]2c4ccc(O)cc4)N5CC[C@@H](C)C5,median,8.88605664769316,6.60730304674033
TRAIN0256,C[C@@H](COc1ccc(cc1)[C@@H]2Oc3ccc(O)c(F)c3[C@@H](C)[C@@H]2c4ccc(O)cc4)N5CC[C@@H](C)C5,median,9.04575749056067,6.56863623584101
TRAIN0257,C[C@@H](COc1ccc(cc1)[C@@H]2Oc3ccc(O)c(F)c3[C@@H](C)[C@@H]2c4ccc(O)cc4)N5CC[C@H](C)C5,median,8.60205999132796,6.567833472483301
TRAIN0258,C[C@H](CN1CCCC1)Oc2ccc(cc2)[C@@H]3Oc4ccc(O)cc4[C@@H](C)[C@@H]3c5ccc(O)cc5,median,8.82390874094432,6.567833472483301
TRAIN0259,C[C@H]1[C@@H]([C@@H](Oc2ccc(O)c(F)c12)c3ccc(OCCN4CCCCCC4)cc3)c5ccc(O)cc5,median,9.52287874528034,6.567833472483301
TRAIN0260,C[C@@H](COc1ccc(cc1)[C@@H]2Oc3ccc(O)c(F)c3[C@@H](C)[C@@H]2c4ccc(O)cc4)N5CCC[C@H]5C,median,9.15490195998574,6.60554831917378
TRAIN0261,COc1ccc2[C@H]([C@H](OCc2c1)c3ccccc3)c4ccc(OCCN5CCCC5)cc4,median,7.4089353929735,6.60554831917378
TRAIN0262,COc1ccc2[C@H]([C@H](SCc2c1)c3ccccc3)c4ccc(OCCN5CCCC5)cc4,median,7.88605664769316,6.56863623584101
TRAIN0263,Oc1ccc2[C@H]([C@H](OCc2c1)c3ccccc3)c4ccc(OCCN5CCCC5)cc4,median,8.61978875828839,6.567833472483301
TRAIN0264,Oc1ccc2[C@H]([C@H](SCc2c1)c3ccccc3)c4ccc(OCCN5CCCC5)cc4,median,9.22184874961636,6.60554831917378
TRAIN0265,C[C@H]1CN(CCOc2ccc(cc2)[C@@H]3Oc4ccc(O)cc4S[C@@H]3c5ccc(O)cc5)C[C@@H]1C,median,9.30102999566398,6.56863623584101
TRAIN0266,C[C@@H]1CN(CCOc2ccc(cc2)[C@@H]3Oc4ccc(O)cc4S[C@@H]3c5ccc(O)cc5)C[C@H]1C,median,9.39794000867204,6.56383735295924
TRAIN0267,Oc1ccc(cc1)[C@H]2Sc3cc(O)ccc3O[C@H]2c4ccc(OCCCN5CCCC5)cc4,median,8.76955107862173,6.60730304674033
TRAIN0268,C[C@H](COc1ccc(cc1)[C@@H]2Oc3ccc(O)cc3S[C@@H]2c4ccc(O)cc4)N5CCCC5,median,8.88605664769316,6.60554831917378
TRAIN0269,Oc1ccc(cc1)[C@H]2Sc3cc(O)ccc3O[C@H]2c4ccc(OCCN5CC6CC6C5)cc4,median,9.15490195998574,6.60554831917378
TRAIN0270,Oc1ccc(cc1)[C@H]2Sc3cc(O)ccc3O[C@H]2c4ccc(OCCN5CCCC5)cc4,median,8.58502665202918,6.60554831917378
TRAIN0271,C[C@@H]1CCN(CCOc2ccc(cc2)[C@@H]3Oc4ccc(O)cc4S[C@@H]3c5ccc(O)cc5)C1,median,8.52287874528034,6.56863623584101
TRAIN0272,C[C@H]1CCN(CCOc2ccc(cc2)[C@@H]3Oc4ccc(O)cc4S[C@@H]3c5ccc(O)cc5)C1,median,9.0,6.60554831917378
TRAIN0273,C[C@@H]1CCCN1CCOc2ccc(cc2)[C@@H]3Oc4ccc(O)cc4S[C@@H]3c5ccc(O)cc5,median,9.15490195998574,6.60554831917378
TRAIN0274,C[C@H]1CCCN1CCOc2ccc(cc2)[C@@H]3Oc4ccc(O)cc4S[C@@H]3c5ccc(O)cc5,median,9.09691001300806,6.567833472483301
TRAIN0275,CC[C@@H]1CCN(CCOc2ccc(cc2)[C@@H]3Oc4ccc(O)cc4S[C@@H]3c5ccc(O)cc5)C1,median,9.04575749056067,6.60554831917378
TRAIN0276,CC[C@H]1CCN(CCOc2ccc(cc2)[C@@H]3Oc4ccc(O)cc4S[C@@H]3c5ccc(O)cc5)C1,median,8.95860731484177,6.56383735295924
TRAIN0277,CC(C)[C@@H]1CCN(CCOc2ccc(cc2)[C@@H]3Oc4ccc(O)cc4S[C@@H]3c5ccc(O)cc5)C1,median,9.39794000867204,6.56383735295924
TRAIN0278,CC(C)[C@H]1CCN(CCOc2ccc(cc2)[C@@H]3Oc4ccc(O)cc4S[C@@H]3c5ccc(O)cc5)C1,median,9.52287874528034,6.56383735295924
TRAIN0279,CC1(C)CCN(CCOc2ccc(cc2)[C@@H]3Oc4ccc(O)cc4S[C@@H]3c5ccc(O)cc5)C1,median,9.0,6.56383735295924
TRAIN0280,CC1(C)CCCN1CCOc2ccc(cc2)[C@@H]3Oc4ccc(O)cc4S[C@@H]3c5ccc(O)cc5,median,9.04575749056067,6.56383735295924
TRAIN0281,C[C@@H]1CN(CCOc2ccc(cc2)[C@@H]3Oc4ccc(O)cc4S[C@@H]3c5ccc(O)cc5)C[C@@H]1C,median,9.15490195998574,6.60730304674033
TRAIN0282,CN(C)c1cccc(c1)N2CCc3cc(O)ccc3C2c4ccc(OCCN5CCCCC5)cc4,median,7.14898639317633,6.56383735295924
TRAIN0283,CC[C@@H](COc1ccc(cc1)[C@@H]2Oc3ccc(O)cc3S[C@@H]2c4ccc(O)cc4)N5CCCC5,median,9.30102999566398,6.567833472483301
TRAIN0284,CC[C@H](COc1ccc(cc1)[C@@H]2Oc3ccc(O)cc3S[C@@H]2c4ccc(O)cc4)N5CCCC5,median,9.15490195998574,6.60730304674033
TRAIN0285,CC(C)[C@@H](COc1ccc(cc1)[C@@H]2Oc3ccc(O)cc3S[C@@H]2c4ccc(O)cc4)N5CCCC5,median,9.15490195998574,6.56383735295924
TRAIN0286,CC(C)[C@H](COc1ccc(cc1)[C@@H]2Oc3ccc(O)cc3S[C@@H]2c4ccc(O)cc4)N5CCCC5,median,9.30102999566398,6.567833472483301
TRAIN0287,CC(C)(COc1ccc(cc1)[C@@H]2Oc3ccc(O)cc3S[C@@H]2c4ccc(O)cc4)N5CCCC5,median,9.15490195998574,6.567833472483301
TRAIN0288,C[C@@H](CN1CCCC1)Oc2ccc(cc2)[C@@H]3Oc4ccc(O)cc4S[C@@H]3c5ccc(O)cc5,median,8.60205999132796,6.56383735295924
TRAIN0289,C[C@H](CN1CCCC1)Oc2ccc(cc2)[C@@H]3Oc4ccc(O)cc4S[C@@H]3c5ccc(O)cc5,median,8.20065945054642,6.56383735295924
TRAIN0290,CC[C@@H](CN1CCCC1)Oc2ccc(cc2)[C@@H]3Oc4ccc(O)cc4S[C@@H]3c5ccc(O)cc5,median,9.09691001300806,6.60554831917378
TRAIN0291,CC[C@H](CN1CCCC1)Oc2ccc(cc2)[C@@H]3Oc4ccc(O)cc4S[C@@H]3c5ccc(O)cc5,median,8.92081875395237,6.567833472483301
TRAIN0292,Oc1ccc(cc1)c2oc3ccc(O)cc3c2,median,6.75448733218585,6.56383735295924
TRAIN0293,Oc1ccc(cc1)c2oc3c(Br)cc(O)cc3c2,median,8.82390874094432,6.567833472483301
TRAIN0294,Oc1cc(Br)c2oc(cc2c1)c3ccc(O)c(F)c3,median,7.92081875395237,6.567833472483301
TRAIN0295,COc1cc(O)cc2cc(oc12)c3ccc(O)cc3,median,6.31605286924849,6.60730304674033
TRAIN0296,COc1cc(O)cc2cc(oc12)c3ccc(O)c(F)c3,median,6.00436480540245,6.60730304674033
TRAIN0297,COc1cc(O)c(Br)c2cc(oc12)c3ccc(O)cc3,median,7.67778070526608,6.56383735295924
TRAIN0298,COc1cc(O)c(Br)c2cc(oc12)c3ccc(O)c(F)c3,median,6.47495519296315,6.56383735295924
TRAIN0299,Oc1ccc(cc1)[C@H]2Sc3cc(O)ccc3O[C@H]2c4ccc(OCCN5C6CCCC5CC6)cc4,median,9.22184874961636,6.56863623584101
TRAIN0300,Oc1ccc(cc1)[C@H]2Sc3cc(O)ccc3O[C@H]2c4ccc(OCCN5C6CCCC5CCC6)cc4,median,9.22184874961636,6.56383735295924
TRAIN0301,Oc1ccc(cc1)[C@H]2Sc3cc(O)ccc3O[C@H]2c4ccc(OCCN5C6CCC5CC6)cc4,median,9.04575749056067,6.60554831917378
TRAIN0302,Oc1ccc(cc1)[C@H]2Sc3cc(O)ccc3O[C@H]2c4ccc(OCCN5CC6CC5CO6)cc4,median,9.15490195998574,6.60554831917378
TRAIN0303,Oc1ccc(cc1)[C@H]2Sc3cc(O)ccc3O[C@H]2c4ccc(OCCN5CC6CCC5CC6)cc4,median,8.88605664769316,6.56383735295924
TRAIN0304,Oc1ccc(cc1)[C@H]2Sc3cc(O)ccc3O[C@H]2c4ccc(OCCN5CC6CC7CC(C6)CC5C7)cc4,median,9.22184874961636,6.567833472483301
TRAIN0305,Oc1ccc(cc1)[C@H]2Sc3cc(O)ccc3O[C@H]2c4ccc(OCCN5CC[C@H]6C[C@@H]56)cc4,median,9.22184874961636,6.60730304674033
TRAIN0306,Oc1ccc(cc1)[C@H]2Sc3cc(O)ccc3O[C@H]2c4ccc(OCCN5CC[C@@H]6C[C@H]56)cc4,median,9.30102999566398,6.567833472483301
TRAIN0307,Oc1ccc(cc1)[C@H]2Sc3cc(O)ccc3O[C@H]2c4ccc(OCCN5CC6CCC6C5)cc4,median,9.09691001300806,6.56863623584101
TRAIN0308,Oc1ccc(cc1)[C@H]2Sc3cc(O)ccc3O[C@H]2c4ccc(OCCN5C[C@H]6CCC[C@H]6C5)cc4,median,9.52287874528034,6.60730304674033
TRAIN0309,Oc1ccc(cc1)[C@H]2Sc3cc(O)ccc3O[C@H]2c4ccc(OCCN5C[C@H]6CCCC[C@H]6C5)cc4,median,9.0,6.56383735295924
TRAIN0310,Oc1ccc(cc1)[C@H]2Sc3cc(O)ccc3O[C@H]2c4ccc(OCCN5CCC6(CCCC6)CC5)cc4,median,8.92081875395237,6.60730304674033
TRAIN0311,Oc1ccc(cc1)[C@H]2Sc3cc(O)ccc3O[C@H]2c4ccc(OCCN5CC6(CCC6)C5)cc4,median,9.39794000867204,6.567833472483301
TRAIN0312,Oc1ccc(cc1)[C@H]2Sc3cc(O)ccc3O[C@H]2c4ccc(OCCN5CCC(F)(F)CC5)cc4,median,7.79588001734407,6.567833472483301
TRAIN0313,Oc1ccc(cc1)[C@H]2Sc3cc(O)ccc3O[C@H]2c4ccc(OCCN5CCC6(CC5)OCCO6)cc4,median,8.69897000433602,6.56863623584101
TRAIN0314,OC1CCN(CCOc2ccc(cc2)[C@@H]3Oc4ccc(O)cc4S[C@@H]3c5ccc(O)cc5)CC1,median,8.74472749489669,6.567833472483301
TRAIN0315,OCC1CCN(CCOc2ccc(cc2)[C@@H]3Oc4ccc(O)cc4S[C@@H]3c5ccc(O)cc5)CC1,median,8.65757731917779,6.60730304674033
TRAIN0316,OCCC1CCN(CCOc2ccc(cc2)[C@@H]3Oc4ccc(O)cc4S[C@@H]3c5ccc(O)cc5)CC1,median,8.13667713987954,6.567833472483301
TRAIN0317,NC(=O)C1CCN(CCOc2ccc(cc2)[C@@H]3Oc4ccc(O)cc4S[C@@H]3c5ccc(O)cc5)CC1,median,8.65757731917779,6.56383735295924
TRAIN0318,Oc1ccc(cc1)[C@H]2Sc3cc(O)ccc3O[C@H]2c4ccc(OCCN5CC[C@@H](F)C5)cc4,median,9.30102999566398,6.60730304674033
TRAIN0319,O[C@@H]1CCN(CCOc2ccc(cc2)[C@@H]3Oc4ccc(O)cc4S[C@@H]3c5ccc(O)cc5)C1,median,8.76955107862173,6.60730304674033
TRAIN0320,OC[C@H]1CCCN1CCOc2ccc(cc2)[C@@H]3Oc4ccc(O)cc4S[C@@H]3c5ccc(O)cc5,median,8.69897000433602,6.56383735295924
TRAIN0321,OC[C@@H]1CCCN1CCOc2ccc(cc2)[C@@H]3Oc4ccc(O)cc4S[C@@H]3c5ccc(O)cc5,median,8.4089353929735,6.60554831917378
TRAIN0322,Oc1ccc(cc1)[C@H]2Sc3cc(O)ccc3O[C@H]2c4ccc(OCCN5CCSCC5)cc4,median,8.82390874094432,6.567833472483301
TRAIN0323,Oc1ccc(cc1)[C@H]2Sc3cc(O)ccc3O[C@H]2c4ccc(OCCN5CCS(=O)(=O)CC5)cc4,median,8.69897000433602,6.56863623584101
TRAIN0324,Oc1ccc(cc1)[C@H]2Sc3cc(O)ccc3O[C@H]2c4ccc(OCCN5CCC(F)CC5)cc4,median,8.60205999132796,6.60730304674033
TRAIN0325,Oc1ccc(cc1F)c2oc3c(C=C)c(Br)c(O)c(Br)c3n2,median,6.09528445472132,6.60730304674033
TRAIN0326,COc1cc(O)c(Br)c2nc(oc12)c3ccc(O)c(F)c3,median,5.57381417475549,6.60554831917378
TRAIN0327,COc1c(Br)c(O)c(Br)c2nc(oc12)c3ccc(O)c(F)c3,median,6.25258819211358,6.60554831917378
TRAIN0328,COc1cc(O)c(Cl)c2cc(oc12)c3ccc(O)cc3,median,6.94309514866353,6.60730304674033
TRAIN0329,COc1cc(O)c(C#N)c2cc(oc12)c3ccc(O)cc3,median,5.78251605578609,6.60554831917378
TRAIN0330,Oc1ccc(cc1)c2oc3c(Cl)cc(O)cc3c2,median,8.16749108729376,6.60730304674033
TRAIN0331,Cc1cc(O)cc2cc(oc12)c3ccc(O)cc3,median,6.94309514866353,6.56383735295924
TRAIN0332,Cc1cc(O)cc2cc(oc12)c3ccc(O)c(F)c3,median,6.96257350205938,6.56383735295924
TRAIN0333,Oc1ccc(cc1)c2oc3c(CC#N)cc(O)cc3c2,median,5.93854752091281,6.60554831917378
TRAIN0334,Oc1cc(CC#N)c2oc(cc2c1)c3ccc(O)c(F)c3,median,5.97633608180221,6.567833472483301
TRAIN0335,Oc1ccc(cc1)c2oc3c(CC#N)cc(O)c(Br)c3c2,median,6.67985371388895,6.60730304674033
TRAIN0336,Oc1ccc(cc1)c2oc3c(CC#N)cc(O)c(Cl)c3c2,median,6.20411998265593,6.60554831917378
TRAIN0337,CC(=O)c1cc(O)cc2cc(oc12)c3ccc(O)cc3,median,6.98716277529483,6.56863623584101
TRAIN0338,CCC(=O)c1cc(O)cc2cc(oc12)c3ccc(O)cc3,median,7.30980391997149,6.567833472483301
TRAIN0339,Oc1ccc(cc1)c2oc3c(C=O)cc(O)cc3c2,median,6.58004425151024,6.56383735295924
TRAIN0340,Oc1ccc(cc1)c2oc3c(cc(O)cc3c2)C#N,median,7.33724216831843,6.60730304674033
TRAIN0341,Oc1cc(C#N)c2oc(cc2c1)c3ccc(O)c(F)c3,median,7.63827216398241,6.567833472483301
TRAIN0342,Oc1ccc2nc(oc2c1)c3ccc4cc(O)ccc4c3,median,6.10790539730952,6.567833472483301
TRAIN0343,Oc1ccc(c(O)c1)c2oc3cc(O)ccc3n2,median,7.08618614761628,6.60554831917378
TRAIN0344,Oc1ccc(cc1)c2oc3cc(O)ccc3n2,median,6.04479346245806,6.60730304674033
TRAIN0345,Oc1ccc2nc(oc2c1)c3cccc(O)c3O,median,5.62837807282398,6.60554831917378
TRAIN0346,Oc1ccc2nc(oc2c1)c3ccc(O)c(O)c3,median,5.61798295742513,6.60554831917378
TRAIN0347,Oc1ccc2nc(oc2c1)c3ccc(O)c(F)c3,median,5.07417242537526,6.567833472483301
TRAIN0348,Oc1ccc2nc(oc2c1)c3ccc(O)c(Cl)c3,median,5.30102999566398,6.56863623584101
TRAIN0349,Oc1ccc(cc1)c2oc3cc(O)c(Cl)cc3n2,median,5.55830486435928,6.60554831917378
TRAIN0350,CC(C)(C)c1cc(ccc1O)c2oc3cc(O)ccc3n2,median,5.30102999566398,6.567833472483301
TRAIN0351,CCCCOc1cc(ccc1O)c2oc3cc(O)ccc3n2,median,5.20481541031758,6.56863623584101
TRAIN0352,Oc1ccc(cc1)c2oc3ccc(O)cc3n2,median,5.911155437273,6.60730304674033
TRAIN0353,Oc1ccc2oc(nc2c1)c3ccc(O)c(F)c3,median,5.80410034759077,6.567833472483301
TRAIN0354,Oc1ccc2oc(nc2c1)c3ccc(O)c(Cl)c3,median,5.27736607746619,6.567833472483301
TRAIN0355,Oc1ccc(c(Cl)c1)c2oc3ccc(O)cc3n2,median,6.85698519974591,6.567833472483301
TRAIN0356,Oc1ccc(c(O)c1)c2oc3ccc(O)cc3n2,median,6.72124639904717,6.567833472483301
TRAIN0357,Oc1ccc(cc1)c2oc3cc(Cl)c(O)cc3n2,median,6.33348201944512,6.60554831917378
TRAIN0358,Oc1ccc(cc1F)c2oc3cc(Cl)c(O)cc3n2,median,5.74160219590449,6.56383735295924
TRAIN0359,Oc1ccc(cc1F)c2oc3cc(Br)c(O)cc3n2,median,5.91721462968355,6.56383735295924
TRAIN0360,Oc1ccc2oc(nc2c1)c3cccc(O)c3O,median,5.29157909986529,6.567833472483301
TRAIN0361,COc1cc(O)cc2nc(oc12)c3ccc(O)cc3,median,5.59226927197366,6.56383735295924
TRAIN0362,Oc1ccc(cc1)c2oc3c(Br)cc(O)cc3n2,median,6.80966830182971,6.56383735295924
TRAIN0363,Oc1cc(Br)c2oc(nc2c1)c3ccc(O)c(F)c3,median,6.58502665202918,6.56383735295924
TRAIN0364,Oc1cc(Br)c2oc(nc2c1)c3ccc(O)c(c3)C(F)(F)F,median,5.7281583934635,6.56863623584101
TRAIN0365,Oc1ccc(c(F)c1)c2oc3c(Br)cc(O)cc3n2,median,7.32790214206428,6.56863623584101
TRAIN0366,Cc1cc(O)ccc1c2oc3c(Br)cc(O)cc3n2,median,7.35654732351381,6.56863623584101
TRAIN0367,Oc1ccc(cc1)c2oc3c(cc(O)cc3n2)C#N,median,6.38615817812393,6.56863623584101
TRAIN0368,Oc1cc(C#N)c2oc(nc2c1)c3ccc(O)c(F)c3,median,5.84314809892999,6.567833472483301
TRAIN0369,Oc1ccc(c(F)c1)c2oc3c(cc(O)cc3n2)C#N,median,6.86012091359876,6.567833472483301
TRAIN0370,Oc1ccc(cc1)c2oc3c(CBr)cc(O)cc3n2,median,5.52651302993543,6.56383735295924
TRAIN0371,Oc1ccc(cc1)c2oc3c(C=O)cc(O)cc3n2,median,5.57872520878965,6.60730304674033
TRAIN0372,CCOC(=O)c1cc(O)cc2nc(oc12)c3ccc(O)cc3,median,5.10640466618012,6.60730304674033
TRAIN0373,NC(=O)c1cc(O)cc2nc(oc12)c3ccc(O)cc3,median,5.01682492796219,6.60730304674033
TRAIN0374,CCc1cc(O)cc2nc(oc12)c3ccc(O)cc3,median,6.27002571430044,6.56863623584101
TRAIN0375,CCCc1cc(O)cc2nc(oc12)c3ccc(O)cc3,median,6.4089353929735,6.567833472483301
TRAIN0376,CC(C)c1cc(O)cc2nc(oc12)c3ccc(O)cc3,median,5.92081875395237,6.56383735295924
TRAIN0377,CCCCc1cc(O)cc2nc(oc12)c3ccc(O)cc3,median,6.30277065724028,6.56383735295924
TRAIN0378,Oc1ccc(cc1)c2oc3c(cc(O)cc3n2)C#C,median,6.31785492362617,6.56383735295924
TRAIN0379,Oc1ccc(cc1)c2oc3c(CC=C)cc(O)cc3n2,median,6.13846558914096,6.56383735295924
TRAIN0380,Oc1cc(CC=C)c2oc(nc2c1)c3ccc(O)c(F)c3,median,5.95860731484177,6.56863623584101
TRAIN0381,Oc1ccc(c(F)c1)c2oc3c(CC=C)cc(O)cc3n2,median,7.0087739243075,6.60730304674033
TRAIN0382,Oc1ccc(cc1)c2oc3c(C=C)cc(O)cc3n2,median,6.34969247686806,6.60554831917378
TRAIN0383,Oc1cc(C=C)c2oc(nc2c1)c3ccc(O)c(F)c3,median,5.91506642506328,6.56383735295924
TRAIN0384,Oc1cc(\C=C/F)c2oc(nc2c1)c3ccc(O)c(F)c3,median,6.42481215507234,6.56863623584101
TRAIN0385,C\C=C/c1cc(O)cc2nc(oc12)c3ccc(O)cc3,median,6.11069829749369,6.60730304674033
TRAIN0386,Oc1ccc(cc1)c2oc3c(\C=C/Br)cc(O)cc3n2,median,5.33236029394359,6.56863623584101
TRAIN0387,Oc1ccc(c(F)c1)c2oc3c(\C=C/Br)cc(O)cc3n2,median,6.70774392864352,6.60730304674033
TRAIN0388,C\C=C/c1cc(O)cc2nc(oc12)c3ccc(O)cc3F,median,6.26841123481326,6.60730304674033
TRAIN0389,Oc1ccc(c(F)c1)c2oc3c(C=C)cc(O)cc3n2,median,6.64397414280688,6.56863623584101
TRAIN0390,Oc1cc(C=C)c2oc(nc2c1)c3ccc(O)c(F)c3F,median,6.32422165832591,6.60730304674033
TRAIN0391,Oc1cc(F)c(c(F)c1)c2oc3c(C=C)cc(O)cc3n2,median,6.60380065290426,6.60730304674033
TRAIN0392,Oc1cc(C=C)c2oc(nc2c1)c3cc(F)c(O)cc3F,median,5.39361863488939,6.60730304674033
TRAIN0393,Cc1cc(O)ccc1c2oc3c(C=C)cc(O)cc3n2,median,5.95233580539844,6.56863623584101
TRAIN0394,Oc1ccc(cc1)c2oc3c(cc(O)cc3n2)c4ccccc4,median,5.88605664769316,6.567833472483301
TRAIN0395,Oc1ccc(cc1)c2oc3c(cc(O)cc3n2)c4occc4,median,6.09205147838773,6.60730304674033
TRAIN0396,Oc1cc(c2occc2)c3oc(nc3c1)c4ccc(O)c(F)c4,median,5.70333480973847,6.56383735295924
TRAIN0397,Oc1ccc(cc1)c2oc3c(cc(O)cc3n2)c4cccs4,median,5.98716277529483,6.567833472483301
TRAIN0398,Oc1ccc(cc1)c2oc3c(cc(O)cc3n2)c4nccs4,median,5.87289520163519,6.60554831917378
TRAIN0399,Oc1ccc(cc1)c2oc3c(cc(O)cc3n2)C4CCCC4,median,5.99567862621736,6.56383735295924
TRAIN0400,Oc1ccc(cc1F)c2oc3c(C=C)cc(O)c(Br)c3n2,median,5.98464024459079,6.56383735295924
TRAIN0401,Oc1ccc(c(O)c1)c2noc3cc(O)ccc23,median,7.61978875828839,6.56863623584101
TRAIN0402,Oc1ccc(c(O)c1)c2noc3ccccc23,median,5.21467016498923,6.56863623584101
TRAIN0403,Oc1ccc2c(noc2c1)c3ccccc3O,median,5.52287874528034,6.56383735295924
TRAIN0404,Oc1ccc(cc1)c2noc3cc(O)ccc23,median,6.08884239126002,6.567833472483301
TRAIN0405,Oc1ccc(c(O)c1)c2noc3ccc(O)cc23,median,5.39061905574929,6.56863623584101
TRAIN0406,Oc1ccc(cc1)c2noc3ccc(O)cc23,median,6.08671609823958,6.60554831917378
TRAIN0407,Oc1ccc2c(noc2c1)c3ccc(O)c(Cl)c3,median,6.56383735295924,6.567833472483301
TRAIN0408,Oc1ccc(c(c1)C#N)c2noc3cc(O)ccc23,median,6.57839607313017,6.56863623584101
TRAIN0409,Oc1ccc2c(noc2c1)c3ccc(O)c(Br)c3,median,6.73754891026957,6.567833472483301
TRAIN0410,Oc1ccc2c(noc2c1)c3ccc(O)c(F)c3,median,6.79317412396815,6.60730304674033
TRAIN0411,Cc1cc(ccc1O)c2noc3cc(O)ccc23,median,6.36552272983927,6.60730304674033
TRAIN0412,Cc1cc(O)ccc1c2noc3cc(O)ccc23,median,6.32330639037513,6.56863623584101
TRAIN0413,CCCc1cc(O)ccc1c2noc3cc(O)ccc23,median,7.30102999566398,6.56863623584101
TRAIN0414,CCCc1cc(ccc1O)c2noc3cc(O)ccc23,median,6.67778070526608,6.56383735295924
TRAIN0415,Cc1c(O)ccc(c1O)c2noc3cc(O)ccc23,median,6.29157909986529,6.60730304674033
TRAIN0416,Oc1ccc(c(CC#N)c1)c2noc3cc(O)ccc23,median,6.1444808443322,6.56383735295924
TRAIN0417,O\N=C\c1cc(O)ccc1c2noc3cc(O)ccc23,median,5.62160209905186,6.60554831917378
TRAIN0418,Oc1ccc2c(noc2c1)c3cc(Br)c(O)cc3O,median,7.52287874528034,6.60730304674033
TRAIN0419,Oc1ccc2c(noc2c1)c3cc(Cl)c(O)cc3O,median,7.48148606012211,6.56863623584101
TRAIN0420,Cc1cc(c(O)cc1O)c2noc3cc(O)ccc23,median,7.18708664335714,6.56383735295924
TRAIN0421,CCCc1cc(c(CC)cc1O)c2noc3cc(O)ccc23,median,7.88605664769316,6.56383735295924
TRAIN0422,CCCc1cc(c(CCC)cc1O)c2noc3cc(O)ccc23,median,7.65757731917779,6.56383735295924
TRAIN0423,Oc1ccc2c(noc2c1)c3ccc4cc(O)ccc4c3,median,8.09691001300806,6.567833472483301
TRAIN0424,Oc1ccc2c(noc2c1)c3ccc4c(O)cccc4c3,median,7.61978875828839,6.60730304674033
TRAIN0425,Oc1ccc2c(noc2c1)c3ccc4c(Br)c(O)ccc4c3,median,6.44369749923271,6.56383735295924
TRAIN0426,Oc1ccc2cc(ccc2c1)c3noc4ccc(O)cc34,median,6.33441900898205,6.567833472483301
TRAIN0427,Oc1ccc2c(noc2c1)c3cccc4cc(O)ccc34,median,7.30980391997149,6.60554831917378
TRAIN0428,Oc1ccc2c(noc2c1)c3cccc4c(O)cccc34,median,8.22184874961636,6.567833472483301
TRAIN0429,Oc1ccc2c(noc2c1)c3cccc4ccc(O)cc34,median,5.76270766243254,6.567833472483301
TRAIN0430,Oc1ccc2nc(oc2c1)c3cccc4c(O)cccc34,median,6.93181413825384,6.56383735295924
TRAIN0431,Oc1ccc2nc(oc2c1)c3cccc4cc(O)ccc34,median,7.45593195564972,6.60554831917378
TRAIN0432,Oc1ccc2nc(oc2c1)c3ccc(O)c4ccccc34,median,5.72124639904717,6.60554831917378
TRAIN0433,Oc1ccc2nc(oc2c1)c3cccc4ccccc34,median,5.72584215073632,6.60554831917378
TRAIN0434,Oc1ccc2nc(oc2c1)c3cccc4c(Br)c(O)ccc34,median,6.42829116819131,6.56383735295924
TRAIN0435,Oc1ccc2c(cccc2c1)c3oc4cc(O)c(F)cc4n3,median,6.36251027048749,6.56383735295924
TRAIN0436,Oc1ccc2c(cccc2c1)c3oc4ccc(O)cc4n3,median,6.8153085691824,6.60730304674033
TRAIN0437,Cc1cc(O)c2cccc(c3oc4cc(O)ccc4n3)c2c1,median,6.78781239559604,6.60730304674033
TRAIN0438,Oc1ccc2cc(ccc2c1)c3oc4ccc(O)cc4n3,median,5.42021640338319,6.567833472483301
TRAIN0439,Oc1ccc(cc1)C2=C(Br)c3ccc(O)cc3C2=O,median,6.53760200210104,6.60554831917378
TRAIN0440,CC1=C(C(=O)c2cc(O)ccc12)c3ccc(O)cc3,median,7.25963731050576,6.56383735295924
TRAIN0441,CSC1=C(C(=O)c2cc(O)ccc12)c3ccc(O)cc3,median,7.92081875395237,6.60554831917378
TRAIN0442,CCSC1=C(C(=O)c2cc(O)ccc12)c3ccc(O)cc3,median,8.0,6.567833472483301
TRAIN0443,Oc1ccc(cc1)C2=C(c3ccccc3)c4ccc(O)cc4C2=O,median,8.04575749056067,6.60554831917378
TRAIN0444,COc1cc(O)cc2C(=O)C(=C(Br)c12)c3ccc(O)cc3,median,6.69897000433602,6.60730304674033
TRAIN0445,Oc1ccc(cc1)C2=C(Br)c3c(O)cc(O)cc3C2=O,median,6.14874165128092,6.567833472483301
TRAIN0446,CSC1=C(C(=O)c2cc(O)cc(O)c12)c3ccc(O)cc3,median,8.69897000433602,6.56383735295924
TRAIN0447,CCSC1=C(C(=O)c2cc(O)cc(O)c12)c3ccc(O)cc3,median,6.23657200643706,6.60730304674033
TRAIN0448,Oc1ccc(cc1)C2=C(c3ccccc3)c4c(O)cc(O)cc4C2=O,median,7.32790214206428,6.60730304674033
TRAIN0449,Oc1ccc(cc1)C2=C(Br)c3cc(O)ccc3C2=O,median,8.2839966563652,6.56863623584101
TRAIN0450,COc1ccc2C(=O)C(=C(Br)c2c1)c3ccc(O)cc3,median,5.74472749489669,6.567833472483301
TRAIN0451,CC1=C(C(=O)c2ccc(O)cc12)c3ccc(O)cc3,median,8.22184874961636,6.56383735295924
TRAIN0452,CSC1=C(C(=O)c2ccc(O)cc12)c3ccc(O)cc3,median,8.50863830616573,6.56383735295924
TRAIN0453,CCSC1=C(C(=O)c2ccc(O)cc12)c3ccc(O)cc3,median,6.31875876262441,6.56383735295924
TRAIN0454,Oc1ccc(cc1)C2=C(c3ccccc3)c4cc(O)ccc4C2=O,median,8.0,6.56863623584101
TRAIN0455,CC1=C(C(=O)c2c(O)cc(O)cc12)c3ccc(O)cc3,median,7.50863830616573,6.60554831917378
TRAIN0456,Oc1ccc(cc1)C2=C(c3ccccc3)c4cc(O)cc(O)c4C2=O,median,8.52287874528034,6.56383735295924
TRAIN0457,Oc1ccc2C(=C(C(=O)Oc2c1)c3ccc(Cl)cc3)Cc4ccccc4,median,6.92081875395237,6.60554831917378
TRAIN0458,Oc1ccc(C(=O)Cc2oc3ccccc3c2)c(O)c1,median,4.0670191780768,6.60554831917378
TRAIN0459,O=C(Oc1ccc2C(=CC(=O)Oc2c1)c3ccccc3)c4occc4,median,5.6345120151091,6.567833472483301
TRAIN0460,Oc1ccc(c(F)c1)c2ccc3c(Cl)c(O)ccc3c2,median,7.23657200643706,6.60554831917378
TRAIN0461,Oc1ccc2cc(ccc2c1)c3cc(F)c(O)cc3F,median,7.56863623584101,6.567833472483301
TRAIN0462,Oc1ccc2cc(ccc2c1Cl)c3cc(F)c(O)cc3F,median,6.92811799269387,6.56863623584101
TRAIN0463,Oc1ccc2cc(ccc2c1)c3c(F)cc(O)cc3F,median,7.98716277529483,6.567833472483301
TRAIN0464,Oc1cc(F)c(c(F)c1)c2ccc3c(Cl)c(O)ccc3c2,median,7.45593195564972,6.60730304674033
TRAIN0465,Oc1ccc(c(Cl)c1)c2ccc3cc(O)ccc3c2,median,8.0,6.56863623584101
TRAIN0466,Oc1ccc(c(Cl)c1)c2ccc3c(Cl)c(O)ccc3c2,median,7.44369749923271,6.567833472483301
TRAIN0467,COc1cc(O)ccc1c2ccc3cc(O)ccc3c2,median,6.7594507517174,6.60554831917378
TRAIN0468,Cc1cc(O)ccc1c2ccc3cc(O)ccc3c2,median,7.39794000867204,6.60730304674033
TRAIN0469,Cc1cc(O)ccc1c2ccc3c(Cl)c(O)ccc3c2,median,7.39794000867204,6.60730304674033
TRAIN0470,Oc1ccc2cc(ccc2c1)c3ccc(O)c(F)c3,median,7.03621217265444,6.56863623584101
TRAIN0471,Oc1ccc(cc1F)c2ccc3c(Cl)c(O)ccc3c2,median,6.84466396253494,6.56383735295924
TRAIN0472,Oc1ccc2cc(ccc2c1)c3ccc(O)c(Cl)c3,median,6.97061622231479,6.60554831917378
TRAIN0473,Oc1ccc(cc1Cl)c2ccc3c(Cl)c(O)ccc3c2,median,6.44855000202712,6.567833472483301
TRAIN0474,Oc1ccc2cc(ccc2c1)c3cc(F)c(O)c(F)c3,median,7.03621217265444,6.60730304674033
TRAIN0475,Oc1ccc2cc(ccc2c1Cl)c3cc(F)c(O)c(F)c3,median,6.28483264215154,6.60730304674033
TRAIN0476,Oc1ccc(cc1)c2cc(F)c3cc(O)ccc3c2,median,7.65757731917779,6.567833472483301
TRAIN0477,Oc1ccc2cc(cc(F)c2c1)c3ccc(O)c(F)c3,median,7.67778070526608,6.56383735295924
TRAIN0478,Oc1ccc(cc1)c2cc(F)c3c(Cl)c(O)ccc3c2,median,7.39794000867204,6.60554831917378
TRAIN0479,Oc1ccc(cc1F)c2cc(F)c3c(Cl)c(O)ccc3c2,median,6.90308998699194,6.56383735295924
TRAIN0480,Oc1ccc(cc1)c2cc(Cl)c3cc(O)ccc3c2,median,7.52287874528034,6.56863623584101
TRAIN0481,Oc1ccc(cc1)c2cc(Cl)c3c(Cl)c(O)ccc3c2,median,7.36653154442041,6.56863623584101
TRAIN0482,Oc1ccc(cc1)c2cc(C#N)c3cc(O)ccc3c2,median,6.97881070093006,6.60730304674033
TRAIN0483,Oc1ccc2cc(cc(C#N)c2c1)c3ccc(O)c(F)c3,median,6.67778070526608,6.60730304674033
TRAIN0484,Oc1ccc(cc1)c2cc(C#N)c3c(Br)c(O)ccc3c2,median,6.88272870434424,6.567833472483301
TRAIN0485,Oc1ccc(cc1)c2cc(C#N)c3c(Cl)c(O)ccc3c2,median,6.96257350205938,6.56383735295924
TRAIN0486,Oc1ccc(cc1F)c2cc(C#N)c3c(Cl)c(O)ccc3c2,median,6.52432881167557,6.56863623584101
TRAIN0487,Oc1ccc(cc1F)c2cc(C#N)c3c(F)c(O)ccc3c2,median,6.50584540598156,6.60730304674033
TRAIN0488,Oc1ccc2cc(cc(C=O)c2c1)c3ccc(O)c(F)c3,median,6.63638802010786,6.567833472483301
TRAIN0489,Oc1ccc2cc(cc(C=C)c2c1)c3ccc(O)c(F)c3,median,6.59516628338006,6.60554831917378
TRAIN0490,CCc1cc(cc2ccc(O)cc12)c3ccc(O)c(F)c3,median,6.62893213772826,6.60554831917378
TRAIN0491,Oc1ccc2cc(cc(C#C)c2c1)c3ccc(O)c(F)c3,median,6.60730304674033,6.56383735295924
TRAIN0492,CC#Cc1cc(cc2ccc(O)cc12)c3ccc(O)c(F)c3,median,6.46470587995723,6.60554831917378
TRAIN0493,Oc1ccc(c(F)c1)c2cc(C#N)c3cc(O)ccc3c2,median,7.58502665202918,6.56383735295924
TRAIN0494,Oc1ccc2cc(cc(C#N)c2c1)c3cc(F)c(O)cc3F,median,6.73048705578208,6.56863623584101
TRAIN0495,Oc1ccc2cc(cc(C#N)c2c1)c3c(F)cc(O)cc3F,median,7.34678748622466,6.567833472483301
TRAIN0496,Oc1ccc2cc(cc(C#N)c2c1)c3cc(F)c(O)c(F)c3,median,6.26121944151563,6.60730304674033
TRAIN0497,Oc1ccc(cc1)c2ccc3cc(O)cc(C#N)c3c2,median,7.07572071393812,6.60730304674033
TRAIN0498,Oc1cc(C#N)c2cc(ccc2c1)c3ccc(O)c(F)c3,median,7.01772876696043,6.56863623584101
TRAIN0499,Oc1ccc(cc1F)c2ccc3c(Br)c(O)cc(C#N)c3c2,median,6.93554201077308,6.56383735295924
TRAIN0500,Oc1ccc(cc1F)c2ccc3c(C#N)c(O)cc(C#N)c3c2,median,6.05700040663396,6.56383735295924
TRAIN0501,Cc1c(O)cc(C#N)c2cc(ccc12)c3ccc(O)c(F)c3,median,6.39147396642281,6.60554831917378
TRAIN0502,Oc1ccc(cc1)c2ccc3c(Cl)c(O)cc(C#N)c3c2,median,7.0087739243075,6.56383735295924
TRAIN0503,Oc1ccc(cc1F)c2ccc3c(Cl)c(O)cc(C#N)c3c2,median,7.25963731050576,6.56863623584101
TRAIN0504,Oc1cc(C#C)c2cc(ccc2c1)c3ccc(O)c(F)c3,median,7.13667713987954,6.567833472483301
TRAIN0505,CC#Cc1cc(O)cc2ccc(cc12)c3ccc(O)c(F)c3,median,6.74472749489669,6.56863623584101
TRAIN0506,Oc1cc(C=O)c2cc(ccc2c1)c3ccc(O)c(F)c3,median,7.13667713987954,6.56863623584101
TRAIN0507,Oc1cc(C=C)c2cc(ccc2c1)c3ccc(O)c(F)c3,median,6.27818938478745,6.60554831917378
TRAIN0508,CCc1cc(O)cc2ccc(cc12)c3ccc(O)c(F)c3,median,6.94692155651658,6.56383735295924
TRAIN0509,Oc1ccc(cc1)c2ccc3cc(O)ccc3c2,median,6.67571754470231,6.60730304674033
TRAIN0510,Oc1cccc(c1)c2ccc3c(O)cccc3c2,median,5.83803338363593,6.60554831917378
TRAIN0511,Oc1ccc(cc1)c2ccc3c(O)cccc3c2,median,7.65757731917779,6.56383735295924
TRAIN0512,Oc1cccc(c1)c2ccc3cc(O)ccc3c2,median,6.63827216398241,6.56863623584101
TRAIN0513,Oc1ccc2cc(ccc2c1)c3ccccc3,median,5.87127771566157,6.56383735295924
TRAIN0514,Oc1ccc(cc1)c2ccc3ccc(O)cc3c2,median,6.35457773065091,6.56863623584101
TRAIN0515,Oc1cccc(c1)c2ccc3ccc(O)cc3c2,median,5.57806718672149,6.60730304674033
TRAIN0516,Oc1ccc2ccc(cc2c1)c3ccccc3,median,5.4678828837512,6.56863623584101
TRAIN0517,Oc1ccc(cc1)c2ccc3ccccc3c2,median,6.19517932127884,6.567833472483301
TRAIN0518,Oc1ccc(cc1)c2ccc3c(Cl)c(O)ccc3c2,median,7.04095860767891,6.56863623584101
TRAIN0519,Oc1ccc(cc1)c2ccc3c(Br)c(O)ccc3c2,median,6.57511836336893,6.56383735295924
TRAIN0520,Oc1ccc(cc1)c2ccc3c(F)c(O)ccc3c2,median,7.11350927482752,6.56863623584101
TRAIN0521,Oc1ccc(cc1)c2ccc3c(C#N)c(O)ccc3c2,median,5.85325198636936,6.56863623584101
TRAIN0522,Oc1ccc(cc1)c2ccc3c(c(O)ccc3c2)c4ccccc4,median,5.90974194706868,6.60730304674033
TRAIN0523,Cc1c(O)ccc2cc(ccc12)c3ccc(O)cc3,median,6.54975089168064,6.60554831917378
TRAIN0524,COc1c(O)ccc2cc(ccc12)c3ccc(O)cc3,median,6.05354773498693,6.60730304674033
TRAIN0525,Oc1ccc(cc1)c2ccc3c(c(O)ccc3c2)[N+](=O)[O-],median,6.14935376481693,6.56863623584101
TRAIN0526,Oc1ccc(c(F)c1)c2ccc3cc(O)ccc3c2,median,7.61978875828839,6.56383735295924
TRAIN0527,CCC1=N[C@@H]([C@@H](N1)c2ccc(O)cc2)c3ccc(OCCN4CCCCC4)cc3,median,7.42021640338319,6.567833472483301
TRAIN0528,Oc1ccc2C(N(CCc2c1)c3ccccc3)c4ccc(cc4)N5CCN6CCCCC6C5,median,7.20065945054642,6.56383735295924
TRAIN0529,CC1CN(CCN1C)c2ccc(cc2)C3N(CCc4cc(O)ccc34)c5ccccc5,median,7.16115090926274,6.56863623584101
TRAIN0530,CCN1CCN(CC1C)c2ccc(cc2)C3N(CCc4cc(O)ccc34)c5ccccc5,median,7.42021640338319,6.56383735295924
TRAIN0531,CCC1CN(CCN1C)c2ccc(cc2)C3N(CCc4cc(O)ccc34)c5ccccc5,median,6.79048498545737,6.56863623584101
TRAIN0532,CN1CCN(CC1)c2ccc(cc2)C3N(CCc4cc(O)ccc34)c5ccccc5,median,6.73282827159699,6.567833472483301
TRAIN0533,CN1CCC(CC1)c2ccc(cc2)C3N(CCc4cc(O)ccc34)c5ccccc5,median,6.97469413473523,6.56383735295924
TRAIN0534,CN1CCC(CC1)c2ccc(cc2)C3N(CCc4cc(O)ccc34)c5ccc(F)cc5,median,7.06048074738138,6.567833472483301
TRAIN0535,CN1CCC(CC1)c2ccc(cc2)C3N(CCc4cc(O)ccc34)c5cccc(F)c5,median,6.78781239559604,6.56863623584101
TRAIN0536,CN1CCC(CC1)c2ccc(cc2)C3N(CCc4cc(O)ccc34)c5cccc(O)c5,median,6.96657624451305,6.56863623584101
TRAIN0537,CN1CCN(CC1)c2ccc(cc2)C3N(CCc4cc(O)ccc34)c5cccc(O)c5,median,6.77211329538633,6.567833472483301
TRAIN0538,CC(C)N1CCN(CC1)c2ccc(cc2)C3N(CCc4cc(O)ccc34)c5cccc(O)c5,median,7.08092190762393,6.60730304674033
TRAIN0539,CC(C)CN1CCN(CC1)c2ccc(cc2)C3N(CCc4cc(O)ccc34)c5cccc(O)c5,median,6.92445303860747,6.60554831917378
TRAIN0540,Oc1cccc(c1)N2CCc3cc(O)ccc3C2c4ccc(cc4)N5CCN(CC6CC6)CC5,median,6.91364016932525,6.567833472483301
TRAIN0541,Oc1cccc(c1)N2CCc3cc(O)ccc3C2c4ccc(cc4)N5CCN(CC5)C6CCCC6,median,6.9100948885606,6.56383735295924
TRAIN0542,Oc1cccc(c1)N2CCc3cc(O)ccc3C2c4ccc(cc4)N5CCN(CC5)C6CCCCC6,median,6.75202673363819,6.60554831917378
TRAIN0543,Oc1ccc2c(c1)sc3c4ccccc4n(Cc5ccc(OCCN6CCCCCC6)cc5)c23,median,7.74472749489669,6.56863623584101
TRAIN0544,Oc1ccc2c(c1)sc3c4cc(O)ccc4n(Cc5ccc(OCCN6CCCCCC6)cc5)c23,median,8.47625353318844,6.60730304674033
TRAIN0545,CN(C)CCOc1ccc(Cn2c3ccccc3c4sc5cc(O)ccc5c24)cc1,median,7.28903688100472,6.56383735295924
TRAIN0546,CN(C)CCOc1ccc(Cn2c3ccc(O)cc3c4sc5cc(O)ccc5c24)cc1,median,7.74472749489669,6.60554831917378
TRAIN0547,CCN(CC)CCOc1ccc(Cn2c3ccccc3c4sc5cc(O)ccc5c24)cc1,median,7.24108810760203,6.60730304674033
TRAIN0548,CCN(CC)CCOc1ccc(Cn2c3ccc(O)cc3c4sc5cc(O)ccc5c24)cc1,median,7.50584540598156,6.56863623584101
TRAIN0549,Oc1ccc2c(c1)sc3c4ccccc4n(Cc5ccc(OCCN6CCOCC6)cc5)c23,median,6.89962945488244,6.56383735295924
TRAIN0550,Oc1ccc2c(c1)sc3c4cc(O)ccc4n(Cc5ccc(OCCN6CCOCC6)cc5)c23,median,8.0,6.567833472483301
TRAIN0551,Oc1ccc2c(c1)sc3c4ccccc4n(Cc5ccc(OCCN6CCCCC6)cc5)c23,median,7.4089353929735,6.60554831917378
TRAIN0552,Oc1ccc2c(c1)sc3c4cc(O)ccc4n(Cc5ccc(OCCN6CCCCC6)cc5)c23,median,8.54668165995296,6.567833472483301
TRAIN0553,Oc1ccc2c(c1)sc3c4ccccc4n(Cc5ccc(OCCN6CCCC6)cc5)c23,median,7.5654310959658,6.60554831917378
TRAIN0554,Oc1ccc2c(c1)sc3c4cc(O)ccc4n(Cc5ccc(OCCN6CCCC6)cc5)c23,median,8.22184874961636,6.56863623584101
TRAIN0555,Oc1ccc(cc1)c2ccc3cc(O)ccc3n2,median,5.75080164260889,6.60554831917378
TRAIN0556,Oc1ccc(cc1)c2ccc3c(Cl)c(O)ccc3n2,median,6.19928292171761,6.60554831917378
TRAIN0557,Oc1ccc(cc1)c2ccc3c(Br)c(O)ccc3n2,median,5.94309514866353,6.60730304674033
TRAIN0558,Oc1ccc(cc1)c2cc(Cl)c3cc(O)ccc3n2,median,6.67162039656126,6.60554831917378
TRAIN0559,Oc1ccc2nc(cc(Cl)c2c1)c3ccc(O)c(F)c3,median,6.60906489289662,6.56383735295924
TRAIN0560,Oc1ccc(cc1)c2cc(Br)c3cc(O)ccc3n2,median,6.67366413907125,6.60554831917378
TRAIN0561,Oc1ccc2nc(cc(Br)c2c1)c3ccc(O)c(F)c3,median,6.54821356447571,6.56863623584101
TRAIN0562,Oc1ccc2nc(cc(Br)c2c1)c3cc(F)c(O)c(F)c3,median,6.10623823794206,6.567833472483301
TRAIN0563,Oc1ccc(cc1)c2cc(C=C)c3cc(O)ccc3n2,median,6.29756946355447,6.56383735295924
TRAIN0564,Oc1ccc2nc(cc(C=C)c2c1)c3ccc(O)c(F)c3,median,6.4145392704915,6.56863623584101
TRAIN0565,CCc1cc(nc2ccc(O)cc12)c3ccc(O)cc3,median,6.19791074211827,6.60554831917378
TRAIN0566,CCc1cc(nc2ccc(O)cc12)c3ccc(O)c(F)c3,median,5.75696195131371,6.60554831917378
TRAIN0567,Oc1ccc(cc1)c2cc(C#C)c3cc(O)ccc3n2,median,5.82390874094432,6.56383735295924
TRAIN0568,Oc1ccc2nc(cc(C#C)c2c1)c3ccc(O)c(F)c3,median,5.88306035344924,6.56383735295924
TRAIN0569,Oc1ccc2nc(cc(C#C)c2c1)c3cc(F)c(O)c(F)c3,median,5.31695296176115,6.56383735295924
TRAIN0570,Oc1ccc(cc1)c2cc(C#N)c3cc(O)ccc3n2,median,6.34198860334289,6.567833472483301
TRAIN0571,Oc1ccc2nc(cc(C#N)c2c1)c3ccc(O)c(F)c3,median,5.98005331832116,6.56863623584101
TRAIN0572,CC(=O)c1cc(nc2ccc(O)cc12)c3ccc(O)cc3,median,5.50334706074908,6.56383735295924
TRAIN0573,CC(=O)c1cc(nc2ccc(O)cc12)c3ccc(O)c(F)c3,median,5.47237009912866,6.56863623584101
TRAIN0574,Oc1ccc2nc(cc(c3ccccc3)c2c1)c4ccc(O)c(F)c4,median,5.74112337062787,6.60730304674033
TRAIN0575,COc1cc(nc2ccc(O)cc12)c3ccc(O)cc3,median,5.17848647159523,6.60730304674033
TRAIN0576,C[C@@H](COc1ccc(cc1)[C@@H]2Oc3ccc(O)cc3S[C@@H]2c4ccc(O)cc4)N5CCCC5,median,8.88605664769316,6.56383735295924
TRAIN0577,C[C@@H](COc1ccc(cc1)[C@@H]2Oc3ccc(O)cc3S[C@@H]2c4ccc(O)cc4)N5CC[C@@H](C)C5,median,8.88605664769316,6.56863623584101
TRAIN0578,C[C@@H]1CCN(CCOc2ccc(cc2)C(=O)c3c(sc4cc(O)ccc34)c5ccc(O)cc5)C1,median,9.22184874961636,6.60730304674033
TRAIN0579,C[C@@H](COc1ccc(cc1)C(=O)c2c(sc3cc(O)ccc23)c4ccc(O)cc4)N5CCCC5,median,9.69897000433602,6.56863623584101
TRAIN0580,C[C@@H]1CCN(CCOc2ccc(Cn3c(c(C)c4cc(O)ccc34)c5ccc(O)cc5)cc2)C1,median,9.30102999566398,6.60730304674033
TRAIN0581,C[C@@H](COc1ccc(Cn2c(c(C)c3cc(O)ccc23)c4ccc(O)cc4)cc1)N5CCCC5,median,9.39794000867204,6.567833472483301
TRAIN0582,C[C@@H]1CCN(CCOc2ccc(cc2)[C@H]3[C@H](CCc4cc(O)ccc34)c5ccccc5)C1,median,9.30102999566398,6.60730304674033
TRAIN0583,C[C@@H](COc1ccc(cc1)[C@H]2[C@H](CCc3cc(O)ccc23)c4ccccc4)N5CCCC5,median,9.22184874961636,6.56863623584101
TRAIN0584,Oc1ccc(cc1)c2[nH]c3ccccc3c2c4ccccc4,median,5.08039897621589,6.567833472483301
TRAIN0585,Oc1ccc(cc1)c2c([nH]c3ccccc23)c4ccccc4,median,7.61978875828839,6.56383735295924
TRAIN0586,Oc1ccc(cc1)c2[nH]c3ccccc3c2c4ccc(O)cc4,median,7.02319166266193,6.567833472483301
TRAIN0587,c1ccc(cc1)c2[nH]c3ccccc3c2c4ccccc4,median,5.15801519540989,6.56383735295924
TRAIN0588,Oc1ccc(cc1)c2[nH]c(nc2c3ccccc3)C(F)(F)F,median,6.39469495385889,6.56863623584101
TRAIN0589,Oc1ccc(cc1)c2noc(c2c3ccccc3)C(F)(F)F,median,8.07058107428571,6.567833472483301
TRAIN0590,Oc1ccc(cc1)n2c(nc3ccccc23)c4ccccc4Cl,median,5.7619538968712,6.60554831917378
TRAIN0591,Cc1nocc1c2nc3ccccc3n2c4ccc(O)cc4,median,5.93554201077308,6.56383735295924
TRAIN0592,Cn1cccc1c2nc3ccccc3n2c4ccc(O)cc4,median,5.53165266958784,6.56383735295924
TRAIN0593,Oc1ccc(cc1)n2c(nc3ccccc23)c4ccccc4,median,5.74472749489669,6.56383735295924
TRAIN0594,C[C@]12CCC3C(CC=C4C[C@@H](O)CC[C@]34C=C)C1CC[C@@H]2O,median,5.65052820078561,6.56863623584101
TRAIN0595,C[C@]12CCC3C(CC=C4C[C@@H](O)CC[C@]34C=C)C1CC[C@@]2(O)C#C,median,6.83268266525182,6.60554831917378
TRAIN0596,C[C@]1(O)CCC2C3CC=C4C[C@@H](O)CC[C@]4(C=C)C3CC[C@]12C,median,5.97757162881451,6.567833472483301
TRAIN0597,C[C@]12CCC3C(CC=C4C[C@@H](O)CC[C@]34CO)C1CC[C@@H]2O,median,5.19900813873983,6.567833472483301
TRAIN0598,C[C@]12CC[C@H]3[C@@H](CC=C4C[C@@H](O)CC[C@]34C)[C@@H]1CC[C@@H]2O,median,6.67778070526608,6.60730304674033
TRAIN0599,C[C@]12CCC3C(CC=C4C[C@@H](O)CC[C@]34CC#C)C1CC[C@@H]2O,median,5.33320131633383,6.567833472483301
TRAIN0600,C[C@]12CCC3C(CC=C4C[C@@H](O)CC[C@]34C#C)C1CC[C@@H]2O,median,6.37161106994969,6.567833472483301
TRAIN0601,CCC[C@]12CC[C@H](O)CC1=CCC3C4CC[C@H](O)[C@@]4(C)CCC23,median,5.28777133038046,6.56383735295924
TRAIN0602,CC[C@]12CC[C@H](O)CC1=CCC3C4CC[C@H](O)[C@@]4(C)CCC23,median,5.63283051146532,6.60730304674033
TRAIN0603,C[C@]12CCC3C(CC=C4C[C@@H](O)CC[C@]34CC=C)C1CC[C@@H]2O,median,5.75995022788735,6.56863623584101
TRAIN0604,CC\C=C/[C@]12CC[C@H](O)CC1=CCC3C4CC[C@H](O)[C@@]4(C)CCC23,median,5.51684079028302,6.56863623584101
TRAIN0605,C\C=C\[C@]12CC[C@H](O)CC1=CCC3C4CC[C@H](O)[C@@]4(C)CCC23,median,5.93404701968613,6.60554831917378
TRAIN0606,C\C=C/[C@]12CC[C@H](O)CC1=CCC3C4CC[C@H](O)[C@@]4(C)CCC23,median,5.70863114954842,6.60730304674033
TRAIN0607,CO\C=C/[C@]12CC[C@H](O)CC1=CCC3C4CC[C@H](O)[C@@]4(C)CCC23,median,5.47508485246013,6.60730304674033
TRAIN0608,C[C@]12CCC3C(CC=C4C[C@@H](O)CC[C@]34\C=C\Br)C1CC[C@@H]2O,median,5.39968067024834,6.56863623584101
TRAIN0609,C[C@]12CCC3C(CC=C4C[C@@H](O)CC[C@]34\C=C\Cl)C1CC[C@@H]2O,median,5.2518119729938,6.567833472483301
TRAIN0610,C[C@]12CCC3C(CC=C4C[C@@H](O)CC[C@]34\C=C/Cl)C1CC[C@@H]2O,median,5.17457388223218,6.60730304674033
TRAIN0611,C[C@]12CCC3C(CC=C4C[C@@H](O)CC[C@]34\C=C\F)C1CC[C@@H]2O,median,5.38038499425719,6.60730304674033
TRAIN0612,C[C@]12CCC3C(CC=C4C[C@@H](O)CC[C@]34\C=C/F)C1CC[C@@H]2O,median,5.36855623098683,6.567833472483301
TRAIN0613,CN(C)CCOc1ccc(cc1)\C(=C(\CCCCO)/c2ccccc2)\c3ccc(O)cc3,median,7.10237290870956,6.60730304674033
TRAIN0614,CN(C)CCOc1ccc(cc1)\C(=C(\CCCO)/c2ccccc2)\c3ccc(O)cc3,median,6.49485002168009,6.56383735295924
TRAIN0615,CN(C)CCOc1ccc(cc1)\C(=C(\CCO)/c2ccccc2)\c3ccc(O)cc3,median,6.60205999132796,6.56863623584101
TRAIN0616,CSCCC\C(=C(/c1ccc(O)cc1)\c2ccc(OCCN(C)C)cc2)\c3ccccc3,median,8.0,6.56863623584101
TRAIN0617,CN(C)CCOc1ccc(cc1)\C(=C(\CCCN=[N+]=[N-])/c2ccccc2)\c3ccc(O)cc3,median,7.88605664769316,6.56383735295924
TRAIN0618,CN(C)CCOc1ccc(cc1)\C(=C(\CCN=[N+]=[N-])/c2ccccc2)\c3ccc(O)cc3,median,9.0,6.60730304674033
TRAIN0619,CN(C)CCOc1ccc(cc1)\C(=C(\CCCC#N)/c2ccccc2)\c3ccc(O)cc3,median,7.60205999132796,6.567833472483301
TRAIN0620,CN(C)CCOc1ccc(cc1)\C(=C(\CCC#N)/c2ccccc2)\c3ccc(O)cc3,median,6.69897000433602,6.56863623584101
TRAIN0621,CN(C)CCOc1ccc(cc1)\C(=C(\CCCCl)/c2ccccc2)\c3ccc(O)cc3,median,7.0,6.60554831917378
TRAIN0622,CN(C)CCOc1ccc(cc1)\C(=C(\CCCl)/c2ccccc2)\c3ccc(O)cc3,median,8.39794000867204,6.56863623584101
TRAIN0623,CCN(c1ccccc1)S(=O)(=O)c2ccc(O)cc2,median,6.39361863488939,6.56863623584101
TRAIN0624,CCN(c1ccccc1Br)S(=O)(=O)c2ccc(O)cc2,median,7.04575749056067,6.60730304674033
TRAIN0625,CCN(c1cccc(OC)c1)S(=O)(=O)c2ccc(O)cc2,median,5.70487291474781,6.567833472483301
TRAIN0626,CCCN(c1ccccc1)S(=O)(=O)c2ccc(O)cc2,median,6.5185573714977,6.56863623584101
TRAIN0627,CCN(c1ccc(O)cc1)S(=O)(=O)c2ccc(O)cc2,median,6.5654310959658,6.60554831917378
TRAIN0628,CCN(c1ccccc1)S(=O)(=O)c2ccc(O)c(C)c2,median,6.48412615628832,6.60730304674033
TRAIN0629,CC(C)N(c1ccccc1)S(=O)(=O)c2ccc(O)cc2,median,6.05998184499234,6.60730304674033
TRAIN0630,CCN(c1ccccc1OC)S(=O)(=O)c2ccc(O)cc2,median,6.08092190762393,6.56383735295924
TRAIN0631,CC(C)(C)CN(c1ccccc1)S(=O)(=O)c2ccc(O)cc2,median,5.86296254521049,6.56383735295924
TRAIN0632,Oc1ccc(cc1)S(=O)(=O)N(Cc2ccccc2)c3ccccc3,median,6.30102999566398,6.567833472483301
TRAIN0633,Oc1ccc(cc1)S(=O)(=O)N(C2CCCCC2)c3ccccc3,median,6.06248210798265,6.56383735295924
TRAIN0634,Oc1ccc(cc1)S(=O)(=O)N(c2ccccc2)c3ccccc3,median,6.38721614328026,6.56863623584101
TRAIN0635,CCCCN(c1ccccc1)S(=O)(=O)c2ccc(O)cc2,median,6.49894073778225,6.60554831917378
TRAIN0636,Oc1ccc(cc1)S(=O)(=O)N(CC=C)c2ccccc2,median,6.62893213772826,6.56383735295924
TRAIN0637,CCCN(c1ccccc1Br)S(=O)(=O)c2ccc(O)c(C)c2,median,7.39794000867204,6.60730304674033
TRAIN0638,CCCN(c1ccccc1c2ccccc2)S(=O)(=O)c3ccc(O)c(C)c3,median,6.59687947882418,6.60730304674033
TRAIN0639,CCCN(c1ccccc1F)S(=O)(=O)c2ccc(O)cc2,median,7.13076828026902,6.60730304674033
TRAIN0640,CCCN(c1ccccc1Br)S(=O)(=O)c2ccc(O)c(c2)C(F)(F)F,median,7.22184874961636,6.567833472483301
TRAIN0641,CCCN(c1ccccc1Br)S(=O)(=O)c2ccc(O)cc2,median,7.58502665202918,6.60554831917378
TRAIN0642,CCCN(c1c(C)cccc1CC)S(=O)(=O)c2ccc(O)c(C)c2,median,8.15490195998574,6.60730304674033
TRAIN0643,CCCN(c1c(C)cccc1C)S(=O)(=O)c2ccc(O)c(C)c2,median,7.85387196432176,6.56863623584101
TRAIN0644,CCCN(c1c(Cl)cccc1Cl)S(=O)(=O)c2ccc(O)c(C)c2,median,7.79588001734407,6.56863623584101
TRAIN0645,CCCN(c1c(CC)cccc1CC)S(=O)(=O)c2ccc(O)c(C)c2,median,8.30102999566398,6.60554831917378
TRAIN0646,CCCN(c1c(C)cccc1Cl)S(=O)(=O)c2ccc(O)c(C)c2,median,7.58502665202918,6.60554831917378
TRAIN0647,CCCN(c1c(C)cccc1Cl)S(=O)(=O)c2ccc(O)cc2,median,7.61978875828839,6.60730304674033
TRAIN0648,CCCN(c1ccccc1C(F)(F)F)S(=O)(=O)c2ccc(O)cc2,median,7.26760624017703,6.56383735295924
TRAIN0649,CCCN(c1ccccc1Cl)S(=O)(=O)c2ccc(O)c(C)c2,median,7.29242982390206,6.567833472483301
TRAIN0650,CCCN(c1ccccc1Cl)S(=O)(=O)c2ccc(O)cc2,median,7.3767507096021,6.567833472483301
TRAIN0651,CCCN(c1ccccc1C)S(=O)(=O)c2ccc(O)c(C)c2,median,6.96257350205938,6.567833472483301
TRAIN0652,CC1CCc2ccccc2N1S(=O)(=O)c3ccc(O)cc3,median,6.31966448658544,6.567833472483301
TRAIN0653,Oc1ccc2c(CCN(c3ccccc3Cl)S2(=O)=O)c1,median,6.04963514562388,6.60730304674033
TRAIN0654,Cc1c(O)ccc2c1CCc3cc(O)cc(C=C)c23,median,6.61978875828839,6.56863623584101
TRAIN0655,Cc1cc(O)c(C)c2c1c3ccc(O)c(C)c3OC2(C)CC=C,median,6.80410034759077,6.567833472483301
TRAIN0656,Cc1c(O)ccc2c1OC(C)(C)c3c(C)c(O)ccc23,median,6.32975414692588,6.60554831917378
TRAIN0657,CC(C)CC1Oc2c(C)c(O)ccc2c3c(C)cc(O)cc13,median,6.20273245916928,6.56383735295924
TRAIN0658,CC1Oc2c(C)c(O)ccc2c3c(C)cc(O)c(C)c13,median,6.6252516539899,6.56383735295924
TRAIN0659,CCCC1Oc2c(C)c(O)ccc2c3c(C)cc(O)cc13,median,6.20342566678957,6.60730304674033
TRAIN0660,CCC1Oc2c(C)c(O)ccc2c3c(C)cc(O)cc13,median,6.36151074304536,6.56383735295924
TRAIN0661,CCC1Oc2c(C)c(O)ccc2c3ccc(O)c(C)c13,median,6.99567862621736,6.567833472483301
TRAIN0662,CC1Oc2c(C)c(O)ccc2c3ccc(O)c(C)c13,median,6.47495519296315,6.56383735295924
TRAIN0663,CC1Oc2c(C)c(O)ccc2c3c(C)cc(O)cc13,median,5.91721462968355,6.56863623584101
TRAIN0664,Cc1cc(O)cc2COc3c(C)c(O)ccc3c12,median,5.98716277529483,6.60730304674033
TRAIN0665,Cc1c(O)ccc2c1COc3c(C)c(O)ccc23,median,5.33629907461035,6.567833472483301
TRAIN0666,Cc1c(O)c(Cl)c(C)c2c3ccc(O)c(Cl)c3OC(=O)c12,median,6.22402566887063,6.56383735295924
TRAIN0667,Cc1c(O)c(Cl)cc2c3ccc(O)c(Cl)c3OC(=O)c12,median,6.28066871301627,6.567833472483301
TRAIN0668,Oc1ccc2c(OC(=O)c3c(Cl)c(O)c(F)cc23)c1Cl,median,4.93554201077308,6.60730304674033
TRAIN0669,Cc1cc(O)c(C)c2C(=O)Oc3c(C)c(O)ccc3c12,median,6.14508697769215,6.60730304674033
TRAIN0670,Cc1cc(O)c(C)c2OC(=O)c3c(C)c(O)ccc3c12,median,6.10513034325475,6.567833472483301
TRAIN0671,Cc1cc(O)cc2C(=O)Oc3c(C)c(O)ccc3c12,median,6.23433144524099,6.60730304674033
TRAIN0672,CCc1cc(O)cc2C(=O)Oc3c(C)c(O)ccc3c12,median,5.74957999769111,6.56383735295924
TRAIN0673,Cc1c(O)ccc2c3ccc(O)c(Br)c3OC(=O)c12,median,5.71669877129645,6.56383735295924
TRAIN0674,CCc1c(O)ccc2c3ccc(O)c(F)c3OC(=O)c12,median,6.64206515299955,6.60554831917378
TRAIN0675,Cc1c(O)ccc2c3ccc(O)c(F)c3OC(=O)c12,median,5.80134291304558,6.567833472483301
TRAIN0676,CCc1c(O)ccc2c1OC(=O)c3c(C)c(O)ccc23,median,6.64016451766011,6.56863623584101
TRAIN0677,CCc1c(O)ccc2c3ccc(O)c(C)c3OC(=O)c12,median,6.31515463835559,6.60554831917378
TRAIN0678,Cc1c(O)ccc2c1OC(=O)c3c(O)c(O)ccc23,median,5.89279003035213,6.567833472483301
TRAIN0679,Cc1cc(O)c(Cl)c2C(=O)Oc3c(Cl)c(O)ccc3c12,median,5.59842715432355,6.567833472483301
TRAIN0680,Cc1cc(O)cc2OC(=O)c3c(C)c(O)ccc3c12,median,5.73048705578208,6.60554831917378
TRAIN0681,Cc1cc(O)c(C)c2OC(=O)c3cc(O)ccc3c12,median,6.31158017799729,6.56383735295924
TRAIN0682,Cc1c(O)ccc2c3ccc(O)cc3OC(=O)c12,median,5.93181413825384,6.56383735295924
TRAIN0683,Cc1c(O)ccc2c1OC(=O)c3cc(O)ccc23,median,6.18442225167573,6.56863623584101
TRAIN0684,Cc1c(O)ccc2c1OC(=O)c3c(C)c(O)ccc23,median,6.79860287567955,6.567833472483301
TRAIN0685,COc1c(C)c(Br)c2C(=O)Oc3c(C)c(O)ccc3c2c1C,median,6.64781748188864,6.60554831917378
TRAIN0686,COc1c(C)cc2C(=O)Oc3c(C)c(O)ccc3c2c1C,median,5.38090666937326,6.60554831917378
TRAIN0687,CCc1cc(OC)cc2C(=O)Oc3c(C)c(O)ccc3c12,median,5.00744648216786,6.567833472483301
TRAIN0688,Cc1cc(C=C)c2c(c1)C(=O)Oc3c(C)c(O)ccc23,median,5.0,6.56383735295924
TRAIN0689,Cc1cc(CC=C)c2c(c1)C(=O)Oc3c(C)c(O)ccc23,median,5.0,6.567833472483301
TRAIN0690,Cc1cc(Br)c2c(c1)C(=O)Oc3c(C)c(O)ccc23,median,5.50584540598156,6.56863623584101
TRAIN0691,Cc1cc(C)c2c(c1)C(=O)Oc3c(C)c(O)ccc23,median,5.43062609038495,6.60554831917378
TRAIN0692,CC\C=C\c1cc2c(cc1Br)C(=O)Oc3c(C)c(O)ccc23,median,5.96257350205938,6.56863623584101
TRAIN0693,COc1cc2C(=O)Oc3c(C)c(O)ccc3c2cc1Br,median,5.0,6.56863623584101
TRAIN0694,Cc1cc2c(cc1Br)C(=O)Oc3c(C)c(O)ccc23,median,5.16430942850757,6.56863623584101
TRAIN0695,Cc1ccc(C)c2c3ccc(O)c(C)c3OC(=O)c12,median,5.51229613683627,6.60730304674033
TRAIN0696,Cc1c(O)ccc2c1OC(=O)c3c(Br)cc(Br)cc23,median,6.22402566887063,6.56383735295924
TRAIN0697,Cc1c(O)ccc2c1OC(=O)c3c(C)c(NS(=O)(=O)C)ccc23,median,5.3707943428977,6.60730304674033
TRAIN0698,Cc1c(O)ccc2c1OC(=O)c3c(C)c(N)ccc23,median,4.84466396253494,6.56383735295924
TRAIN0699,COc1ccc2c3ccc(O)c(C)c3OC(=O)c2c1C,median,6.0,6.60730304674033
TRAIN0700,C\C=C\c1cccc2C(=O)Oc3c(C)c(O)ccc3c12,median,5.5185573714977,6.56863623584101
TRAIN0701,CCc1c(O)ccc2c1OC(=O)c3cc(Br)ccc23,median,5.26280735729526,6.60730304674033
TRAIN0702,Cc1cc(C)c2c(c1)C(=O)Oc3cc(O)ccc23,median,6.23284413391782,6.56863623584101
TRAIN0703,Cc1c(O)ccc2c1OC(=O)c3cc(C=C)ccc23,median,5.33818731446274,6.567833472483301
TRAIN0704,CCC1Oc2c(C)c(O)ccc2c3c(C)cc(O)c(C)c13,median,6.88941028970075,6.60730304674033
TRAIN0705,Oc1ccc(cc1)N2C=Nc3cc(O)cc(O)c3C2=O,median,4.95479441396494,6.567833472483301
TRAIN0706,Oc1ccc(cc1)N2C=Nc3cc(O)cc(O)c3C2=S,median,5.57905459407803,6.60554831917378
TRAIN0707,Oc1cc(O)c2C(=O)N(C=Nc2c1)c3ccc(O)c(F)c3,median,4.3548234418212,6.56383735295924
TRAIN0708,Oc1cc(O)c2C(=O)N(C=Nc2c1)c3ccc(O)c(Cl)c3,median,4.25951888270466,6.60730304674033
TRAIN0709,Cc1cc(O)ccc1N2C=Nc3cc(O)cc(O)c3C2=O,median,5.35832762677531,6.60730304674033
TRAIN0710,COc1cc(O)c2C(=O)N(C=Nc2c1)c3ccc(O)cc3,median,4.58576223451328,6.60554831917378
TRAIN0711,Oc1cc(O)c2C(=O)N(C=Nc2c1)c3ccc(O)nc3,median,4.17483362774345,6.60554831917378
TRAIN0712,Oc1ccc(nc1)N2C=Nc3cc(O)cc(O)c3C2=O,median,4.0088537000083,6.60554831917378
TRAIN0713,Cc1cc(ccc1O)N2C=Nc3cc(O)cc(O)c3C2=O,median,4.46059767530769,6.56383735295924
TRAIN0714,Oc1ccc(N2C=Nc3cc(O)cc(O)c3C2=O)c(Cl)c1,median,5.20432849405398,6.567833472483301
TRAIN0715,Oc1ccc(N2C=Nc3cc(O)cc(O)c3C2=O)c(F)c1,median,5.12580819532093,6.60730304674033
TRAIN0716,CC(C)C1=Nc2cc(O)cc(O)c2C(=O)N1c3ccc(O)cc3,median,4.15243350985741,6.56383735295924
TRAIN0717,CCCCC1=Nc2cc(O)cc(O)c2C(=O)N1c3ccc(O)cc3,median,6.74957999769111,6.56383735295924
TRAIN0718,CCCC1=Nc2cc(O)cc(O)c2C(=O)N1c3ccc(O)cc3,median,5.27043027369803,6.56863623584101
TRAIN0719,CCC1=Nc2cc(O)cc(O)c2C(=O)N1c3ccc(O)cc3,median,4.71137076533501,6.60554831917378
TRAIN0720,CC1=Nc2cc(O)cc(O)c2C(=O)N1c3ccc(O)cc3,median,4.47823447412292,6.56863623584101
TRAIN0721,Oc1cc(O)c2C(=O)N(C=Nc2c1)c3ccccc3,median,4.1215471456025,6.56383735295924
TRAIN0722,Oc1cccc(c1)N2C=Nc3cc(O)cc(O)c3C2=O,median,4.35838709608849,6.56383735295924
TRAIN0723,Oc1ccc(cc1)N2C=Nc3cc(O)ccc3C2=O,median,4.27051123082044,6.60554831917378
TRAIN0724,CCCc1c(O)cc2N=CN(C(=O)c2c1O)c3ccc(O)cc3,median,4.97269117296445,6.56863623584101
TRAIN0725,Cc1c(O)cc(O)c2C(=O)N(C=Nc12)c3ccc(O)cc3,median,4.81539373331286,6.60730304674033
TRAIN0726,CC(=C)c1cc(O)cc2N=CN(C(=O)c12)c3ccc(O)cc3,median,4.35686328895656,6.56383735295924
TRAIN0727,OCc1cc(O)cc2N=CN(C(=O)c12)c3ccc(O)cc3,median,6.91721462968355,6.56383735295924
TRAIN0728,Oc1ccc(cc1)N2C=Nc3cc(O)cc(c4ccccc4)c3C2=O,median,3.9933457329571,6.60730304674033
TRAIN0729,COC(=O)c1cc(O)cc2N=CN(C(=O)c12)c3ccc(O)cc3,median,4.08978126831235,6.56863623584101
TRAIN0730,CCc1cc(O)cc2N=CN(C(=O)c12)c3ccc(O)cc3,median,4.87811201489632,6.56863623584101
TRAIN0731,Cc1cc(O)cc2N=CN(C(=O)c12)c3ccc(O)cc3,median,5.01614828100853,6.567833472483301
TRAIN0732,Nc1cc(O)cc2N=CN(C(=O)c12)c3ccc(O)cc3,median,4.80908030108743,6.60554831917378
TRAIN0733,Oc1ccc(cc1)N2C(=O)c3ccc(O)cc3N=C2c4ccc(O)cc4,median,4.31450010090594,6.60554831917378
TRAIN0734,Oc1ccc(cc1)N2C(=O)Nc3cc(O)cc(O)c3C2=O,median,4.15318678603921,6.60730304674033
TRAIN0735,Oc1ccc(cc1)N2C(=S)Nc3cc(O)cc(O)c3C2=O,median,4.95424685240586,6.56383735295924
TRAIN0736,Oc1ccc(cc1)C2=COc3cc(O)cc(O)c3C2=S,median,4.25272028744559,6.60730304674033
TRAIN0737,Oc1ccc(nc1)N2C=Nc3cc(O)cc(O)c3C2=S,median,4.55957898660944,6.60554831917378
TRAIN0738,CCc1cc(O)cc2N=CN(C(=S)c12)c3ccc(O)cc3,median,5.6458915608526,6.60554831917378
TRAIN0739,Cc1cc(O)cc2N=CN(C(=S)c12)c3ccc(O)cc3,median,5.75621808390621,6.60554831917378
TRAIN0740,Cc1cc(ccc1O)N2C=Nc3cc(O)cc(O)c3C2=S,median,5.54454603122137,6.567833472483301
TRAIN0741,Oc1cc(O)c2C(=S)N(C=Nc2c1)c3ccc(O)c(F)c3,median,5.51144928349956,6.567833472483301
TRAIN0742,Oc1ccc2C3=C(COc2c1)c4ccc(O)cc4O[C@H]3c5ccc(OCCN6CCCCC6)cc5,median,9.21467016498923,6.60554831917378
TRAIN0743,Oc1ccc2C3=C(COc2c1)c4ccc(O)cc4O[C@@H]3c5ccc(OCCN6CCCCC6)cc5,median,7.29242982390206,6.60554831917378
TRAIN0744,C[C@]12CC[C@H]3[C@@H](CCc4cc(O)ccc34)[C@@H]1CC[C@@]2(O)C#C,median,8.69897000433602,6.56383735295924
TRAIN0745,CC(C)CC12CCC(=O)C(=C1c3ccc(O)cc3C2)C,median,6.70996538863748,6.567833472483301
TRAIN0746,CCCC[C@]12CCC(=O)C(=C1c3ccc(O)cc3C2)Br,median,5.39544996742874,6.56863623584101
TRAIN0747,CCCC[C@@]12CCC(=O)C(=C1c3ccc(O)cc3C2)C,median,6.24641694110709,6.56863623584101
TRAIN0748,CCCC[C@@]12CCC(=O)C(=C1c3ccc(O)cc3C2)Br,median,6.88941028970075,6.567833472483301
TRAIN0749,Oc1ccc2C3=C(C#N)C(=O)CCC3(Cc2c1)c4ccccc4,median,6.05551732784983,6.60554831917378
TRAIN0750,Oc1ccc2C3=C(C(=O)CCC3(Cc2c1)c4ccccc4)c5occc5,median,6.41005039867429,6.56863623584101
TRAIN0751,Oc1ccc2C3=C(Br)C(=O)CCC3(Cc2c1)c4ccccc4,median,6.94692155651658,6.56863623584101
TRAIN0752,CCCCC12CCC(=O)C(=C1c3ccc(O)cc3C2)I,median,6.90657831483776,6.56863623584101
TRAIN0753,CCCCC12CCC(=O)C(=C1c3ccc(O)cc3C2)Cl,median,6.94309514866353,6.56383735295924
TRAIN0754,CCCCC12CCC(=O)C(=C1c3ccc(O)cc3C2)C(F)(F)F,median,6.89279003035213,6.56863623584101
TRAIN0755,CCCCC12CCC(=O)C(=C1c3ccc(O)cc3C2)C#N,median,5.78251605578609,6.56863623584101
TRAIN0756,CCCCC12CCC(=O)C(=C1c3ccc(O)cc3C2)c4ccccc4,median,7.38721614328026,6.567833472483301
TRAIN0757,CCCCC12CCC(=O)C(=C1c3ccc(O)cc3C2)c4cccs4,median,7.1518108830086,6.60554831917378
TRAIN0758,CCCCC12CCC(=O)C(=C1c3ccc(O)cc3C2)c4occc4,median,6.70774392864352,6.60554831917378
TRAIN0759,CCCCC1=C2c3ccc(O)cc3CC2(CCCC)CCC1=O,median,6.56383735295924,6.60554831917378
TRAIN0760,CCCCC12CCC(=O)C(=C1c3ccc(O)cc3C2)CCC,median,7.52287874528034,6.56863623584101
TRAIN0761,CCCCC12CCC(=O)C(=C1c3ccc(O)cc3C2)CC,median,6.57839607313017,6.60554831917378
TRAIN0762,CCCCC12CCC(=O)C(=C1c3ccc(O)cc3C2)Br,median,6.85078088734462,6.60730304674033
TRAIN0763,CCCC12CCC(=O)C(=C1c3ccc(O)cc3C2)Br,median,7.10237290870956,6.60730304674033
TRAIN0764,CCC12CCC(=O)C(=C1c3ccc(O)cc3C2)Br,median,6.49620931694282,6.60730304674033
TRAIN0765,CC12CCC(=O)C(=C1c3ccc(O)cc3C2)Br,median,6.05403929642243,6.56383735295924
TRAIN0766,CC1=C2c3ccc(O)cc3CC2(CCC1=O)c4ccccc4,median,6.31785492362617,6.60730304674033
TRAIN0767,CCCCC12CCC(=O)C(=C1c3ccc(O)cc3C2)C,median,6.20065945054642,6.56863623584101
TRAIN0768,CC(C)C12CCC(=O)C(=C1c3ccc(O)cc3C2)C,median,5.84771165561694,6.60730304674033
TRAIN0769,CCCC12CCC(=O)C(=C1c3ccc(O)cc3C2)C,median,6.34198860334289,6.60554831917378
TRAIN0770,CCC12CCC(=O)C(=C1c3ccc(O)cc3C2)C,median,5.91721462968355,6.567833472483301
TRAIN0771,CC1=C2c3ccc(O)cc3CC2(C)CCC1=O,median,5.92445303860747,6.56383735295924
TRAIN0772,CCCCCC12CCC(=O)C=C1c3ccc(O)cc3C2,median,5.42712839779952,6.60730304674033
TRAIN0773,CCCCC12CCC(=O)C=C1c3ccc(O)cc3C2,median,5.19044028536473,6.56863623584101
TRAIN0774,CCCC12CCC(=O)C=C1c3ccc(O)cc3C2,median,5.59687947882418,6.567833472483301
TRAIN0775,CC12CCC(=O)C=C1c3ccc(O)cc3C2,median,5.37212230542003,6.56863623584101
TRAIN0776,CCCCC12CCC(=O)C(=C1c3ccc4[nH]ncc4c3C2)Br,median,5.85078088734462,6.60554831917378
TRAIN0777,CC1=C2c3ccc4[nH]ncc4c3CC2(C)CCC1=O,median,5.35556141053216,6.56863623584101
TRAIN0778,CC[C@@]12CCC(=O)C(=C1c3ccc4[nH]ncc4c3C2)C,median,5.86646109162978,6.567833472483301
TRAIN0779,CCCCC12CCC(=O)C(=C1c3ccc4[nH]ncc4c3C2)C,median,5.97881070093006,6.567833472483301
TRAIN0780,CCC1=C2c3ccc4[nH]ncc4c3CC2(CC)CCC1=O,median,6.65169513695184,6.60730304674033
TRAIN0781,CCCC[C@@]12CCC(=O)C(=C1c3ccc4[nH]ncc4c3C2)CC,median,7.03151705144607,6.56863623584101
TRAIN0782,CC[C@@]12CCC(=O)C(=C1c3ccc4[nH]ncc4c3C2)Cl,median,6.32790214206428,6.56383735295924
TRAIN0783,CC12CCC(=O)C(=C1c3ccc4[nH]ncc4c3C2)Br,median,5.70114692359029,6.60730304674033
TRAIN0784,CC[C@@]12CCC(=O)C(=C1c3ccc4[nH]ncc4c3C2)Br,median,6.60380065290426,6.60730304674033
TRAIN0785,CCCC12CCC(=O)C(=C1c3ccc4[nH]ncc4c3C2)Br,median,6.17848647159523,6.56383735295924
TRAIN0786,BrC1=C2c3ccc4[nH]ncc4c3C[C@]2(CC5CC5)CCC1=O,median,6.63827216398241,6.56383735295924
TRAIN0787,CCCCC12CCC(=O)C(=C1c3ccc4[nH]ncc4c3C2)C5CC5,median,6.37468754903833,6.60554831917378
TRAIN0788,CCCC[C@@]12CCC(=O)C(=C1c3ccc4[nH]ncc4c3C2)C(=O)OC,median,5.68193666503724,6.56863623584101
TRAIN0789,CC[C@@]12CCC(=O)C(=C1c3ccc4[nH]ncc4c3C2)C5CC5,median,6.32790214206428,6.56383735295924
TRAIN0790,CCCC12CCC(=O)C(=C1c3ccc4[nH]ncc4c3C2)C,median,6.01055018233331,6.60730304674033
TRAIN0791,C[C@@]12CCC(=O)C(=C1c3ccc4[nH]ncc4c3C2)C(F)(F)F,median,5.83032556594119,6.56863623584101
TRAIN0792,BrC1=C2c3ccc4[nH]ncc4c3C[C@]2(CCC5CC5)CCC1=O,median,6.64016451766011,6.60730304674033
TRAIN0793,CC[C@@]12CCC(=O)C(=C1c3ccc4[nH]ncc4c3C2)C(F)(F)F,median,6.44369749923271,6.60554831917378
TRAIN0794,CCCC[C@@]12CCC(=O)C(=C1c3ccc4[nH]ncc4c3C2)C(F)(F)F,median,6.75448733218585,6.60554831917378
TRAIN0795,CC[C@@]12CCC(=O)C(=C1c3ccc4[nH]ncc4c3C2)c5ccccc5,median,7.33724216831843,6.60730304674033
TRAIN0796,CCC12CCC(=O)C(=C1c3ccc4[nH]ncc4c3C2=O)C,median,6.20481541031758,6.56383735295924
TRAIN0797,CC[C@@]12CCC(=O)C(=C1c3ccc4[nH]ncc4c3C2=O)Cl,median,6.85698519974591,6.56863623584101
TRAIN0798,CCC12CCC(=O)C(=C1c3ccc4[nH]ncc4c3C2=O)Br,median,6.45345733652187,6.567833472483301
TRAIN0799,CC[C@@]12CCC(=O)C(=C1c3ccc4[nH]ncc4c3C2=O)C(F)(F)F,median,7.23657200643706,6.60554831917378
TRAIN0800,CCCC[C@@]12CCC(=O)C(=C1c3ccc4[nH]ncc4c3C2=O)C(F)(F)F,median,7.39794000867204,6.60554831917378
TRAIN0801,CCC12CCC(=O)C(=C1c3ccc4[nH]nc(Cl)c4c3C2)C,median,5.61618463401957,6.60554831917378
TRAIN0802,CCC12CCC(=O)C(=C1c3ccc4[nH]nc(Br)c4c3C2)C,median,5.23062267392386,6.60554831917378
TRAIN0803,CC[C@@]12CCC(=O)C(=C1c3ccc4[nH]nc(F)c4c3C2)Cl,median,7.08618614761628,6.56863623584101
TRAIN0804,CCC12CCC(=O)C(=C1c3ccc4[nH]nc(F)c4c3C2)Br,median,6.70553377383841,6.567833472483301
TRAIN0805,CC[C@@]12CCC(=O)C(=C1c3ccc4[nH]nc(F)c4c3C2)C(F)(F)F,median,7.29328221766324,6.567833472483301
TRAIN0806,CCCC[C@@]12CCC(=O)C(=C1c3ccc4[nH]nc(F)c4c3C2)CC,median,7.63827216398241,6.60554831917378
TRAIN0807,CCCC[C@@]12CCC(=O)C(=C1c3ccc4[nH]nc(F)c4c3C2)C(F)(F)F,median,7.30803489723264,6.56383735295924
TRAIN0808,CCC[C@@]12CCC(=O)C(=C1c3ccc(O)cc3C2)C,median,6.34198860334289,6.56863623584101
TRAIN0809,CC1=C2c3ccc(O)cc3C[C@@]24CC[C@H](C4)C1=O,median,6.1007268126824,6.56383735295924
TRAIN0810,CCC[C@@H]1C[C@@H]2C[C@]13Cc4cc(O)ccc4C3=C(C)C2=O,median,7.01322826573375,6.56863623584101
TRAIN0811,CC1=C2c3ccc(O)cc3C[C@@]24CCC[C@H](C4)C1=O,median,6.3829996588791,6.56863623584101
TRAIN0812,CC[C@@H]1CC[C@@H]2C[C@]13Cc4cc(O)ccc4C3=C(C)C2=O,median,6.83564714421556,6.567833472483301
TRAIN0813,CC[C@H]1CC[C@@H]2C[C@]13Cc4cc(O)ccc4C3=C(C)C2=O,median,6.50863830616573,6.567833472483301
TRAIN0814,CCC[C@@H]1CC[C@@H]2C[C@]13Cc4cc(O)ccc4C3=C(C)C2=O,median,7.07572071393812,6.60554831917378
TRAIN0815,CCC[C@H]1CC[C@@H]2C[C@]13Cc4cc(O)ccc4C3=C(C)C2=O,median,6.21824462534753,6.56383735295924
TRAIN0816,CC[C@@]12CCC(=O)C(=C1c3ccc(O)cc3C2)C,median,5.91721462968355,6.56383735295924
TRAIN0817,CC1=C2c3ccc(O)cc3CC2(Cc4ccccc4)CCC1=O,median,5.82390874094432,6.56383735295924
TRAIN0818,CC1=C2c3ccc(O)cc3CC2(Cc4ccc(Cl)cc4)CCC1=O,median,5.16749108729376,6.56863623584101
TRAIN0819,CC1=C2c3ccc4[nH]ncc4c3CC2(Cc5ccccc5F)CCC1=O,median,5.46852108295774,6.60554831917378
TRAIN0820,O=C1CCC2(Cc3ccccc3)Cc4c(ccc5[nH]ncc45)C2=C1c6ccc(OCCN7CCCCC7)cc6,median,6.20760831050175,6.60554831917378
TRAIN0821,Oc1ccc2C3=C(C(=O)CCC3(Cc4ccccc4)Cc2c1)c5ccc(OCCN6CCCCC6)cc5,median,6.42021640338319,6.60554831917378
TRAIN0822,Oc1ccc(cc1)C2=C3c4ccc(O)cc4CC3(Cc5ccccc5)CCC2=O,median,6.65757731917779,6.56863623584101
TRAIN0823,CCCCC1=C2c3ccc(O)cc3CC2(Cc4ccccc4)CCC1=O,median,6.58502665202918,6.567833472483301
TRAIN0824,Oc1ccc2C3=C(C(=O)CCC3(Cc4ccccc4)Cc2c1)c5ccc(OCCN6CCOCC6)cc5,median,6.14874165128092,6.60730304674033
TRAIN0825,CN(C)CCOc1ccc(cc1)C2=C3c4ccc(O)cc4CC3(Cc5ccccc5)CCC2=O,median,5.92081875395237,6.56863623584101
TRAIN0826,Oc1ccc2C3=C(C(=O)CCC3(Cc4ccc(Cl)cc4)Cc2c1)c5ccc(OCCN6CCCCC6)cc5,median,5.95860731484177,6.56383735295924
TRAIN0827,O=C1CCC2(Cc3ccccc3)Cc4c(ccc5[nH]ncc45)C2=C1,median,5.4089353929735,6.56863623584101
TRAIN0828,CC1=C2c3ccc4[nH]ncc4c3CC2(Cc5ccccc5)CCC1=O,median,6.79588001734407,6.60554831917378
TRAIN0829,CC1=C2c3ccc4[nH]ncc4c3CC2(Cc5cccc(F)c5)CCC1=O,median,6.35654732351381,6.60730304674033
TRAIN0830,CC1=C2c3ccc4[nH]ncc4c3CC2(Cc5ccc(F)cc5)CCC1=O,median,7.08618614761628,6.56383735295924
TRAIN0831,CC1=C2c3ccc4[nH]nnc4c3CC2(Cc5ccccc5)CCC1=O,median,5.92081875395237,6.60730304674033
TRAIN0832,CC1=C2c3ccc4[nH]ncc4c3CC2(Cc5ccc6ccccc6c5)CCC1=O,median,5.25963731050576,6.60730304674033
TRAIN0833,CC1=C2c3ccc4[nH]nnc4c3CC2(Cc5ccc(F)cc5)CCC1=O,median,6.46852108295774,6.56863623584101
TRAIN0834,CCCCC12CCC(=O)C(=C1c3ccc4[nH]nnc4c3C2)Br,median,6.85078088734462,6.60730304674033
TRAIN0835,CCCC[C@@]12CCC(=O)C(=C1c3ccc4[nH]nnc4c3C2)c5cccs5,median,7.46852108295774,6.56863623584101
TRAIN0836,CCCCC12CCC(=O)C(=C1c3ccc4[nH]nnc4c3C2)c5occc5,median,5.95116991347165,6.56383735295924
TRAIN0837,CCCC[C@@]12CCC(=O)C(=C1c3ccc4[nH]nnc4c3C2)C(F)(F)F,median,6.04769199033787,6.56863623584101
TRAIN0838,CCCC[C@@]12CCC(=O)C(=C1c3ccc4[nH]nnc4c3C2)Br,median,5.71987710369769,6.56383735295924
TRAIN0839,CCCCC12CCC(=O)C(=C1c3ccc4[nH]nnc4c3C2)CCC,median,5.90343756162586,6.60554831917378
TRAIN0840,CCCC[C@@]12CCC(=O)C(=C1c3ccc4[nH]nnc4c3C2)CC,median,6.65757731917779,6.567833472483301
TRAIN0841,CCCC[C@]12CCC(=O)C(=C1c3ccc4[nH]nnc4c3C2)CC,median,5.32303218570524,6.567833472483301
TRAIN0842,CCCCC12CCC(=O)C(=C1c3ccc4[nH]nnc4c3C2)C,median,5.2231535913047,6.56863623584101
TRAIN0843,CCCC12CCC(=O)C(=C1c3ccc4[nH]nnc4c3C2)Br,median,5.48135447566969,6.56383735295924
TRAIN0844,CCCC1=C2c3ccc4[nH]nnc4c3CC2(CCC)CCC1=O,median,6.46344155742847,6.60730304674033
TRAIN0845,CCCC12CCC(=O)C(=C1c3ccc4[nH]nnc4c3C2)CC,median,6.21324857785444,6.60554831917378
TRAIN0846,CCCC12CCC(=O)C(=C1c3ccc4[nH]nnc4c3C2)C,median,5.20950372303289,6.60554831917378
TRAIN0847,CC[C@@]12CCC(=O)C(=C1c3ccc4[nH]nnc4c3C2)C(F)(F)F,median,5.77520804350732,6.567833472483301
TRAIN0848,CCC12CCC(=O)C(=C1c3ccc4[nH]nnc4c3C2)Br,median,5.28650945690606,6.60554831917378
TRAIN0849,CCC12CCC(=O)C(=C1c3ccc4[nH]nnc4c3C2)c5ccc(O)cc5,median,7.09151498112135,6.56383735295924
TRAIN0850,CCCCC1=C2c3ccc4[nH]nnc4c3CC2(CC)CCC1=O,median,5.94807608395389,6.60730304674033
TRAIN0851,CCCC1=C2c3ccc4[nH]nnc4c3CC2(CC)CCC1=O,median,6.45345733652187,6.60554831917378
TRAIN0852,CCC1=C2c3ccc4[nH]nnc4c3C[C@]2(CC)CCC1=O,median,6.1890957193313,6.60554831917378
TRAIN0853,CCC1=C2c3ccc4[nH]nnc4c3CC2(CC)CCC1=O,median,5.87876854485038,6.60730304674033
TRAIN0854,CCC12CCC(=O)C(=C1c3ccc4[nH]nnc4c3C2)C,median,5.72124639904717,6.567833472483301
TRAIN0855,Oc1ccc(cc1)[C@@H]2CC(=O)c3c(O)cc(O)c(Cc4ccccc4)c3O2,median,6.29843201494407,6.567833472483301
TRAIN0856,CC(C)(C)Cc1c(O)cc(O)c2C(=O)C[C@H](Oc12)c3ccc(O)cc3,median,6.66554624884907,6.60554831917378
TRAIN0857,CC(C)Cc1c(O)cc(O)c2C(=O)C[C@H](Oc12)c3ccc(O)cc3,median,7.09691001300806,6.60554831917378
TRAIN0858,CC(C)CCc1c(O)cc(O)c2C(=O)C[C@H](Oc12)c3ccc(O)cc3,median,6.85387196432176,6.567833472483301
TRAIN0859,CCCCCCCCCCCc1c(O)cc(O)c2C(=O)C[C@H](Oc12)c3ccc(O)cc3,median,5.99267904707725,6.567833472483301
TRAIN0860,CCCCCCCCCc1c(O)cc(O)c2C(=O)C[C@H](Oc12)c3ccc(O)cc3,median,6.36051351073141,6.567833472483301
TRAIN0861,CCCCCCCc1c(O)cc(O)c2C(=O)C[C@H](Oc12)c3ccc(O)cc3,median,6.40671393297954,6.60554831917378
TRAIN0862,CCCCCc1c(O)cc(O)c2C(=O)C[C@H](Oc12)c3ccc(O)cc3,median,6.41680122603138,6.567833472483301
TRAIN0863,CCCc1c(O)cc(O)c2C(=O)C[C@H](Oc12)c3ccc(O)cc3,median,6.80966830182971,6.56383735295924
TRAIN0864,Cc1c(O)cc(O)c2C(=O)C[C@H](Oc12)c3ccc(O)cc3,median,5.28025450747042,6.56383735295924
TRAIN0865,Oc1ccc(cc1)[C@@H]2CC(=O)c3c(O)cc(O)cc3O2,median,4.12319348890648,6.60730304674033
TRAIN0866,CC(=CCc1c(O)cc(O)c2C(=O)CC(Oc12)c3ccc(O)cc3)C,median,7.24412514432751,6.567833472483301
TRAIN0867,CN(C)CCOc1ccc(cc1)c2c(nn3c(cc(nc23)C(F)(F)F)C(F)(F)F)c4ccc(O)cc4,median,6.0,6.60730304674033
TRAIN0868,Oc1ccc(cc1)c2nn3c(cc(nc3c2c4ccc(OCCN5CCCCC5)cc4)C(F)(F)F)C(F)(F)F,median,7.04575749056067,6.56383735295924
TRAIN0869,Oc1ccc(cc1)c2nn3c(cc(nc3c2c4ccc(O)cc4)C(F)(F)F)C(F)(F)F,median,5.22184874961636,6.56383735295924
TRAIN0870,Oc1ccc(c(O)c1)c2n[nH]c3cc(O)ccc23,median,7.31875876262441,6.60554831917378
TRAIN0871,CC(C)n1nc(c2ccc(O)cc2C)c3cccc(c13)C(F)(F)F,median,7.69897000433602,6.60554831917378
TRAIN0872,Cc1cc(O)ccc1c2nn(CC=C)c3c(cccc23)C(F)(F)F,median,7.22914798835786,6.60730304674033
TRAIN0873,Oc1ccc(c(O)c1)c2nn(CC=C)c3c(cccc23)C(F)(F)F,median,7.03151705144607,6.60730304674033
TRAIN0874,Oc1ccc(cc1)c2nn(C3CCCC3)c4c(F)cccc24,median,7.74472749489669,6.60730304674033
TRAIN0875,Oc1ccc(cc1)c2nn(C3CCCC3)c4c(Cl)cccc24,median,7.74472749489669,6.56383735295924
TRAIN0876,Oc1ccc(cc1)c2nn(C3CCCCC3)c4c(Cl)cccc24,median,7.43179827593301,6.567833472483301
TRAIN0877,CCCn1nc(c2ccc(O)cc2)c3cccc(Cl)c13,median,7.2839966563652,6.60730304674033
TRAIN0878,CC(C)n1nc(c2ccc(O)cc2)c3cccc(c13)C(F)(F)F,median,8.52287874528034,6.60730304674033
TRAIN0879,CCCn1nc(c2ccc(O)cc2)c3cccc(C)c13,median,7.39794000867204,6.567833472483301
TRAIN0880,CCCCn1nc(c2ccc(O)cc2)c3cccc(Cl)c13,median,7.60205999132796,6.60730304674033
TRAIN0881,OCCn1nc(c2ccc(O)cc2)c3cccc(Cl)c13,median,6.38721614328026,6.567833472483301
TRAIN0882,OCCn1nc(c2ccc(O)cc2)c3cccc(c13)C(F)(F)F,median,7.01772876696043,6.56863623584101
TRAIN0883,Oc1ccc(cc1)c2nn(Cc3ccccc3)c4c(cccc24)C(F)(F)F,median,6.70774392864352,6.567833472483301
TRAIN0884,Oc1ccc(cc1)c2nn(Cc3ccccc3)c4c(Cl)cccc24,median,6.97881070093006,6.56863623584101
TRAIN0885,Oc1ccc(c(O)c1)c2nn(c3cc(F)ccc3F)c4cc(O)ccc24,median,7.50863830616573,6.56383735295924
TRAIN0886,Oc1ccc(c(O)c1)c2nn(c3cc(Cl)ccc3Cl)c4cc(O)ccc24,median,7.82390874094432,6.60730304674033
TRAIN0887,Oc1ccc(c(O)c1)c2nn(c3cccc(Cl)c3)c4cc(O)ccc24,median,7.30102999566398,6.567833472483301
TRAIN0888,Oc1ccc(c(O)c1)c2nn(c3cccc(F)c3)c4cc(O)ccc24,median,7.4089353929735,6.60554831917378
TRAIN0889,Cc1ccc(cc1)n2nc(c3ccc(O)cc3O)c4ccc(O)cc24,median,7.39794000867204,6.60554831917378
TRAIN0890,Oc1ccc(c(O)c1)c2nn(C3CCCCC3)c4cc(O)ccc24,median,6.35359627377693,6.60730304674033
TRAIN0891,CCCCn1nc(c2ccc(O)cc2O)c3ccc(O)cc13,median,6.95078197732982,6.56383735295924
TRAIN0892,CCCn1nc(c2ccc(O)cc2O)c3ccc(O)cc13,median,7.20760831050175,6.56383735295924
TRAIN0893,Oc1ccc(c(O)c1)c2nn(CC(F)(F)F)c3cc(O)ccc23,median,6.78251605578609,6.60730304674033
TRAIN0894,CCn1nc(c2ccc(O)cc2O)c3ccc(O)cc13,median,6.51570016065321,6.60730304674033
TRAIN0895,Cn1nc(c2ccc(O)cc2O)c3ccc(O)cc13,median,6.20620961530918,6.567833472483301
TRAIN0896,Oc1ccc2c(Oc3ccc(OCCN4CCCCC4)cc3)c(sc2c1)c5ccc(NCCCl)cc5,median,7.44855000202713,6.567833472483301
TRAIN0897,Oc1ccc2c(Oc3ccc(OCCN4CCCCC4)cc3)c(sc2c1)c5ccc(NC(=O)CCl)cc5,median,6.1765257708297,6.60554831917378
TRAIN0898,Nc1ccc(cc1)c2sc3cc(O)ccc3c2Oc4ccc(OCCN5CCCCC5)cc4,median,7.71444269099223,6.567833472483301
TRAIN0899,CS(=O)(=O)c1ccc(cc1)c2sc3cc(O)ccc3c2Oc4ccc(OCCN5CCCCC5)cc4,median,7.56863623584101,6.567833472483301
TRAIN0900,Oc1ccc2c(Oc3ccc(OCCN4CCCCC4)cc3)c(sc2c1)c5ccccc5,median,7.96257350205938,6.60554831917378
TRAIN0901,Oc1ccc2c(Oc3ccc(OCCN4CCCCC4)cc3)c(sc2c1)c5ccc(Br)cc5,median,7.56863623584101,6.567833472483301
TRAIN0902,Oc1ccc2c(Oc3ccc(OCCN4CCCCC4)cc3)c(sc2c1)c5ccc(F)cc5,median,7.76447155309245,6.56863623584101
TRAIN0903,Oc1ccc(cc1)c2sc3cc(O)ccc3c2Oc4ccc(OCCN5CCCCC5)cc4,median,8.10790539730952,6.56863623584101
TRAIN0904,COc1ccc(cc1)c2sc3cc(O)ccc3c2Oc4ccc(OCCN5CCCCC5)cc4,median,7.66756154008439,6.56383735295924
TRAIN0905,CC(C)CCC[C@@H](C)CCC[C@@H](C)CCC[C@@H]1Cc2cc(O)ccc2[C@H]3CC[C@]4(C)[C@@H](O)CC[C@H]4[C@H]13,median,6.71444269099223,6.567833472483301
TRAIN0906,Oc1ccc(cc1)N2C(=O)c3cc(O)cc(Br)c3C2=O,median,7.44369749923271,6.60730304674033
TRAIN0907,Oc1ccc(N2C(=O)c3ccc(O)cc3C2=O)c(F)c1,median,7.27572413039921,6.56863623584101
TRAIN0908,Cc1cc(O)ccc1N2C(=O)c3ccc(O)cc3C2=O,median,6.09582563171584,6.56863623584101
TRAIN0909,Oc1ccc2C(=O)N(C(=O)c2c1)c3ccc(O)cc3[N+](=O)[O-],median,7.67778070526608,6.56863623584101
TRAIN0910,Oc1ccc2C(=O)N(C(=O)c2c1)c3ccc(O)c4ccccc34,median,5.57839607313017,6.56383735295924
TRAIN0911,Oc1ccc2C(=O)N(C(=O)c2c1)c3cccc4c(O)cccc34,median,6.09582563171584,6.56863623584101
TRAIN0912,COc1ccc(N2C(=O)c3ccc(O)cc3C2=O)c(OC)c1,median,5.60730304674033,6.567833472483301
TRAIN0913,COc1ccc(cc1)N2C(=O)c3ccc(O)cc3C2=O,median,5.48148606012211,6.56383735295924
TRAIN0914,Oc1ccc2C(=O)N(C(=O)c2c1)c3ccccc3,median,5.56863623584101,6.56863623584101
TRAIN0915,Oc1cccc(c1)N2C(=O)c3ccc(O)cc3C2=O,median,5.53760200210104,6.60554831917378
TRAIN0916,Oc1ccc(cc1)N2C(=O)c3ccc(O)cc3C2=O,median,7.07572071393812,6.56383735295924
TRAIN0917,O\N=C\c1ccc(c2ccc(O)cc2)c3ccccc13,median,7.02227639471115,6.60730304674033
TRAIN0918,O\N=C\c1c(Cl)cc(cc1Cl)c2ccc(O)c(F)c2,median,6.56863623584101,6.567833472483301
TRAIN0919,Cc1c(\C=N\O)c2ccccc2n1c3ccc(O)c(F)c3,median,6.52578373592374,6.56383735295924
TRAIN0920,Cc1c(\C=N\O)c2ccccc2n1c3ccc(O)cc3,median,6.56863623584101,6.60730304674033
TRAIN0921,O\N=C\c1cn(c2ccc(O)cc2)c3ccccc13,median,5.72010501998836,6.60554831917378
TRAIN0922,O\N=C\c1ccc(c2ccc(O)cc2)c3occc13,median,5.87614835903291,6.60730304674033
TRAIN0923,O\N=C\c1ccc(c2ccc(O)cc2)c3ccoc13,median,6.80966830182971,6.56863623584101
TRAIN0924,O\N=C\c1ccc(c2ccc(O)cc2)c3sccc13,median,7.43179827593301,6.56863623584101
TRAIN0925,O\N=C\c1ccc(c2ccc(O)cc2)c3ccsc13,median,7.69897000433602,6.56383735295924
TRAIN0926,O\N=C\c1ccc(c2ccc(O)c(F)c2)c3ccccc13,median,6.82973828460504,6.60730304674033
TRAIN0927,CS(=O)(=O)N1CC(Cc2ccc(O)cc12)c3ccc(O)cc3,median,4.49349496759513,6.60730304674033
TRAIN0928,Oc1ccc(cc1)C2CN(CC3CC3)c4cc(O)ccc4C2,median,5.78781239559604,6.56383735295924
TRAIN0929,CCCN1CC(Cc2ccc(O)cc12)c3ccc(O)cc3,median,5.60730304674033,6.56863623584101
TRAIN0930,CCN1CC(Cc2ccc(O)cc12)c3ccc(O)cc3,median,5.85078088734462,6.60554831917378
TRAIN0931,CN1CC(Cc2ccc(O)cc12)c3ccc(O)cc3,median,5.53017798402184,6.60554831917378
TRAIN0932,COc1ccccc1[C@H](c2cccc3ccccc23)[C@@](C)(C#N)C(=O)N4CCC(CC4)c5cccc(c5)C(F)(F)F,median,5.61439372640169,6.60730304674033
TRAIN0933,COc1cc(ccc1O)C2Nc3ccccc3C(=O)N2Cc4ccccc4,median,5.95860731484177,6.60730304674033
TRAIN0934,COC(=O)C1=C(N)Oc2cc(O)ccc2C1c3ccc(OCc4ccc(C)cc4)cc3,median,7.2518119729938,6.60730304674033
TRAIN0935,COC(=O)C1=C(N)Oc2cc(O)ccc2C1c3ccc(OCc4ccccc4F)cc3,median,7.27572413039921,6.60554831917378
TRAIN0936,OC(=O)CCc1cc(Br)c(OCc2cccc(Br)c2)c(Br)c1,median,4.53760200210104,6.56863623584101
TRAIN0937,CC(CCc1ccccc1)NC(=O)Cc2c([nH]c3ccccc23)c4ccccc4,median,7.95860731484177,6.56863623584101
TRAIN0938,C[C@H](CCc1ccc(O)cc1)NC(=O)Cc2c([nH]c3ccccc23)c4ccccc4,median,9.0,6.56863623584101
TRAIN0939,C[C@@H](CCc1ccc(O)cc1)NC(=O)Cc2c([nH]c3ccccc23)c4ccccc4,median,7.43179827593301,6.567833472483301
TRAIN0940,CC(CCc1ccc(O)cc1)NC(=O)Cc2c([nH]c3ccccc23)c4ccccc4,median,9.0,6.60730304674033
TRAIN0941,C[C@H](CCc1ccc(O)cc1)NC(=O)Cc2c([nH]c3ccc(OCCCCN4CCCCC4)cc23)c5ccccc5,median,7.50863830616573,6.60730304674033
TRAIN0942,C[C@H](CCc1ccc(O)cc1)NC(=O)Cc2c([nH]c3ccc(OCCCN4CCCCC4)cc23)c5ccccc5,median,7.39794000867204,6.56863623584101
TRAIN0943,C[C@H](CCc1ccc(O)cc1)NC(=O)Cc2c([nH]c3ccc(OCCN4CCCCC4)cc23)c5ccccc5,median,6.42250820016277,6.60730304674033
TRAIN0944,C[C@H](CCc1ccc(O)cc1)NC(=O)Cc2c([nH]c3cccc(OCCN4CCCCC4)c23)c5ccccc5,median,5.94538694544311,6.56383735295924
TRAIN0945,C[C@H](NC(=O)Cc1c([nH]c2ccccc12)c3ccccc3)c4c(C)c5cc(O)ccc5n4Cc6ccc(OCCN7CCCCC7)cc6,median,8.69897000433602,6.60554831917378
TRAIN0946,C[C@H](NC(=O)Cc1c([nH]c2ccccc12)c3ccccc3)c4c(C)c5cc(O)ccc5n4Cc6ccc(OCCN7CC[C@H](C)C7)cc6,median,8.39794000867204,6.60554831917378
TRAIN0947,C[C@H](CCc1ccc(O)cc1)NC(=O)Cc2c(c3ccccc3)n(Cc4ccc(OCCCCN5CCCCC5)cc4)c6ccccc26,median,8.30980391997149,6.56383735295924
TRAIN0948,C[C@H](CCc1ccc(O)cc1)NC(=O)Cc2c(c3ccccc3)n(Cc4ccc(OCCCN5CCCCC5)cc4)c6ccccc26,median,8.10790539730952,6.56863623584101
TRAIN0949,C[C@H](CCc1ccc(O)cc1)NC(=O)Cc2c(c3ccccc3)n(C(=O)c4ccc(OCCN5CCCCC5)cc4)c6ccccc26,median,6.75696195131371,6.56383735295924
TRAIN0950,C[C@H](CCc1ccc(O)cc1)NC(=O)Cc2c(c3ccccc3)n(Cc4ccc(OCCN5CCCCC5)cc4)c6ccccc26,median,7.69897000433602,6.56863623584101
TRAIN0951,C[C@H](CCc1ccc(O)cc1)NC(=O)Cc2c([nH]c3c(OCCCCCN4CCCCC4)cccc23)c5ccccc5,median,7.88605664769316,6.56863623584101
TRAIN0952,C[C@H](CCc1ccc(O)cc1)NC(=O)Cc2c([nH]c3c(OCCCCN4CCCCC4)cccc23)c5ccccc5,median,7.63827216398241,6.60554831917378
TRAIN0953,C[C@H](CCc1ccc(O)cc1)NC(=O)Cc2c([nH]c3c(OCCCN4CCCCC4)cccc23)c5ccccc5,median,7.16115090926274,6.567833472483301
TRAIN0954,C[C@H](CCc1ccc(O)cc1)NC(=O)Cc2c([nH]c3c(OCCN4CCCCC4)cccc23)c5ccccc5,median,6.35654732351381,6.60730304674033
TRAIN0955,C[C@H](CCc1ccc(O)cc1)NC(=O)Cc2c([nH]c3cc(OCCCN4CCCC4)ccc23)c5ccccc5,median,8.04095860767891,6.56383735295924
TRAIN0956,C[C@H](CCc1ccc(O)cc1)NC(=O)Cc2c([nH]c3cc(OCCN4CCCC4)ccc23)c5ccccc5,median,7.65757731917779,6.60554831917378
TRAIN0957,C[C@H](CCc1ccc(O)cc1)NC(=O)Cc2c([nH]c3cc(OCCCCN4CCCCC4)ccc23)c5ccccc5,median,7.99567862621736,6.56383735295924
TRAIN0958,C[C@H](CCc1ccc(O)cc1)NC(=O)Cc2c([nH]c3cc(OCCCN4CCCCC4)ccc23)c5ccccc5,median,7.88605664769316,6.56863623584101
TRAIN0959,C[C@H](CCc1ccc(O)cc1)NC(=O)Cc2c([nH]c3cc(OCCN4CCCCC4)ccc23)c5ccccc5,median,8.09691001300806,6.567833472483301
TRAIN0960,C[C@H](CCc1ccc(O)cc1)NC(=O)Cc2c([nH]c3ccc(OCCCCCN4CCCCC4)cc23)c5ccccc5,median,8.18045606445813,6.56863623584101
TRAIN0961,C[C@]12CC[C@H]3[C@@H](CC=C4C[C@@H](O)CC[C@]34C=C)[C@@H]1CC[C@@H]2O,median,5.64975198166584,6.567833472483301
TRAIN0962,C[C@]12CC[C@H]3[C@@H](CC=C4[C@H]5CC[C@@]34CC[C@H]5O)[C@@H]1CC[C@@H]2O,median,5.08964244272712,6.60554831917378
TRAIN0963,C[C@]12CC[C@H]3[C@@H](CC=C4[C@H]5CC[C@@]34CC[C@@H]5O)[C@@H]1CC[C@@H]2O,median,6.49894073778225,6.60554831917378
TRAIN0964,C[C@]12CC[C@H]3[C@@H](CC[C@H]4[C@H]5CCC[C@@]34CC[C@@H]5O)[C@@H]1CC[C@@H]2O,median,5.30189945437661,6.60730304674033
TRAIN0965,C[C@]12CC[C@H]3[C@@H](CC=C4[C@H]5CC=C[C@@]34CC[C@@H]5O)[C@@H]1CC[C@@H]2O,median,5.64975198166584,6.56863623584101
TRAIN0966,C\C=C/[C@]12CC[C@H](O)CC1=CC[C@H]3[C@@H]4CC[C@H](O)[C@@]4(C)CC[C@H]23,median,5.70863114954842,6.60554831917378
TRAIN0967,CC[C@]12CC[C@H](O)CC1=CC[C@H]3[C@@H]4CC[C@H](O)[C@@]4(C)CC[C@H]23,median,5.63264407897398,6.56383735295924
TRAIN0968,CC1=CC2=CC[C@H]3[C@@H]4CC[C@H](O)[C@@]4(C)CC[C@@H]3[C@@]2(C)CC1,median,6.95860731484177,6.567833472483301
TRAIN0969,C[C@]12CC[C@H]3[C@@H](CCC4=CC(=C)CC[C@]34C)[C@@H]1CC[C@@H]2O,median,6.19382002601611,6.60554831917378
TRAIN0970,C[C@]12CC[C@H]3[C@@H](CC=C4C[C@@H](O)CC[C@]34C=C)[C@@H]1CC[C@@]2(O)C#C,median,6.82390874094432,6.56863623584101
TRAIN0971,C[C@]1(O)CC[C@H]2[C@@H]3CC=C4C[C@@H](O)CC[C@]4(C=C)[C@H]3CC[C@]12C,median,5.97881070093006,6.56863623584101
TRAIN0972,CC1=CC2=CC[C@H]3[C@@H]4CC[C@@](O)(C#C)[C@@]4(C)CC[C@@H]3[C@]2(CC1)C=C,median,5.73282827159699,6.56383735295924
TRAIN0973,CC1=CC2=CC[C@H]3[C@@H]4CC[C@](C)(O)[C@@]4(C)CC[C@@H]3[C@]2(CC1)C=C,median,5.3585258894959,6.567833472483301
TRAIN0974,C[C@]12CC[C@H]3[C@@H](CC=C4C=C(Cl)CC[C@]34C=C)[C@@H]1CC[C@@H]2O,median,5.24108810760203,6.56383735295924
TRAIN0975,CCC1=CC2=CC[C@H]3[C@@H]4CC[C@H](O)[C@@]4(C)CC[C@@H]3[C@]2(CC1)C=C,median,5.50723961097316,6.56383735295924
TRAIN0976,CC1=CC2=CC[C@H]3[C@@H]4CC[C@H](O)[C@@]4(C)CC[C@@H]3[C@]2(CC1)C=C,median,5.84163750790475,6.56383735295924
TRAIN0977,C[C@]1(O)CC[C@]2(C=C)[C@H]3CC[C@]4(C)[C@@H](O)CC[C@H]4[C@@H]3CC=C2C1,median,5.27572413039921,6.56383735295924
TRAIN0978,COC[C@@]1(CC[C@H]2[C@@H]3CCC4=CC(=O)CCC4=C3[C@H](C[C@]12C)c5ccc(\C=N\O)cc5)OC,median,5.72124639904717,6.567833472483301
TRAIN0979,Cc1c(O)c(C)c2OC=C(C(=O)c2c1O)c3ccc(O)cc3,median,4.99139982823808,6.567833472483301
TRAIN0980,Cc1c(nn(c2ccc(O)cc2)c1c3ccc(CCCN4CCCCC4)cc3)c5ccc(O)cc5,median,7.69897000433602,6.60730304674033
TRAIN0981,Cc1c(nn(c2ccc(O)cc2)c1c3ccc(\C=C\C(=O)N4CCCCC4)cc3)c5ccc(O)cc5,median,6.0,6.567833472483301
TRAIN0982,Cc1c(nn(c2ccc(O)cc2)c1c3ccc(OCCN4CCCCC4)cc3)c5ccc(O)cc5,median,7.09691001300806,6.60730304674033
TRAIN0983,O\N=C\c1ccc(cc1F)c2ccc(O)cc2,median,6.09963287134353,6.567833472483301
TRAIN0984,CC(C)CNc1cc(\C=C\c2ccccc2)nc(NCC(C)C)n1,median,5.16115090926274,6.56863623584101
TRAIN0985,CC(C)CCc1cc(NCC(C)C)nc(OCC(C)C)n1,median,5.16115090926274,6.56863623584101
TRAIN0986,CC(C)CNc1nc(CCc2ccccc2)cc(n1)N(C)CC(C)C,median,5.25963731050576,6.567833472483301
TRAIN0987,CC(C)CNc1nc(CCc2cccc3ccccc23)cc(n1)N(C)CC(C)C,median,5.35654732351381,6.60554831917378
TRAIN0988,CC(C)CCc1cc(NCC(C)C)nc(n1)N(C)CC(C)C,median,5.01322826573375,6.60730304674033
TRAIN0989,CC(C)CNc1cc(NCc2ccccc2)nc(NCC(C)C)n1,median,5.02227639471115,6.56383735295924
TRAIN0990,CC(C)CNc1cc(NCC(C)C)nc(NCC(C)C)n1,median,5.61978875828839,6.60554831917378
TRAIN0991,CC(C)CCc1cc(NCc2cccc3ccccc23)nc(NCC(C)C)n1,median,5.17392519729917,6.56863623584101
TRAIN0992,CC(C)CCc1cc(NCc2ccccc2)nc(NCC(C)C)n1,median,5.23657200643706,6.56863623584101
TRAIN0993,CC(C)CCc1cc(NCC(C)C)nc(NCc2cccc3ccccc23)n1,median,5.38721614328026,6.60730304674033
TRAIN0994,CC(C)CCc1cc(NCC(C)C)nc(NCc2ccccc2)n1,median,5.74472749489669,6.60554831917378
TRAIN0995,CCc1cc(NCC(C)C)nc(NCC(C)C)n1,median,5.13667713987954,6.60730304674033
TRAIN0996,CC(C)CNc1cc(CCc2cccc3ccccc23)nc(NCC(C)C)n1,median,5.67778070526608,6.56863623584101
TRAIN0997,CC(C)CCc1cc(NCc2ccccc2)nc(NCc3ccccc3)n1,median,5.08092190762393,6.60730304674033
TRAIN0998,CC(C)CCc1cc(NCC(C)C)nc(NCC(C)C)n1,median,5.50863830616573,6.60554831917378
TRAIN0999,CCCCc1cc(NCCC)nc(NCCC)n1,median,4.88605664769316,6.567833472483301
TRAIN1000,CC(C)CNc1nc(CCc2ccccc2)cc(NCc3ccccc3)n1,median,5.72124639904717,6.60730304674033
TRAIN1001,CC(C)CNc1cc(CCc2ccccc2)nc(NCc3ccccc3)n1,median,5.34678748622466,6.60730304674033
TRAIN1002,CC(C)CNc1nc(NCc2ccccc2)cc(\C=C\c3ccccc3)n1,median,5.0087739243075,6.567833472483301
TRAIN1003,CC(C)CNc1cc(\C=C\c2ccccc2)nc(NCc3ccccc3)n1,median,4.92081875395237,6.60730304674033
TRAIN1004,CC(C)CNc1cc(CCc2ccccc2)nc(NCC(C)C)n1,median,5.67778070526608,6.60730304674033
TRAIN1005,NC(=N)N\N=C\C1=C(Cl)c2ccccc2CC1,median,5.25963731050576,6.56383735295924
TRAIN1006,CC#C[C@]1(O)CC[C@H]2[C@@H]3CCC4=CC(=O)CCC4=C3[C@H](C[C@]12C)c5ccc(cc5)N(C)C,median,5.30102999566398,6.56383735295924
TRAIN1007,CC(C)OC(=O)C1=CN(CC(C)(C)c2c1[nH]c3ccccc23)C(=O)c4ccc(F)c(F)c4,median,5.0,6.567833472483301
TRAIN1008,C(CN1CCC1)Oc2ccc(cc2)C3=C(CCOc4ccccc34)c5ccccc5,median,8.05700040663396,6.56863623584101
TRAIN1009,Oc1ccc(cc1)C2=C(c3ccc(OCCN4CCC4)cc3)c5ccccc5OCC2,median,8.72124639904717,6.60730304674033
TRAIN1010,COc1ccc2C(=C(CCOc2c1)c3ccc(O)cc3)c4ccc(OCCN5CCC5)cc4,median,8.17392519729917,6.567833472483301
TRAIN1011,COc1ccc2C(=C(CCOc2c1)c3ccc(O)cc3)c4ccc(OCCN5CCCC5)cc4,median,7.98716277529483,6.60554831917378
TRAIN1012,Oc1ccc(cc1)C2=C(c3ccc(OCCN4CCCC4)cc3)c5ccc(O)cc5OCC2,median,8.07572071393812,6.60554831917378
TRAIN1013,Fc1ccc2C(=C(CCOc2c1)c3ccccc3)c4ccc(OCCN5CCCC5)cc4,median,7.79048498545737,6.60730304674033
TRAIN1014,Oc1ccc(cc1)C2=C(c3ccc(OCCN4CCCC4)cc3)c5ccc(F)cc5OCC2,median,7.98296666070122,6.56863623584101
TRAIN1015,Oc1cccc(c1)C2=C(c3ccc(OCCN4CCCC4)cc3)c5ccc(F)cc5OCC2,median,7.85387196432176,6.56863623584101
TRAIN1016,Fc1ccc(cc1)C2=C(c3ccc(OCCN4CCCC4)cc3)c5ccc(F)cc5OCC2,median,6.89962945488244,6.60730304674033
TRAIN1017,Oc1ccc(cc1)C2=C(c3ccc(OCCN4CCCCC4)cc3)c5ccc(F)cc5OCC2,median,8.18708664335714,6.567833472483301
TRAIN1018,Oc1ccc(cc1)C2=C(CCOc3cc(F)ccc23)c4ccc(OCCN5CCCC5)cc4,median,8.25414480482627,6.60730304674033
TRAIN1019,C\C(=C(\Cl)/c1ccccc1)\C=N\NC(=N)N,median,4.43179827593301,6.60554831917378
TRAIN1020,NC(=N)N\N=C\C1=C(Cl)c2ccccc2CCC1,median,4.79588001734407,6.56863623584101
TRAIN1021,COc1cc2oc(cc2cc1O)c3ccc(O)cc3O,median,7.33724216831843,6.56383735295924
TRAIN1022,COc1cc(O)c2c(C=O)c(oc2c1)c3ccc(O)cc3O,median,7.36653154442041,6.567833472483301
TRAIN1023,CC(=CCc1c(O)c(CC(O)C(=C)C)c(O)c2C(=O)C(=COc12)c3ccc(O)c(O)c3)C,median,4.53760200210104,6.56863623584101
TRAIN1024,CC(=CCc1c(O)c2C(=O)C(=COc2c3CC(Oc13)C(C)(C)O)c4ccc(O)c(O)c4)C,median,4.88605664769316,6.60730304674033
TRAIN1025,CC(=CCc1c(O)c(CC(O)C(=C)C)c2OC=C(C(=O)c2c1O)c3ccc(O)c(O)c3)C,median,4.74472749489669,6.56383735295924
TRAIN1026,CC[C@@]12C[C@H](O)[C@@](O)(C[C@H]1CCc3cc(O)ccc23)c4ccccc4,median,5.46852108295774,6.56863623584101
TRAIN1027,CC[C@@]12CC[C@@](O)(C[C@H]1CCc3cc(OCc4ccncc4)ccc23)C#CC,median,6.17392519729917,6.60730304674033
TRAIN1028,CC[C@@]12CC[C@@](O)(C[C@H]1CCc3cc(O)ccc23)C#CC,median,7.05060999335509,6.60554831917378
TRAIN1029,CC#C[C@@]1(O)CC[C@]2(CC=C)[C@H](CCc3cc(O)ccc23)C1,median,7.03151705144607,6.60730304674033
TRAIN1030,Oc1ccc2C(=C(Cc3ccccc3)C(=O)Oc2c1)C(F)(F)F,median,6.0,6.567833472483301
TRAIN1031,Cc1cccc(SCC2=CC(=O)Oc3cc(O)ccc23)n1,median,4.30102999566398,6.60554831917378
TRAIN1032,Cn1cc(nn1)[C@]2(O)CC[C@H]3[C@@H]4CCc5cc(O)ccc5[C@H]4CC[C@]23C,median,6.39794000867204,6.567833472483301
TRAIN1033,COc1cc2[C@H]3CC[C@@]4(C)[C@@H](CCC4=O)[C@@H]3CCc2cc1O,median,4.95860731484177,6.60554831917378
TRAIN1034,C[C@]12CC[C@H]3[C@@H](CCc4cc(O)c(Cl)cc34)[C@@H]1CCCC2=O,median,6.11350927482752,6.56383735295924
TRAIN1035,COc1cc2[C@H]3CC[C@@]4(C)[C@@H](CCCC4=O)[C@@H]3CCc2cc1O,median,5.20760831050175,6.56383735295924
TRAIN1036,Oc1ccc2C3=C(CCOc2c1)c4ccc(O)cc4O[C@@H]3c5ccc(OCCN6CCCCC6)cc5,median,8.95860731484177,6.56863623584101
TRAIN1037,Oc1ccc2C3=C(CCOc2c1)c4ccc(O)cc4O[C@@H]3c5ccc(OCCN6CCCC6)cc5,median,8.92081875395237,6.56383735295924
TRAIN1038,Oc1ccc2C3=C(CCOc2c1)c4ccc(O)cc4O[C@@H]3c5ccc(OCCN6CCSCC6)cc5,median,8.92081875395237,6.56383735295924
TRAIN1039,Oc1ccc2C3=C(CCOc2c1)c4ccc(O)cc4O[C@@H]3c5ccc(OCCN6CCOCC6)cc5,median,8.79588001734407,6.56863623584101
TRAIN1040,Oc1ccc2C3=C(CCOc2c1)c4ccc(O)cc4O[C@@H]3c5ccc(OCCN6CCCCCC6)cc5,median,8.65757731917779,6.56383735295924
TRAIN1041,Oc1ccc2C3=C(CCOc2c1)c4ccc(O)cc4O[C@H]3c5ccc(OCCN6CCCCCC6)cc5,median,8.61978875828839,6.56863623584101
TRAIN1042,Oc1ccc2C3=C(CCOc2c1)c4ccc(O)cc4O[C@H]3c5ccc(OCCN6CCCC6)cc5,median,8.60205999132796,6.60730304674033
TRAIN1043,Oc1ccc2C3=C(CCOc2c1)c4ccc(O)cc4O[C@@H]3c5ccc(OCCCN6C(=O)CCC6=O)cc5,median,8.58004425151024,6.60554831917378
TRAIN1044,CN(C)CCOc1ccc(cc1)[C@H]2Oc3cc(O)ccc3C4=C2c5ccc(O)cc5OCC4,median,8.48148606012211,6.56383735295924
TRAIN1045,Oc1ccc2C3=C(CCOc2c1)c4ccc(F)cc4O[C@@H]3c5ccc(OCCN6CCCCCC6)cc5,median,8.48148606012211,6.567833472483301
TRAIN1046,Oc1ccc2C3=C(CCOc2c1)c4ccc(O)cc4O[C@H]3c5ccc(OCCN6CCCCC6)cc5,median,8.46852108295774,6.60730304674033
TRAIN1047,Oc1ccc2C3=C(CCOc2c1)c4ccccc4O[C@H]3c5ccc(OCCN6CCCCC6)cc5,median,8.3767507096021,6.56863623584101
TRAIN1048,COc1ccc2C3=C(CCOc2c1)c4ccc(O)cc4O[C@H]3c5ccc(OCCN6CCCCC6)cc5,median,8.3767507096021,6.56863623584101
TRAIN1049,Oc1ccc2C3=C(CCOc2c1)c4ccccc4O[C@H]3c5ccc(OCCN6CCCCCC6)cc5,median,8.34678748622466,6.56383735295924
TRAIN1050,Oc1ccc2C3=C(CCOc2c1)c4ccc(O)cc4O[C@@H]3c5ccc(OCCN6C(=O)CCC6=O)cc5,median,8.31875876262441,6.567833472483301
TRAIN1051,COC(=O)COc1ccc(cc1)C2Oc3cc(O)ccc3C4=C2c5ccc(O)cc5OCC4,median,8.31875876262441,6.56863623584101
TRAIN1052,CCN(CC)CCOc1ccc(cc1)[C@H]2Oc3ccccc3C4=C2c5ccc(O)cc5OCC4,median,8.30102999566398,6.60730304674033
TRAIN1053,CCN(CC)CCOc1ccc(cc1)[C@H]2Oc3cc(F)ccc3C4=C2c5ccc(O)cc5OCC4,median,8.30102999566398,6.56383735295924
TRAIN1054,Oc1ccc2C3=C(CCOc2c1)c4ccc(F)cc4O[C@H]3c5ccc(OCCN6CCCCCC6)cc5,median,8.30102999566398,6.567833472483301
TRAIN1055,CC(C)N(CCOc1ccc(cc1)[C@H]2Oc3cc(O)ccc3C4=C2c5ccc(O)cc5OCC4)C(C)C,median,8.26760624017703,6.60730304674033
TRAIN1056,CC(C)N(CCOc1ccc(cc1)[C@@H]2Oc3cc(O)ccc3C4=C2c5ccc(O)cc5OCC4)C(C)C,median,8.2518119729938,6.60730304674033
TRAIN1057,Oc1ccc2C3=C(CCOc2c1)c4ccccc4O[C@@H]3c5ccc(OCCN6CCCCC6)cc5,median,8.23657200643706,6.60730304674033
TRAIN1058,COc1ccc2C3=C(CCOc2c1)c4ccc(O)cc4O[C@@H]3c5ccc(OCCN6CCCCC6)cc5,median,8.23657200643706,6.567833472483301
TRAIN1059,Oc1ccc2C3=C(CCOc2c1)c4ccc(O)cc4O[C@H]3c5ccc(OCCN6C(=O)CCC6=O)cc5,median,8.20760831050175,6.60730304674033
TRAIN1060,Oc1ccc2C3=C([C@@H](Oc2c1)c4ccc(OCCN5CCCCC5)cc4)c6ccccc6OCC3,median,8.20065945054642,6.567833472483301
TRAIN1061,COc1ccc2C3=C([C@@H](Oc2c1)c4ccc(OCCN5CCCCC5)cc4)c6ccc(O)cc6OCC3,median,8.20065945054642,6.567833472483301
TRAIN1062,CCN(CC)CCOc1ccc(cc1)[C@@H]2Oc3cc(F)ccc3C4=C2c5ccc(O)cc5OCC4,median,8.15490195998574,6.567833472483301
TRAIN1063,CN1CCN(CCOc2ccc(cc2)[C@H]3Oc4cc(O)ccc4C5=C3c6ccc(O)cc6OCC5)CC1,median,8.06048074738138,6.56383735295924
TRAIN1064,CCN(CC)CCOc1ccc(cc1)[C@@H]2Oc3ccccc3C4=C2c5ccc(O)cc5OCC4,median,8.04575749056067,6.60730304674033
TRAIN1065,COc1ccc2C3=C([C@H](Oc2c1)c4ccc(OCCN5CCCCC5)cc4)c6ccc(O)cc6OCC3,median,8.04575749056067,6.56863623584101
TRAIN1066,Oc1ccc2C3=C(CCOc2c1)c4ccc(O)cc4O[C@H]3c5ccc(OCCN6CCOCC6)cc5,median,8.0,6.56383735295924
TRAIN1067,CN(C)CCOc1ccc(cc1)[C@@H]2Oc3cc(O)ccc3C4=C2c5ccc(O)cc5OCC4,median,7.95860731484177,6.56863623584101
TRAIN1068,Oc1ccc2C3=C(CCOc2c1)c4ccccc4O[C@@H]3c5ccc(OCCN6CCCCCC6)cc5,median,7.95860731484177,6.60554831917378
TRAIN1069,CN(C)CCOc1ccc(cc1)[C@@H]2Oc3cc(O)ccc3C4=C2c5ccccc5OCC4,median,7.95467702121334,6.567833472483301
TRAIN1070,CN(C)CCOc1ccc(cc1)[C@@H]2Oc3ccccc3C4=C2c5ccc(O)cc5OCC4,median,7.88605664769316,6.56863623584101
TRAIN1071,CN(C)CCOc1ccc(cc1)[C@H]2Oc3ccccc3C4=C2c5ccc(O)cc5OCC4,median,7.79588001734407,6.56383735295924
TRAIN1072,Oc1ccc2C3=C(CCOc2c1)c4ccc(O)cc4O[C@@H]3c5ccc(OCCCN6CCCCC6)cc5,median,7.65757731917779,6.60730304674033
TRAIN1073,Oc1ccc2C3=C(CCOc2c1)c4ccc(O)cc4O[C@H]3c5ccc(OCCCN6C(=O)CCC6=O)cc5,median,7.38753403604686,6.56863623584101
TRAIN1074,Oc1ccc2C3=C(CCOc2c1)c4ccc(O)cc4O[C@H]3c5ccc(OCCCN6CCCCC6)cc5,median,7.25963731050576,6.567833472483301
TRAIN1075,COc1ccc2C3=C(CCOc2c1)c4ccc(OC)cc4O[C@@H]3c5ccc(OCCN6CCCCC6)cc5,median,7.19382002601611,6.60554831917378
TRAIN1076,Oc1ccc2C3=C([C@H](Oc2c1)c4ccc(OCCN5CCCCCC5)cc4)c6ccccc6OCC3,median,7.07058107428571,6.56383735295924
TRAIN1077,Oc1ccc2C3=C([C@H](Oc2c1)c4ccc(OCCN5CCCCC5)cc4)c6ccccc6OCC3,median,7.0,6.60554831917378
TRAIN1078,Oc1ccc2C3=C(CCOc2c1)c4ccc(O)cc4O[C@H]3c5ccc(OCCN6CCSCC6)cc5,median,6.95467702121334,6.60730304674033
TRAIN1079,OC(=O)CCOc1ccc(cc1)[C@H]2Oc3cc(O)ccc3C4=C2c5ccc(O)cc5OCC4,median,6.92081875395237,6.60554831917378
TRAIN1080,Oc1ccc2C3=C(CCOc2c1)c4ccc(O)cc4O[C@@H]3c5cccc(OCCN6CCCCC6)c5,median,6.82390874094432,6.56383735295924
TRAIN1081,CN(C)CCOc1ccc(cc1)[C@H]2Oc3cc(O)ccc3C4=C2c5ccccc5OCC4,median,6.74472749489669,6.60730304674033
TRAIN1082,Oc1ccc2C3=C(CCOc2c1)c4ccc(O)cc4O[C@H]3c5cccc(OCCN6CCCCC6)c5,median,6.72124639904717,6.56383735295924
TRAIN1083,OCCOc1ccc(cc1)C2Oc3cc(O)ccc3C4=C2c5ccc(O)cc5OCC4,median,6.50863830616573,6.56383735295924
TRAIN1084,CN1CCN(CCOc2ccc(cc2)[C@@H]3Oc4cc(O)ccc4C5=C3c6ccc(O)cc6OCC5)CC1,median,6.50584540598156,6.56383735295924
TRAIN1085,OCCCOc1ccc(cc1)C2Oc3cc(O)ccc3C4=C2c5ccc(O)cc5OCC4,median,6.48678239993206,6.56383735295924
TRAIN1086,OC(=O)CCOc1ccc(cc1)[C@@H]2Oc3cc(O)ccc3C4=C2c5ccc(O)cc5OCC4,median,6.23657200643706,6.567833472483301
TRAIN1087,Oc1ccc2C3=C([C@@H](Oc2c1)c4ccc(OCCN5CCCCCC5)cc4)c6ccccc6OCC3,median,8.39794000867204,6.60554831917378
TRAIN1088,Oc1ccc2C3=C(CCOc2c1)c4ccc(O)cc4OC3c5ccc(OCCN6CCCCC6)cc5,median,7.88605664769316,6.56383735295924
TRAIN1089,Oc1ccc2C3=C(CCCOc2c1)c4ccc(O)cc4OC3c5ccc(OCCN6CCCCC6)cc5,median,7.63827216398241,6.56863623584101
TRAIN1090,C[C@]12CC[C@H]3[C@@H](CCc4cc(O)ccc34)[C@@H]1CC[C@@]2(O)c5ccc6COCc6c5,median,7.12901118623942,6.60554831917378
TRAIN1091,Cc1ccc(cc1)S(=O)(=O)N2Cc3ccc(cc3C2)[C@]4(O)CC[C@H]5[C@@H]6CCc7cc(O)ccc7[C@H]6CC[C@]45C,median,6.46700370613424,6.56383735295924
TRAIN1092,CCOC(=O)C1(Cc2ccc(cc2C1)[C@]3(O)CC[C@H]4[C@@H]5CCc6cc(O)ccc6[C@H]5CC[C@]34C)C#N,median,7.32303218570524,6.567833472483301
TRAIN1093,CCOC(=O)C1(Cc2ccc(cc2C1)[C@]3(O)CC[C@H]4[C@@H]5CCc6cc(O)ccc6[C@H]5CC[C@]34C)C(=O)C,median,6.61000157739267,6.56383735295924
TRAIN1094,CC(=O)C1(Cc2ccc(cc2C1)[C@]3(O)CC[C@H]4[C@@H]5CCc6cc(O)ccc6[C@H]5CC[C@]34C)C(=O)C,median,6.61400071586103,6.56383735295924
TRAIN1095,CCOC(=O)C1(Cc2ccc(cc2C1)[C@]3(O)CC[C@H]4[C@@H]5CCc6cc(O)ccc6[C@H]5CC[C@]34C)C(=O)OCC,median,6.3079995901734,6.56863623584101
TRAIN1096,Oc1cccc2c(OC(=O)c3ccc(Cl)cc3Cl)cccc12,median,5.92081875395237,6.60730304674033
TRAIN1097,COc1ccc(cc1)C(=O)Oc2cccc3c(O)cccc23,median,6.09963287134353,6.60730304674033
TRAIN1098,COC(=O)C(C)N1C(=O)S\C(=C\c2ccc(O)c(Cl)c2)\C1=O,median,5.6345120151091,6.567833472483301
TRAIN1099,Cc1ccc(cc1)C(=O)C2=C(O)C(=O)N(C2c3ccc(Br)cc3)c4ccc(O)cc4,median,5.21253952548158,6.56383735295924
TRAIN1100,Oc1ccc(cc1)N2C(=O)c3ccc(Br)cc3C2=O,median,5.09799710864927,6.567833472483301
TRAIN1101,Oc1ccc(\C=C\C(=O)c2ccc(Br)cc2)cc1,median,5.33161408331,6.60730304674033
TRAIN1102,Cc1ccc(cc1)C(=O)Oc2cccc3c(O)cccc23,median,4.5003129173816,6.56383735295924
TRAIN1103,COc1ccc(CCCc2ccc(O)cc2)c(O)c1,median,5.09151498112135,6.60730304674033
TRAIN1104,CC(=CCc1c(O)c(O)cc([C@H]2CCc3ccc(O)cc3O2)c1CC=C(C)C)C,median,3.82073553566097,6.56863623584101
TRAIN1105,CC(=CCc1c(O)c(O)ccc1[C@H]2CCc3ccc(O)cc3O2)C,median,4.24260397120698,6.567833472483301
TRAIN1106,Oc1ccc(cc1)[C@H]2CCc3ccc(O)cc3O2,median,4.58169870868025,6.567833472483301
TRAIN1107,CC(=O)S[C@@H]1CC2=CC(=O)CC[C@]2(C)[C@H]3CC[C@@]4(C)[C@@H](CC[C@@]45CCC(=O)O5)[C@H]13,median,5.24397278702656,6.567833472483301
TRAIN1108,OC(=O)\C=C\c1ccc2c(C(=O)c3ccc(OCCN4CCCCC4)cc3)c(sc2c1)c5ccc(O)cc5,median,7.08618614761628,6.60554831917378
TRAIN1109,Oc1ccc2nc(c3ccccc3)n(Cc4ccc(OCCN5CCCCC5)cc4)c2c1,median,6.50863830616573,6.567833472483301
TRAIN1110,Oc1ccc(cc1)c2nc3ccccc3n2Cc4ccc(OCCN5CCCCC5)cc4,median,5.29242982390206,6.60730304674033
TRAIN1111,OCC1=Nc2cc3CCC(N(CC#C)c4ccc(cc4)C(=O)N[C@@H](CCC(=O)N[C@H](CCC(=O)O)C(=O)O)C(=O)O)c3cc2C(=O)N1,median,9.0,6.567833472483301
TRAIN1112,COc1ccc(cc1)c2oc(SC\C(=C(\C#N)/C(=N)C)\O)nn2,median,4.52235935025974,6.60730304674033
TRAIN1113,Cc1ccc(cc1)c2nnc(S)n2\N=C\C=C/c3ccccc3[N+](=O)[O-],median,5.1356900937109,6.60730304674033
TRAIN1114,Oc1c(\C=N\c2cccc3cccnc23)sc4ccccc14,median,5.28814386287795,6.60554831917378
TRAIN1115,Cc1nn(c2ccccc2)c3sc(cc13)C(=O)OCN4C(=O)c5ccccc5C4=O,median,5.01085287001103,6.60730304674033
TRAIN1116,CCCCn1c(NC(=O)CC)c(C#N)c2nc3ccccc3nc12,median,4.63145856480961,6.60554831917378
TRAIN1117,Cn1c(SCC2=CC(=O)N3C=C(Br)C=CC3=N2)nnc1C4COc5ccccc5O4,median,4.59920617169586,6.56383735295924
TRAIN1118,CC1Cc2ccccc2N1C(=O)CSc3nnc(NC(=O)Cc4cccs4)s3,median,4.46845083512027,6.60554831917378
TRAIN1119,COC(=O)c1oc2ccc(Br)cc2c1NC(=O)CCCN3C(=O)c4ccccc4C3=O,median,4.37395747799675,6.60554831917378
TRAIN1120,O=Cc1cn(nc1C2=Cc3c(OC2=O)ccc4ccccc34)c5ccccc5,median,4.70727000864908,6.56383735295924
TRAIN1121,FC(F)(F)c1cc(nc2c(Br)c(nn12)C(=O)NCc3occc3)c4cccs4,median,4.43303166134329,6.60730304674033
TRAIN1122,O=C(CSc1nnc(SCC(=O)c2occc2)s1)c3occc3,median,4.67303691378129,6.56863623584101
TRAIN1123,CC(=O)Nc1ccc2nc(C)cc(O)c2c1,median,4.6780761259682,6.60730304674033
TRAIN1124,O=C(CN1C(=O)N(Cc2occc2)C(=O)c3c4CCCCCc4sc13)Nc5ccccc5,median,5.14041022314325,6.60554831917378
TRAIN1125,O=C(N1CCc2ccccc2C1)c3cc(on3)c4occc4,median,4.48796366068057,6.56383735295924
TRAIN1126,Cc1ccc(cc1C)n2nnnc2SCC(=O)Nc3ccc4C(=O)OCc4c3,median,4.56721279841171,6.567833472483301
TRAIN1127,CN1C(=O)\C(=C\2/SC(=NC2=O)Nc3cccc(C)c3C)\c4ccccc14,median,4.48278588582462,6.56383735295924
TRAIN1128,O=C(COC(=O)CCC(=O)c1cccs1)NCc2occc2,median,4.92331915025674,6.56863623584101
TRAIN1129,Cc1oc(\C=C\2/Sc3nc(nn3C2=O)c4occc4)cc1,median,4.85758644184401,6.60554831917378
TRAIN1130,OC(=O)c1cc(nc2ccccc12)c3occc3,median,4.63025440381758,6.60554831917378
TRAIN1131,Cc1occc1C(=O)NCc2cccc(CNC(=O)c3ccoc3C)c2,median,4.70597556793945,6.56383735295924
TRAIN1132,O=C(Nc1cccc(c1)C(=O)Nc2cccc(c2)c3cnc4ccccc4n3)c5occc5,median,4.88167474812818,6.60730304674033
TRAIN1133,Cc1oc(cc1)C2CC(=O)N3CN(CSC3=C2C#N)c4cccc(C)c4,median,5.44991113292255,6.56863623584101
TRAIN1134,CCOC(=O)c1c(C)oc2c3ccccc3c(O)c(\C=N\C4CCS(=O)(=O)C4)c12,median,4.79556798031009,6.56383735295924
TRAIN1135,C=CCN1C(=O)C(=CC2=C1N=C3C=CC=CN3C2=O)C#N,median,4.34979683667053,6.60730304674033
TRAIN1136,Cc1ccc(cc1)S(=O)(=O)Cc2oc(cc2)C(=O)NCc3ccc4OCOc4c3,median,4.42602965358432,6.567833472483301
TRAIN1137,COc1ccc(Cl)cc1NC(=O)c2ocnc2C,median,4.60293293137304,6.56863623584101
TRAIN1138,COc1ccc(cc1OC)C2CC(=NN2S(=O)(=O)C)c3c(O)nc4ccc(Cl)cc4c3c5ccccc5,median,4.90520929512123,6.567833472483301
TRAIN1139,COc1ccc(NC(=O)c2occc2)cc1N,median,4.44253815476181,6.567833472483301
TRAIN1140,CCCN(CCC)S(=O)(=O)c1ccc(NC(=O)Cc2cccs2)cc1,median,4.77837323158492,6.56383735295924
TRAIN1141,CCn1c(SCC(=O)c2oc(CNC(=O)C)cc2)nnc1c3cccs3,median,4.3696347818133,6.60554831917378
TRAIN1142,Cc1ccc2nc(O)c(cc2c1)c3nc4ccccn4c3NCc5occc5,median,4.59010642123507,6.60554831917378
TRAIN1143,O\C(=C(/C#N)\c1nc2ccccc2[nH]1)\Nc3ccc(Cl)cc3,median,4.56769435635878,6.60730304674033
TRAIN1144,CCCNC(=O)c1ccc(s1)c2nc3ccccc3s2,median,4.51863850471161,6.56863623584101
TRAIN1145,O=C(Nc1cccc(c1)c2cn3cccnc3n2)c4ccc5OCOc5c4,median,5.1756001326518,6.60730304674033
TRAIN1146,CCCN1N=C(C(=O)OCC(=O)c2ccc3OCC(=O)Nc3c2)c4ccccc4C1=O,median,4.42114094829303,6.60554831917378
TRAIN1147,Cc1ccc2[nH]c(nc2c1)\C(=C/c3ccc(N4CCCCC4)c(c3)[N+](=O)[O-])\C#N,median,5.37323888912829,6.56863623584101
TRAIN1148,CCOC(=O)Nc1on[n+](c1)N2CCOCC2,median,4.60776149568119,6.60554831917378
TRAIN1149,NC(=O)C1(CCN(CC1)c2nc(cs2)c3ccc(Br)cc3)N4CCCCC4,median,4.42257989913828,6.60554831917378
TRAIN1150,COc1ccc2c(c1)C(=O)Oc3cc(OCC(=O)N4CCC(C)CC4)ccc23,median,4.93256087551421,6.60730304674033
TRAIN1151,CCc1nnc2SCC(=Nn12)c3oc(cc3)c4cc(Cl)ccc4Cl,median,4.35672058234574,6.60730304674033
TRAIN1152,Cc1nc2sccn2c1c3nc(cs3)c4oc5ccccc5c4,median,4.9714901547074,6.56383735295924
TRAIN1153,CCOP(=O)(OCC)C1(NS(=O)(=O)c2ccccc2)C=C(Cl)C(=O)c3ccccc13,median,4.90000738654018,6.567833472483301
TRAIN1154,Oc1c(Cl)cc(Cl)c(Cl)c1Cc2c(O)c(Cl)cc(Cl)c2Cl,median,5.66523270493382,6.56863623584101
TRAIN1155,NC(=O)c1c2CCCc2sc1NC(=O)c3oc4ccccc4c3,median,4.6292730540647,6.60554831917378
TRAIN1156,Cc1cc(c2nn3c(nnc3s2)c4ccccc4)c5ccccc5n1,median,4.6664985176495,6.56383735295924
TRAIN1157,COC(=O)c1ccc2C(=O)N(CCCCCC(=O)NCc3ccc4OCOc4c3)C(=O)Nc2c1,median,4.82979521612664,6.56383735295924
TRAIN1158,COCCNC(=O)c1c(N)n(\N=C\c2cccs2)c3nc4ccccc4nc13,median,4.9508513924415,6.60554831917378
TRAIN1159,CCC1(C)NC(=O)N(CC(=O)Nc2sc3CCCc3c2C(=O)N)C1=O,median,4.7390466018959,6.567833472483301
TRAIN1160,Cc1onc(c1)C(=O)OCC(=O)c2ccc(Br)s2,median,4.44123768585093,6.60730304674033
TRAIN1161,CC1=Nc2ccccc2C(=O)N1\N=C\c3c(O)ccc4oc5CCCCc5c34,median,4.53512893585102,6.60730304674033
TRAIN1162,CCc1cccc2c(c[nH]c12)C(=O)Cn3nnc(n3)c4ccc(OC)c(OC)c4,median,4.9875470639767,6.56383735295924
TRAIN1163,CC(C)CN(C1CCS(=O)(=O)C1)C(=O)COC(=O)c2cc3CCCc3s2,median,5.53053292553511,6.60730304674033
TRAIN1164,CC(=N)\C(=C(\O)/CSc1oc(nn1)c2ccc(OC(F)F)cc2)\C#N,median,4.33184340659711,6.60554831917378
TRAIN1165,O=C(Cc1cn2ccsc2n1)OCc3nc4ccccc4s3,median,5.15644271271841,6.567833472483301
TRAIN1166,CCn1c(SCC(=O)Nc2ccc3c(oc4ccccc34)c2)nnc1c5ccc(N)cc5,median,4.93100754543335,6.60554831917378
TRAIN1167,CCN(c1ccccc1)S(=O)(=O)c2ccc3ncc(C(=O)NCCOC)c(O)c3c2,median,4.55449729962728,6.567833472483301
TRAIN1168,Cc1ccc(cc1)c2csc(NC(=O)c3oncc3)n2,median,5.14331218530747,6.60554831917378
TRAIN1169,CCOC(=O)C1=C(C)S\C(=C/N(C)C)\C1=O,median,4.39471650746975,6.60554831917378
TRAIN1170,CCc1ccc(NC(=O)c2noc3CCCc23)cc1,median,5.10023474509524,6.567833472483301
TRAIN1171,O=C(Cc1ccc(s1)S(=O)(=O)N2CCOCC2)Nc3nc4CCCCc4s3,median,5.3286623603728,6.60730304674033
TRAIN1172,CN1C(=O)CSc2ccc(NC(=O)N3CCC(CC3)N4CCCCC4)cc12,median,4.92773245148766,6.60554831917378
TRAIN1173,CCn1c2ccccc2c3cc(NC(=O)CSc4nnc(c5ccc(OC)cc5)n4N)ccc13,median,4.91256644090434,6.60730304674033
TRAIN1174,CCCc1nnc2SCC(=Nn12)c3oc(cc3)c4cc(Cl)ccc4Cl,median,4.87327586223383,6.56383735295924
TRAIN1175,Cc1ccccc1NC(=O)CSc2nnc(c3occc3)c(n2)c4occc4,median,4.82733286333074,6.56863623584101
TRAIN1176,O=C(CSc1nc(ccc1C#N)c2cccnc2)Nc3sc4CCCc4c3C#N,median,4.8246717423819,6.567833472483301
TRAIN1177,NC(=S)N1NC(=C(\N=N\c2ccc(O)cc2)C1=O)c3ccc(cc3)[N+](=O)[O-],median,4.95781722319597,6.60554831917378
TRAIN1178,Clc1ccc(COc2ccc(cc2)c3oc(NCc4cccnc4)c(n3)C#N)cc1,median,4.4270110148084,6.56383735295924
TRAIN1179,Cc1ccc(cc1)c2nnc3SCC(=Nn23)c4ccc(Br)cc4,median,4.37357822287408,6.56383735295924
TRAIN1180,CCc1cc2C(=O)N(CC=C)C(=Nc2s1)SCC(=O)NC(=O)NCc3occc3,median,4.99616263968299,6.567833472483301
TRAIN1181,COc1cccc2C=C(C(=O)Oc12)c3cn4ccc(C)cc4n3,median,5.10505676838404,6.56863623584101
TRAIN1182,COc1ccc(CN2C(=O)Nc3cc(ccc3C2=O)C(=O)NCc4ccc5OCOc5c4)cc1,median,4.72401917320842,6.60554831917378
TRAIN1183,CCOP(=O)(OCC)C1(NS(=O)(=O)c2ccccc2)C=C(Br)C(=O)c3ccccc13,median,5.06106469179672,6.567833472483301
TRAIN1184,[O-][N+](=O)c1ccc(Oc2cccc(\C=N\NC(=O)c3cncc(Br)c3)c2)c(c1)[N+](=O)[O-],median,4.55514143049076,6.60730304674033
TRAIN1185,O=C1Oc2ccccc2N1CCn3c4ccccc4c5nc6ccccc6nc35,median,4.74611486666982,6.56383735295924
TRAIN1186,COc1ccc(cc1)C2C=C(Nc3nc(NC(=O)C)nn23)c4ccc(Cl)cc4,median,4.65986376825642,6.60554831917378
TRAIN1187,CCOC(=O)Cc1cc(O)n2nc(cc2n1)c3ccc(C)cc3,median,4.85645437276158,6.56383735295924
TRAIN1188,Cc1oc(cc1)c2cc(C(=O)NCc3occc3)c4ccccc4n2,median,5.16466081024311,6.60730304674033
TRAIN1189,CC(OC(=O)COc1ccc(Cl)cc1C)C(=O)N(C)C,median,4.43211049327627,6.60730304674033
TRAIN1190,CC1CCN(Cc2c(O)c(Cl)cc3C(=CC(=O)Oc23)C)CC1,median,4.62473959843782,6.60554831917378
TRAIN1191,COc1cc(NC(=O)CSC2=Nc3ccccc3C(=O)N2C)ccc1NC(=O)c4occc4,median,4.48756630245776,6.60554831917378
TRAIN1192,FC(F)Oc1ccc(cc1)c2oc(SCC(=O)NC(=O)NCc3occc3)nn2,median,4.93569741116747,6.56863623584101
TRAIN1193,CCN=C1C=CC(=CC(=C1O)C(=O)\C=C\c2ccccc2Cl)Br,median,5.50768530563614,6.567833472483301
TRAIN1194,COc1ccc2[nH]c3C4=Nc5ccccc5C(=O)N4CCc3c2c1,median,4.76488104338268,6.60554831917378
TRAIN1195,CCc1ccc2nc(O)c(cc2c1)C3C(=C(N)Oc4c3ccc5cccnc45)C#N,median,4.94843114051437,6.567833472483301
TRAIN1196,CC(=O)c1cccc(NC(=O)CN2C(=O)NC3(CCCCCCC3)C2=O)c1,median,4.31701468642117,6.60554831917378
TRAIN1197,Cc1ccnc(NS(=O)(=O)c2ccc(NC(=O)Cc3cccs3)cc2)n1,median,4.91336117135942,6.56863623584101
TRAIN1198,Clc1cccc(c1)N2CCN(CC2)C(=O)CCCN3C(=S)Nc4ccccc4C3=O,median,5.24162260345562,6.56383735295924
TRAIN1199,CNc1nnc(s1)C2=Cc3cc(Cl)ccc3OC2=O,median,4.95633009106842,6.60730304674033
TRAIN1200,COc1ccc2cc3c(N)nn(C(=O)Cc4ccc(Cl)cc4)c3nc2c1,median,4.60584086598378,6.60730304674033
TRAIN1201,CC1=CC=CN2C(=O)C3=C(N=C12)N(C(=O)C(=C3)C#N)c4ccc(C)cc4,median,4.51048672484976,6.60554831917378
TRAIN1202,NCCNc1nc(NCc2ccccc2)c3CN(Cc4ccccc4)CCc3c1C#N,median,4.92723851735217,6.56383735295924
TRAIN1203,Cc1onc(NC(=O)CSc2cn(CCNC(=O)c3ccc(Cl)cc3)c4ccccc24)c1,median,4.60434185229877,6.56863623584101
TRAIN1204,COc1cccc(c1)c2nnc(NC(=O)Cc3cccs3)s2,median,4.71946169218663,6.56383735295924
TRAIN1205,CCCSc1nc(C)c(cc1C#N)c2csc(n2)C(=C3CCCC3)C#N,median,5.02952248308969,6.60554831917378
TRAIN1206,O=C(Nc1nc(cs1)c2nc3ccccc3s2)C4COc5ccccc5O4,median,4.60047649079234,6.60554831917378
TRAIN1207,O=C(CSc1n[nH]c(n1)c2ccc(cc2)S(=O)(=O)N3CCCCC3)Nc4nccs4,median,4.32621417303019,6.60730304674033
TRAIN1208,Cc1ccc(cc1)S(=O)(=O)Cc2oc(cc2)C(=O)O,median,4.74182215360085,6.56383735295924
TRAIN1209,O=C(Cc1coc2cc3CCCc3cc12)OCC4=CC(=O)N5C(=N4)Sc6ccccc56,median,5.31628401497667,6.567833472483301
TRAIN1210,Cc1cccc(N2CCN(CC2)c3nc4ccccc4n5cnnc35)c1C,median,4.41132131181919,6.56383735295924
TRAIN1211,Cc1ccc(C(=O)CSC2=C(C#N)C(CC(=O)N2)c3occc3)c(C)c1,median,4.57610513610905,6.60554831917378
TRAIN1212,Cc1snc2sc(C(=O)c3ccc(Br)cc3)c(N)c12,median,4.54939174624062,6.567833472483301
TRAIN1213,Oc1ccc(\C=N\c2ccc(cc2)N3CCOCC3)c(O)c1,median,4.51733804364467,6.60730304674033
TRAIN1214,CCOC(=O)c1c(C)c(C)sc1Nc2nc(C)c(s2)C(=O)NC,median,4.37359023318917,6.56383735295924
TRAIN1215,COc1ccc2c(c1)C(=O)Oc3cc4oc(C)c(C)c4cc23,median,5.16088600749357,6.56863623584101
TRAIN1216,COc1ccc(OC)c(\C=N\c2oc(c3occc3)c(c4occc4)c2C#N)c1,median,4.78844564808966,6.56863623584101
TRAIN1217,O=C(Cc1cccs1)Nc2ccccn2,median,4.87197314332322,6.567833472483301
TRAIN1218,Cc1sc2ncnc(NCc3occc3)c2c1C,median,4.45246613030073,6.56863623584101
TRAIN1219,Cc1c([nH]c2CC(CC(=O)c12)c3occc3)C(=O)OCC4CCCO4,median,4.49306305266635,6.60554831917378
TRAIN1220,CCOc1cccc2C=C(C(=O)Oc12)c3nnc(NCc4occc4)s3,median,4.57207738147755,6.56863623584101
TRAIN1221,Cc1onc(C)c1COc2ccc(cc2)C(=O)OCC(=O)N3c4ccccc4NC(=O)C3(C)C,median,5.05868041484764,6.56863623584101
TRAIN1222,CCOC(=O)C1=C(O)\C(=C/c2oc(CNC(=O)C(=O)Nc3ccccc3)cc2)\N=C1C,median,5.2419113230389,6.567833472483301
TRAIN1223,Cc1cc(ccc1n2c(C)ccc2C)C(=O)O,median,5.12292596536061,6.567833472483301
TRAIN1224,CCOC(=O)c1[nH]c2CC(CC(=O)c2c1C)c3occc3,median,4.51859635941899,6.56863623584101
TRAIN1225,CCN1CCc2nc(NC(=O)Cc3ccc4OCCOc4c3)sc2C1,median,4.54094482461076,6.56863623584101
TRAIN1226,COc1ccccc1NC(=O)c2ccccc2NC(=O)c3cc(Cl)ccc3NC(=O)c4occc4,median,4.90268055349511,6.56863623584101
TRAIN1227,CC(=O)c1c(C)[nH]c(C(=O)COc2ccc(cc2)C#N)c1C,median,4.46802945895586,6.56863623584101
TRAIN1228,CCOC(=O)CSC1=NN(C)C(=S)S1,median,5.09782027033806,6.567833472483301
TRAIN1229,COCCCNC(=O)c1ccc2C(=O)N(Cc3ccc4OCOc4c3)C(=S)Nc2c1,median,4.37669694313743,6.567833472483301
TRAIN1230,Cn1ccnc1SCC(=O)Nc2ccc3nc(SCC(=O)NC4CC4)sc3c2,median,4.59048836367724,6.56863623584101
TRAIN1231,Cc1c([nH]c2CC(CC(=O)c12)c3occc3)C(=O)OCc4ccccc4,median,4.63908070389418,6.60730304674033
TRAIN1232,Cc1ccccc1CSCC(=O)NC(=O)NCc2occc2,median,5.03309270609331,6.60730304674033
TRAIN1233,C(Oc1ccccc1)c2nnc3sc(nn23)C4COc5ccccc5O4,median,5.02000390461512,6.56863623584101
TRAIN1234,Brc1oc(cc1)c2nc3cc(ccc3[nH]2)N4C(=O)c5ccccc5C4=O,median,5.04787330735224,6.567833472483301
TRAIN1235,COc1cc2cc(C(N3CCc4ccccc34)c5nnnn5C6CCCC6)c(O)nc2cc1OC,median,4.65906911365129,6.56383735295924
TRAIN1236,COC(=O)c1ccc2C(=O)N(CC3CCCO3)C(=Nc2c1)SCC(=O)Nc4ccccc4Cl,median,4.67891300015487,6.56383735295924
TRAIN1237,O=S(=O)(N1CCCCCC1)c2cccc(c2)c3cn4cccnc4n3,median,4.65169377369776,6.567833472483301
TRAIN1238,COc1ccccc1N2CCN(CC2)C(=O)c3cc4CCCc4s3,median,5.28445290514375,6.60554831917378
TRAIN1239,OC(=O)C1Nc2c(cccc2C(=O)N3CCOCC3)C4C=CCC14,median,4.79906008145814,6.56383735295924
TRAIN1240,COc1ccc(OCCC(=O)OCC(=O)NCc2occc2)cc1,median,4.47734323592094,6.60554831917378
TRAIN1241,COC(=O)C1=C(O)\C(=C/c2oc(CNC(=O)C(=O)Nc3ccc(C)c(C)c3)cc2)\N=C1C,median,4.70769141763853,6.567833472483301
TRAIN1242,CN(CC(=O)NC(=O)NCc1occc1)Cc2nc(O)c3ccccc3n2,median,4.86198734945631,6.56383735295924
TRAIN1243,OC1=C(C(=O)Nc2ccccc2[N+](=O)[O-])c3nc4ccccc4n3CC1,median,4.73077434552155,6.56383735295924
TRAIN1244,COC(=O)c1oc(CSc2nc(O)c3cnn(c4ccc(C)c(C)c4)c3n2)cc1,median,4.41466280817923,6.567833472483301
TRAIN1245,CC1(C)Cc2c(CO1)sc3c4nnnn4c5nnnn5c23,median,5.38589408904197,6.56863623584101
TRAIN1246,Cc1cccc2cc(C(N(CC3CCCO3)Cc4occc4)c5nnnn5C(C)(C)C)c(O)nc12,median,4.87563599797108,6.567833472483301
TRAIN1247,COc1ccc(Cn2c(N)c(C(=O)NCc3occc3)c4nc5ccccc5nc24)cc1,median,4.76196117701313,6.56863623584101
TRAIN1248,Cc1ccc(Nc2nnc(SCC(=O)NCc3occc3)s2)cc1,median,4.5411194670599,6.60554831917378
TRAIN1249,CCOC(=O)C1=C(O)\C(=C/c2oc(CNC(=O)C(=O)Nc3ccc(C)c(C)c3)cc2)\N=C1C,median,4.39242274813291,6.56863623584101
TRAIN1250,Clc1ccc(cc1)N2CCN(CC2)C(=O)CCCN3C(=S)Nc4cc5OCOc5cc4C3=O,median,4.89936310035941,6.56383735295924
TRAIN1251,CCc1ccc2nc(NC(=O)c3ccc4c(O)nc(CN5CCOCC5)nc4c3)sc2c1,median,5.08461705141423,6.56863623584101
TRAIN1252,Fc1ccc(CNC(=O)C2=CC3=C(N=C4C=CC=CN4C3=O)N(Cc5cccnc5)C2=N)cc1,median,5.152559376579,6.56383735295924
TRAIN1253,CCOC(=O)C1=C(Nc2ccc(C)cc2)S\C(=C/c3cn(CC(=O)NCC4CCCO4)c5ccccc35)\C1=O,median,5.11924755611537,6.56863623584101
TRAIN1254,COc1ccc2[nH]c3nc(SCc4oc(nn4)c5ccc(C)cc5)nnc3c2c1,median,5.1649381839164,6.56863623584101
TRAIN1255,Cc1sc2ncnc(SCC(=O)NC(=O)NCc3occc3)c2c1C,median,4.93909299337807,6.56863623584101
TRAIN1256,CCC1=NN2C(=NC(=O)\C(=C\c3oc(SCc4occc4)cc3)\C2=N)S1,median,4.67752227355247,6.56383735295924
TRAIN1257,CC1CCN(CC1)S(=O)(=O)c2ccc(NC(=O)Cc3cccs3)cc2,median,5.02258096477287,6.56863623584101
TRAIN1258,CC(=O)c1cccc(NC(=O)Cc2cccs2)c1,median,4.73179189747043,6.60554831917378
TRAIN1259,Cn1c(SCC(=O)Nc2sccc2C#N)nnc1c3ccccc3,median,4.76683782277114,6.56863623584101
TRAIN1260,Cc1csc2nc(CCNS(=O)(=O)c3ccc4OCCOc4c3)cn12,median,4.76800569930525,6.56863623584101
TRAIN1261,Cc1cccc2c(C)cc(SCC(=O)NC(=O)NCc3occc3)nc12,median,4.49430925471006,6.56383735295924
TRAIN1262,ClC1=CCC2C(C1)C(=O)N(CCCCCCN3C(=O)C4CC=C(Cl)CC4C3=O)C2=O,median,4.60727386031865,6.60554831917378
TRAIN1263,CC1CC(n2nc(cc2N1)C(=O)O)C(F)(F)C(F)(F)F,median,4.70062935231933,6.56863623584101
TRAIN1264,Cc1nnc(Oc2ccccc2F)c3ccccc13,median,4.52307567008513,6.60730304674033
TRAIN1265,COc1ccc(OC)c(NC(=O)c2cc([nH]n2)c3ccc(C)cc3O)c1,median,4.65525198639263,6.60554831917378
TRAIN1266,CCN(c1ccccc1)S(=O)(=O)c2cc(ccc2C)C(=O)O,median,4.88415526543205,6.60554831917378
TRAIN1267,COC(=O)c1cc2ccsc2n1CC(=O)Nc3ccc(cc3)N(C)C,median,4.32550977471733,6.56863623584101
TRAIN1268,CCOc1ccc(Nc2oc(nc2C#N)c3ccccc3Cl)cc1,median,5.02042567765862,6.56383735295924
TRAIN1269,Clc1ccc(s1)S(=O)(=O)NCCc2csc(n2)c3cccnc3,median,4.71622854027023,6.56383735295924
TRAIN1270,Cc1ccc(cc1)C(=O)N\N=C\c2ccc(s2)[N+](=O)[O-],median,4.67484304449807,6.567833472483301
TRAIN1271,COc1ccc(CNC(=O)c2cc(on2)c3cccs3)cc1,median,4.55705608184781,6.567833472483301
TRAIN1272,COc1ccccc1\C=C\2/Sc3nc(nn3C2=O)c4occc4,median,4.75681357203525,6.567833472483301
TRAIN1273,COc1ccc(cc1)N2Cc3cccc(C(=O)O)c3C2=O,median,4.92143480310854,6.567833472483301
TRAIN1274,COc1ccc(cc1)N2Cc3cccc(C(=O)N4CCN(CC4)C(=O)c5occc5)c3C2=O,median,5.00898624870819,6.567833472483301
TRAIN1275,Cc1nc2cc(nn2c(O)c1Cl)c3ccsc3n4c(C)ccc4C,median,4.56118608454367,6.56863623584101
TRAIN1276,Fc1ccccc1c2oc3ccc(NC(=O)c4cncc(Br)c4)cc3n2,median,4.8094576500544,6.56383735295924
TRAIN1277,Clc1ccc(Nc2nc(cs2)c3ccncc3)cc1,median,4.74028693342951,6.56863623584101
TRAIN1278,O=C(Nc1ccc(cc1)n2nncc2c3occc3)C4=Cc5ccccc5OC4=O,median,4.39168817134633,6.567833472483301
TRAIN1279,Cc1ccc(NC(=O)CN2C(=O)S\C(=C\c3oc(cc3)c4cc(ccc4C)C(=O)O)\C2=O)cc1C,median,4.74032299679253,6.60730304674033
TRAIN1280,COc1ccc2c(c1)C(=O)Oc3cc(OCC(=O)NC4CCCCC4)ccc23,median,4.74727072418482,6.60730304674033
TRAIN1281,Brc1ccc(cc1)C2NC(=O)c3c4CCCc4sc3N2,median,4.71199616869067,6.567833472483301
TRAIN1282,CN(C)CC(=O)N1c2ccccc2CCc3ccc(NC(=O)c4ccc(N)cc4)cc13,median,4.80746488301482,6.56863623584101
TRAIN1283,CC(=O)Nc1ccc(cc1)\N=C\c2nc(oc2O)c3ccc(C)cc3,median,5.08644150308821,6.56383735295924
TRAIN1284,CCOc1cccc2C=C(C(=O)Oc12)c3cn4cc(C)ccc4n3,median,5.41807990968355,6.60554831917378
TRAIN1285,CN1N=C(SCC(=O)Nc2nc(C)cc(C)n2)SC1=S,median,5.05715097494662,6.567833472483301
TRAIN1286,COc1cc(cc2OCOc12)C3C(=C(N)OC4=C3C(=O)OC(=C4)C)C#N,median,4.58183680975872,6.567833472483301
TRAIN1287,CN(\N=C\c1cccnc1)C2=C(Cl)C(=O)N(N=C2)c3ccc(F)c(Cl)c3,median,4.74793304940716,6.567833472483301
TRAIN1288,CCSc1nnc(NC(=O)C2Cc3ccccc3CN2C(=O)c4occc4)s1,median,5.1268032508159,6.56863623584101
TRAIN1289,CS(=O)(=O)c1ccc2nc(NC(=O)CCC(=O)c3cccs3)sc2c1,median,5.14828496475211,6.56383735295924
TRAIN1290,Cc1nnc(NC(=O)Cc2cccs2)s1,median,4.72027443927624,6.56383735295924
TRAIN1291,Brc1cnc2cc(nn2c1)C(=O)N3CCN(CC3)C(=O)c4occc4,median,4.74690950641093,6.567833472483301
TRAIN1292,OC1=C(\C=N\c2cc(Cl)ccc2O)C(=O)CC(C1)c3occc3,median,4.35846045279168,6.60554831917378
TRAIN1293,CCOC(=O)c1ccc(NC(=O)CSc2nc(C)cc(O)n2)cc1,median,5.51390972181463,6.60554831917378
TRAIN1294,COc1ccc(NC2=NC(=O)S/C/2=C\c3ccc(cc3)N(C)C)cc1,median,4.47716260152248,6.567833472483301
TRAIN1295,CC1CC2=C(S1)C(=O)N(CCc3ccccc3)C(=N2)SCC(=O)Nc4cc(C)on4,median,4.47420056548306,6.60730304674033
TRAIN1296,CCN1C(=O)c2ccccc2N=C1SCC(=O)Nc3ccc(NC(=O)c4occc4)c(OC)c3,median,4.4458976978771,6.56383735295924
TRAIN1297,CCOCCCNC(=O)c1cnc2ccc(cc2c1O)S(=O)(=O)Nc3cccc(OC)c3,median,4.45354383389407,6.60554831917378
TRAIN1298,CCOc1cc(N2CCOCC2)c(OCC)cc1NC(=O)c3cc(nc4ccccc34)c5occc5,median,4.8320650474416,6.60554831917378
TRAIN1299,OC1C(Sc2ccccc2NC1=O)c3ccccc3,median,5.52050818833839,6.60554831917378
TRAIN1300,Nc1c(C#N)c(cc(c2ccccc2)c1C#N)c3occc3,median,4.47559725641642,6.567833472483301
TRAIN1301,O=C(Nc1ccc(cc1)N2CCCC2)C(c3ccccc3)c4ccccc4,median,5.1492239246649,6.56383735295924
TRAIN1302,CN1N=C(c2c(c(N)n(C3CCCCC3)c2C1=O)c4nc5ccccc5s4)[N+](=O)[O-],median,5.30251434217388,6.60554831917378
TRAIN1303,CC(=O)c1c(COC(=O)c2occc2)nc3ccccc3[n+]1[O-],median,4.53406333016282,6.567833472483301
TRAIN1304,NC1=C(C#N)C(C2=C(O1)\C(=C/c3cocc3)\CCC2)c4cocc4,median,4.99854667930364,6.60554831917378
TRAIN1305,Brc1ccc(cc1)c2nnc(c3cccnc3)c4conc24,median,5.17906329361928,6.56863623584101
TRAIN1306,Cc1ccc(OCc2ccoc2C(=O)O)cc1C,median,4.59448613658729,6.60730304674033
TRAIN1307,CCOC(=O)C1=C2N(C(=O)C(S1)c3ccccc3OC)C(=C(N)/C/2=C\c4ccccc4OC)C#N,median,5.00883597080835,6.60730304674033
TRAIN1308,Fc1ccc(cc1)c2nnc(c3ccccc23)n4nnc5ccccc45,median,4.58028342701928,6.56383735295924
TRAIN1309,COc1ccc(cc1)c2oc(nn2)C3=Cc4c(OC3=O)ccc5ccccc45,median,4.69811875336692,6.60554831917378
TRAIN1310,[O-][N+](=O)c1cc(ccc1Cl)C(=O)NNC(=O)c2ccc(SCC3CCCO3)c(c2)[N+](=O)[O-],median,4.63253020809741,6.60730304674033
TRAIN1311,O=C(Nc1ccc2nn(nc2c1)c3ccccc3)c4ccc5OCOc5c4,median,5.20067048038761,6.60730304674033
TRAIN1312,CC(C)CNC(=O)c1c(N)n(\N=C\c2ccccn2)c3nc4ccccc4nc13,median,4.79840980778379,6.56383735295924
TRAIN1313,COc1cc(NC(=O)c2cccs2)c(cc1OC)C(=O)OCC(=O)NCc3occc3,median,4.83054776528276,6.56383735295924
TRAIN1314,CCn1nnc(NC(=O)CSc2ccc(Cl)cc2)n1,median,5.03299663718775,6.56863623584101
TRAIN1315,NC(=O)c1ccccc1OCC2CC(=NO2)c3ccccc3,median,4.52385845973953,6.56383735295924
TRAIN1316,COc1ccc(cc1OC)c2nc(C(=O)N)c3nc(O)n(c4cccc(Cl)c4)c3n2,median,5.20328763025923,6.567833472483301
TRAIN1317,CS(=O)(=O)N(CC(=O)NCc1occc1)c2ccc3OCOc3c2,median,4.39664914291357,6.56863623584101
TRAIN1318,CCOC(=O)c1c(COC)n(C)c2C(=O)C(=O)c3ccc(Br)cc3c12,median,5.0520396600903,6.567833472483301
TRAIN1319,Cc1cc(C)c(c(C)c1)S(=O)(=O)\N=C\2/C=CC(=O)C(=C2)Cl,median,4.98780583832918,6.60730304674033
TRAIN1320,O=S(=O)(NCc1csc(n1)c2cccnc2)c3cccs3,median,4.74363444946183,6.60730304674033
TRAIN1321,COC(=O)c1cnn2c(cc(nc12)c3occc3)C(F)(F)F,median,4.37256675104935,6.60730304674033
TRAIN1322,C\C=C\COC(=O)c1[nH]c2CC(CC(=O)c2c1C)c3occc3,median,4.60771943050859,6.60730304674033
TRAIN1323,CC1CC2=C(S1)C(=O)N(CCc3ccccc3)C(=N2)SCC(=O)Nc4nnc(C)s4,median,4.75587435189118,6.56863623584101
TRAIN1324,Cc1ccc(cc1)S(=O)(=O)Cc2oc(cc2)C(=O)N3CCC4(CC3)OCCO4,median,4.36647387798186,6.60730304674033
TRAIN1325,COCCOC(=O)c1[nH]c2CC(CC(=O)c2c1C)c3occc3,median,4.70969019995492,6.567833472483301
TRAIN1326,Clc1ccc2cc3cc(oc3nc2c1)C(=O)NCc4occc4,median,4.7519308068645,6.567833472483301
TRAIN1327,CSc1ccc(cc1)S(=O)(=O)Nc2cccc(F)c2,median,4.62549214012227,6.56383735295924
TRAIN1328,CC(C)CC(=O)Nc1ccc(cc1)C(=O)COc2ccc(cc2)c3ocnn3,median,4.65251269121475,6.567833472483301
TRAIN1329,Cc1cccc(OCc2nnc(SCC(=O)NC(=O)NCc3occc3)n2CC=C)c1,median,4.82910286039691,6.60554831917378
TRAIN1330,O=C(NCc1occc1)c2cc3CSCc3s2,median,5.02625348661083,6.567833472483301
TRAIN1331,CCOc1ccc(NC2=NC(=O)S/C/2=C\c3ccc(OC)cc3)cc1,median,4.72594588558301,6.567833472483301
TRAIN1332,NC(=O)c1c2CCCCCCc2sc1NC(=O)c3cccs3,median,4.58732160395108,6.60554831917378
TRAIN1333,CCC\C(=N\Nc1ccc(Cl)cc1)\c2cnnc(n2)c3ccccc3,median,5.41421451710934,6.60730304674033
TRAIN1334,O=C(Cc1cccs1)Nc2nnc(COc3ccccc3)s2,median,4.4288713911395,6.60554831917378
TRAIN1335,COc1cccc2sc(Nc3oc(nn3)c4ccc(F)cc4)nc12,median,4.60267643190417,6.56863623584101
TRAIN1336,Cc1onc(c1C(=O)OCC(=O)NCc2occc2)c3c(F)cccc3Cl,median,4.41318177057485,6.56863623584101
TRAIN1337,O=Cc1ccc2OC3=C(C(=O)N4CCCSC4=N3)C(=O)c2c1,median,4.74956462686628,6.60730304674033
TRAIN1338,CN1C(=O)c2cc(C(=O)Nc3ccc4OCOc4c3)n(C)c2c5ccccc15,median,4.64658236917103,6.60730304674033
TRAIN1339,O=C(CSc1ncccn1)Nc2oc(c3ccccc3)c(c4ccccc4)c2C#N,median,5.01858915983411,6.56383735295924
TRAIN1340,Cc1ccc(cc1C)n2nnnc2SCC(=O)Nc3cccc(NC(=O)c4occc4)c3,median,4.82629725752537,6.567833472483301
TRAIN1341,Clc1ccc(cc1)c2nc(NC(=O)CSc3nnnn3c4ccccc4)ns2,median,4.68236887776863,6.56383735295924
TRAIN1342,Fc1cccc(c1)C(=O)N2CCN(CC2)C(=O)c3cc4ncc(Br)cn4n3,median,4.47673516487617,6.56383735295924
TRAIN1343,Cc1ccc(cc1)C(=O)ONc2ccc(cc2)N=NC(=O)c3ccccc3O,median,5.07374967062203,6.567833472483301
TRAIN1344,COc1ccc(C)cc1n2nnnc2SCC(=O)NC(=O)NCc3occc3,median,5.02329108533107,6.567833472483301
TRAIN1345,O=C(COC(=O)c1cccc(c1)S(=O)(=O)N2CCc3ccccc3C2)NCc4occc4,median,4.60273436596132,6.56863623584101
TRAIN1346,OC(=O)c1ccc2N[C@H]([C@H]3CC=C[C@H]3c2c1)c4ccccn4,median,5.02077450712343,6.60554831917378
TRAIN1347,CC(C)c1c(O)c(O)c(C=O)c2c(O)c(c(C)cc12)c3c(C)cc4c(C(C)C)c(O)c(O)c(C=O)c4c3O,median,5.59323166201562,6.60554831917378
TRAIN1348,CC1CCc2c(C1)sc(NC(=O)c3oc(Cn4cc(cn4)[N+](=O)[O-])cc3)c2C#N,median,5.07856637309888,6.60730304674033
TRAIN1349,Cc1[nH]c2ccc(cc2c1C)c3oc(SCC(=O)c4ccccc4F)nn3,median,4.58473877681157,6.60730304674033
TRAIN1350,COc1cc(\C=C\2/Sc3nc(nn3C2=O)c4ccncc4)ccc1OC(=O)C,median,4.49951707397422,6.567833472483301
TRAIN1351,O=C(COC(=O)c1ccccc1Oc2ccccc2)NCc3occc3,median,4.74679530864056,6.56863623584101
TRAIN1352,CCc1ccc2nc(O)c(CN(Cc3ccc4OCOc4c3)C(=O)c5occc5)cc2c1,median,4.58183680975872,6.60730304674033
TRAIN1353,CSC1=N\C(=C/c2oc(Br)cc2)\C(=O)S1,median,4.65538434810389,6.567833472483301
TRAIN1354,CC1=C(SCCC#N)S\C(=C\2/SC(=C(SCCC#N)S2)C)\S1,median,5.29203913465215,6.60730304674033
TRAIN1355,Cc1ccccc1Nc2nnc(SCC(=O)NC(=O)NCc3occc3)s2,median,4.76232835483134,6.60554831917378
TRAIN1356,O=C(CSc1n[nH]c(n1)c2occc2)Nc3sc4CCCCc4c3C(=O)Nc5ccccc5,median,4.39776903887726,6.60730304674033
TRAIN1357,CCOC(=O)C1CCCN(C1)C(=O)c2cc3ncc(Br)cn3n2,median,4.68442783539546,6.56383735295924
TRAIN1358,CCCc1cc(n2ccnc2)n3c4ccccc4nc3c1C#N,median,4.52579699813894,6.60730304674033
TRAIN1359,CC(=O)c1ccc(NCC(=O)N2CCN(CC2)c3ccccc3)cc1,median,5.29943818710162,6.56863623584101
TRAIN1360,Cc1ccc(NS(=O)(=O)c2cccc(c2)C(=O)OCC(=O)NCc3occc3)cc1,median,4.51418335141008,6.60554831917378
TRAIN1361,O=C(NCc1occc1)C2=Cc3ccccc3C(=O)O2,median,4.52031832445487,6.567833472483301
TRAIN1362,O=C(Nc1ccc2oc(nc2c1)c3ccc4ccccc4c3)c5cccs5,median,4.55695961615859,6.60730304674033
TRAIN1363,Cc1ccc(N\C=C/2\C(=O)N(C(=O)c3ccccc23)c4ccc5OCOc5c4)cc1,median,4.70242943855046,6.60730304674033
TRAIN1364,Clc1cc2C(=O)c3ccccc3C(=O)c2cc1NC(=O)COC(=O)CC4CCCC4,median,4.65260284501831,6.56863623584101
TRAIN1365,COc1ccc2nc3oc(cc3cc2c1)C(=O)N4CCN(CC4)c5cccc(c5)C(F)(F)F,median,4.81120365181192,6.56383735295924
TRAIN1366,Cc1nn(c(Cl)c1\C=N\Nc2ccc(cc2[N+](=O)[O-])S(=O)(=O)Nc3ccccc3C(=O)O)c4ccccc4,median,5.16523288913073,6.60554831917378
TRAIN1367,Cc1ccc2nc(O)c(cc2c1)C3C(=C(N)Oc4c3ccc5cccnc45)C#N,median,4.70928085669247,6.60554831917378
TRAIN1368,COc1cc(NC(=O)COc2ccc(cc2)n3cnnn3)c(OC)cc1Cl,median,5.08048103479045,6.56863623584101
TRAIN1369,FC(F)(F)c1cc(nc2c(cnn12)C(=O)Nc3cnn(c3)C45CC6CC(CC(C6)C4)C5)c7occc7,median,5.4389236725246,6.567833472483301
TRAIN1370,O=S(=O)(\N=C(\Sc1ccccc1)/c2ccccc2)c3ccccc3,median,4.99129765332127,6.56863623584101
TRAIN1371,Oc1c(Cl)cc(Cl)cc1Sc2cc(Cl)cc(Cl)c2O,median,5.40440678922252,6.60554831917378
TRAIN1372,O=C(COC(=O)CCOc1ccccc1)NCc2occc2,median,4.77949311975971,6.60730304674033
TRAIN1373,OC(=O)c1cc(nc2ccc(Br)cc12)c3occc3,median,4.3220298881035,6.60554831917378
TRAIN1374,O=C(CSC1=Nc2scc(c3occc3)c2C(=O)N1c4ccccc4)NCC5CCCO5,median,4.52099856208925,6.60554831917378
TRAIN1375,Cc1occc1c2nnc3sc(nn23)c4cc(oc4C)c5ccc(Cl)cc5,median,5.55760176679497,6.60554831917378
TRAIN1376,Cc1cc(C)n2nc(SCC3=CC(=O)Oc4cc(O)ccc34)nc2n1,median,4.99433225248268,6.60730304674033
TRAIN1377,CCCCCCc1cc2C=C(C(=O)Oc2cc1O)c3oc(nn3)c4ccccc4,median,4.45664441041485,6.567833472483301
TRAIN1378,CN(c1ccccc1C(=O)O)S(=O)(=O)c2ccc3NC(=O)c4cccc2c34,median,4.72849248742571,6.60730304674033
TRAIN1379,CCOc1ccc(NC(=O)c2oc3nc4cc(OC)ccc4cc3c2)cc1,median,4.32540135160228,6.60554831917378
TRAIN1380,COc1ccccc1C(=O)Nc2nc(c(NC(=O)C)s2)c3cccs3,median,4.72083447185916,6.567833472483301
TRAIN1381,Clc1ccc(s1)S(=O)(=O)NCc2csc(n2)c3cccnc3,median,4.86549139909975,6.56863623584101
TRAIN1382,CC(Cc1ccc(O)c(O)c1)C(C)Cc2ccc(O)c(O)c2,median,4.65377087582302,6.56383735295924
TRAIN1383,COc1ccc(OC)c(c1)N2C(=O)[C@H]3ON=C([C@H]3C2=O)c4ccccc4Cl,median,5.00944405224017,6.56383735295924
TRAIN1384,CC(=O)OC1CC(C)(C)N(OC(=O)c2ccc(N)cc2)C(C)(C)C1,median,4.57926602634855,6.60730304674033
TRAIN1385,O=C(Nc1ccc2c(c1)nc3CSCCn23)c4occc4,median,4.83844065083876,6.567833472483301
TRAIN1386,COc1ccc(cc1)N2C(=Nc3sc4CN(C)CCc4c3C2=O)SCC(=O)Nc5nccs5,median,5.07184748226717,6.60554831917378
TRAIN1387,Cc1oc2c(cccc2n1)C(=O)NCc3ccccc3,median,4.31498570912566,6.56863623584101
TRAIN1388,CC(=N)\C(=C(\O)/CSc1oc(COc2ccccc2Cl)nn1)\C#N,median,4.42923868358544,6.60554831917378
TRAIN1389,COC(=O)c1oc(CSc2nc(C)nc3sc(C)c(C)c23)cc1,median,4.31072915440875,6.567833472483301
TRAIN1390,Oc1ccc2C=C(C(=O)NCc3occc3)C(=O)Oc2c1,median,4.84470830535413,6.60730304674033
TRAIN1391,CN(C)S(=O)(=O)N(CC(=O)N(Cc1ccccc1)Cc2ccccc2)c3ccccc3,median,4.60361337109283,6.60730304674033
TRAIN1392,O=C(CCCCCN1C(=S)Nc2ccccc2C1=O)N3CCC(CC3)Nc4ccccc4,median,6.74472749489669,6.567833472483301
TRAIN1393,CC(C)(C)OC(=O)[C@@H](CCC(=O)N1CCN(CC1)c2ccc(cc2)C#N)N3C(=S)Nc4ccccc4C3=O,median,7.09691001300806,6.567833472483301
TRAIN1394,O=C(CCCCCN1C(=S)Nc2ccccc2C1=O)N3CCN(CC3)c4ccccc4C#N,median,7.04575749056067,6.567833472483301
TRAIN1395,Clc1cccc(c1)N2CCN(CC2)C(=O)CCCCCN3C(=S)Nc4ccccc4C3=O,median,6.45593195564972,6.56863623584101
TRAIN1396,O=C(CCCCCN1C(=S)Nc2ccccc2C1=O)N3CCN(CC3)c4ccncc4,median,7.52287874528034,6.56863623584101
TRAIN1397,O=C(CCCN1C(=S)Nc2ccccc2C1=O)N3CCC(CC3)c4ccccc4,median,7.30102999566398,6.60730304674033
TRAIN1398,O=C(CCCCCN1C(=S)Nc2ccccc2C1=O)N3CCC(CC3)N(Cc4ccccc4)c5ccccc5,median,6.92081875395237,6.60554831917378
TRAIN1399,Oc1ccccc1N2CCN(CC2)C(=O)CCCN3C(=S)Nc4ccccc4C3=O,median,7.15490195998574,6.60554831917378
TRAIN1400,Clc1ccc(cc1)N2CCN(CC2)C(=O)CCCN3C(=S)Nc4ccccc4C3=O,median,4.70311552446145,6.60554831917378
TRAIN1401,FC(F)(F)c1ccc(cc1)N2CCN(CC2)C(=O)CCCCCN3C(=S)Nc4ccccc4C3=O,median,4.36825192560343,6.60730304674033
TRAIN1402,[O-][N+](=O)c1cccc(c1)N2CCN(CC2)C(=O)CCCCCN3C(=S)Nc4ccccc4C3=O,median,6.07572071393812,6.60554831917378
TRAIN1403,COc1cc2NC(=S)N(CCCC(=O)N3CCN(CC3)c4cccc(Cl)c4)C(=O)c2cc1OC,median,5.62708799702989,6.567833472483301
TRAIN1404,OC1(CCN(CC1)C(=O)CCCCCN2C(=S)Nc3ccccc3C2=O)c4ccc(Cl)cc4,median,7.09691001300806,6.56863623584101
TRAIN1405,Oc1cccc(c1)N2CCN(CC2)C(=O)CCCN3C(=S)Nc4ccccc4C3=O,median,5.79048498545737,6.60730304674033
TRAIN1406,O=C(CCCCCN1C(=S)Nc2ccccc2C1=O)N3CCN(CC3)c4ncccn4,median,6.92081875395237,6.56863623584101
TRAIN1407,O=C(CCCN1C(=S)Nc2ccccc2C1=O)N3CCN(Cc4cccc5ccccc45)CC3,median,6.76955107862173,6.60554831917378
TRAIN1408,O=C(CCCCCN1C(=S)Nc2ccccc2C1=O)N3CCN(CC3)c4cccc(c4)C#N,median,7.04575749056067,6.60730304674033
TRAIN1409,COC(=O)c1ccc2C(=O)N(CCCC(=O)N3CCN(CC3)c4cccc(Cl)c4)C(=S)Nc2c1,median,4.72699872793626,6.567833472483301
TRAIN1410,O=C(CCCN1C(=S)Nc2ccccc2C1=O)N3CCN(CC3)c4cccc5ccccc45,median,7.15490195998574,6.567833472483301
TRAIN1411,C[C@@H]1CCCCCCCc2cc(OC(=O)C)cc(OC(=O)C)c2C(=O)O1,median,5.07779372256098,6.56863623584101
TRAIN1412,COc1cc(\C=C\2/SC(=O)NC2=O)ccc1Oc3ccc(cc3C(F)(F)F)C#N,median,5.65757731917779,6.56383735295924
TRAIN1413,COc1cc(O)c(\C=C/C(C)(C)O)c2O[C@@H](CC(=O)c12)c3ccccc3,median,2.45593195564972,6.56863623584101
TRAIN1414,COc1cc(O)c(\C=C/C(C)(C)O)c2OC(CC(=O)c12)c3ccc(O)cc3,median,3.0,6.60730304674033
TRAIN1415,COc1cc(O)c(\C=C/C(C)(C)O)c(O)c1C(=O)\C=C\c2ccc(O)cc2,median,4.09691001300806,6.56863623584101
TRAIN1416,CC(C)[C@]1(O)CC[C@@]2(C)[C@H](O)CCC(=C)[C@@H]2[C@H]1O,median,2.55284196865778,6.56863623584101
TRAIN1417,Cn1cc(NC(=O)c2cc(NC(=O)CCS(=O)(=O)C)cn2C)cc1C(=O)NCCCC(=O)NCCCCCC[C@@H]3Cc4cc(O)ccc4[C@H]5CC[C@]6(C)[C@@H](O)CC[C@H]6[C@H]35,median,8.95467702121334,6.60730304674033
TRAIN1418,Oc1ccc(\C=C\C(=O)OCCc2ccccc2)cc1O,median,5.10171372141088,6.56863623584101
TRAIN1419,C[C@]12CC[C@H]3[C@@H](CCc4cc(OC(=O)c5ccccc5)ccc34)[C@@H]1CC[C@@H]2O,median,7.18708664335714,6.56863623584101
TRAIN1420,CC(C)(c1ccc(O)cc1)c2ccc(O)cc2,median,5.64378286578027,6.56863623584101
TRAIN1421,CCCCCCCCCc1ccc(O)cc1,median,6.42365864979421,6.56863623584101
TRAIN1422,CCCCCCCCc1ccc(O)cc1,median,4.55792806339697,6.567833472483301
TRAIN1423,C[C@]12CC[C@H]3[C@@H](CCc4cc(O)ccc34)[C@@H]1C[C@@H](O)[C@@H]2O,median,8.77185639240226,6.56383735295924
TRAIN1424,CC[C@]1(O)CC[C@H]2[C@@H]3CCC4=CCCC[C@@H]4[C@H]3CC[C@]12C,median,5.95039438740503,6.60730304674033
TRAIN1425,CCN(CC)CCOc1ccc(cc1)\C(=C(\Cl)/c2ccccc2)\c3ccccc3,median,8.34065436425382,6.60554831917378
TRAIN1426,C[C@]12Cc3cnoc3C=C1CC[C@@H]4[C@@H]2CC[C@@]5(C)[C@H]4CC[C@@]5(O)C#C,median,4.74982405191608,6.60554831917378
TRAIN1427,C[C@]12CC[C@H]3[C@@H](CCC4=CC(=O)CC[C@H]34)[C@@H]1CC[C@@]2(O)C#C,median,6.09258863922541,6.56863623584101
TRAIN1428,COc1ccc2[C@H]3CC[C@@]4(C)[C@@H](CC[C@@]4(O)C#C)[C@@H]3CCc2c1,median,7.74472749489669,6.60730304674033
TRAIN1429,C[C@]1(O)CC[C@H]2[C@@H]3CC[C@H]4Cc5n[nH]cc5C[C@]4(C)[C@H]3CC[C@]12C,median,6.94692155651658,6.56863623584101
TRAIN1430,C[C@@H]1CC2=C(CCC(=O)C2)[C@H]3CC[C@@]4(C)[C@@H](CC[C@@]4(O)C#C)[C@H]13,median,6.36321131096562,6.567833472483301
TRAIN1431,CCC1=C(c2ccc(O)cc2)c3ccc4cccc1n34,median,8.02227639471115,6.567833472483301
TRAIN1432,C[C@H]1CCN(CCOc2ccc(cc2)C(=O)c3c(sc4cc(O)ccc34)c5ccc(O)cc5)C1,median,9.22184874961636,6.56383735295924
TRAIN1433,C[C@H](COc1ccc(cc1)C(=O)c2c(sc3cc(O)ccc23)c4ccc(O)cc4)N5CCCC5,median,9.69897000433602,6.60554831917378
TRAIN1434,Cc1cccc(c1)C(=O)Oc2ccc3ccc(O)cc3c2,median,4.55129368009492,6.60730304674033
TRAIN1435,COc1ccccc1C(=O)Oc2ccc3ccc(O)cc3c2,median,5.36451625318509,6.567833472483301
TRAIN1436,Oc1cccc2c(OC(=O)\C=C\c3ccccc3)cccc12,median,5.5016894462104,6.56863623584101
TRAIN1437,Oc1cccc2c(OC(=O)c3ccc(Br)cc3)cccc12,median,5.72353819582676,6.60554831917378
TRAIN1438,Cc1cccc(c1)C(=O)Oc2cccc3c(O)cccc23,median,5.64016451766011,6.60730304674033
TRAIN1439,CCOc1ccccc1C(=O)Oc2ccc3ccc(O)cc3c2,median,5.48280410205003,6.60730304674033
TRAIN1440,Oc1ccc(cc1)C(=O)OC(c2ccccc2)c3ccccc3,median,6.53760200210104,6.60554831917378
TRAIN1441,COc1cccc(c1)C(=O)Oc2cccc(O)c2,median,4.54975089168064,6.56383735295924
TRAIN1442,Oc1ccc2ccc(OC(=O)c3ccccc3F)cc2c1,median,5.51427857351842,6.60730304674033
TRAIN1443,COc1ccccc1C(=O)Oc2cccc3c(O)cccc23,median,4.96657624451305,6.56383735295924
TRAIN1444,Oc1cccc2c(OC(=O)c3ccccc3)cccc12,median,5.65169513695184,6.60554831917378
TRAIN1445,Cc1ccc(cc1)S(=O)(=O)Oc2cccc3c(O)cccc23,median,5.54211810326601,6.60730304674033
TRAIN1446,Oc1cccc2c(OC(=O)C3CCCCC3)cccc12,median,5.70333480973847,6.56863623584101
TRAIN1447,Oc1ccc2ccc(OC(=O)c3ccccc3Cl)cc2c1,median,6.0,6.567833472483301
TRAIN1448,Cc1ccccc1S(=O)(=O)Oc2cccc3c(O)cccc23,median,6.59345981956604,6.56863623584101
TRAIN1449,Oc1cccc2c(OC(=O)c3ccccc3Cl)cccc12,median,6.20134935455473,6.56863623584101
TRAIN1450,Cc1ccccc1S(=O)(=O)Oc2ccc3ccc(O)cc3c2,median,5.05700040663396,6.567833472483301
TRAIN1451,Cc1ccccc1C(=O)Oc2cccc3c(O)cccc23,median,6.36653154442041,6.56383735295924
TRAIN1452,CC\C(=C(/c1ccccc1)\c2ccc(OCCN(C)Cc3ccc(cc3)c4cn(CCCCCC(=O)NO)nn4)cc2)\c5ccccc5,median,6.60554831917378,6.56863623584101
TRAIN1453,CC\C(=C(/c1ccccc1)\c2ccc(OCCN(C)Cc3ccc(NC(=O)CCCCCCC(=O)NO)cc3)cc2)\c4ccccc4,median,6.89619627904404,6.60730304674033
TRAIN1454,CCCCC(CCCC)(c1ccc(O)c(CC)c1)c2ccc(O)c(CC)c2,median,5.53760200210104,6.56383735295924
TRAIN1455,Cc1cc(ccc1O)C(C)(C)c2ccc(O)c(C)c2,median,5.92081875395237,6.60730304674033
TRAIN1456,Oc1ccc(cc1)C2(CCCCC2)c3ccc(O)cc3,median,6.2839966563652,6.567833472483301
TRAIN1457,CCCC(CCC)(c1ccc(O)c(CC)c1)c2ccc(O)c(CC)c2,median,6.30980391997149,6.56863623584101
TRAIN1458,CCc1cc(ccc1O)C(CC)(CC)c2ccc(O)c(CC)c2,median,6.63827216398241,6.60554831917378
TRAIN1459,Cc1cc(ccc1O)C2(CCCCC2)c3ccc(O)c(C)c3,median,6.63827216398241,6.56863623584101
TRAIN1460,Oc1ccc(cc1)C2(CCCC2)c3ccc(O)cc3,median,6.76955107862173,6.56383735295924
TRAIN1461,CCC(CC)(c1ccc(O)cc1)c2ccc(O)c(C)c2,median,6.95860731484177,6.60554831917378
TRAIN1462,CCCC(CCC)(c1ccc(O)cc1)c2ccc(O)cc2,median,7.00436480540245,6.56863623584101
TRAIN1463,CCC(CC)(c1ccc(N)c(C)c1)c2ccc(O)c(C)c2,median,7.0087739243075,6.567833472483301
TRAIN1464,CCC(CC)(c1ccc(O)cc1)c2ccc(O)cc2,median,7.06550154875643,6.56863623584101
TRAIN1465,Cc1cc(ccc1O)C2(CCCC2)c3ccc(O)c(C)c3,median,7.07572071393812,6.567833472483301
TRAIN1466,CCCCC(CCCC)(c1ccc(O)cc1)c2ccc(O)cc2,median,7.10237290870956,6.56383735295924
TRAIN1467,CCC(CC)(c1cc(C)c(O)c(C)c1)c2cc(C)c(O)c(C)c2,median,7.13076828026902,6.56863623584101
TRAIN1468,CCC(CC)(c1ccc(O)c(C)c1)c2ccc(O)c(C)c2,median,7.60205999132796,6.60554831917378
TRAIN1469,CCCCC(CCCC)(c1ccc(O)c(C)c1)c2ccc(O)c(C)c2,median,7.85387196432176,6.56863623584101
TRAIN1470,CCCC(CCC)(c1ccc(O)c(C)c1)c2ccc(O)c(C)c2,median,8.30980391997149,6.60554831917378
TRAIN1471,C[C@@H](N1C(=O)O[C@](Cc2ccc(F)cc2)(C(=O)NCc3ccc(Cl)c(Cl)c3)C1=O)c4ccc(F)cc4,median,5.13667713987954,6.60554831917378
TRAIN1472,COc1cc(CNC(=O)[C@@]2(Cc3ccccc3)OC(=O)N([C@@H]4CCc5ccccc45)C2=O)cc(OC)c1,median,4.76955107862173,6.567833472483301
TRAIN1473,COc1cc(ccc1O)C(=O)CCc2cc3[C@H]4CC[C@]5(C)[C@@H](O)CC[C@H]5[C@@H]4CCc3cc2OC,median,4.18770003287361,6.56863623584101
TRAIN1474,COc1cc2CC[C@@H]3[C@H](CC[C@]4(C)[C@H](CC[C@@H]34)OC(=O)C)c2cc1C=O,median,4.18770003287361,6.56383735295924
TRAIN1475,COc1ccc2[C@H]3CC[C@]4(C)[C@H](CC[C@H]4[C@@H]3CCc2c1)OC(=O)C,median,4.18770003287361,6.60730304674033
TRAIN1476,Oc1ccc(CCC(=O)c2c(O)cc(O)cc2O)cc1,median,6.52287874528034,6.567833472483301
TRAIN1477,C[C@]12CC[C@H]3[C@@H](CCc4cc(O)ccc34)[C@@H]1CC=C2CO,median,6.83863199776503,6.56383735295924
TRAIN1478,CC1C[C@H](C)C2(CC[C@H]3[C@@H]4CCc5cc(O)ccc5[C@H]4CC[C@]23C)O1,median,6.31515463835559,6.567833472483301
TRAIN1479,CCCOC(=O)[C@H]1CC[C@H]2[C@@H]3CCc4cc(O)ccc4[C@H]3CC[C@]12C,median,7.03621217265444,6.567833472483301
TRAIN1480,Cc1ccc2c(C(Nc3ccc(Cl)cc3)c4ccccc4Cl)c(C)[nH]c2c1,median,4.58169870868025,6.567833472483301
TRAIN1481,CCOC(=O)COc1ccc(cc1CC2CCCCC2)c3ccc(OCCN(C)C)cc3,median,4.89619627904404,6.60554831917378
TRAIN1482,CCOC(=O)COc1ccc(cc1Cc2ccc3ccccc3c2)c4ccc(OCCN(C)C)cc4,median,5.49485002168009,6.60730304674033
TRAIN1483,CCOC(=O)COc1ccc(cc1)c2ccc(OCCN(C)C)c(Cc3ccc(cc3)c4ccccc4)c2,median,5.50863830616573,6.56383735295924
TRAIN1484,CN(C)CCOc1ccc(cc1)C23CC4CC(CC(C4)(C2)c5ccc(O)cc5)C3,median,5.97469413473523,6.56383735295924
TRAIN1485,CCOc1ccc2C(=C(CCCc2c1)c3ccccc3)c4ccc(OCCN(C)C)cc4,median,8.52287874528034,6.56383735295924
TRAIN1486,CNCCOc1ccc(cc1)C2=C(CCCc3cc(O)ccc23)c4ccccc4,median,8.52287874528034,6.60554831917378
TRAIN1487,Oc1ccc(cc1)[C@H]2[C@@H](C(=O)N2c3ccc(O)cc3)c4ccc(O)cc4,median,5.85387196432176,6.60730304674033
TRAIN1488,Oc1ccc(cc1)[C@H]2[C@@H](C(=O)N2c3ccc(O)cc3)c4ccccc4,median,6.63827216398241,6.60730304674033
TRAIN1489,Oc1ccc(cc1)[C@H]2[C@H](Oc3ccccc3)C(=O)N2c4ccc(O)cc4,median,6.85387196432176,6.60730304674033
TRAIN1490,Oc1ccc(cc1)[C@H]2[C@@H](C(=O)N2c3ccc(O)cc3)c4ccc5ccccc5c4,median,6.82390874094432,6.60554831917378
TRAIN1491,Oc1ccc(cc1)[C@@H]2N(C(=O)C2(c3ccccc3)c4ccccc4)c5ccc(O)cc5,median,7.39794000867204,6.56863623584101
TRAIN1492,COc1cc(cc(OC)c1OC)[C@H]2[C@@H](N(C2=O)c3ccc(O)cc3)c4ccc(O)cc4,median,5.83268266525182,6.56863623584101
TRAIN1493,COc1cc(cc(OC)c1OC)[C@H]2[C@@H](C(=O)N2c3ccc(O)cc3)c4ccc(O)cc4,median,4.74472749489669,6.56383735295924
TRAIN1494,COc1ccc(cc1)[C@H]2[C@H](C(O)c3ccc(O)cc3)C(=O)N2c4cc(OC)c(OC)c(OC)c4,median,8.09691001300806,6.60554831917378
TRAIN1495,Oc1ccc(cc1)[C@H]2CC(=O)N2c3ccc(O)cc3,median,4.88605664769316,6.56863623584101
TRAIN1496,OC(=O)\C=C\c1ccc(CC2=C(C(=O)Oc3cc(O)ccc23)c4ccc(F)cc4)cc1,median,8.04575749056067,6.60730304674033
TRAIN1497,OC(=O)\C=C\c1ccc(CC2=C(C(=O)Oc3cc(O)ccc23)c4cccc(OC(F)(F)F)c4)cc1,median,8.22914798835786,6.56863623584101
TRAIN1498,COc1cccc(c1)C2=C(Cc3ccc(\C=C\C(=O)O)cc3)c4ccc(O)cc4OC2=O,median,7.38721614328026,6.567833472483301
TRAIN1499,Cc1cccc(c1)C2=C(Cc3ccc(\C=C\C(=O)O)cc3)c4ccc(O)cc4OC2=O,median,7.76955107862173,6.60730304674033
TRAIN1500,OC(=O)\C=C\c1ccc(CC2=C(C(=O)Oc3cc(O)ccc23)c4ccccc4)cc1,median,8.09151498112135,6.60730304674033
TRAIN1501,CC\C(=C(/c1ccc(O)cc1)\c2ccc(\C=C\C(=O)O)cc2)\c3ccccc3,median,9.82390874094432,6.567833472483301
TRAIN1502,OC(=O)\C=C\c1ccc(CC2=C(C(=O)Oc3cc(O)ccc23)c4ccc(Cl)cc4)cc1,median,8.431798275933,6.56863623584101
TRAIN1503,OC(=O)\C=C\c1ccc(CC2=C(C(=O)Oc3cc(O)ccc23)c4ccc(cc4)C(F)(F)F)cc1,median,8.33724216831843,6.60730304674033
TRAIN1504,COc1ccc(cc1)C2=C(Cc3ccc(\C=C\C(=O)O)cc3)c4ccc(O)cc4OC2=O,median,8.42021640338319,6.567833472483301
TRAIN1505,OC(=O)\C=C\c1ccc(CC2=C(C(=O)Oc3cc(O)ccc23)c4ccc(OC(F)(F)F)cc4)cc1,median,8.79588001734407,6.567833472483301
TRAIN1506,OC(=O)\C=C\c1ccc(CC2=C(C(=O)Oc3cc(O)ccc23)c4ccc(F)cc4F)cc1,median,8.52287874528034,6.56383735295924
TRAIN1507,OC(=O)\C=C\c1ccc(CC2=C(C(=O)Oc3cc(O)ccc23)c4ccc(F)cc4Cl)cc1,median,8.65757731917779,6.60554831917378
TRAIN1508,COc1cc(F)ccc1C2=C(Cc3ccc(\C=C\C(=O)O)cc3)c4ccc(O)cc4OC2=O,median,7.95860731484177,6.56863623584101
TRAIN1509,Cc1cc(F)ccc1C2=C(Cc3ccc(\C=C\C(=O)O)cc3)c4ccc(O)cc4OC2=O,median,8.4089353929735,6.60730304674033
TRAIN1510,Cc1cc(Cl)ccc1C2=C(Cc3ccc(\C=C\C(=O)O)cc3)c4ccc(O)cc4OC2=O,median,8.82390874094432,6.567833472483301
TRAIN1511,Cc1cc(OC(F)(F)F)ccc1C2=C(Cc3ccc(\C=C\C(=O)O)cc3)c4ccc(O)cc4OC2=O,median,9.0,6.56863623584101
TRAIN1512,Cc1cc(F)ccc1C2=C(c3ccc(\C=C\C(=O)O)cc3)c4ccc(O)cc4OC2=O,median,8.23657200643706,6.60554831917378
TRAIN1513,Cc1cc(F)ccc1C2=C(Oc3ccc(\C=C\C(=O)O)cc3)c4ccc(O)cc4OC2=O,median,9.39794000867204,6.56383735295924
TRAIN1514,Cc1cc(OC(F)(F)F)ccc1C2=C(Oc3ccc(\C=C\C(=O)O)cc3)c4ccc(O)cc4OC2=O,median,9.30102999566398,6.56863623584101
TRAIN1515,Cc1cc(F)ccc1C2=C(Nc3ccc(\C=C\C(=O)O)cc3)c4ccc(O)cc4OC2=O,median,7.60205999132796,6.567833472483301
TRAIN1516,CN(C1=C(C(=O)Oc2cc(O)ccc12)c3ccc(F)cc3C)c4ccc(\C=C\C(=O)O)cc4,median,8.00436480540245,6.60730304674033
TRAIN1517,Cc1cc(F)ccc1C2=C(Cc3ccc(\C=C\C(=O)O)cc3)c4c(F)cc(O)cc4OC2=O,median,8.88605664769316,6.60730304674033
TRAIN1518,Cc1cc(F)ccc1C2=C(Oc3ccc(\C=C\C(=O)O)cc3)c4cc(F)c(O)cc4OC2=O,median,8.13076828026902,6.60554831917378
TRAIN1519,Cc1cc(F)ccc1C2=C(Oc3ccc(\C=C\C(=O)O)cc3)c4ccc(O)c(F)c4OC2=O,median,8.49485002168009,6.567833472483301
TRAIN1520,Cc1cc2C(=C(C(=O)Oc2cc1O)c3ccc(OC(F)(F)F)cc3)Cc4ccc(\C=C\C(=O)O)cc4,median,8.0,6.60554831917378
TRAIN1521,Cc1c(O)ccc2C(=C(C(=O)Oc12)c3ccc(OC(F)(F)F)cc3)Cc4ccc(\C=C\C(=O)O)cc4,median,6.55284196865778,6.60554831917378
TRAIN1522,OC(=O)\C=C\c1ccc(CC2=C(C(=O)Oc3ccccc23)c4ccc(OC(F)(F)F)cc4)cc1,median,6.44369749923271,6.60730304674033
TRAIN1523,Cc1cc(F)ccc1C2=C(Cc3ccc(\C=C\C(=O)O)cc3)c4ccc(CO)cc4OC2=O,median,7.0,6.60730304674033
TRAIN1524,Cc1cc(F)ccc1C2=C(Cc3ccc(\C=C\C(=O)O)cc3)c4ccc(cc4OC2=O)C(F)F,median,6.4089353929735,6.56383735295924
TRAIN1525,COc1ccc2C(=C(C(=O)Oc2c1)c3ccc(OC(F)(F)F)cc3)Cc4ccc(\C=C\C(=O)O)cc4,median,5.95860731484177,6.56863623584101
TRAIN1526,OC(=O)\C=C\c1ccc(CC2=C(C(=O)Oc3cc(F)ccc23)c4ccc(OC(F)(F)F)cc4)cc1,median,5.23657200643706,6.56383735295924
TRAIN1527,Cc1cc(F)ccc1C2=C(Oc3ccc(\C=C\C(=O)O)cc3)c4ccccc4OC2=O,median,7.14266750356873,6.60554831917378
TRAIN1528,Cc1cc(OC(F)(F)F)ccc1C2=C(Oc3ccc(\C=C\C(=O)O)cc3)c4ccccc4OC2=O,median,7.82390874094432,6.60554831917378
TRAIN1529,Cc1cc(OC(F)(F)F)ccc1C2=C(Oc3ccc(\C=C\C(=O)O)cc3)c4ccc(cc4OC2=O)C(F)F,median,7.30102999566398,6.567833472483301
TRAIN1530,CCOc1ccc2C(=C(C(=O)Oc2c1)c3ccc(OC(F)(F)F)cc3C)Oc4ccc(\C=C\C(=O)O)cc4,median,7.30102999566398,6.56863623584101
TRAIN1531,Cc1cc(F)ccc1C2=C(Cc3ccc(\C=C\C(=O)O)cc3)c4ccc(N)cc4OC2=O,median,5.86012091359876,6.56383735295924
TRAIN1532,C[C@@H](N1C(=O)O[C@@](Cc2ccccc2)(C1=O)c3nc4cc(Cl)ccc4[nH]3)c5ccc(F)cc5,median,5.48148606012211,6.56383735295924
TRAIN1533,C[C@@H](N1C(=O)O[C@@](Cc2ccccc2)(C1=O)c3nc4cc(ccc4[nH]3)C(F)(F)F)c5ccc(F)cc5,median,5.52287874528034,6.567833472483301
TRAIN1534,C[C@@H](N1C(=O)O[C@@](Cc2ccccc2)(C1=O)c3nc4cc(NS(=O)(=O)C)ccc4[nH]3)c5ccc(F)cc5,median,4.76955107862173,6.567833472483301
TRAIN1535,C[C@@H](N1C(=O)O[C@@](Cc2ccccc2)(C1=O)c3nc4cc(ccc4[nH]3)c5cc[nH]n5)c6ccc(F)cc6,median,5.20065945054642,6.567833472483301
TRAIN1536,C[C@@H](N1C(=O)O[C@@](Cc2ccccc2)(C1=O)c3nc4cc(ccc4[nH]3)c5conc5C)c6ccc(F)cc6,median,5.30980391997149,6.56863623584101
TRAIN1537,C[C@@H](N1C(=O)O[C@@](Cc2ccccc2)(C1=O)c3nc4cc(ccc4[nH]3)N5CCOCC5)c6ccc(F)cc6,median,5.21467016498923,6.60554831917378
TRAIN1538,C[C@@H](N1C(=O)O[C@@](Cc2ccccc2)(C1=O)c3nc4cc(ccc4[nH]3)c5cccnc5)c6ccc(F)cc6,median,5.10237290870956,6.56863623584101
TRAIN1539,CC\C(=C(\c1ccc(\C=C\C(=O)O)cc1)/c2ccc3[nH]ncc3c2)\c4ccc(F)cc4Cl,median,8.21467016498923,6.60554831917378
TRAIN1540,CCCCCCNCCOc1ccc(cc1)\C(=C(\CC)/c2ccccc2)\c3ccc(O)cc3,median,6.82102305270683,6.567833472483301
TRAIN1541,CCCCCCCCNCCOc1ccc(cc1)\C(=C(\CC)/c2ccccc2)\c3ccc(O)cc3,median,7.27572413039921,6.60730304674033
TRAIN1542,CCCCCCCCCCNCCOc1ccc(cc1)\C(=C(\CC)/c2ccccc2)\c3ccc(O)cc3,median,8.44369749923271,6.56383735295924
TRAIN1543,CCCCCCCCCCCCNCCOc1ccc(cc1)\C(=C(\CC)/c2ccccc2)\c3ccc(O)cc3,median,7.85387196432176,6.60554831917378
TRAIN1544,CCCCCCCCCCCCCCNCCOc1ccc(cc1)\C(=C(\CC)/c2ccccc2)\c3ccc(O)cc3,median,7.95860731484177,6.56863623584101
TRAIN1545,CCCCCCCCCCCCCCCCNCCOc1ccc(cc1)\C(=C(\CC)/c2ccccc2)\c3ccc(O)cc3,median,8.31875876262441,6.60554831917378
TRAIN1546,CCCCCCCCCCCCCCCCCCNCCOc1ccc(cc1)\C(=C(\CC)/c2ccccc2)\c3ccc(O)cc3,median,4.0,6.567833472483301
TRAIN1547,CC\C(=C(/c1ccc(O)cc1)\c2ccc(OCCNCCCCCCCCCCO)cc2)\c3ccccc3,median,6.67778070526608,6.60730304674033
TRAIN1548,CC\C(=C(/c1ccc(O)cc1)\c2ccc(OCCNCCCCCCCCCCF)cc2)\c3ccccc3,median,8.46852108295774,6.60730304674033
TRAIN1549,Oc1ccc(cc1)C2=C([C@H]3O[C@@H]2C[C@@H]3S(=O)(=O)Oc4ccccc4)c5ccc(O)cc5,median,7.85387196432176,6.60730304674033
TRAIN1550,COC(=O)CCCCCCC(=O)Nc1ccc(OS(=O)(=O)C2CC3OC2C(=C3c4ccc(O)cc4)c5ccc(O)cc5)cc1,median,4.96657624451305,6.60554831917378
TRAIN1551,OC(=O)CCCCCCC(=O)Nc1ccc(OS(=O)(=O)C2CC3OC2C(=C3c4ccc(O)cc4)c5ccc(O)cc5)cc1,median,7.30102999566398,6.56383735295924
TRAIN1552,OC(=O)CCCCCCC(=O)Nc1ccc(cc1)C2=C(C3CC(C2O3)S(=O)(=O)Oc4ccccc4)c5ccc(O)cc5,median,5.91721462968355,6.56383735295924
TRAIN1553,Cc1ccc(OS(=O)(=O)C2CC3OC2C(=C3c4ccc(O)cc4)c5ccc(NC(=O)CCCCCCC(=O)O)cc5)cc1,median,5.96657624451305,6.60554831917378
TRAIN1554,COc1ccc(OS(=O)(=O)C2CC3OC2C(=C3c4ccc(O)cc4)c5ccc(NC(=O)CCCCCCC(=O)O)cc5)cc1,median,3.93704216591549,6.567833472483301
TRAIN1555,Cc1ccccc1OS(=O)(=O)C2CC3OC2C(=C3c4ccc(O)cc4)c5ccc(NC(=O)CCCCCCC(=O)O)cc5,median,6.33724216831843,6.60554831917378
TRAIN1556,OC(=O)CCCCCCC(=O)Nc1ccc(cc1)C2=C(C3CC(C2O3)S(=O)(=O)Oc4ccccc4O)c5ccc(O)cc5,median,6.85387196432176,6.60554831917378
TRAIN1557,OC(=O)CCCCCCC(=O)Nc1ccc(cc1)C2=C(C3CC(C2O3)S(=O)(=O)Oc4ccc(Br)cc4)c5ccc(O)cc5,median,5.76955107862173,6.56863623584101
TRAIN1558,OC(=O)CCCCCCC(=O)Nc1ccc(cc1)C2=C(C3CC(C2O3)S(=O)(=O)Oc4ccc(cc4)C(F)(F)F)c5ccc(O)cc5,median,6.10237290870956,6.567833472483301
TRAIN1559,OC(=O)CCCCCCC(=O)Nc1ccc(cc1)C2=C(C3CC(C2O3)S(=O)(=O)Oc4ccccc4C(F)(F)F)c5ccc(O)cc5,median,6.19382002601611,6.56863623584101
TRAIN1560,OC(=O)CCCCCCC(=O)Nc1ccc(cc1)C2=C(C3CC(C2O3)S(=O)(=O)Oc4cccc5ccccc45)c6ccc(O)cc6,median,6.88605664769316,6.60554831917378
TRAIN1561,OC(=O)CCCCCCC(=O)Nc1ccc(cc1)C2=C(C3CC(C2O3)S(=O)(=O)Oc4ccc5ccccc5c4)c6ccc(O)cc6,median,6.03621217265444,6.567833472483301
TRAIN1562,ONC(=O)CCCCCCC(=O)Nc1ccc(cc1)C2=C(C3CC(C2O3)S(=O)(=O)Oc4ccc5ccccc5c4)c6ccc(O)cc6,median,6.79588001734407,6.56863623584101
TRAIN1563,CC[C@H](C)[C@@H]1NC(=O)[C@@H](CSSC[C@H](NC(=O)[C@H](CC(C)C)NC1=O)C(=O)N[C@@H](CCCNC(=N)N)C(=O)N[C@@H](CC(C)C)C(=O)N[C@@H](CC(C)C)C(=O)N[C@@H](CCC(=O)N)C(=O)NCC(=O)NCC(=O)NCC(=O)N[C@@H](CCCNC(=N)N)C(=O)N[C@@H](CCCNC(=N)N)C(=O)N[C@@H](CCCNC(=N)N)C(=O)N[C@@H](CCCNC(=N)N)C(=O)N[C@@H](CCCNC(=N)N)C(=O)N[C@@H](CCCNC(=N)N)C(=O)N[C@@H](CCCNC(=N)N)C(=O)N)NC(=O)[C@@H](N)CCCCN,median,6.12551818230053,6.567833472483301
TRAIN1564,CC[C@H](C)[C@@H]1NC(=O)[C@@H](C\C=C/C[C@H](NC(=O)[C@H](CC(C)C)NC1=O)C(=O)N[C@@H](CCCNC(=N)N)C(=O)NC(CC(C)(C)C)C(=O)N[C@@H](CC(C)C)C(=O)N[C@@H](CCC(=O)N)C(=O)N)NC(=O)[C@@H](N)CCCNC(=N)N,median,6.95860731484177,6.567833472483301
TRAIN1565,CC[C@H](C)[C@@H]1NC(=O)[C@@H](C\C=C\C[C@H](NC(=O)[C@H](CC(C)C)NC1=O)C(=O)N[C@@H](CCCNC(=N)N)C(=O)NC(CC(C)(C)C)C(=O)N[C@@H](CC(C)C)C(=O)N[C@@H](CCC(=O)N)C(=O)N)NC(=O)[C@@H](N)CCCNC(=N)N,median,6.4089353929735,6.56383735295924
TRAIN1566,CC[C@H](C)[C@H](NC(=O)C(CC)NC(=O)[C@@H](N)CCCNC(=N)N)C(=O)N[C@@H](CC(C)C)C(=O)NC(CC)C(=O)N[C@@H](CCCNC(=N)N)C(=O)NC(CC(C)(C)C)C(=O)N[C@@H](CC(C)C)C(=O)NCC(=O)N,median,6.17392519729917,6.60554831917378
TRAIN1567,CC[C@H](C)[C@H](NC(=O)[C@H](Cc1cnc[nH]1)NC(=O)[C@@H](N)CCCNC(=N)N)C(=O)N[C@@H](CC(C)C)C(=O)NC(CC)C(=O)N[C@@H](CCCNC(=N)N)C(=O)NC(CC(C)(C)C)C(=O)N[C@@H](CC(C)C)C(=O)N[C@@H](CCC(=O)N)C(=O)N,median,6.20760831050175,6.60730304674033
TRAIN1568,CC[C@H](C)[C@@H]1NC(=O)[C@@H](CSSC[C@H](NC(=O)[C@H](CC(C)C)NC1=O)C(=O)N[C@@H](CCCNC(=N)N)C(=O)NC(CC(C)(C)C)C(=O)N[C@@H](CC(C)C)C(=O)N[C@@H](CCC(=O)N)C(=O)N)NC(=O)[C@@H](N)CCCNC(=N)N,median,7.88605664769316,6.60730304674033
TRAIN1569,CC[C@H](C)[C@@H]1NC(=O)[C@@H](CSSC[C@H](NC(=O)[C@H](CC(C)C)NC1=O)C(=O)N[C@@H](CCCNC(=N)N)C(=O)N[C@@H](CC(C)C)C(=O)N[C@@H](CC(C)C)C(=O)N[C@@H](CCC(=O)N)C(=O)N)NC(=O)[C@@H](N)CCCCN,median,7.45593195564972,6.56863623584101
TRAIN1570,C[C@@H]1Cc2c([nH]c3ccccc23)[C@H](N1CC(C)(C)F)c4c(F)cc(\C=C\C(=O)O)cc4F,median,9.86012091359876,6.567833472483301
TRAIN1571,C[C@@H]1Cc2c([nH]c3ccccc23)[C@H](N1CC(C)(C)F)c4ccc(\C=C\C(=O)O)cc4,median,9.07001940948449,6.60554831917378
TRAIN1572,CC(C)CN1[C@H](C)Cc2c([nH]c3ccccc23)[C@H]1c4c(F)cc(\C=C\C(=O)O)cc4F,median,9.3799681048737,6.60730304674033
TRAIN1573,CC(C)CN1[C@H](C)Cc2c([nH]c3ccccc23)[C@H]1c4ccc(\C=C\C(=O)O)cc4,median,8.68006156001969,6.567833472483301
TRAIN1574,C[C@@H](CO)CN1[C@H](C)Cc2c([nH]c3ccccc23)[C@H]1c4ccc(\C=C\C(=O)O)cc4,median,7.33998877871067,6.56383735295924
TRAIN1575,C[C@H](CO)CN1[C@H](C)Cc2c([nH]c3ccccc23)[C@H]1c4ccc(\C=C\C(=O)O)cc4,median,7.3300326300915,6.567833472483301
TRAIN1576,C[C@@H]1Cc2c([nH]c3ccccc23)[C@H](N1CCO)c4ccc(\C=C\C(=O)O)cc4,median,5.8799989255316,6.567833472483301
TRAIN1577,C[C@@H](CN1[C@H](C)Cc2c([nH]c3ccccc23)[C@H]1c4ccc(Cl)cc4)C(=O)O,median,7.51999305704285,6.60730304674033
TRAIN1578,C[C@@H]1Cc2c([nH]c3ccc(O)cc23)[C@H](N1CCO)c4ccc(Cl)cc4,median,7.36001575195841,6.56383735295924
TRAIN1579,C[C@@H]1Cc2c([nH]c3ccccc23)[C@H](N1CCC(=O)O)c4ccc(Cl)cc4,median,6.10999838681536,6.60730304674033
TRAIN1580,C[C@@H]1Cc2c([nH]c3ccccc23)[C@H](N1CCO)c4ccc(Cl)cc4,median,7.07001940948449,6.56863623584101
TRAIN1581,OC(=O)CCN1CCc2c([nH]c3ccccc23)C1c4ccc(Cl)cc4,median,5.43000026779606,6.567833472483301
TRAIN1582,OCCN1CCc2c([nH]c3ccccc23)C1c4ccc(Cl)cc4,median,5.92999909619765,6.56383735295924
TRAIN1583,CCN(Cc1ccc(cc1)C(=O)N2CCc3ccc(OS(=O)(=O)N)cc3C2)Cc4ccccn4,median,5.50863830616573,6.567833472483301
TRAIN1584,CCN(Cc1ccc(cc1)C(=O)N2CCc3ccc(O)cc3C2)Cc4ccccn4,median,4.60906489289662,6.56863623584101
TRAIN1585,Oc1cc(Cc2ccccc2)c3CC(C(=O)Oc3c1)c4ccc(Cl)cc4,median,6.92081875395237,6.60554831917378
TRAIN1586,CCCCCC(O)[C@@H]1C2CC3=C(COC(=C3)\C=C\C)C(=O)[C@]2(C)OC1=O,median,4.79588001734407,6.567833472483301
TRAIN1587,CCCCN(C)C(=O)CCCCCCCCCC[C@@H]1Cc2cc(O)ccc2[C@H]3CC[C@]4(C)[C@@H](O)CC[C@H]4[C@H]13,median,6.46852108295774,6.567833472483301
TRAIN1588,CC\C(=C(/c1ccccc1)\c2ccc(OCCN(C)C)cc2)\c3ccc(O)cc3,median,7.15490195998574,6.56863623584101
TRAIN1589,C[C@]12CC[C@H]3[C@@H]([C@H](CCCCCCCCCCC(=O)NO)Cc4cc(O)ccc34)[C@@H]1CC[C@@H]2O,median,6.29242982390206,6.56863623584101
TRAIN1590,C[C@]12CC[C@H]3[C@@H]([C@H](CCCCCCCCCCC(=O)Nc4ccccc4N)Cc5cc(O)ccc35)[C@@H]1CC[C@@H]2O,median,6.67778070526608,6.60730304674033
TRAIN1591,CCCCN(O)C(=O)CCCCCCCCCC[C@@H]1Cc2cc(O)ccc2[C@H]3CC[C@]4(C)[C@@H](O)CC[C@H]4[C@H]13,median,5.59345981956604,6.60554831917378
TRAIN1592,CCCCN(O)C(=O)c1cccc(NC(=O)CCCCCS[C@@H]2Cc3cc(O)ccc3[C@H]4CC[C@]5(C)[C@@H](O)CC[C@H]5[C@H]24)c1,median,7.30102999566398,6.56383735295924
TRAIN1593,CN(C)CCOc1ccc(cc1)\C(=C(/C)\c2ccccc2)\c3ccc(O)cc3,median,8.88605664769316,6.60554831917378
TRAIN1594,C\C(=C(\c1ccc(O)cc1)/c2ccc(OCCN3CCCC3)cc2)\c4ccccc4,median,9.09691001300806,6.60554831917378
TRAIN1595,C\C(=C(\c1ccc(O)cc1)/c2ccc(OCCN3CCCCC3)cc2)\c4ccccc4,median,9.39794000867204,6.56383735295924
TRAIN1596,CN(C)CCOc1ccc(cc1)\C(=C(\C)/c2ccccc2)\c3ccc(OC(=O)C)cc3,median,7.65757731917779,6.567833472483301
TRAIN1597,CCCC(=O)Oc1ccc(cc1)\C(=C(\C)/c2ccccc2)\c3ccc(OCCN(C)C)cc3,median,7.46218090492673,6.60730304674033
TRAIN1598,CCCCCCCCCC(=O)Oc1ccc(cc1)\C(=C(\C)/c2ccccc2)\c3ccc(OCCN(C)C)cc3,median,7.49620931694282,6.56863623584101
TRAIN1599,CC(=O)Oc1ccc(cc1)\C(=C(\C)/c2ccccc2)\c3ccc(OCCN4CCCC4)cc3,median,8.11350927482752,6.60554831917378
TRAIN1600,CCCC(=O)Oc1ccc(cc1)\C(=C(\C)/c2ccccc2)\c3ccc(OCCN4CCCC4)cc3,median,7.56703070912559,6.60730304674033
TRAIN1601,CCCCCCCCCC(=O)Oc1ccc(cc1)\C(=C(\C)/c2ccccc2)\c3ccc(OCCN4CCCC4)cc3,median,7.31515463835559,6.567833472483301
TRAIN1602,CC(=O)Oc1ccc(cc1)\C(=C(\C)/c2ccccc2)\c3ccc(OCCN4CCCCC4)cc3,median,7.90657831483776,6.60554831917378
TRAIN1603,CCCC(=O)Oc1ccc(cc1)\C(=C(\C)/c2ccccc2)\c3ccc(OCCN4CCCCC4)cc3,median,7.47755576649368,6.60730304674033
TRAIN1604,CCCCCCCCCC(=O)Oc1ccc(cc1)\C(=C(\C)/c2ccccc2)\c3ccc(OCCN4CCCCC4)cc3,median,7.09151498112135,6.56383735295924
TRAIN1605,CC(C)CN1CCc2cc(O)ccc2[C@]1(C)c3ccc(\C=C\C(=O)O)cc3,median,6.22914798835786,6.60554831917378
TRAIN1606,CC(C)(F)CN1[C@H](c2ccc(\C=C\C(=O)O)cc2)c3ccc(O)cc3CC1(C)C,median,8.18708664335714,6.56383735295924
TRAIN1607,C[C@H](CF)CN1[C@@H](c2ccc(O)cc2CC1(C)C)c3c(F)cc(\C=C\C(=O)O)cc3F,median,8.79588001734407,6.56383735295924
TRAIN1608,C[C@H](CF)CN1[C@H](c2ccc(\C=C\C(=O)O)cc2)c3ccc(O)cc3CC1(C)C,median,8.88605664769316,6.60730304674033
TRAIN1609,COC[C@H](C)CN1[C@@H](c2ccc(O)cc2CC1(C)C)c3c(F)cc(\C=C\C(=O)O)cc3F,median,8.00436480540245,6.567833472483301
TRAIN1610,CC(C)CN1[C@@H](c2ccc(O)cc2CC1(C)C)c3c(F)cc(\C=C\C(=O)O)cc3F,median,8.79588001734407,6.60554831917378
TRAIN1611,C[C@@H]1Cc2cc(O)ccc2[C@H](N1c3ccc(OC(F)(F)F)cc3)c4ccc(\C=C\C(=O)O)cc4,median,8.21467016498923,6.60554831917378
TRAIN1612,C[C@@H]1Cc2cc(O)ccc2[C@H](N1CC(C)(C)F)c3c(F)cc(\C=C\C(=O)O)cc3F,median,9.60205999132796,6.60554831917378
TRAIN1613,C[C@H](CF)CN1[C@H](C)Cc2cc(O)ccc2[C@H]1c3c(F)cc(\C=C\C(=O)O)cc3F,median,9.431798275933,6.567833472483301
TRAIN1614,C[C@H](CF)CN1[C@H](C)Cc2cc(O)ccc2[C@H]1c3ccc(\C=C\C(=O)O)cc3,median,9.39794000867204,6.60554831917378
TRAIN1615,COC[C@H](C)CN1[C@H](C)Cc2cc(O)ccc2[C@H]1c3c(F)cc(\C=C\C(=O)O)cc3F,median,8.92081875395237,6.56863623584101
TRAIN1616,COC[C@H](C)CN1[C@H](C)Cc2cc(O)ccc2[C@H]1c3ccc(\C=C\C(=O)O)cc3,median,8.23657200643706,6.56383735295924
TRAIN1617,COc1ccc2[C@H](N(CC(C)C)[C@H](C)Cc2c1)c3ccc(\C=C\C(=O)O)cc3,median,6.79588001734407,6.567833472483301
TRAIN1618,CC(C)CN1[C@H](C)Cc2ccccc2[C@H]1c3ccc(\C=C\C(=O)O)cc3,median,7.08618614761628,6.567833472483301
TRAIN1619,CC(C)CN1CCc2cc(O)c(C)cc2[C@H]1c3ccc(\C=C\C(=O)O)cc3,median,7.36653154442041,6.567833472483301
TRAIN1620,CC(C)CN1CCc2c(C)c(O)ccc2[C@H]1c3ccc(\C=C\C(=O)O)cc3,median,6.76955107862173,6.60554831917378
TRAIN1621,CC(C)CN1[C@H](c2ccc(\C=C\C(=O)O)cc2)c3ccc(O)cc3CC1(C)C,median,8.15490195998574,6.60554831917378
TRAIN1622,CC(C)CN1[C@H](C)Cc2cc(O)ccc2[C@@]1(C)c3ccc(\C=C\C(=O)O)cc3,median,8.25963731050576,6.60730304674033
TRAIN1623,CC(C)CN1[C@H](C)Cc2cc(O)ccc2[C@H]1c3ccc(\C=C\C(=O)O)cc3,median,8.88605664769316,6.56383735295924
TRAIN1624,CC(C)CN1CCc2cc(O)ccc2[C@@]1(C)c3ccc(\C=C\C(=O)O)cc3,median,7.95860731484177,6.60554831917378
TRAIN1625,CC(C)CN1CCc2cc(O)ccc2[C@@H]1c3ccc(\C=C\C(=O)O)cc3,median,7.3767507096021,6.60730304674033
TRAIN1626,CC(C)CN1CCc2cc(O)ccc2[C@H]1c3ccc(\C=C\C(=O)O)cc3,median,8.35654732351381,6.60730304674033
TRAIN1627,OC(=O)\C=C\c1ccc(cc1)C2N(CCc3cc(O)ccc23)c4ccc(OC(F)(F)F)cc4,median,7.45593195564972,6.60554831917378
TRAIN1628,OC(=O)\C=C\c1ccc(cc1)C2N(Cc3ccccc3)CCc4cc(O)ccc24,median,7.04575749056067,6.60730304674033
TRAIN1629,OC(=O)\C=C\c1ccc(cc1)C2N(CCc3cc(O)ccc23)c4ccccc4,median,7.14874165128092,6.56383735295924
TRAIN1630,CC(C)CN1[C@@H](c2ccc(\C=C\C(=O)O)cc2)c3ccc(O)cc3CC1(C)C,median,6.01772876696043,6.56383735295924
TRAIN1631,CCCCCCNCCOc1ccc(cc1)C(=O)c2c(sc3cc(O)ccc23)c4ccc(O)cc4,median,7.21467016498923,6.56383735295924
TRAIN1632,CCCCCCCCNCCOc1ccc(cc1)C(=O)c2c(sc3cc(O)ccc23)c4ccc(O)cc4,median,7.30980391997149,6.60730304674033
TRAIN1633,CCCCCCCCCCNCCOc1ccc(cc1)C(=O)c2c(sc3cc(O)ccc23)c4ccc(O)cc4,median,7.39794000867204,6.60730304674033
TRAIN1634,CCCCCCCCCCCCNCCOc1ccc(cc1)C(=O)c2c(sc3cc(O)ccc23)c4ccc(O)cc4,median,8.22914798835786,6.567833472483301
TRAIN1635,CCCCCCCCCCCCCCNCCOc1ccc(cc1)C(=O)c2c(sc3cc(O)ccc23)c4ccc(O)cc4,median,7.55284196865778,6.56383735295924
TRAIN1636,CCCCCCCCCCCCCCCCNCCOc1ccc(cc1)C(=O)c2c(sc3cc(O)ccc23)c4ccc(O)cc4,median,7.95860731484177,6.56383735295924
TRAIN1637,CCCCCCCCCCCCCCCCCCNCCOc1ccc(cc1)C(=O)c2c(sc3cc(O)ccc23)c4ccc(O)cc4,median,8.74472749489669,6.56863623584101
TRAIN1638,CCc1ccc2c(c1)C(Cc3cc(O)cc(C)c23)c4ccc(OCCN5CCOCC5)cc4,median,8.04575749056067,6.567833472483301
TRAIN1639,CNCCCCCCCCCCCCn1c(c(C)c2cc(O)ccc12)c3ccc(O)cc3,median,6.42021640338319,6.60730304674033
TRAIN1640,Cc1c(c2ccc(O)cc2)n(CCCCn3c(c(C)c4cc(O)ccc34)c5ccc(O)cc5)c6ccc(O)cc16,median,6.36051351073141,6.567833472483301
TRAIN1641,COc1ccc(\C=C(\C(=O)N(C)CCCCCCCCCCCCn2c(c(C)c3cc(O)ccc23)c4ccc(O)cc4)/c5cc(OC)c(OC)c(OC)c5)cc1O,median,6.24108810760203,6.60730304674033
TRAIN1642,CN1CCN(CCOc2ccc(cc2)N3C(=O)c4cc(O)ccc4C5=C3c6ccc(O)cc6C5=O)CC1,median,4.97469413473523,6.60730304674033
TRAIN1643,Oc1ccc2C3=C(N(C(=O)c2c1)c4ccc(OCCN5CCOCC5)cc4)c6ccc(O)cc6C3=O,median,4.70333480973847,6.56383735295924
TRAIN1644,Oc1ccc2C3=C(N(C(=O)c2c1)c4ccc(OCCN5CCCCC5)cc4)c6ccc(O)cc6C3=O,median,5.46852108295774,6.60730304674033
TRAIN1645,Oc1ccc2C3=C(N(C(=O)c2c1)c4ccc(OCCN5CCCC5)cc4)c6ccc(O)cc6C3=O,median,5.14266750356873,6.56863623584101
TRAIN1646,CCN(CC)CCOc1ccc(cc1)N2C(=O)c3cc(O)ccc3C4=C2c5ccc(O)cc5C4=O,median,5.17392519729917,6.60554831917378
TRAIN1647,CN(C)CCOc1ccc(cc1)N2C(=O)c3cc(O)ccc3C4=C2c5ccc(O)cc5C4=O,median,5.11918640771921,6.60730304674033
TRAIN1648,COc1ccc2C3=C(N(C(=O)c2c1)c4ccc(OCCCN5CCN(C)CC5)cc4)c6ccc(OC)cc6C3=O,median,4.45345733652187,6.567833472483301
TRAIN1649,COc1ccc2C3=C(N(C(=O)c2c1)c4ccc(OCCCN5CCCCC5)cc4)c6ccc(OC)cc6C3=O,median,4.41680122603138,6.56863623584101
TRAIN1650,COc1ccc2C3=C(N(C(=O)c2c1)c4ccc(OCCCN5CCCC5)cc4)c6ccc(OC)cc6C3=O,median,4.39469495385889,6.567833472483301
TRAIN1651,CCN(CC)CCCOc1ccc(cc1)N2C(=O)c3cc(OC)ccc3C4=C2c5ccc(OC)cc5C4=O,median,4.40011692792631,6.60554831917378
TRAIN1652,COc1ccc2C3=C(N(C(=O)c2c1)c4ccc(OCCCN(C)C)cc4)c5ccc(OC)cc5C3=O,median,4.40450377817443,6.56863623584101
TRAIN1653,COc1ccc2C3=C(N(C(=O)c2c1)c4ccc(OCCN5CCN(C)CC5)cc4)c6ccc(OC)cc6C3=O,median,4.63264407897398,6.56863623584101
TRAIN1654,COc1ccc2C3=C(N(C(=O)c2c1)c4ccc(OCCN5CCCCC5)cc4)c6ccc(OC)cc6C3=O,median,4.60380065290426,6.60554831917378
TRAIN1655,COc1ccc2C3=C(N(C(=O)c2c1)c4ccc(OCCN5CCCC5)cc4)c6ccc(OC)cc6C3=O,median,4.75202673363819,6.567833472483301
TRAIN1656,CCN(CC)CCOc1ccc(cc1)N2C(=O)c3cc(OC)ccc3C4=C2c5ccc(OC)cc5C4=O,median,4.7281583934635,6.60554831917378
TRAIN1657,COc1ccc2C3=C(N(C(=O)c2c1)c4ccc(OCCN(C)C)cc4)c5ccc(OC)cc5C3=O,median,4.61261017366127,6.60554831917378
TRAIN1658,CCN(CC)CCOc1ccc(cc1)\C(=C(\CCCO)/c2ccccc2)\c3ccc(O)cc3,median,6.05799194697769,6.60554831917378
TRAIN1659,CN(C)CCCOc1ccc(cc1)\C(=C(\CCCO)/c2ccccc2)\c3ccc(O)cc3,median,6.00436480540245,6.60730304674033
TRAIN1660,CNCCOc1ccc(cc1)\C(=C(\CCCO)/c2ccccc2)\c3ccc(O)cc3,median,5.47625353318844,6.56383735295924
TRAIN1661,CN(C)CCOc1ccc(cc1)\C(=C(\CCCF)/c2ccccc2)\c3ccc(O)cc3,median,7.69897000433602,6.60730304674033
TRAIN1662,CN(C)CCOc1ccc(cc1)\C(=C(\CCC(F)F)/c2ccccc2)\c3ccc(O)cc3,median,5.76955107862173,6.60554831917378
TRAIN1663,N#C\C(=C(/c1ccccc1)\c2ccc(OCCN3CCOCC3)cc2)\c4ccccc4,median,6.64975198166584,6.567833472483301
TRAIN1664,N#C\C(=C(\c1ccccc1)/c2ccc(OCCN3CCOCC3)cc2)\c4ccccc4,median,7.01322826573375,6.567833472483301
TRAIN1665,CN(C)CCOc1ccc(cc1)C(=C(C#N)c2ccccc2)c3ccccc3,median,7.06550154875643,6.60730304674033
TRAIN1666,N#CC(=C(c1ccc(OCCN2CCOCC2)cc1)c3ccc(OCCN4CCOCC4)cc3)c5ccccc5,median,6.2572748686953,6.56863623584101
TRAIN1667,CC\C(=C(/c1ccccc1)\c2ccc(\C=C\C(=O)O)cc2)\c3ccc(O)cc3,median,6.65757731917779,6.60554831917378
TRAIN1668,Cc1c(c2ccc3OCOc3c2)n(Cc4ccc(OCCN5CCCCC5)cc4)c6ccc(O)cc16,median,7.15490195998574,6.56383735295924
TRAIN1669,CC(C)Oc1ccc(cc1)c2c(C)c3cc(O)ccc3n2Cc4ccc(OC5C=CC=C5)cc4,median,7.09691001300806,6.60730304674033
TRAIN1670,Cc1c(c2ccccc2)n(Cc3ccc(OCCN4CCCCC4)cc3)c5ccccc15,median,6.34678748622466,6.60730304674033
TRAIN1671,Cc1c(c2ccc(O)cc2)n(Cc3ccc(OCCN4CCCCC4)cc3)c5ccccc15,median,6.92081875395237,6.56863623584101
TRAIN1672,Cc1c(c2ccccc2)n(Cc3ccc(OCCN4CCCCC4)cc3)c5ccc(O)cc15,median,7.52287874528034,6.567833472483301
TRAIN1673,COc1ccc2c(c1)c(C)c(c3ccc(O)cc3)n2Cc4ccc(OCCN5CCCCC5)cc4,median,6.45593195564972,6.56863623584101
TRAIN1674,COc1ccc(cc1)c2c(C)c3cc(O)ccc3n2Cc4ccc(OCCN5CCCCC5)cc4,median,6.52287874528034,6.56863623584101
TRAIN1675,COc1ccc(cc1)c2c(C)c3cc(OC)ccc3n2Cc4ccc(OCCN5CCCCC5)cc4,median,6.22184874961636,6.56863623584101
TRAIN1676,COc1ccc(cc1)c2c(C)c3cc(OC)ccc3n2Cc4ccc(OCCN5CCCCCC5)cc4,median,6.2839966563652,6.60730304674033
TRAIN1677,CCOc1ccc(cc1)c2c(C)c3cc(O)ccc3n2Cc4ccc(OCCN5CCCCC5)cc4,median,7.20760831050175,6.60554831917378
TRAIN1678,CCOc1ccc(cc1)c2c(C)c3cc(O)ccc3n2Cc4ccc(OCCN5CCCCCC5)cc4,median,7.04575749056067,6.60730304674033
TRAIN1679,Cc1c(c2ccc(O)cc2)n(Cc3ccc(OCCN4CCCCC4)cc3)c5ccc(F)cc15,median,6.69897000433602,6.56863623584101
TRAIN1680,Cc1c(c2ccc(O)cc2)n(Cc3ccc(OCCN4CCCCCCC4)cc3)c5ccc(O)cc15,median,7.52287874528034,6.60554831917378
TRAIN1681,CN(C)CCOc1ccc(Cn2c(c(C)c3cc(O)ccc23)c4ccc(O)cc4)cc1,median,7.22184874961636,6.567833472483301
TRAIN1682,CCN(CC)CCOc1ccc(Cn2c(c(C)c3cc(O)ccc23)c4ccc(O)cc4)cc1,median,7.39794000867204,6.60554831917378
TRAIN1683,CCCN(CCC)CCOc1ccc(Cn2c(c(C)c3cc(O)ccc23)c4ccc(O)cc4)cc1,median,7.09691001300806,6.56383735295924
TRAIN1684,CCCCN(CCCC)CCOc1ccc(Cn2c(c(C)c3cc(O)ccc23)c4ccc(O)cc4)cc1,median,6.69897000433602,6.56383735295924
TRAIN1685,CC(C)N(CCOc1ccc(Cn2c(c(C)c3cc(O)ccc23)c4ccc(O)cc4)cc1)C(C)C,median,7.0,6.567833472483301
TRAIN1686,CCCCN(C)CCOc1ccc(Cn2c(c(C)c3cc(O)ccc23)c4ccc(O)cc4)cc1,median,7.55284196865778,6.567833472483301
TRAIN1687,Cc1c(c2ccc(O)cc2)n(Cc3ccc(OCC[N+](C)(C)C)cc3)c4ccc(O)cc14,median,7.0,6.56383735295924
TRAIN1688,CC1CCCCN1CCOc2ccc(Cn3c(c(C)c4cc(O)ccc34)c5ccc(O)cc5)cc2,median,7.69897000433602,6.56863623584101
TRAIN1689,CC1CCCN(CCOc2ccc(Cn3c(c(C)c4cc(O)ccc34)c5ccc(O)cc5)cc2)C1,median,6.76955107862173,6.56383735295924
TRAIN1690,CC1CCN(CCOc2ccc(Cn3c(c(C)c4cc(O)ccc34)c5ccc(O)cc5)cc2)CC1,median,7.43179827593301,6.56863623584101
TRAIN1691,Cc1c(c2ccc(O)cc2)n(Cc3ccc(OCCN4CCCC(C)(C)C4)cc3)c5ccc(O)cc15,median,6.82390874094432,6.60730304674033
TRAIN1692,C[C@@H]1CCC[C@H](C)N1CCOc2ccc(Cn3c(c(C)c4cc(O)ccc34)c5ccc(O)cc5)cc2,median,7.15490195998574,6.56383735295924
TRAIN1693,Cc1c(c2ccc(O)cc2)n(Cc3ccc(OCCN4CCC(O)CC4)cc3)c5ccc(O)cc15,median,7.32790214206428,6.56383735295924
TRAIN1694,Cc1c(c2ccc(O)cc2)n(Cc3ccc(OCCN4CC5CCC4C5)cc3)c6ccc(O)cc16,median,9.0,6.567833472483301
TRAIN1695,Cc1c(c2ccc(O)cc2)n(Cc3ccc(OCCN4CC5(C)CC4C(C)(C)C5)cc3)c6ccc(O)cc16,median,6.82390874094432,6.56863623584101
TRAIN1696,Cc1c(c2ccc(F)cc2)n(Cc3ccc(OCCN4CCCCC4)cc3)c5ccc(O)cc15,median,7.39794000867204,6.56383735295924
TRAIN1697,Cc1c(c2ccc(F)cc2)n(Cc3ccc(OCCN4CCCCCC4)cc3)c5ccc(O)cc15,median,7.0,6.567833472483301
TRAIN1698,CC(C)Oc1ccc(cc1)c2c(C)c3cc(O)ccc3n2Cc4ccc(OCCN5CCCCC5)cc4,median,7.0,6.567833472483301
TRAIN1699,CC(C)Oc1ccc(cc1)c2c(C)c3cc(O)ccc3n2Cc4ccc(OCCN5CCCCCC5)cc4,median,7.09691001300806,6.60554831917378
TRAIN1700,Cc1c(c2ccc(cc2)C(F)(F)F)n(Cc3ccc(OCCN4CCCCC4)cc3)c5ccc(O)cc15,median,6.76955107862173,6.60554831917378
TRAIN1701,Cc1ccc(cc1)c2c(C)c3cc(O)ccc3n2Cc4ccc(OCCN5CCCCC5)cc4,median,6.95860731484177,6.60730304674033
TRAIN1702,Cc1c(c2ccc(Cl)cc2)n(Cc3ccc(OCCN4CCCCC4)cc3)c5ccc(O)cc15,median,6.95860731484177,6.567833472483301
TRAIN1703,Cc1c(c2cccc(O)c2)n(Cc3ccc(OCCN4CCCCC4)cc3)c5ccc(O)cc15,median,7.72124639904717,6.60554831917378
TRAIN1704,Cc1c(c2cccc(O)c2)n(Cc3ccc(OCCN4CCCCCC4)cc3)c5ccc(O)cc15,median,8.04575749056067,6.60554831917378
TRAIN1705,Cc1c(c2ccc(O)c(F)c2)n(Cc3ccc(OCCN4CCCCC4)cc3)c5ccc(O)cc15,median,8.25963731050576,6.567833472483301
TRAIN1706,Cc1c(c2ccc(O)c(F)c2)n(Cc3ccc(OCCN4CCCCCC4)cc3)c5ccc(O)cc15,median,7.88605664769316,6.60554831917378
TRAIN1707,COc1cccc(c1)c2c(C)c3cc(O)ccc3n2Cc4ccc(OCCN5CCCCC5)cc4,median,6.92081875395237,6.56383735295924
TRAIN1708,Cc1c(c2ccc(OC(F)(F)F)cc2)n(Cc3ccc(OCCN4CCCCC4)cc3)c5ccc(O)cc15,median,7.30102999566398,6.60554831917378
TRAIN1709,Oc1ccc(cc1)c2c(Cl)c3cc(O)ccc3n2Cc4ccc(OCCN5CCCC5)cc4,median,8.39794000867204,6.60730304674033
TRAIN1710,Oc1ccc(cc1)c2c(Cl)c3cc(O)ccc3n2Cc4ccc(OCCN5CCCCC5)cc4,median,7.61978875828839,6.567833472483301
TRAIN1711,Oc1ccc(cc1)c2c(Cl)c3cc(O)ccc3n2Cc4ccc(OCCN5CCCCCC5)cc4,median,7.53760200210104,6.60554831917378
TRAIN1712,Cc1cc(O)ccc1c2c(Cl)c3cc(O)ccc3n2Cc4ccc(OCCN5CCCCC5)cc4,median,7.88605664769316,6.56863623584101
TRAIN1713,CCc1c(c2ccc(O)cc2)n(Cc3ccc(OCCN4CCCCC4)cc3)c5ccc(O)cc15,median,6.82390874094432,6.56383735295924
TRAIN1714,Oc1ccc(cc1)c2c(C#N)c3cc(O)ccc3n2Cc4ccc(OCCN5CCCCC5)cc4,median,7.95860731484177,6.56383735295924
TRAIN1715,Oc1ccc(cc1)c2c(C#N)c3cc(O)ccc3n2Cc4ccc(OCCN5CCCCCC5)cc4,median,7.63827216398241,6.60730304674033
TRAIN1716,Cc1c(c2ccc(O)cc2)n(Cc3ccc(OCCCN4CCCCC4)cc3)c5ccc(O)cc15,median,7.00436480540245,6.56863623584101
TRAIN1717,COc1cc(Cn2c(c(C)c3cc(O)ccc23)c4ccc(O)cc4)ccc1OCCN5CCCCC5,median,7.09691001300806,6.567833472483301
TRAIN1718,COc1cc(Cn2c(c(C)c3cc(O)ccc23)c4ccc(O)cc4)ccc1OCCN5CCCCCC5,median,7.24412514432751,6.56863623584101
TRAIN1719,COCCCCCC[C@@H]1C[C@H]2[C@@H]3CC[C@H](O)C3CC[C@@H]2c4ccc(O)cc14,median,7.15490195998574,6.567833472483301
TRAIN1720,COC[C@@H]1CC2C(CC[C@]3(C)[C@@H](O)CCC23)c4ccc(O)cc14,median,6.30539480106643,6.60730304674033
TRAIN1721,COC[C@@H]1C[C@H]2[C@@H]3CCC(O)C3CC[C@@H]2c4ccc(O)cc14,median,5.64781748188864,6.60554831917378
TRAIN1722,Cc1ccccc1C(=O)c2sc3cc(O)ccc3c2Oc4ccc(\C=C\C(=O)O)cc4,median,7.77728352885242,6.56383735295924
TRAIN1723,Cc1cc(F)ccc1C(=O)c2sc3cc(O)ccc3c2Oc4ccc(\C=C\C(=O)O)cc4,median,8.05551732784983,6.567833472483301
TRAIN1724,Cc1ccc(C(=O)c2sc3cc(O)ccc3c2Oc4ccc(\C=C\C(=O)O)cc4)c(C)c1,median,8.34678748622466,6.56383735295924
TRAIN1725,Cc1cccc(C)c1C(=O)c2sc3cc(O)ccc3c2Oc4ccc(\C=C\C(=O)O)cc4,median,8.3767507096021,6.567833472483301
TRAIN1726,Cc1cc(F)cc(C)c1C(=O)c2sc3cc(O)ccc3c2Oc4ccc(\C=C\C(=O)O)cc4,median,8.50863830616573,6.56383735295924
TRAIN1727,Cc1cc(Cl)cc(C)c1C(=O)c2sc3cc(O)ccc3c2Oc4ccc(\C=C\C(=O)O)cc4,median,8.61978875828839,6.56383735295924
TRAIN1728,CC(C)c1cccc(c1)N2CCc3cc(O)ccc3C2(C)c4ccc(\C=C\C(=O)O)cc4,median,6.33161408331,6.56383735295924
TRAIN1729,CC(C)c1ccccc1N2CCc3cc(O)ccc3C2(C)c4ccc(\C=C\C(=O)O)cc4,median,5.0,6.56863623584101
TRAIN1730,CC1(N(CCc2cc(O)ccc12)c3cccc(F)c3)c4ccc(\C=C\C(=O)O)cc4,median,6.29670862188134,6.60554831917378
TRAIN1731,CC1(N(CCc2cc(O)ccc12)c3ccccc3)c4ccc(\C=C\C(=O)O)cc4,median,6.43651891460559,6.60554831917378
TRAIN1732,CC1(N(CCc2cc(O)ccc12)c3ccc(F)cc3)c4ccc(\C=C\c5oc(CO)nn5)cc4,median,7.36653154442041,6.60554831917378
TRAIN1733,CCCc1oc(\C=C\c2ccc(cc2)C3(C)N(CCc4cc(O)ccc34)c5ccc(F)cc5)nn1,median,7.2518119729938,6.56863623584101
TRAIN1734,Cc1oc(\C=C\c2ccc(cc2)C3(C)N(CCc4cc(O)ccc34)c5ccc(F)cc5)nn1,median,6.94692155651658,6.60730304674033
TRAIN1735,Cn1nnnc1\C=C\c2ccc(cc2)C3(C)N(CCc4cc(O)ccc34)c5ccc(F)cc5,median,5.85108900689064,6.60730304674033
TRAIN1736,Cn1nnc(\C=C\c2ccc(cc2)C3(C)N(CCc4cc(O)ccc34)c5ccc(F)cc5)n1,median,6.94692155651658,6.60730304674033
TRAIN1737,CC1(N(CCc2cc(O)ccc12)c3ccc(F)cc3)c4ccc(\C=C\c5nn[nH]n5)cc4,median,5.98716277529483,6.60730304674033
TRAIN1738,Cn1cncc1\C=C\c2ccc(cc2)C3(C)N(CCc4cc(O)ccc34)c5ccc(F)cc5,median,7.24412514432751,6.56863623584101
TRAIN1739,CC1(N(CCc2cc(O)ccc12)c3ccc(cc3)C(F)(F)F)c4ccc(\C=C\C(=O)O)cc4,median,6.92445303860747,6.56383735295924
TRAIN1740,Cn1cnc(\C=C\c2ccc(cc2)C3(C)N(CCc4cc(O)ccc34)c5ccc(F)cc5)c1,median,5.59108197915322,6.60730304674033
TRAIN1741,CC1(N(CCc2cc(O)ccc12)c3ccc(F)cc3)c4ccc(\C=C\c5cnc[nH]5)cc4,median,7.25963731050576,6.60554831917378
TRAIN1742,CC1(N(CCc2cc(O)ccc12)c3ccc(F)cc3)c4ccc(\C=C\C(=O)NCCC(F)(F)F)cc4,median,7.33724216831843,6.56863623584101
TRAIN1743,CC1(N(CCc2cc(O)ccc12)c3ccc(F)cc3)c4ccc(\C=C\C(=O)NCC(F)F)cc4,median,5.9303319030884,6.567833472483301
TRAIN1744,CNC(=O)\C=C\c1ccc(cc1)C2(C)N(CCc3cc(O)ccc23)c4ccc(F)cc4,median,6.92081875395237,6.56383735295924
TRAIN1745,CC1(N(CCc2cc(O)ccc12)c3ccc(F)cc3)c4ccc(CCC(=O)O)cc4,median,6.65955588515988,6.60730304674033
TRAIN1746,CC1(N(CCc2cc(O)ccc12)c3ccc(F)cc3)c4ccc(\C=C\C(=O)O)cc4,median,6.69464863055338,6.56383735295924
TRAIN1747,CC(C)(C)c1ccc(cc1)N2CCc3cc(O)ccc3C2(C)c4ccc(\C=C\C(=O)O)cc4,median,6.51999305704285,6.60554831917378
TRAIN1748,Cc1ccc(cc1F)N2CCc3cc(O)ccc3C2(C)c4ccc(\C=C\C(=O)O)cc4,median,6.95467702121334,6.60554831917378
TRAIN1749,Cc1ccc(cc1)N2CCc3cc(O)ccc3C2(C)c4ccc(\C=C\C(=O)O)cc4,median,6.68402965454308,6.60554831917378
TRAIN1750,CC(C)c1ccc(cc1)N2CCc3cc(O)ccc3C2(C)c4ccc(\C=C\C(=O)O)cc4,median,7.52287874528034,6.60730304674033
TRAIN1751,CCCCc1ccc(cc1)N2CCc3cc(O)ccc3C2(C)c4ccc(\C=C\C(=O)O)cc4,median,7.63827216398241,6.56863623584101
TRAIN1752,CCCCCc1ccc(cc1)N2CCc3cc(O)ccc3C2(C)c4ccc(\C=C\C(=O)O)cc4,median,7.25963731050576,6.60554831917378
TRAIN1753,CC1(N(CCc2cc(O)ccc12)c3ccc(cc3)C4CC4)c5ccc(\C=C\C(=O)O)cc5,median,7.4089353929735,6.567833472483301
TRAIN1754,CC1(N(CCc2cc(O)ccc12)c3ccc(cc3)C4CCC4)c5ccc(\C=C\C(=O)O)cc5,median,7.27572413039921,6.56863623584101
TRAIN1755,CC(C)Cc1ccc(cc1)N2CCc3cc(O)ccc3C2(C)c4ccc(\C=C\C(=O)O)cc4,median,7.95860731484177,6.56863623584101
TRAIN1756,CC1(N(CCc2cc(O)ccc12)c3ccc(CC4CC4)cc3)c5ccc(\C=C\C(=O)O)cc5,median,8.18708664335714,6.567833472483301
TRAIN1757,CC1(N(CCc2cc(O)ccc12)c3ccc(CC(F)(F)F)cc3)c4ccc(\C=C\C(=O)O)cc4,median,7.56863623584101,6.567833472483301
TRAIN1758,CC(C)c1ccc(cn1)N2CCc3cc(O)ccc3C2(C)c4ccc(\C=C\C(=O)O)cc4,median,5.93629144060858,6.567833472483301
TRAIN1759,CCC(C)c1ccc(cc1)N2CCc3cc(O)ccc3C2(C)c4ccc(\C=C\C(=O)O)cc4,median,6.95078197732982,6.56863623584101
TRAIN1760,CC(C)c1ccc(cc1F)N2CCc3cc(O)ccc3C2(C)c4ccc(\C=C\C(=O)O)cc4,median,6.96657624451305,6.56383735295924
TRAIN1761,CC(C)c1ccc(N2CCc3cc(O)ccc3C2(C)c4ccc(\C=C\C(=O)O)cc4)c(F)c1,median,6.58169870868026,6.60554831917378
TRAIN1762,CC(C)Cc1ccc(N2CCc3cc(O)ccc3C2(C)c4ccc(\C=C\C(=O)O)cc4)c(F)c1,median,8.15490195998574,6.60730304674033
TRAIN1763,CC(C)c1ccc(cc1)N2CCc3cc(O)ccc3C2(c4ccc(\C=C\C(=O)O)cc4)C(F)(F)F,median,6.85698519974591,6.60730304674033
TRAIN1764,CC(C)c1ccc(cc1)N2CCc3cc(O)ccc3[C@]2(c4ccc(\C=C\C(=O)O)cc4)C(F)(F)F,median,6.90308998699194,6.567833472483301
TRAIN1765,CC(C)c1ccc(cc1)N2CCc3cc(O)ccc3[C@@]2(c4ccc(\C=C\C(=O)O)cc4)C(F)(F)F,median,5.94385773794095,6.60554831917378
TRAIN1766,CC(C)c1ccc(cc1)N2CCc3cc(O)ccc3C2(C(F)F)c4ccc(\C=C\C(=O)O)cc4,median,6.95860731484177,6.56383735295924
TRAIN1767,CC(C)c1ccc(cc1)N2CCc3cc(O)ccc3[C@@]2(C(F)F)c4ccc(\C=C\C(=O)O)cc4,median,7.11350927482752,6.56383735295924
TRAIN1768,CC(C)c1ccc(cc1)N2CCc3cc(O)ccc3[C@]2(C(F)F)c4ccc(\C=C\C(=O)O)cc4,median,4.42596873227228,6.60554831917378
TRAIN1769,CC(C)c1ccc(cc1)N2CCc3cc(O)ccc3[C@@]2(C)c4ccc(\C=C\C(=O)O)cc4,median,7.46852108295774,6.567833472483301
TRAIN1770,CC(C)c1ccc(cc1)N2CCc3cc(O)ccc3[C@]2(C)c4ccc(\C=C\C(=O)O)cc4,median,7.56863623584101,6.60554831917378
TRAIN1771,OCCCNC(=O)\C=C\c1ccc(cc1)C(=C2C3CC4CC(CC2C4)C3)c5ccc(O)cc5,median,7.30102999566398,6.56383735295924
TRAIN1772,OC(=O)\C=C\c1ccc(cc1)C(=C2C3CC4CC(CC2C4)C3)c5ccc(O)cc5,median,6.30102999566398,6.56383735295924
TRAIN1773,OCCN(CCO)C(=O)\C=C\c1ccc(cc1)C(=C2C3CC4CC(CC2C4)C3)c5ccc(O)cc5,median,8.67778070526608,6.56383735295924
TRAIN1774,CN(CCO)C(=O)\C=C\c1ccc(cc1)C(=C2C3CC4CC(CC2C4)C3)c5ccc(O)cc5,median,8.26760624017703,6.60730304674033
TRAIN1775,CN(C)CCNC(=O)\C=C\c1ccc(cc1)C(=C2C3CC4CC(CC2C4)C3)c5ccc(O)cc5,median,8.53760200210104,6.56383735295924
TRAIN1776,NCCCNC(=O)\C=C\c1ccc(cc1)C(=C2C3CC4CC(CC2C4)C3)c5ccc(O)cc5,median,7.92081875395237,6.567833472483301
TRAIN1777,NCCNC(=O)\C=C\c1ccc(cc1)C(=C2C3CC4CC(CC2C4)C3)c5ccc(O)cc5,median,8.0,6.56863623584101
TRAIN1778,OCCCCCNC(=O)\C=C\c1ccc(cc1)C(=C2C3CC4CC(CC2C4)C3)c5ccc(O)cc5,median,8.0,6.56383735295924
TRAIN1779,OCCCCNC(=O)\C=C\c1ccc(cc1)C(=C2C3CC4CC(CC2C4)C3)c5ccc(O)cc5,median,8.36653154442041,6.567833472483301
TRAIN1780,OCCNC(=O)\C=C\c1ccc(cc1)C(=C2C3CC4CC(CC2C4)C3)c5ccc(O)cc5,median,8.2518119729938,6.56383735295924
TRAIN1781,CCCCNC(=O)\C=C\c1ccc(cc1)C(=C2C3CC4CC(CC2C4)C3)c5ccc(O)cc5,median,8.04095860767891,6.56863623584101
TRAIN1782,CCCC(CCC)(c1ccc(O)c(C)c1)c2cc(C)c(O)c(O)c2,median,6.56703070912559,6.56863623584101
TRAIN1783,CCCC(CCC)(c1ccc(O)c(C)c1)c2ccc(OCCN(C)C)c(C)c2,median,6.87289520163519,6.60554831917378
TRAIN1784,CCCC(CCC)(c1ccc(OCCN(C)C)c(C)c1)c2ccc(O)c(O)c2,median,6.64781748188864,6.60730304674033
TRAIN1785,CCCC(CCC)(c1ccc(O)c(C)c1)c2ccc(O)c(O)c2,median,6.80134291304558,6.56863623584101
TRAIN1786,CCCC(CCC)(c1ccc(O)cc1)c2ccc(O)c(O)c2,median,7.19928292171761,6.60730304674033
TRAIN1787,CCC(CC)(c1ccc(O)c(C)c1)c2ccc(O)c(O)c2,median,6.17783192063198,6.56863623584101
TRAIN1788,CCC(CC)(c1ccc(O)cc1)c2ccc(O)c(O)c2,median,6.81247927916354,6.567833472483301
TRAIN1789,OC(=O)\C=C\c1ccc(Oc2c(sc3cc(O)ccc23)c4ccc(O)cc4)cc1,median,6.12609840213554,6.56383735295924
TRAIN1790,OC(=O)CCc1ccc(Oc2c(sc3cc(O)ccc23)c4ccc(O)cc4)cc1,median,6.34008379993015,6.60730304674033
TRAIN1791,NC(=O)\C=C\c1ccc(Oc2c(sc3cc(O)ccc23)c4ccc(O)cc4)cc1,median,7.39794000867204,6.567833472483301
TRAIN1792,OC(=O)\C=C\c1ccc(Oc2c(sc3cc(O)ccc23)c4ccccc4C(F)F)cc1,median,7.2839966563652,6.56383735295924
TRAIN1793,COCc1ccccc1c2sc3cc(O)ccc3c2Oc4ccc(\C=C\C(=O)O)cc4,median,6.9100948885606,6.56383735295924
TRAIN1794,C[C@H](O)c1ccccc1c2sc3cc(O)ccc3c2Oc4ccc(\C=C\C(=O)O)cc4,median,6.74714696902011,6.60730304674033
TRAIN1795,CN(C)c1ccccc1c2sc3cc(O)ccc3c2Oc4ccc(\C=C\C(=O)O)cc4,median,6.90657831483776,6.60730304674033
TRAIN1796,Cc1ncccc1c2sc3cc(O)ccc3c2Oc4ccc(\C=C\C(=O)O)cc4,median,6.17457388223218,6.56863623584101
TRAIN1797,OC(=O)\C=C\c1ccc(Oc2c(sc3cc(O)ccc23)c4ccc(F)cc4C(F)(F)F)cc1,median,7.92081875395237,6.60730304674033
TRAIN1798,OC(=O)\C=C\c1ccc(Oc2c(sc3cc(O)ccc23)c4ccccc4C(F)(F)F)cc1,median,7.63827216398241,6.567833472483301
TRAIN1799,Cc1cc(F)ccc1c2sc3cc(O)ccc3c2Oc4ccc(\C=C\C(=O)O)cc4,median,7.10790539730952,6.60554831917378
TRAIN1800,CC(C)c1ccccc1c2sc3cc(O)ccc3c2Oc4ccc(\C=C\C(=O)O)cc4,median,8.22184874961636,6.60730304674033
TRAIN1801,CC(C)(C)c1ccccc1c2sc3cc(O)ccc3c2Oc4ccc(\C=C\C(=O)O)cc4,median,7.44369749923271,6.567833472483301
TRAIN1802,CCc1ccccc1c2sc3cc(O)ccc3c2Oc4ccc(\C=C\C(=O)O)cc4,median,7.44369749923271,6.56863623584101
TRAIN1803,Cc1ccccc1c2sc3cc(O)ccc3c2Oc4ccc(\C=C\C(=O)O)cc4,median,7.05060999335509,6.56863623584101
TRAIN1804,OC(=O)\C=C\c1ccc(Oc2c(sc3cc(O)ccc23)c4ccccc4)cc1,median,5.63714069704132,6.567833472483301
TRAIN1805,OC(=O)\C=C\c1ccc(Oc2c(sc3cc(O)ccc23)c4ccc(cc4)C(F)(F)F)cc1,median,6.02641037657274,6.60554831917378
TRAIN1806,OC(=O)\C=C\c1ccc(Oc2c(sc3cc(O)ccc23)c4ccc(F)cc4)cc1,median,5.73921333134502,6.60730304674033
TRAIN1807,COc1ccc(cc1)c2sc3cc(O)ccc3c2Oc4ccc(\C=C\C(=O)O)cc4,median,6.1890957193313,6.60730304674033
TRAIN1808,Cc1cc(ccc1O)c2sc3cc(O)ccc3c2Oc4ccc(\C=C\C(=O)O)cc4,median,6.48545224733971,6.60730304674033
TRAIN1809,CC\C(=C/c1ccc(Oc2c(sc3cc(O)ccc23)c4ccc(O)cc4)cc1)\C(=O)O,median,6.66554624884907,6.60730304674033
TRAIN1810,C\C(=C/C(=O)O)\c1ccc(Oc2c(sc3cc(O)ccc23)c4ccc(O)cc4)cc1,median,6.5003129173816,6.60730304674033
TRAIN1811,C\C(=C/c1ccc(Oc2c(sc3cc(O)ccc23)c4ccc(O)cc4)cc1)\C(=O)O,median,6.05256627811295,6.567833472483301
TRAIN1812,COc1cc(Oc2c(sc3cc(O)ccc23)c4ccc(O)cc4)ccc1\C=C\C(=O)O,median,5.29929628285498,6.60554831917378
TRAIN1813,Cc1cc(\C=C\C(=O)O)ccc1Oc2c(sc3cc(O)ccc23)c4ccc(O)cc4,median,5.98716277529483,6.60554831917378
TRAIN1814,Cc1cc(Oc2c(sc3cc(O)ccc23)c4ccc(O)cc4)ccc1\C=C\C(=O)O,median,5.89619627904404,6.56863623584101
TRAIN1815,OC(=O)\C=C\c1ccc(Oc2c(sc3cc(O)ccc23)c4ccc(O)cc4)cn1,median,5.11069829749369,6.56383735295924
TRAIN1816,Cn1cnc(\C=C\c2ccc(Oc3c(sc4cc(O)ccc34)c5ccc(O)cc5)cc2)c1,median,6.90308998699194,6.56383735295924
TRAIN1817,Oc1ccc(cc1)c2sc3cc(O)ccc3c2Oc4ccc(\C=C\c5c[nH]cn5)cc4,median,7.27572413039921,6.60730304674033
TRAIN1818,Cn1nnc(\C=C\c2ccc(Oc3c(sc4cc(O)ccc34)c5ccc(O)cc5)cc2)n1,median,8.52287874528034,6.567833472483301
TRAIN1819,Cn1nnnc1\C=C\c2ccc(Oc3c(sc4cc(O)ccc34)c5ccc(O)cc5)cc2,median,9.0,6.56863623584101
TRAIN1820,Oc1ccc(cc1)c2sc3cc(O)ccc3c2Oc4ccc(\C=C\c5nnn[nH]5)cc4,median,6.65955588515988,6.60554831917378
TRAIN1821,OCCNC(=O)\C=C\c1ccc(Oc2c(sc3cc(O)ccc23)c4ccc(O)cc4)cc1,median,7.25963731050576,6.56383735295924
TRAIN1822,Oc1ccc(cc1)c2sc3cc(O)ccc3c2Oc4ccc(\C=C\C(=O)NCCC(F)(F)F)cc4,median,8.0,6.56863623584101
TRAIN1823,CNC(=O)\C=C\c1ccc(Oc2c(sc3cc(O)ccc23)c4ccc(O)cc4)cc1,median,7.27572413039921,6.60554831917378
TRAIN1824,CC(F)c1ccccc1c2sc3cc(O)ccc3c2Oc4ccc(\C=C\C(=O)O)cc4,median,7.60205999132796,6.60554831917378
TRAIN1825,CC(F)(F)c1ccccc1c2sc3cc(O)ccc3c2Oc4ccc(\C=C\C(=O)O)cc4,median,7.95860731484177,6.60554831917378
TRAIN1826,CC(F)(F)c1cc(F)ccc1c2sc3cc(O)ccc3c2Oc4ccc(\C=C\C(=O)O)cc4,median,8.22184874961636,6.60554831917378
TRAIN1827,CN(c1ccc(\C=C\C(=O)O)cc1)c2c(sc3cc(O)ccc23)c4ccc(O)cc4,median,5.46852108295774,6.56863623584101
TRAIN1828,CC1=C(C(=O)Oc2cc(O)ccc12)c3ccc(O)cc3C,median,6.95078197732982,6.567833472483301
TRAIN1829,CC1=C(C(=O)Oc2cc(O)ccc12)c3ccc(O)cc3Cl,median,5.9072793553159,6.60554831917378
TRAIN1830,CCC1=C(C(=O)Oc2cc(O)ccc12)c3ccc(O)cc3F,median,7.92081875395237,6.60554831917378
TRAIN1831,Oc1ccc2C(=C(C(=O)Oc2c1)c3ccc(O)c(F)c3)c4ccc(O)c(F)c4,median,6.65955588515988,6.56383735295924
TRAIN1832,Oc1ccc(cc1)C2=C(c3ccc(O)cc3)c4ccc(O)cc4OC2=O,median,6.65364702554936,6.56863623584101
TRAIN1833,c1ccc(cc1)c2c3ccccc3nc4cc5ccccc5cc24,median,6.03857890593355,6.56383735295924
TRAIN1834,FC(F)(F)c1ccc2cc3nc4ccccc4c(c5ccccc5)c3cc2c1,median,5.45469288353418,6.56863623584101
TRAIN1835,Oc1ccc2cc3nc4ccccc4c(c5ccccc5)c3cc2c1,median,6.77211329538633,6.567833472483301
TRAIN1836,FC(F)(F)c1cccc2c(c3ccccc3)c4cc5ccccc5cc4nc12,median,5.57675412606319,6.60554831917378
TRAIN1837,Oc1cccc2c(c3ccccc3)c4cc5ccccc5cc4nc12,median,5.96537154337468,6.60554831917378
TRAIN1838,Clc1ccc2c(c3ccccc3)c4cc5ccccc5cc4nc2c1,median,5.78146449478347,6.56863623584101
TRAIN1839,Oc1ccc2c(c3ccccc3)c4cc5ccccc5cc4nc2c1,median,6.53165266958784,6.60730304674033
TRAIN1840,Clc1c2ccccc2cc3c(c4ccccc4)c5ccccc5nc13,median,5.77443228656053,6.60730304674033
TRAIN1841,Oc1ccc2c(C(=O)c3ccc(OCCN4CCCCC4)cc3)c(sc2c1)c5ccc(Cl)cc5,median,10.3372421683184,6.60730304674033
TRAIN1842,Oc1ccc2Cc3sc4cc(O)ccc4c3C(c5ccc(OCCN6CCCCC6)cc5)c2c1,median,9.04575749056067,6.567833472483301
TRAIN1843,CN(C)CCOc1ccc(NC2=C(C(=O)Oc3cc(O)ccc23)c4ccc(O)cc4)cc1,median,5.08565684288056,6.567833472483301
TRAIN1844,CCN(CC)CCOc1ccc(NC2=C(C(=O)Oc3cc(O)ccc23)c4ccc(O)cc4)cc1,median,5.22402566887063,6.60730304674033
TRAIN1845,Oc1ccc(cc1)C2=C(Nc3ccc(OCCN4CCCC4)cc3)c5ccc(O)cc5OC2=O,median,5.19178902707578,6.56863623584101
TRAIN1846,Oc1ccc(cc1)C2=C(Nc3ccc(OCCN4CCCCC4)cc3)c5ccc(O)cc5OC2=O,median,5.41793663708829,6.567833472483301
TRAIN1847,Fc1ccc(cc1)C2=C(Nc3ccc(OCCN4CCCCC4)cc3)c5ccccc5OC2=O,median,5.10846254232744,6.60554831917378
TRAIN1848,COc1ccc2C(=C(C(=O)Oc2c1)c3ccc(F)cc3)Nc4ccc(OCCN5CCCCC5)cc4,median,5.09908693226233,6.60554831917378
TRAIN1849,CN(C)CCOc1ccc(NC2=C(C(=O)Oc3cc(O)ccc23)c4ccc(F)cc4)cc1,median,5.1791420105603,6.60730304674033
TRAIN1850,CCN(CC)CCOc1ccc(NC2=C(C(=O)Oc3cc(O)ccc23)c4ccc(F)cc4)cc1,median,5.35951856302958,6.60554831917378
TRAIN1851,Oc1ccc2C(=C(C(=O)Oc2c1)c3ccc(F)cc3)Nc4ccc(OCCN5CCCC5)cc4,median,5.34390179798717,6.567833472483301
TRAIN1852,Oc1ccc2C(=C(C(=O)Oc2c1)c3ccc(F)cc3)Nc4ccc(OCCN5CCCCC5)cc4,median,5.41341269532824,6.567833472483301
TRAIN1853,COc1ccc(cc1)C2=C(Nc3ccc(OCCN4CCCCC4)cc3)c5ccc(O)cc5OC2=O,median,5.17783192063198,6.60730304674033
TRAIN1854,COc1ccc(cc1)C2=C(Oc3ccc(OCCN4CCCCC4)cc3)c5ccc(OC)cc5OC2=O,median,5.02594909720712,6.56863623584101
TRAIN1855,COc1ccc2C(=C(C(=O)Oc2c1)c3ccc(F)cc3)Oc4ccc(OCCN(C)C)cc4,median,5.04769199033787,6.567833472483301
TRAIN1856,COc1ccc2C(=C(C(=O)Oc2c1)c3ccc(F)cc3)Oc4ccc(OCCN5CCCCC5)cc4,median,5.16304326294045,6.60554831917378
TRAIN1857,CN(C)CCOc1ccc(OC2=C(C(=O)Oc3cc(O)ccc23)c4ccc(O)cc4)cc1,median,5.07417242537526,6.56383735295924
TRAIN1858,Oc1ccc(cc1)C2=C(Oc3ccc(OCCN4CCCC4)cc3)c5ccc(O)cc5OC2=O,median,5.16494389827988,6.56383735295924
TRAIN1859,Oc1ccc(cc1)C2=C(Oc3ccc(OCCN4CCCCC4)cc3)c5ccc(O)cc5OC2=O,median,5.58169870868026,6.567833472483301
TRAIN1860,CN(C)CCOc1ccc(OC2=C(C(=O)Oc3cc(O)ccc23)c4ccc(F)cc4)cc1,median,5.19178902707578,6.567833472483301
TRAIN1861,CCN(CC)CCOc1ccc(OC2=C(C(=O)Oc3cc(O)ccc23)c4ccc(F)cc4)cc1,median,5.44977164694491,6.56383735295924
TRAIN1862,Oc1ccc2C(=C(C(=O)Oc2c1)c3ccc(F)cc3)Oc4ccc(OCCN5CCCC5)cc4,median,5.36957212497498,6.60554831917378
TRAIN1863,Oc1ccc2C(=C(C(=O)Oc2c1)c3ccc(F)cc3)Oc4ccc(OCCN5CCCCC5)cc4,median,5.65955588515988,6.56863623584101
TRAIN1864,OC1CCC(CC1)C2=C(c3ccc(O[C@H]4CCN(CCCF)C4)cc3)c5ccc(O)cc5CCC2,median,9.69897000433602,6.60554831917378
TRAIN1865,Cc1oc2cc(ccc2n1)C3=C(c4ccc(O[C@H]5CCN(CCCF)C5)cc4)c6ccc(O)cc6CCC3,median,9.52287874528034,6.567833472483301
TRAIN1866,Oc1ccc2C(=C(CCCc2c1F)c3ccc(OC(F)F)cc3F)c4ccc(O[C@H]5CCN(CCCF)C5)cc4,median,9.69897000433602,6.56383735295924
TRAIN1867,COc1ccc(cc1F)C2=C(c3ccc(O[C@H]4CCN(CCCF)C4)cc3)c5ccc(O)cc5CCC2,median,9.52287874528034,6.56863623584101
TRAIN1868,COc1ccc(C2=C(c3ccc(O[C@H]4CCN(CCCF)C4)cc3)c5ccc(O)cc5CCC2)c(C)c1,median,9.69897000433602,6.56863623584101
TRAIN1869,CN1CCC(=CC1)C2=C(c3ccc(O[C@H]4CCN(CCCF)C4)cc3)c5ccc(O)cc5CCC2,median,7.42021640338319,6.60730304674033
TRAIN1870,Oc1cccc(c1)C2=C(c3ccc(O[C@H]4CCN(CCCF)C4)cc3)c5ccc(O)cc5CCC2,median,9.15490195998574,6.60554831917378
TRAIN1871,CCCCOC(=O)c1c(F)c(F)c(O)c(F)c1F,median,4.53165266958784,6.60730304674033
TRAIN1872,CCCCOC(=O)c1cc(Cl)c(O)c(Cl)c1,median,4.2572748686953,6.56863623584101
TRAIN1873,CCCCOC(=O)c1cc(Br)c(O)c(Br)c1,median,4.40450377817443,6.567833472483301
TRAIN1874,CCCCOC(=O)c1ccc(O)c(Br)c1,median,5.08565684288056,6.60730304674033
TRAIN1875,CCCCOC(=O)c1cc(I)c(O)c(I)c1,median,4.46092390120722,6.60730304674033
TRAIN1876,CCCCOC(=O)c1ccc(O)c(I)c1,median,5.09799710864927,6.567833472483301
TRAIN1877,CCCCOC(=O)c1cc(C)c(O)c(C)c1,median,4.48811663902113,6.567833472483301
TRAIN1878,CCCCOC(=O)c1cc(O)c(O)c(O)c1,median,5.04720755695591,6.60730304674033
TRAIN1879,CCCCCCCCOC(=O)c1cc(I)c(O)c(I)c1,median,4.87942606879415,6.56863623584101
TRAIN1880,CCCCOC(=O)c1ccc(O)cc1,median,5.84771165561694,6.56863623584101
TRAIN1881,CCCCCCCCOC(=O)c1cc(c(O)c(c1)[N+](=O)[O-])[N+](=O)[O-],median,4.21896306137887,6.60730304674033
TRAIN1882,CCCCCCCCOC(=O)c1cc(O)c(O)c(O)c1,median,5.0584885673656,6.56383735295924
TRAIN1883,CCCCCCCCOC(=O)c1cc(C)c(O)c(C)c1,median,4.79048498545737,6.60554831917378
TRAIN1884,CCCCCCCCCCNCCOc1ccc(cc1C)C(CCC)(CCC)c2ccc(O)c(C)c2,median,7.34678748622466,6.567833472483301
TRAIN1885,CCCCCCCCCCCCCCCCNCCOc1ccc(cc1C)C(CCC)(CCC)c2ccc(O)c(C)c2,median,7.69897000433602,6.56863623584101
TRAIN1886,CCCCCCCCCCCCNCCOc1ccc(cc1C)C(CCC)(CCC)c2ccc(O)c(C)c2,median,8.30980391997149,6.567833472483301
TRAIN1887,CCCCCCCCNCCOc1ccc(cc1C)C(CCC)(CCC)c2ccc(O)c(C)c2,median,8.61978875828839,6.60730304674033
TRAIN1888,CCCCCCNCCOc1ccc(cc1C)C(CCC)(CCC)c2ccc(O)c(C)c2,median,7.10790539730952,6.60554831917378
TRAIN1889,CCCC(CCC)(c1ccc(O)c(C)c1)c2ccc(OCCN)c(C)c2,median,7.10790539730952,6.56863623584101
TRAIN1890,CCCCCCCCOc1ccc(cc1C)C(CCC)(CCC)c2ccc(O)c(C)c2,median,6.39794000867204,6.60554831917378
TRAIN1891,CCCCCCOc1ccc(cc1C)C(CCC)(CCC)c2ccc(O)c(C)c2,median,6.77469071827414,6.56383735295924
TRAIN1892,CCCCOc1ccc(cc1C)C(CCC)(CCC)c2ccc(O)c(C)c2,median,7.06048074738138,6.567833472483301
TRAIN1893,CCCC(CCC)(c1ccc(O)c(C)c1)c2ccc(OCC)c(C)c2,median,7.39794000867204,6.56863623584101
TRAIN1894,Cc1cccc2[nH]c(nc12)c3cc4ccccc4n3Cc5ccccc5,median,6.41187401639687,6.56383735295924
TRAIN1895,Cc1cc(C)c2nc([nH]c2c1)c3cc4ccccc4n3Cc5ccccc5,median,7.47977856411804,6.60730304674033
TRAIN1896,C(c1ccccc1)n2c(cc3ccccc23)c4nc5ccccc5[nH]4,median,6.58643202872671,6.60554831917378
TRAIN1897,Brc1cnc2[nH]c(nc2c1)c3cc4ccccc4n3Cc5ccccc5,median,6.52225670221405,6.56383735295924
TRAIN1898,Brc1ccc2[nH]c(nc2c1)c3cc4ccccc4n3Cc5ccccc5,median,7.13306318226836,6.56383735295924
TRAIN1899,Clc1cc2nc([nH]c2cc1Cl)c3cc4ccccc4n3Cc5ccccc5,median,7.11503480179927,6.567833472483301
TRAIN1900,BrC1=CN2NC(=NC2N=C1)c3cc4ccccc4n3Cc5ccccc5,median,6.26826622561727,6.56383735295924
TRAIN1901,Cc1cccc2[nH]c(nc12)c3cc4ccccc4[nH]3,median,6.7174005426154,6.60730304674033
TRAIN1902,O=C(c1ccccc1)c2ccc3[nH]c(nc3c2)c4cc5ccccc5[nH]4,median,7.32901239698997,6.567833472483301
TRAIN1903,Brc1ccc2[nH]c(nc2c1)c3cc4ccccc4[nH]3,median,7.09496007192379,6.56863623584101
TRAIN1904,N1C(=Nc2cccc3cccc1c23)c4cc5ccccc5[nH]4,median,6.69505731759754,6.56863623584101
TRAIN1905,COc1cc(ccc1O)C2Oc3c(OC)cc(\C=C\CO)cc3C2CO,median,7.20823919598709,6.60554831917378
TRAIN1906,C[C@@H](COc1ccc(cc1)C2Oc3ccc(O)cc3C(=C2c4cccc(O)c4)C)N5CC[C@@H](C)C5,median,8.29242982390206,6.60730304674033
TRAIN1907,CC1=C(C(Oc2ccc(O)cc12)c3ccc(OCCN4CCC4)cc3)c5cccc(O)c5,median,9.52287874528034,6.60554831917378
TRAIN1908,CC1=C(C(Oc2ccc(O)cc12)c3ccc(OCCN4CCCC4)cc3)c5cccc(O)c5,median,9.39794000867204,6.56863623584101
TRAIN1909,CC1=C(C(Oc2ccc(O)cc12)c3ccc(OCCN4CCCCC4)cc3)c5cccc(O)c5,median,9.69897000433602,6.567833472483301
TRAIN1910,CC1=C(C(Oc2ccc(O)cc12)c3ccc(OCCN4CCCCCC4)cc3)c5cccc(O)c5,median,9.69897000433602,6.56383735295924
TRAIN1911,CC1CN(CCOc2ccc(cc2)C3Oc4ccc(O)cc4C(=C3c5cccc(O)c5)C)C1,median,9.52287874528034,6.60730304674033
TRAIN1912,C[C@@H]1CCN(CCOc2ccc(cc2)C3Oc4ccc(O)cc4C(=C3c5cccc(O)c5)C)C1,median,9.39794000867204,6.56863623584101
TRAIN1913,C[C@H]1CCN(CCOc2ccc(cc2)C3Oc4ccc(O)cc4C(=C3c5cccc(O)c5)C)C1,median,9.69897000433602,6.56863623584101
TRAIN1914,CC1CCN(CCOc2ccc(cc2)C3Oc4ccc(O)cc4C(=C3c5cccc(O)c5)C)CC1,median,9.69897000433602,6.56863623584101
TRAIN1915,C[C@@H](COc1ccc(cc1)C2Oc3ccc(O)cc3C(=C2c4cccc(O)c4)C)N5CCCC5,median,9.39794000867204,6.60554831917378
TRAIN1916,C[C@H](COc1ccc(cc1)C2Oc3ccc(O)cc3C(=C2c4cccc(O)c4)C)N5CCCC5,median,9.52287874528034,6.60554831917378
TRAIN1917,C[C@@H](COc1ccc(cc1)C2Oc3ccc(O)cc3C(=C2c4cccc(O)c4)C)N5CCC5,median,9.04575749056067,6.56863623584101
TRAIN1918,C[C@@H](COc1ccc(cc1)C2Oc3ccc(O)cc3C(=C2c4cccc(O)c4)C)N5CCCCC5,median,9.69897000433602,6.56383735295924
TRAIN1919,C[C@@H](COc1ccc(cc1)C2Oc3ccc(O)cc3C(=C2c4cccc(O)c4)C)N5CCCCCC5,median,9.69897000433602,6.567833472483301
TRAIN1920,C[C@@H](COc1ccc(cc1)[C@@H]2Oc3ccc(O)cc3C(=C2c4cccc(O)c4)C)N5CC[C@@H](C)C5,median,10.0,6.60730304674033
TRAIN1921,C[C@@H](COc1ccc(cc1)[C@H]2Oc3ccc(O)cc3C(=C2c4cccc(O)c4)C)N5CC[C@@H](C)C5,median,8.01322826573375,6.56863623584101
TRAIN1922,C[C@@H](COc1ccc(cc1)C2Oc3ccc(O)cc3C(=C2c4cccc(O)c4)C)N5CC[C@H](C)C5,median,9.69897000433602,6.56863623584101
TRAIN1923,C[C@H](COc1ccc(cc1)C2Oc3ccc(O)cc3C(=C2c4cccc(O)c4)C)N5CC[C@@H](C)C5,median,9.52287874528034,6.60730304674033
TRAIN1924,C[C@H](COc1ccc(cc1)C2Oc3ccc(O)cc3C(=C2c4cccc(O)c4)C)N5CC[C@H](C)C5,median,9.69897000433602,6.60554831917378
TRAIN1925,C[C@@H](COc1ccc(cc1)C2Oc3cc(O)ccc3C(=C2c4cccc(O)c4)C)N5CC[C@@H](C)C5,median,9.69897000433602,6.56863623584101
TRAIN1926,C[C@@H](COc1ccc(cc1)C2Oc3ccc(O)cc3C(=C2c4ccc(O)cc4)C)N5CC[C@@H](C)C5,median,10.0,6.56383735295924
TRAIN1927,C[C@@H](COc1ccc(cc1)C2Oc3cc(O)ccc3C(=C2c4ccc(O)cc4)C)N5CC[C@@H](C)C5,median,9.52287874528034,6.60730304674033
TRAIN1928,C[C@@H](COc1ccc(cc1)C2Oc3ccc(O)cc3C(=C2c4ccccc4)C)N5CC[C@@H](C)C5,median,9.39794000867204,6.56383735295924
TRAIN1929,C[C@@H](COc1ccc(cc1)C2Oc3ccc(O)cc3C(=C2c4cccc(F)c4)C)N5CC[C@@H](C)C5,median,9.30102999566398,6.60730304674033
TRAIN1930,C[C@@H](COc1ccc(cc1)C2Oc3ccc(O)cc3C(=C2c4ccc(F)cc4)C)N5CC[C@@H](C)C5,median,9.39794000867204,6.567833472483301
TRAIN1931,C[C@@H](COc1ccc(cc1)C2Oc3ccc(O)cc3C(=C2c4cccc(c4)C#N)C)N5CC[C@@H](C)C5,median,9.15490195998574,6.56383735295924
TRAIN1932,C[C@@H](COc1ccc(cc1)C2Oc3ccc(O)cc3C(=C2c4ccc(cc4)C#N)C)N5CC[C@@H](C)C5,median,8.82390874094432,6.567833472483301
TRAIN1933,C[C@@H](COc1ccc(cc1)C2Oc3ccc(O)cc3C(=C2c4cccc(c4)S(=O)(=O)C)C)N5CC[C@@H](C)C5,median,8.85387196432176,6.60730304674033
TRAIN1934,C[C@@H](COc1ccc(cc1)C2Oc3ccc(O)cc3C(=C2c4ccc(cc4)S(=O)(=O)C)C)N5CC[C@@H](C)C5,median,8.24412514432751,6.60554831917378
TRAIN1935,Oc1ccc(\C=C\C(=O)c2ccc(O)cc2O)cc1,median,5.7281583934635,6.56383735295924
TRAIN1936,COC(=O)Cc1ccc(OCc2oc(nc2C)c3cccc(OC)c3)cc1,median,5.76955107862173,6.56383735295924
TRAIN1937,COC(=O)c1ccc(OCc2oc(nc2C)c3cccc(OC)c3)cc1,median,5.32790214206428,6.567833472483301
TRAIN1938,COC(=O)Cc1ccc(OCc2oc(nc2C)c3ccccc3OC)cc1,median,5.38721614328026,6.56863623584101
TRAIN1939,COC(=O)c1cccc(OCc2oc(nc2C)c3ccccc3OC)c1,median,5.2839966563652,6.60730304674033
TRAIN1940,CC1CC(=O)C2=C(C1)OC3=C(C2c4cc5ccccc5n4Cc6ccccc6)C(=O)CCC3(C)C,median,3.44880626256421,6.60554831917378
TRAIN1941,CC1(C)CC(=O)C2=C(C1)OC3=C(C2c4cc5ccccc5n4Cc6ccccc6)C(=O)CCC3(C)C,median,3.23122134917816,6.56863623584101
TRAIN1942,CC1CC(=O)C2=C(C1)OC3=C(C2c4cc5ccccc5n4Cc6ccccc6)C(=O)CC(C)(C)C3,median,4.57446577950174,6.60554831917378
TRAIN1943,CC1(C)CC(=O)C2=C(C1)OC3=C(C2c4cc5ccccc5n4Cc6ccccc6)C(=O)CCC3,median,4.73494621149599,6.60730304674033
TRAIN1944,CC1(C)CCC(=O)C2=C1OC3=C(C2c4cc5ccccc5n4Cc6ccccc6)C(=O)CCC3,median,4.25963731050576,6.60730304674033
TRAIN1945,CC1CC(=O)C2=C(C1)OC3=C(C2c4cc5ccccc5n4Cc6ccccc6)C(=O)CCC3,median,4.78120200188826,6.56863623584101
TRAIN1946,CC1(C)CC(=O)C2=C(C1)OC3=C(C2c4cc5ccccc5n4Cc6ccccc6)C(=O)CC(C)(C)C3,median,4.21623930425608,6.60554831917378
TRAIN1947,CC1CC(=O)C2=C(C1)OC3=C(C2c4cc5ccccc5n4Cc6ccccc6)C(=O)CC(C)C3,median,3.31668273807812,6.56383735295924
TRAIN1948,O=C1CCC2=C1C(C3=C(CCC3=O)O2)c4cc5ccccc5n4Cc6ccccc6,median,4.29081487044975,6.60730304674033
TRAIN1949,O=C1NC(=O)C2=C(N1)OC3=C(C2c4cc5ccccc5n4Cc6ccccc6)C(=O)NC(=O)N3,median,4.21410097161562,6.60554831917378
TRAIN1950,COc1cc(OC)cc(\C=C\c2ccc(cc2)C3=C(C4CC(C3O4)S(=O)(=O)Oc5ccc(Br)cc5)c6ccc(O)cc6)c1,median,5.0329202658555,6.60554831917378
TRAIN1951,CCc1ccccc1OS(=O)(=O)C2CC3OC2C(=C3c4ccc(O)cc4)c5ccc(\C=C\c6cc(OC)cc(OC)c6)cc5,median,8.52287874528034,6.56383735295924
TRAIN1952,Oc1ccc(cc1)C2=C(C3OC2CC3S(=O)(=O)Oc4ccccc4)c5ccc(\C=C\c6cc(O)cc(O)c6)cc5,median,6.36855623098683,6.56863623584101
TRAIN1953,Oc1ccc(cc1)C2=C(C3OC2CC3S(=O)(=O)Oc4ccc(Br)cc4)c5ccc(\C=C\c6cc(O)cc(O)c6)cc5,median,7.21467016498923,6.567833472483301
TRAIN1954,COc1cccc(OS(=O)(=O)C2CC3OC2C(=C3c4ccc(O)cc4)c5ccc(\C=C\c6cc(O)cc(O)c6)cc5)c1,median,7.31875876262441,6.60554831917378
TRAIN1955,Oc1ccc(cc1)C2=C(C3OC2CC3S(=O)(=O)Oc4ccc(F)cc4)c5ccc(\C=C\c6cc(O)cc(O)c6)cc5,median,8.30102999566398,6.60554831917378
TRAIN1956,Oc1ccc(cc1)C2=C(C3OC2CC3S(=O)(=O)Oc4ccc(Cl)cc4)c5ccc(\C=C\c6cc(O)cc(O)c6)cc5,median,7.20760831050175,6.56863623584101
TRAIN1957,Oc1ccc(cc1)C2=C(C3OC2CC3S(=O)(=O)Oc4ccccc4Cl)c5ccc(\C=C\c6cc(O)cc(O)c6)cc5,median,6.77989191195995,6.567833472483301
TRAIN1958,Cc1ccccc1OS(=O)(=O)C2CC3OC2C(=C3c4ccc(O)cc4)c5ccc(\C=C\c6cc(O)cc(O)c6)cc5,median,8.0,6.56383735295924
TRAIN1959,Oc1ccc(cc1)C2=C(C3OC2CC3S(=O)(=O)Oc4cccc(c4)C(F)(F)F)c5ccc(\C=C\c6cc(O)cc(O)c6)cc5,median,7.14266750356873,6.567833472483301
TRAIN1960,Oc1ccc(cc1)C2=C(C3OC2CC3S(=O)(=O)Oc4cccc(Cl)c4)c5ccc(\C=C\c6cc(O)cc(O)c6)cc5,median,6.03058408764602,6.567833472483301
TRAIN1961,Oc1ccc(cc1)C2=C(C3OC2CC3S(=O)(=O)Oc4cccc(O)c4)c5ccc(\C=C\c6cc(O)cc(O)c6)cc5,median,5.22040350874218,6.56383735295924
TRAIN1962,Cc1cccc(OS(=O)(=O)C2CC3OC2C(=C3c4ccc(O)cc4)c5ccc(\C=C\c6cc(O)cc(O)c6)cc5)c1,median,6.02365002099673,6.56383735295924
TRAIN1963,Oc1ccc(OS(=O)(=O)C2CC3OC2C(=C3c4ccc(O)cc4)c5ccc(\C=C\c6cc(O)cc(O)c6)cc5)cc1,median,7.26760624017703,6.60554831917378
TRAIN1964,Oc1ccc(cc1)C2=C(C3OC2CC3S(=O)(=O)Oc4cccc(Br)c4)c5ccc(\C=C\c6cc(O)cc(O)c6)cc5,median,5.61618463401957,6.60730304674033
TRAIN1965,Cc1ccc(OS(=O)(=O)C2CC3OC2C(=C3c4ccc(O)cc4)c5ccc(\C=C\c6cc(O)cc(O)c6)cc5)cc1,median,8.69897000433602,6.56863623584101
TRAIN1966,Oc1ccc(cc1)C2=C(C3OC2CC3S(=O)(=O)Oc4cccc5ccccc45)c6ccc(\C=C\c7cc(O)cc(O)c7)cc6,median,7.30980391997149,6.56863623584101
TRAIN1967,Oc1ccc(cc1)C2=C(C3OC2CC3S(=O)(=O)Oc4ccccc4)c5ccc(\C=C\c6ccccc6)cc5,median,5.98716277529483,6.60730304674033
TRAIN1968,COc1cc(OC)cc(\C=C\c2ccc(OS(=O)(=O)C3CC4OC3C(=C4c5ccc(O)cc5)c6ccc(O)cc6)cc2)c1,median,8.15490195998574,6.567833472483301
TRAIN1969,Oc1ccc(cc1)C2=C(C3OC2CC3S(=O)(=O)Oc4ccc(\C=C\c5ccccc5)cc4)c6ccc(O)cc6,median,6.82681373158773,6.60554831917378
TRAIN1970,COc1cc(OC)cc(\C=C\c2cccc(OS(=O)(=O)C3CC4OC3C(=C4c5ccc(O)cc5)c6ccc(O)cc6)c2)c1,median,6.13194363817696,6.60554831917378
TRAIN1971,Oc1ccc(cc1)C2=C(C3OC2CC3S(=O)(=O)Oc4cccc(\C=C\c5cc(O)cc(O)c5)c4)c6ccc(O)cc6,median,5.85078088734462,6.56863623584101
TRAIN1972,Oc1ccc(cc1)C2=C(C3OC2CC3S(=O)(=O)Oc4ccc(\C=C\c5cc(O)cc(O)c5)cc4)c6ccc(O)cc6,median,7.72124639904717,6.60730304674033
TRAIN1973,Oc1ccc(cc1)C2=C([C@H]3O[C@H]2C[C@@H]3S(=O)(=O)Oc4ccccc4)c5ccc(O)cc5,median,7.88605664769316,6.567833472483301
TRAIN1974,COc1cc(OC)cc(\C=C\c2ccc(OS(=O)(=O)[C@H]3C[C@H]4O[C@@H]3C(=C4c5ccc(O)cc5)c6ccc(O)cc6)cc2)c1,median,7.56863623584101,6.56383735295924
TRAIN0001,Oc1ccc2O[C@H]([C@H](Sc2c1)C3CCCC3)c4ccc(OCCN5CCCCC5)cc4,ridge,8.60205999132796,7.516824433895714
TRAIN0002,Oc1ccc2O[C@H]([C@H](Sc2c1)C3CCCCCC3)c4ccc(OCCN5CCCCC5)cc4,ridge,8.1249387366083,7.850459055737285
TRAIN0003,Oc1ccc(cc1)[C@H]2Sc3cc(O)ccc3O[C@H]2c4ccc(OCCN5CCCCC5)cc4,ridge,8.50863830616573,7.4647868744707715
TRAIN0004,Oc1ccc2O[C@H]([C@@H](CC3CCCCC3)Sc2c1)c4ccc(OCCN5CCCCC5)cc4,ridge,8.4089353929735,7.388373101969349
TRAIN0005,Oc1ccc2O[C@H]([C@@H](Cc3ccccc3)Sc2c1)c4ccc(OCCN5CCCCC5)cc4,ridge,8.13076828026902,7.760227710589219
TRAIN0006,Oc1ccc2O[C@H]([C@H](Sc2c1)c3ccncc3)c4ccc(OCCN5CCCCC5)cc4,ridge,6.30980391997149,7.527155780415409
TRAIN0007,Oc1ccc(cc1)C2=Cc3cc(O)ccc3C24Cc5ccc(OCCN6CCCCC6)cc5C4,ridge,9.0,7.970224154629205
TRAIN0008,Oc1ccc2O[C@H]([C@H](Sc2c1)c3occc3)c4ccc(OCCN5CCCCC5)cc4,ridge,7.45593195564972,7.326745386586906
TRAIN0009,Oc1ccc(cc1)C2=Cc3cc(O)ccc3C24Cc5ccccc5C4,ridge,8.36653154442041,7.276283814437423
TRAIN0010,Oc1ccc(cc1)C2=Cc3cc(O)ccc3C24C(=O)c5ccccc5C4=O,ridge,7.04095860767891,7.409803275679584
TRAIN0011,Oc1ccc(cc1)C2=Cc3cc(O)ccc3C24C(=O)c5ccc(OCCN6CCCCC6)cc5C4=O,ridge,6.76447155309245,7.968854236080406
TRAIN0012,Oc1cccc(c1)C2=Cc3cc(O)ccc3C24Cc5ccccc5C4,ridge,7.45593195564972,7.310430164844225
TRAIN0013,CC(C)(C)[C@H]1Sc2cc(O)ccc2O[C@H]1c3ccc(OCCN4CCCCC4)cc3,ridge,7.95860731484177,7.288120126114911
TRAIN0014,Oc1ccc2O[C@H]([C@H](Sc2c1)C3CCCCC3)c4ccc(OCCN5CCCCC5)cc4,ridge,8.58502665202918,7.690544955373776
TRAIN0015,Oc1ccc2O[C@H]([C@H](Sc2c1)c3cccnc3)c4ccc(OCCN5CCCCC5)cc4,ridge,6.26600071346161,7.501319954781837
TRAIN0016,CC(C)C[C@H]1Sc2cc(O)ccc2O[C@H]1c3ccc(OCCN4CCCCC4)cc3,ridge,8.52287874528034,7.349355608707242
TRAIN0017,Oc1ccc(C[C@H]2Sc3cc(O)ccc3O[C@H]2c4ccc(OCCN5CCCCC5)cc4)cc1,ridge,8.56863623584101,7.71678175336721
TRAIN0018,CC(C)[C@H]1Sc2cc(O)ccc2O[C@H]1c3ccc(OCCN4CCCCC4)cc3,ridge,8.15490195998574,7.272299213955224
TRAIN0019,Oc1cccc(c1)C2=Cc3cc(O)ccc3C24C(=O)c5ccccc5C4=O,ridge,6.43651891460559,7.1371784942162835
TRAIN0020,Oc1ccc2O[C@H]([C@H](Sc2c1)c3cccs3)c4ccc(OCCN5CCCCC5)cc4,ridge,8.05551732784983,7.518016490656401
TRAIN0021,Oc1ccc2O[C@H]([C@@H](CC3CCCC3)Sc2c1)c4ccc(OCCN5CCCCC5)cc4,ridge,8.52287874528034,7.540215631674968
TRAIN0022,Oc1ccc(cc1)c2sc3cc(O)ccc3c2C(=O)c4ccc(OCCN5CCCCC5)cc4,ridge,8.74472749489669,7.658585822527432
TRAIN0023,Oc1ccc(cc1)[C@H]2Sc3cc(O)ccc3O[C@H]2c4ccc(COCCN5CCCCC5)cc4,ridge,8.63827216398241,7.660875059406898
TRAIN0024,Oc1ccc(cc1)[C@H]2Sc3cc(O)ccc3O[C@H]2c4ccc(cc4)C5=CCNCC5,ridge,8.85387196432176,7.286010508018424
TRAIN0025,CN1CCN(CC1)c2ccc(cc2)[C@@H]3Oc4ccc(O)cc4S[C@@H]3c5ccc(O)cc5,ridge,9.0,7.5789600238228365
TRAIN0026,Oc1ccc(cc1)[C@H]2Sc3cc(O)ccc3O[C@H]2CCCN4CCCCC4,ridge,9.15490195998574,7.052424521226371
TRAIN0027,Oc1ccc(cc1)[C@H]2Sc3cc(O)ccc3O[C@H]2c4ccc(CCCN5CCCCC5)cc4,ridge,8.85387196432176,7.821433281867875
TRAIN0028,CN1CCCN(CC1)c2ccc(cc2)[C@@H]3Oc4ccc(O)cc4S[C@@H]3c5ccc(O)cc5,ridge,8.44369749923271,7.8998562209246295
TRAIN0029,Oc1ccc(cc1)[C@H]2Sc3cc(O)ccc3O[C@H]2c4ccc(cc4)C5CCNCC5,ridge,8.76955107862173,7.312201022958218
TRAIN0030,CCN1CCN(CC1)c2ccc(cc2)[C@@H]3Oc4ccc(O)cc4S[C@@H]3c5ccc(O)cc5,ridge,9.0,7.640891262841604
TRAIN0031,Oc1ccc(cc1)[C@H]2Sc3cc(O)ccc3O[C@H]2c4ccc(cc4)N5CCNCC5,ridge,8.35654732351381,7.6484389171832845
TRAIN0032,Oc1ccc(cc1)[C@H]2Sc3cc(O)ccc3O[C@H]2c4ccc(CN5CCCCC5)cc4,ridge,6.80966830182971,7.662331710716954
TRAIN0033,Oc1ccc(cc1)[C@H]2Sc3cc(O)ccc3O[C@H]2c4ccc(cc4)N5CCCNCC5,ridge,8.44369749923271,7.8465231476561454
TRAIN0034,C[C@]12CC[C@H]3[C@@H](CCc4cc(O)ccc34)[C@@H]1CC[C@@H]2O,ridge,8.88605664769316,6.2475487462640675
TRAIN0035,CCCCN(C)C(=O)CCCCCCCCCCS[C@@H]1[C@H](O)c2cc(O)ccc2[C@H]3CC[C@]4(C)[C@@H](O)CC[C@H]4[C@H]13,ridge,7.49485002168009,7.1877806289756325
TRAIN0036,CC\C(=C(/c1ccccc1)\c2ccc(\C=C\C(=O)O)cc2)\c3ccccc3,ridge,7.4089353929735,7.596005139698921
TRAIN0037,C[C@]12CC[C@H]3[C@@H]([C@H](Sc4ccc(Br)cc4)C(O)c5cc(O)ccc35)[C@@H]1CC[C@@H]2O,ridge,6.40120949323688,7.039709943617752
TRAIN0038,C[C@]12CC[C@H]3[C@@H]([C@@H](Cc4cc(O)ccc34)Sc5ccc(\C=C\C(=O)O)cc5)[C@@H]1CC[C@@H]2O,ridge,7.33724216831843,7.4544683667411284
TRAIN0039,CN(C)C(=O)\C=C\c1ccc(S[C@@H]2Cc3cc(O)ccc3[C@H]4CC[C@]5(C)[C@@H](O)CC[C@H]5[C@H]24)cc1,ridge,7.0268721464003,7.890214162917616
TRAIN0040,CCCCN(C)C(=O)CCCCCCCCCCS[C@H]1[C@@H]2[C@H](CC[C@]3(C)[C@@H](O)CC[C@@H]23)c4ccc(O)cc4C1=O,ridge,7.48148606012211,7.456705392698088
TRAIN0041,C[C@]12CC[C@H]3[C@@H]([C@H](CCCCCCCCCS(=O)CCCC(F)(F)C(F)(F)F)Cc4cc(O)ccc34)[C@@H]1CC[C@@H]2O,ridge,8.22184874961636,7.1985337101660525
TRAIN0042,CCCCN(C)C(=O)CCCCCCCCCCS[C@@H]1Cc2cc(O)ccc2[C@H]3CC[C@]4(C)[C@@H](O)CC[C@H]4[C@H]13,ridge,8.04575749056067,7.474091332171563
TRAIN0043,Oc1ccc(cc1)[C@H]2Sc3cc(O)ccc3S[C@H]2c4ccc(OCCN5CCCC5)cc4,ridge,7.74472749489669,7.869352699455064
TRAIN0044,Oc1ccc2O[C@H]([C@H](Sc2c1)c3cccc(O)c3)c4ccc(OCCN5CCCC5)cc4,ridge,9.0,7.595281626636475
TRAIN0045,Oc1ccc(cc1)[C@H]2Sc3cc(O)ccc3S[C@H]2c4ccc(OCCN5CCCCC5)cc4,ridge,7.67778070526608,7.829901701110891
TRAIN0046,Oc1cccc(c1)[C@H]2Sc3cc(O)ccc3S[C@H]2c4ccc(OCCN5CCCCC5)cc4,ridge,7.82390874094432,7.831501215393897
TRAIN0047,Oc1cccc(c1)[C@H]2Sc3cc(O)ccc3S[C@H]2c4ccc(OCCN5CCCCC5)c(Br)c4,ridge,8.39794000867204,7.890052696714801
TRAIN0048,Oc1ccc(cc1)[C@H]2Sc3cc(O)ccc3S[C@H]2c4ccc(OCCN5CCCCC5)c(Br)c4,ridge,8.30102999566398,7.981820534051861
TRAIN0049,Oc1ccc(cc1)[C@H]2Sc3cc(O)ccc3S[C@H]2c4ccc(OCCN5CCCC5)c(Br)c4,ridge,8.39794000867204,8.098645002014022
TRAIN0050,Oc1cccc(c1)[C@H]2Sc3cc(O)ccc3O[C@H]2c4ccc(OCCN5CCCCC5)cc4,ridge,8.39794000867204,7.4726950615237815
TRAIN0051,CN(CCCc1ccc(Cl)cc1)c2nc(NCCc3ccc(O)cc3)nc(n2)N4CCNCC4,ridge,6.95860731484177,6.536192194644982
TRAIN0052,CN(CCCc1ccc(F)cc1)c2nc(NCCc3ccc(O)cc3)nc(n2)N4CCNCC4,ridge,6.61978875828839,6.725750128316486
TRAIN0053,CN(C[C@@H]1C[C@@H]1c2ccccc2)c3nc(NCCc4ccc(O)cc4)nc(n3)N5CCNCC5,ridge,6.24795155218056,7.6322193055476495
TRAIN0054,CN(CCCc1ccc(Cl)cc1)c2nc(NCCc3ccc(O)cc3)nc(n2)N4CCN(Cc5csc(C)n5)CC4,ridge,6.82390874094432,6.829627207645299
TRAIN0055,CN(CCCc1ccc(Cl)cc1)c2nc(NCCc3ccc(O)cc3)nc(n2)N4CCN(CCO)CC4,ridge,7.52287874528034,6.694660233463782
TRAIN0056,Oc1ccc(CCNc2nc(SCCCc3ccc(Cl)cc3)nc(n2)N4CCNCC4)cc1,ridge,7.09691001300806,7.35567055828464
TRAIN0057,COc1cccc2OC(c3ccccc3)c4c(Br)c(NS(=O)(=O)C)ccc4c12,ridge,5.64187471472335,5.723732198531667
TRAIN0058,Oc1ccc(cc1)C(=C(CC(F)(F)F)c2ccccc2)c3ccc(O)cc3,ridge,8.04575749056067,6.913660101167798
TRAIN0059,Oc1ccc(cc1)C(=Cc2ccccc2)c3ccc(O)cc3,ridge,6.82390874094432,6.74105462432649
TRAIN0060,CC\C(=C(/c1ccccc1)\c2ccc(OCCN(C)C)cc2)\c3ccccc3,ridge,6.30102999566398,6.726796938069369
TRAIN0061,CCC(=C(c1ccc(O)cc1)c2ccc(O)cc2)c3ccccc3,ridge,7.82390874094432,7.048839641191454
TRAIN0062,CCCCC(=C(c1ccc(O)cc1)c2ccc(O)cc2)c3ccccc3,ridge,6.30102999566398,7.332262453131726
TRAIN0063,CC(=C(c1ccc(O)cc1)c2ccc(O)cc2)c3ccccc3,ridge,7.52287874528034,6.898474471754995
TRAIN0064,CCCC(=C(c1ccc(O)cc1)c2ccc(O)cc2)c3ccccc3,ridge,7.30102999566398,7.160748003546674
TRAIN0065,CC\C(=C(/c1ccccc1)\c2ccc(O)cc2)\c3ccccc3,ridge,8.15490195998574,7.10826798623882
TRAIN0066,CC\C(=C(\CC)/c1ccc(O)cc1)\c2ccc(O)cc2,ridge,9.48148606012211,6.399429127366563
TRAIN0067,CCc1c(oc(c2ccc(O)cc2)c1c3ccc(OCCN4CCCCC4)cc3)c5ccc(O)cc5,ridge,7.18708664335714,8.080596522750948
TRAIN0068,Cc1c(c2ccc(O)cc2)n(Cc3ccc(OCCN4CCCCC4)cc3)c5ccc(O)cc15,ridge,7.85387196432176,7.795616029856244
TRAIN0069,Cc1c(c2ccc(O)cc2)n(Cc3ccc(OCCN4CCCCCC4)cc3)c5ccc(O)cc15,ridge,7.63827216398241,8.054045234507702
TRAIN0070,Cc1c(c2ccc(O)cc2)n(CCCCCCN3CCCC3)c4ccc(O)cc14,ridge,7.60205999132796,7.374302444549529
TRAIN0071,Cc1cc(O)c2C(=O)c3c(O[C@@H]4O[C@H](CO)[C@@H](O)[C@H](O)[C@H]4O)cc(O)cc3C(=O)c2c1,ridge,4.69897000433602,5.764096822527998
TRAIN0072,Oc1ccc(cc1)C2=COc3cc(O)cc(O)c3C2=O,ridge,5.88605664769316,5.771179264259885
TRAIN0073,Oc1ccc(cc1)C2=COc3cc(O)ccc3C2=O,ridge,5.20065945054642,5.745937082552293
TRAIN0074,Cc1cc(O)c2C(=O)c3c(O)cc(O)cc3C(=O)c2c1,ridge,5.56863623584101,5.732751459523724
TRAIN0075,Oc1ccc2C(=O)c3cc(O)ccc3C(=O)c2c1,ridge,5.95860731484177,5.707386686755944
TRAIN0076,Cc1ccc(cc1)S(=O)(=O)N2CCc3cc(O)ccc3C2c4ccc(OCCN5CCCC5)cc4,ridge,7.60554831917378,7.752129115586456
TRAIN0077,Oc1ccc(cc1)C2CN(Cc3cc(O)ccc23)C(=O)c4ccccc4,ridge,6.79588001734407,7.0333633845476635
TRAIN0078,Oc1ccc2C(N(CCc2c1)c3ccccc3)c4cccs4,ridge,7.30102999566398,7.171608299310203
TRAIN0079,Oc1ccc2C(N(CCc2c1)c3ccc(\C=C\C(=O)N4CCOCC4)cc3)c5ccccc5,ridge,8.22914798835786,6.806279439850458
TRAIN0080,Oc1ccc2C(N(CCc2c1)S(=O)(=O)c3cccc4ccccc34)c5ccc(OCCN6CCCC6)cc5,ridge,8.2518119729938,7.806715487125771
TRAIN0081,CN(C)C(=O)\C=C\c1ccc(cc1)N2CCc3cc(O)ccc3C2c4ccccc4,ridge,8.09691001300806,6.542590634231615
TRAIN0082,Oc1ccc2C(C(CCc2c1)c3ccccc3)c4ccc(OCCN5CCCC5)cc4,ridge,9.30102999566398,7.862469765915817
TRAIN0083,Oc1ccc(cc1)C2CN(Cc3cc(O)ccc23)S(=O)(=O)c4ccccc4,ridge,6.92081875395237,7.051204362519532
TRAIN0084,Oc1ccc2C(N(Cc3ccc4OCOc4c3)CCc2c1)c5ccc(OCCN6CCCC6)cc5,ridge,8.03621217265444,7.766296071544092
TRAIN0085,Oc1ccc2C(CC3CCCCC3)N(CCc2c1)c4ccccc4,ridge,7.27490547891853,7.215859483210412
TRAIN0086,Oc1ccc2C(Cc3ccccc3)N(CCc2c1)c4ccccc4,ridge,8.17392519729917,7.406945353117098
TRAIN0087,Oc1ccc2C(N(CCc2c1)C(=O)c3ccccc3)c4ccc(OCCN5CCCC5)cc4,ridge,6.25026368443094,7.3705393519501055
TRAIN0088,Oc1ccc(cc1)C2CN(Cc3ccccc3)Cc4cc(O)ccc24,ridge,7.69680394257951,7.284490427667798
TRAIN0089,Oc1ccc2C(C3CCCCC3)N(CCc2c1)c4ccccc4,ridge,7.52578373592374,7.038426404528763
TRAIN0090,Oc1ccc(cc1)C2CN(Cc3cc(O)ccc23)S(=O)(=O)c4cccc5ccccc45,ridge,7.55284196865778,7.515804956072639
TRAIN0091,Oc1ccc2C(N(CCc2c1)C(=O)C(F)(F)F)c3ccc(Br)cc3,ridge,6.78251605578609,6.6951960871886484
TRAIN0092,Oc1ccc(cc1)C2CN(Cc3cc(O)ccc23)C(=O)C(F)(F)F,ridge,6.911155437273,6.466306893022676
TRAIN0093,Oc1ccc2C(N(CCc2c1)S(=O)(=O)c3ccccc3)c4ccc(OCCN5CCCC5)cc4,ridge,8.2839966563652,7.230205804245998
TRAIN0094,Oc1ccc(cc1)[C@H]2N(CCc3cc(O)ccc23)C(=O)C(F)(F)F,ridge,7.27083521030723,6.59501936866993
TRAIN0095,Oc1ccc2C(N(CCc2c1)S(=O)(=O)c3ccc4ccccc4c3)c5ccc(OCCN6CCCC6)cc5,ridge,6.95078197732982,7.757556537082738
TRAIN0096,Oc1ccc2C(N(CCc2c1)C(=O)C(F)(F)F)c3ccccc3,ridge,6.62893213772826,6.565087968873751
TRAIN0097,CCCc1ccc(cc1)S(=O)(=O)N2CCc3cc(O)ccc3C2c4ccc(OCCN5CCCC5)cc4,ridge,7.53165266958784,7.742987262076992
TRAIN0098,Oc1ccc2C(N(CCc2c1)c3ccccc3)c4ccccc4,ridge,7.51286162452281,7.341411361971363
TRAIN0099,Oc1ccc2C(N(CCc2c1)C(=O)C(F)(F)F)c3cccs3,ridge,6.4145392704915,6.472812272165269
TRAIN0100,Oc1ccc2C(N(CCc2c1)c3ccccc3)c4ccc(OCCN5CCCC5)cc4,ridge,7.93930215964639,7.685780397568748
TRAIN0101,CC(C)C1N(CCc2cc(O)ccc12)c3ccccc3,ridge,7.36957212497498,6.939515783947999
TRAIN0102,Oc1ccc2C(N(Cc3ccccc3)CCc2c1)c4ccc(OCCN5CCCC5)cc4,ridge,8.32790214206428,7.800307203973433
TRAIN0103,Oc1ccc2C(N(CCc2c1)C(=O)C(F)(F)F)c3ccc(OCCN4CCCC4)cc3,ridge,7.54211810326601,6.1712847354182685
TRAIN0104,CCOC(=O)N1CCc2cc(O)ccc2C1c3ccc(OCCN4CCCC4)cc3,ridge,7.35359627377693,7.344058495431925
TRAIN0105,Oc1ccc(cc1)[C@@H]2Sc3cc(O)c(F)cc3O[C@@H]2c4ccc(OCCN5CCCCC5)cc4,ridge,7.86966623150499,7.632628524689228
TRAIN0106,Oc1ccc(cc1)[C@@H]2Sc3cc(O)ccc3O[C@H]2c4ccc(OCCN5CCCCC5)cc4,ridge,8.52287874528034,7.4647868744707715
TRAIN0107,Oc1ccc(cc1)C2=Nc3c(O)cc(O)cc3OC2,ridge,4.48148606012211,5.869546964866357
TRAIN0108,Cc1ccc(cc1)N2CCc3cc(O)ccc3C2(C)c4ccc(OCCN5CCCCC5)cc4,ridge,7.55284196865778,7.68333708722599
TRAIN0109,Oc1ccc(cc1)[C@@H]2Sc3c(Cl)c(O)ccc3O[C@@H]2c4ccc(OCCN5CCCCC5)cc4,ridge,8.61978875828839,7.544420072929139
TRAIN0110,CN(C)CCOc1ccc(cc1)[C@@H]2Oc3ccc(O)cc3S[C@@H]2c4cccc(O)c4,ridge,8.85387196432176,7.421135619508057
TRAIN0111,CCC1Oc2cc(O)ccc2N=C1c3ccc(O)cc3,ridge,6.07058107428571,6.047082815424908
TRAIN0112,Oc1ccc2[C@H]([C@H](CCc2c1)c3ccccc3)c4ccc(OCCN5CCCC5)cc4,ridge,8.39794000867204,7.862469765915817
TRAIN0113,Oc1ccc2C3=Nc4ccc(O)cc4OC3Cc2c1,ridge,5.2518119729938,6.100860425766972
TRAIN0114,CC(C)c1ccc(cc1)N2CCc3cc(O)ccc3C2(C)c4ccc(OCCN5CCCCC5)cc4,ridge,7.14874165128092,7.792401693049648
TRAIN0115,Cc1cc2S[C@H]([C@H](Oc2cc1O)c3ccc(OCCN4CCCCC4)cc3)c5ccc(O)cc5,ridge,7.45717457304082,7.600007625616738
TRAIN0116,CC1(C)Oc2cc(O)ccc2N=C1c3ccc(O)cc3,ridge,5.06550154875643,5.986623982660834
TRAIN0117,CCC(=C(c1ccc(O)cc1)c2ccc(OCCN(C)C)cc2)c3ccccc3,ridge,7.76955107862173,8.021169143005721
TRAIN0118,Oc1ccc(cc1)[C@@H]2Sc3ccc(O)cc3O[C@@H]2c4ccc(OCCN5CCCCC5)cc4,ridge,8.79588001734407,7.669204395386741
TRAIN0119,Oc1cccc(c1)C2Sc3cc(O)ccc3OC2c4ccc(OCCN5CCCCC5)cc4,ridge,8.52287874528034,7.4726950615237815
TRAIN0120,CC1CCN(CCOc2ccc(cc2)[C@@H]3Oc4ccc(O)cc4S[C@@H]3c5cccc(O)c5)CC1,ridge,9.09691001300806,7.734020282490592
TRAIN0121,CCC1Oc2cc(O)cc(C)c2N=C1c3ccc(O)c(Br)c3,ridge,6.74472749489669,6.005736264609103
TRAIN0122,CC1Oc2cc(O)cc(O)c2N=C1c3ccc(O)cc3,ridge,5.55284196865778,5.955771602360018
TRAIN0123,Oc1ccc(cc1)[C@@H]2Sc3c(F)c(O)ccc3O[C@@H]2c4ccc(OCCN5CCCCC5)cc4,ridge,9.09691001300806,7.6491212980117025
TRAIN0124,Cc1ccc(cc1)N2CCc3cc(O)ccc3C2(C)c4ccc(OCCN5CCCC5)cc4,ridge,7.50863830616573,7.953447748883892
TRAIN0125,Oc1ccc(cc1)[C@H]2[C@H](Oc3ccc(O)cc3S2(=O)=O)c4ccc(OCCN5CCCCC5)cc4,ridge,5.96257350205938,7.61439315503231
TRAIN0126,CN(C)c1cccc(c1)N2CCc3cc(O)ccc3C2(C)c4ccc(OCCN5CCCCC5)cc4,ridge,7.14874165128092,7.552248285581518
TRAIN0127,Cc1cc(O)cc2O[C@@H]([C@@H](Sc12)c3ccc(O)cc3)c4ccc(OCCN5CCCCC5)cc4,ridge,8.69897000433602,7.681225971097831
TRAIN0128,Oc1ccc2OC(C(Sc2c1)c3ccccc3)c4ccc(OCCN5CCCCC5)cc4,ridge,7.92445303860747,7.703195986832869
TRAIN0129,CCC1Oc2cc(O)cc(O)c2N=C1c3ccc(O)cc3,ridge,5.92081875395237,6.104716010005371
TRAIN0130,CC1(N(CCc2cc(O)ccc12)c3ccc(Cl)cc3)c4ccc(OCCN5CCCCC5)cc4,ridge,7.45593195564972,7.696542190478452
TRAIN0131,Oc1ccc(cc1)C2=C(Oc3ccc(O)cc3S2)c4ccc(OCCN5CCCCC5)cc4,ridge,8.79588001734407,7.541959976509529
TRAIN0132,CC1(N(CCc2cc(O)ccc12)c3ccc(Cl)cc3)c4ccc(OCCN5CCCC5)cc4,ridge,7.56863623584101,7.790388467154703
TRAIN0133,CC1(N(CCc2cc(O)ccc12)c3cccc(Cl)c3)c4ccc(OCCN5CCCCC5)cc4,ridge,7.30980391997149,7.7164885769322344
TRAIN0134,Oc1ccc(cc1)[C@@H]2Sc3cc(O)c(Cl)cc3O[C@@H]2c4ccc(OCCN5CCCCC5)cc4,ridge,8.26760624017703,7.595825538335824
TRAIN0135,Cc1cc(O)cc2S[C@H]([C@H](Oc12)c3ccc(OCCN4CCCCC4)cc3)c5ccc(O)cc5,ridge,8.27572413039921,7.499259731267318
TRAIN0136,Oc1ccc(cc1)[C@H]2Sc3c(F)c(O)ccc3O[C@H]2c4ccc(OCCN5CCCCC5)cc4,ridge,9.0,7.658026684214462
TRAIN0137,Oc1ccc(cc1)[C@@H]2Sc3cc(O)ccc3O[C@@H]2c4ccc(OCCN5CCCCC5)cc4,ridge,8.52287874528034,7.595270390058737
TRAIN0138,Oc1ccc(cc1)[C@@H]2Cc3ccc(O)cc3O[C@@H]2c4ccc(OCCN5CCCCC5)cc4,ridge,8.17392519729917,7.479099053302024
TRAIN0139,Oc1ccc2O[C@@H]([C@@H](Sc2c1)c3ccccc3)c4ccc(OCCN5CCCCC5)cc4,ridge,8.20760831050175,7.679282959885803
TRAIN0140,Oc1ccc(cc1)[C@@H]2Sc3c(Cl)cc(O)cc3O[C@@H]2c4ccc(OCCN5CCCCC5)cc4,ridge,9.29242982390206,7.461047336918225
TRAIN0141,CC1(C)Oc2cc(O)cc(O)c2N=C1c3ccc(O)c(Br)c3,ridge,5.22184874961636,6.090820035393747
TRAIN0142,CC1(N(CCc2cc(O)ccc12)c3ccccc3)c4ccc(OCCN5CCCCC5)cc4,ridge,7.53760200210104,7.309850385603716
TRAIN0143,CC1(N(CCc2cc(O)ccc12)c3ccccc3)c4ccc(OCCN5CCCCCC5)cc4,ridge,7.2518119729938,7.548730450657986
TRAIN0144,Oc1ccc(cc1)[C@@H]2Sc3c(O)cc(O)cc3O[C@@H]2c4ccc(OCCN5CCCCC5)cc4,ridge,7.60205999132796,7.461613607302774
TRAIN0145,Oc1ccc2C3=Nc4ccc(O)cc4OC3CCc2c1,ridge,5.22184874961636,5.990272215442886
TRAIN0146,Oc1ccc2C(N(CCc2c1)c3ccccc3)c4ccc(OCCN5CCCCC5)cc4,ridge,7.72124639904717,7.515016193308963
TRAIN0147,CC(C)c1cccc(c1)N2CCc3cc(O)ccc3C2(C)c4ccc(OCCN5CCCCC5)cc4,ridge,7.33724216831843,7.983167033605092
TRAIN0148,Oc1ccc(cc1)[C@@H]2Sc3ccccc3O[C@@H]2c4ccc(OCCN5CCCCC5)cc4,ridge,8.0,7.702826143671112
TRAIN0149,C[C@]12CC[C@H]3[C@@H](CCc4cc(O)ccc34)[C@@H]1CCC2=O,ridge,6.67778070526608,6.1626552504029775
TRAIN0150,Oc1ccc(cc1)[C@@H]2Sc3c(F)cc(O)cc3O[C@@H]2c4ccc(OCCN5CCCCC5)cc4,ridge,9.30102999566398,7.500451817546545
TRAIN0151,Oc1ccc(cc1)C2=Nc3ccc(O)cc3OC2,ridge,4.79588001734407,5.769606889328953
TRAIN0152,CCC1Oc2cc(O)cc(O)c2N=C1c3ccc(O)c(Br)c3,ridge,5.27572413039921,5.918494026337755
TRAIN0153,CC1Oc2cc(O)cc(C)c2N=C1c3ccc(O)c(Br)c3,ridge,6.49485002168009,5.8368748793963166
TRAIN0154,Oc1ccc2C(N(CCc2c1)c3ccccc3)c4ccc(F)cc4,ridge,6.54515513999149,7.319663927089707
TRAIN0155,CC(C)c1ccc(cc1)N2CCc3cc(O)ccc3C2(C)c4ccc(OCCN5CCCC5)cc4,ridge,7.35654732351381,7.997619639889534
TRAIN0156,CC1(N(CCc2cc(O)ccc12)c3ccc(F)cc3)c4ccc(OCCN5CCCCC5)cc4,ridge,7.42021640338319,7.53754989200554
TRAIN0157,CN(C)c1cccc(c1)N2CCc3cc(O)ccc3C2(C)c4ccc(OCCN5CCCC5)cc4,ridge,7.0268721464003,7.779496100498025
TRAIN0158,Oc1ccc(cc1)[C@H]2[C@H](Oc3cc(O)ccc3C2=O)c4ccc(OCCN5CCCCC5)cc4,ridge,7.4089353929735,7.452902172624319
TRAIN0159,Oc1ccc2O[C@@H]([C@@H](Sc2c1)c3ccccc3O)c4ccc(OCCN5CCCCC5)cc4,ridge,8.88605664769316,7.428111671517047
TRAIN0160,CC1(N(CCc2cc(O)ccc12)c3cccc(O)c3)c4ccc(OCCN5CCCCC5)cc4,ridge,7.46852108295774,7.446368998514921
TRAIN0161,CCc1cc(O)cc2O[C@@H]([C@@H](Sc12)c3ccc(O)cc3)c4ccc(OCCN5CCCCC5)cc4,ridge,7.27327279097343,7.803078529523858
TRAIN0162,Oc1ccc(cc1)[C@@H]2Sc3cc(O)cc(Cl)c3O[C@@H]2c4ccc(OCCN5CCCCC5)cc4,ridge,8.27572413039921,7.491521104175209
TRAIN0163,CC1(N(CCc2cc(O)ccc12)c3ccc(F)cc3)c4ccc(OCCN5CCCC5)cc4,ridge,7.50863830616573,7.571641391334252
TRAIN0164,COc1ccc(cc1)C2Sc3cc(O)ccc3OC2c4ccc(OCCN5CCCCC5)cc4,ridge,7.38615817812393,7.679860664630381
TRAIN0165,CC1CCCC(C)N1CCOc2ccc(cc2)[C@@H]3Oc4ccc(O)cc4S[C@@H]3c5cccc(O)c5,ridge,8.46852108295774,7.723418632411697
TRAIN0166,CCCC1Oc2cc(O)ccc2N=C1c3ccc(O)cc3,ridge,5.76955107862173,6.131069067058899
TRAIN0167,Oc1ccc(cc1)[C@@H]2Sc3cc(Cl)c(O)cc3O[C@@H]2c4ccc(OCCN5CCCCC5)cc4,ridge,7.63638802010786,7.598850797700461
TRAIN0168,CCc1c(O)ccc2S[C@H]([C@H](Oc12)c3ccc(OCCN4CCCCC4)cc3)c5ccc(O)cc5,ridge,8.32790214206428,7.788365684439338
TRAIN0169,CC1(N(CCc2cc(O)ccc12)c3ccccc3)c4ccc(OCCN5CCCC5)cc4,ridge,7.42021640338319,7.856578851842912
TRAIN0170,CC1(N(CCc2cc(O)ccc12)c3cccc(Cl)c3)c4ccc(OCCN5CCCC5)cc4,ridge,7.18045606445813,7.662583777790154
TRAIN0171,Oc1cccc(c1)[C@H]2Sc3cc(O)ccc3O[C@H]2c4ccc(OCCN5CCOCC5)cc4,ridge,8.42021640338319,7.495950162545402
TRAIN0172,Cc1c(O)ccc2S[C@H]([C@H](Oc12)c3ccc(OCCN4CCCCC4)cc3)c5ccc(O)cc5,ridge,8.92081875395237,7.646145323413336
TRAIN0173,CC1Oc2cc(O)ccc2N=C1c3ccc(O)cc3,ridge,5.76955107862173,5.886647564761984
TRAIN0174,CC1(N(CCc2cc(O)ccc12)c3cccc(O)c3)c4ccc(OCCN5CCCC5)cc4,ridge,7.50863830616573,7.7948827890774925
TRAIN0175,CC1(N(CCc2cc(O)ccc12)c3cccc(F)c3)c4ccc(OCCN5CCCC5)cc4,ridge,7.4089353929735,7.910433013984823
TRAIN0176,Oc1cccc(c1)[C@H]2Sc3cc(O)ccc3O[C@H]2c4ccc(OCCNC5CCCCCC5)cc4,ridge,8.92081875395237,7.390957514793132
TRAIN0177,Oc1ccc2OC(C(Sc2c1)c3ccc(F)cc3)c4ccc(OCCN5CCCCC5)cc4,ridge,8.42021640338319,7.495229847771959
TRAIN0178,Oc1ccc2C(=O)c3oc4cc(O)ccc4c3Oc2c1,ridge,6.25570701687732,5.877756615263913
TRAIN0179,COc1cc(O)c2C(=O)c3c(Oc2c1)oc4cc(O)ccc34,ridge,5.56415563401556,5.637688694641153
TRAIN0180,Oc1cc(O)c2C(=O)c3oc4c(cc(O)cc4c3Oc2c1)C#N,ridge,5.80966830182971,5.868037866763467
TRAIN0181,Oc1cc(O)c2C(=O)c3sc4ccccc4c3Oc2c1,ridge,5.4350973274708,6.046655979651009
TRAIN0182,CC1=C(c2ccc(O)cc2)C3(Cc4ccccc4C3)c5ccc(O)cc15,ridge,7.72124639904717,7.358118788355675
TRAIN0183,Oc1ccc(cc1)C2=CC(=O)c3c(O)cc(O)cc3O2,ridge,5.90204892900585,5.764044583314911
TRAIN0184,CC1=CC[C@@]2(CO)COC([C@@H]1C2)c3ccc(O)cc3,ridge,5.49485002168009,6.2449861155400646
TRAIN0185,Oc1ccc2CC3(Cc2c1)C(=Cc4ccccc34)c5ccccc5,ridge,7.23657200643706,7.226680067219616
TRAIN0186,Oc1ccc2Oc3c(oc4cc(O)ccc34)C(=O)c2c1,ridge,5.82390874094432,5.63958393599799
TRAIN0187,Oc1ccc2c(C=C(c3ccccc3)C24Cc5ccccc5C4)c1,ridge,7.61978875828839,7.3315500807494445
TRAIN0188,Oc1ccc2c3C(=O)c4c(O)cc(O)cc4Oc3oc2c1,ridge,7.55284196865778,5.560529798593182
TRAIN0189,Oc1cc(O)c2C(=O)c3oc4c(Br)cc(O)cc4c3Oc2c1,ridge,5.89962945488244,5.458154423424893
TRAIN0190,Oc1ccc2oc3C(=O)c4c(O)cc(O)cc4Oc3c2c1,ridge,5.53003079050004,5.638092257305187
TRAIN0191,OC[C@]12CC[C@H]([C@H](C1)C=CC2)c3ccc(O)cc3,ridge,6.25963731050576,5.9448448151351165
TRAIN0192,Oc1cccc(c1)C2=Cc3ccc(O)cc3C24Cc5ccccc5C4,ridge,7.50863830616573,7.356917768529037
TRAIN0193,Oc1ccc2c3Oc4cc(O)cc(O)c4C(=O)c3oc2c1,ridge,7.16749108729376,5.398024624205579
TRAIN0194,Oc1ccc2Oc3c(oc4ccc(O)cc34)C(=O)c2c1,ridge,6.74472749489669,5.733199103525458
TRAIN0195,OC(=O)CCCOc1ccc(cc1)\C(=C\CCc2ccccc2)\c3cccc(O)c3,ridge,5.76955107862173,7.258869603324365
TRAIN0196,CC\C(=C(/c1ccc(O)cc1)\c2ccc(OCC(=O)O)cc2)\c3ccccc3,ridge,6.30102999566398,7.455552963747484
TRAIN0197,CC\C(=C(\c1ccc(OCC(=O)O)cc1)/c2cccc(O)c2)\c3ccccc3,ridge,5.84163750790475,7.15556825838066
TRAIN0198,OC(=O)CCCOc1ccc(cc1)\C(=C\CCc2ccccc2)\c3ccc(O)cc3,ridge,6.62893213772826,7.066041783041825
TRAIN0199,CC[C@@](C)([C@@H](c1ccc(O)cc1)c2ccc(OCCCC(=O)O)cc2)c3ccccc3,ridge,5.22184874961636,7.628983337945846
TRAIN0200,O\N=C/1\[C@H]([C@H](Oc2cc(O)ccc12)c3ccc(OCCN4CCCCC4)cc3)c5ccc(O)cc5,ridge,5.98296666070122,7.599565788649913
TRAIN0201,C[C@H]1[C@H](Oc2cc(O)ccc2C1=O)c3ccc(OCCN4CCCCC4)cc3,ridge,5.44818417764898,6.868960723463673
TRAIN0202,Oc1ccc2C(=O)[C@H]([C@H](Oc2c1)c3ccc(OCCN4CCCCC4)cc3)c5ccccc5,ridge,6.27490547891853,7.388556105541194
TRAIN0203,Cc1cc(O)cc2O[C@@H]([C@@H](C(=O)c12)c3ccc(O)cc3)c4ccc(OCCN5CCCCC5)cc4,ridge,7.85387196432176,7.330241594648599
TRAIN0204,C[C@@H]1[C@H](Oc2cc(O)ccc2C1=O)c3ccc(OCCN4CCCCC4)cc3,ridge,5.84924356013969,6.868960723463673
TRAIN0205,Oc1ccc(cc1)[C@H]2Oc3cc(O)ccc3C(=O)[C@H]2c4ccc(O)cc4,ridge,6.30980391997149,6.70558643593529
TRAIN0206,CCc1cc(O)cc2O[C@@H]([C@@H](C(=O)c12)c3ccc(O)cc3)c4ccc(OCCN5CCCCC5)cc4,ridge,7.16749108729376,7.598275285678186
TRAIN0207,CCCCCc1cc(O)cc2O[C@@H]([C@@H](C(=O)c12)c3ccc(O)cc3)c4ccc(OCCN5CCCCC5)cc4,ridge,7.14874165128092,7.54964158776384
TRAIN0208,COc1cc(ccc1O)[C@H]2[C@H](Oc3cc(O)ccc3C2=O)c4ccc(OCCN5CCCCC5)cc4,ridge,6.3840499483436,7.3817689452860185
TRAIN0209,Oc1ccc(cc1)[C@@H]2[C@H](Oc3cc(O)ccc3C2=O)c4ccc(OCCN5CCCCC5)cc4,ridge,7.30980391997149,7.452902172624319
TRAIN0210,Oc1ccc(cc1)[C@H]2[C@H](Oc3cc(O)cc(Cl)c3C2=O)c4ccc(OCCN5CCCCC5)cc4,ridge,7.23657200643706,7.291995672570438
TRAIN0211,COc1cc(O)ccc1[C@H]2[C@H](Oc3cc(O)ccc3C2=O)c4ccc(OCCN5CCCCC5)cc4,ridge,6.82681373158773,7.45664439969789
TRAIN0212,CC(C)[C@H]1[C@H](Oc2cc(O)ccc2C1=O)c3ccc(OCCN4CCCCC4)cc3,ridge,7.05060999335509,6.852694719519245
TRAIN0213,Oc1ccc(cc1)[C@H]2[C@H](Oc3ccccc3C2=O)c4ccc(OCCN5CCCCC5)cc4,ridge,6.74714696902011,7.3943212519270105
TRAIN0214,Oc1ccc2c(OC(=O)c3c2oc4cc(O)ccc34)c1,ridge,7.95860731484177,5.584546684974281
TRAIN0215,CC(C)[C@@H]1[C@H](Oc2cc(O)ccc2C1=O)c3ccc(OCCN4CCCCC4)cc3,ridge,6.96257350205938,6.947744167086652
TRAIN0216,C[C@H]1[C@H](Oc2cc(O)cc(O)c2C1=O)c3ccc(OCCN4CCCCC4)cc3,ridge,6.25884840114822,6.7420474117660945
TRAIN0217,Oc1ccc(cc1)[C@H]2[C@H](Oc3cc(O)cc(F)c3C2=O)c4ccc(OCCN5CCCCC5)cc4,ridge,6.97881070093006,7.3280442544680655
TRAIN0218,CCCc1cc(O)cc2O[C@@H]([C@@H](C(=O)c12)c3ccc(O)cc3)c4ccc(OCCN5CCCCC5)cc4,ridge,6.18575240426808,7.691800504686359
TRAIN0219,Cc1cc(cc(C)c1O)[C@H]2[C@H](Oc3cc(O)ccc3C2=O)c4ccc(OCCN5CCCCC5)cc4,ridge,5.97881070093006,7.427354758055004
TRAIN0220,O[C@@H]1[C@H]([C@H](Oc2cc(O)ccc12)c3ccc(OCCN4CCCCC4)cc3)c5ccc(O)cc5,ridge,6.03198428600636,7.20630398622821
TRAIN0221,C[C@H]1CCN(CCOc2ccc(cc2)[C@@H]3Oc4ccc(O)c(F)c4[C@@H](C)[C@@H]3c5ccc(O)cc5)C1,ridge,9.09691001300806,7.784626812116766
TRAIN0222,C[C@@H]1CCN(CCOc2ccc(cc2)[C@@H]3Oc4ccc(O)cc4[C@@H](C)[C@@H]3c5ccc(O)cc5)C1,ridge,8.61978875828839,7.846296348833176
TRAIN0223,C[C@@H]1CCN(CCOc2ccc(cc2)[C@@H]3Oc4ccc(O)c(F)c4[C@@H](C)[C@@H]3c5ccc(O)cc5)C1,ridge,9.09691001300806,7.908658803374829
TRAIN0224,C[C@@H](COc1ccc(cc1)[C@@H]2Oc3ccc(O)cc3[C@@H](C)[C@@H]2c4ccc(O)cc4)N5CCCC5,ridge,8.85387196432176,7.831408619891192
TRAIN0225,Cc1cc(C)nc(n1)N2CCN(CC2)c3ccc(cc3)C(=O)c4c(sc5cc(O)ccc45)c6ccc(O)cc6,ridge,8.67366413907125,7.772643322471467
TRAIN0226,CCCN1CCN(CC1)c2ccc(cc2)C(=O)c3c(sc4cc(O)ccc34)c5ccc(O)cc5,ridge,8.84466396253494,7.883475174576072
TRAIN0227,C[C@@H](COc1ccc(cc1)[C@@H]2Oc3ccc(O)c(F)c3[C@@H](C)[C@@H]2c4ccc(O)cc4)N5CCCC5,ridge,9.30102999566398,7.705953195677234
TRAIN0228,C[C@@H]1[C@@H]([C@@H](Oc2cc(O)ccc12)c3ccc(OCCN4CCCCC4)cc3)c5ccc(O)cc5,ridge,7.34678748622466,7.540603622383647
TRAIN0229,C[C@@H]1[C@@H]([C@@H](Oc2ccc(O)cc12)c3ccc(OCCN4CCCCC4)cc3)c5ccc(O)cc5,ridge,7.42021640338319,7.564357738002418
TRAIN0230,C[C@H]1[C@@H]([C@@H](Oc2cc(O)ccc12)c3ccc(OCCN4CCCCC4)cc3)c5ccc(O)cc5,ridge,9.18045606445813,7.454091617908767
TRAIN0231,CC[C@H]1[C@@H]([C@@H](Oc2ccc(O)cc12)c3ccc(OCCN4CCCCC4)cc3)c5ccc(O)cc5,ridge,7.85387196432176,7.7602938390931016
TRAIN0232,C[C@H]1[C@@H]([C@@H](Oc2ccc(O)cc12)c3ccc(OCCN4CCCCC4)cc3)c5ccc(O)cc5,ridge,8.85387196432176,7.453461122725043
TRAIN0233,Oc1ccc(cc1)c2sc3cc(O)ccc3c2C(=O)c4ccc(cc4)N5CCN(Cc6ccccc6)CC5,ridge,9.01322826573375,8.064944150188389
TRAIN0234,Oc1ccc(cc1)c2sc3cc(O)ccc3c2C(=O)c4ccc(cc4)N5CCN(CC5)C(=O)c6ccccc6,ridge,9.06550154875643,7.475203585441669
TRAIN0235,Oc1ccc(cc1)c2sc3cc(O)ccc3c2C(=O)c4ccc(cc4)N5CCN(CC5)C(=O)c6occc6,ridge,8.57675412606319,7.087224482814644
TRAIN0236,Cc1ccc(cc1)C(=O)N2CCN(CC2)c3ccc(cc3)C(=O)c4c(sc5cc(O)ccc45)c6ccc(O)cc6,ridge,8.56224943717961,7.600941537511906
TRAIN0237,Oc1ccc(cc1)c2sc3cc(O)ccc3c2C(=O)c4ccc(cc4)N5CCN(CC5)C(=O)c6cccc(Cl)c6,ridge,9.33724216831843,7.802210011993605
TRAIN0238,Oc1ccc(cc1)c2sc3cc(O)ccc3c2C(=O)c4ccc(cc4)N5CCN(CC5)C(=O)c6ccc(Cl)cc6,ridge,9.10790539730952,7.5570573645730885
TRAIN0239,C[C@H]1[C@@H]([C@@H](Oc2ccc(O)c(F)c12)c3ccc(OCCN4CCCCC4)cc3)c5ccc(O)cc5,ridge,9.09691001300806,7.552670429556785
TRAIN0240,Oc1ccc(cc1)c2sc3cc(O)ccc3c2C(=O)c4ccc(cc4)N5CCN(CC5)C(=O)c6cccc(O)c6,ridge,8.85698519974591,7.790168675560458
TRAIN0241,Oc1ccc(cc1)c2sc3cc(O)ccc3c2C(=O)c4ccc(cc4)N5CCN(CC5)C(=O)c6ccccc6O,ridge,8.51570016065321,7.33409677883712
TRAIN0242,Cc1ccccc1C(=O)N2CCN(CC2)c3ccc(cc3)C(=O)c4c(sc5cc(O)ccc45)c6ccc(O)cc6,ridge,8.40450377817443,7.49273445204048
TRAIN0243,Cc1cccc(c1)C(=O)N2CCN(CC2)c3ccc(cc3)C(=O)c4c(sc5cc(O)ccc45)c6ccc(O)cc6,ridge,9.56863623584101,7.900467456313402
TRAIN0244,C[C@H]1[C@@H]([C@@H](Oc2ccc(O)cc12)c3ccc(OCCN4CCCC4)cc3)c5ccc(O)cc5,ridge,8.82390874094432,7.695875798764695
TRAIN0245,C[C@H]1[C@@H]([C@@H](Oc2ccc(O)c(F)c12)c3ccc(OCCN4CCCC4)cc3)c5ccc(O)cc5,ridge,9.04575749056067,7.675887025498272
TRAIN0246,C[C@H]1CCN(CCOc2ccc(cc2)[C@@H]3Oc4ccc(O)cc4[C@@H](C)[C@@H]3c5ccc(O)cc5)C1,ridge,8.88605664769316,7.92033141655442
TRAIN0247,Oc1ccc(cc1)c2sc3cc(O)ccc3c2C(=O)c4ccc(cc4)N5CCN(CC5)C(=O)c6ccccc6Cl,ridge,8.76447155309245,7.7216964188854575
TRAIN0248,Oc1ccc(cc1)c2sc3cc(O)ccc3c2C(=O)c4ccc(cc4)N5CCN(CC5)C(=O)c6ccncc6,ridge,7.83983170704149,6.909333554721872
TRAIN0249,Oc1ccc(cc1)c2sc3cc(O)ccc3c2C(=O)c4ccc(cc4)N5CCN(CC5)C(=O)c6ccc(cc6)[N+](=O)[O-],ridge,8.66756154008439,7.302219609070278
TRAIN0250,Oc1ccc(cc1)c2sc3cc(O)ccc3c2C(=O)c4ccc(cc4)N5CCN(CC5)c6ccc(Cl)cc6,ridge,9.65757731917779,8.008303442977898
TRAIN0251,Oc1ccc(cc1)c2sc3cc(O)ccc3c2C(=O)c4ccc(cc4)N5CCN(CC5)C(=O)c6ccccc6[N+](=O)[O-],ridge,8.44611697335613,7.67675918096415
TRAIN0252,Oc1ccc(cc1)c2sc3cc(O)ccc3c2C(=O)c4ccc(cc4)N5CCN(CC5)c6ccc(cc6)[N+](=O)[O-],ridge,9.36653154442041,7.9181441629391704
TRAIN0253,CC(C)N1CCN(CC1)c2ccc(cc2)C(=O)c3c(sc4cc(O)ccc34)c5ccc(O)cc5,ridge,9.55284196865778,7.903554981135555
TRAIN0254,Oc1ccc(cc1)c2sc3cc(O)ccc3c2C(=O)c4ccc(cc4)N5CCN(CC5)C6CCCC6,ridge,8.96657624451305,7.914954790108595
TRAIN0255,C[C@@H](COc1ccc(cc1)[C@@H]2Oc3ccc(O)cc3[C@@H](C)[C@@H]2c4ccc(O)cc4)N5CC[C@@H](C)C5,ridge,8.88605664769316,7.917491709241856
TRAIN0256,C[C@@H](COc1ccc(cc1)[C@@H]2Oc3ccc(O)c(F)c3[C@@H](C)[C@@H]2c4ccc(O)cc4)N5CC[C@@H](C)C5,ridge,9.04575749056067,7.854044605056665
TRAIN0257,C[C@@H](COc1ccc(cc1)[C@@H]2Oc3ccc(O)c(F)c3[C@@H](C)[C@@H]2c4ccc(O)cc4)N5CC[C@H](C)C5,ridge,8.60205999132796,7.972019605848786
TRAIN0258,C[C@H](CN1CCCC1)Oc2ccc(cc2)[C@@H]3Oc4ccc(O)cc4[C@@H](C)[C@@H]3c5ccc(O)cc5,ridge,8.82390874094432,7.838417816284961
TRAIN0259,C[C@H]1[C@@H]([C@@H](Oc2ccc(O)c(F)c12)c3ccc(OCCN4CCCCCC4)cc3)c5ccc(O)cc5,ridge,9.52287874528034,7.780554709797523
TRAIN0260,C[C@@H](COc1ccc(cc1)[C@@H]2Oc3ccc(O)c(F)c3[C@@H](C)[C@@H]2c4ccc(O)cc4)N5CCC[C@H]5C,ridge,9.15490195998574,7.991510687935987
TRAIN0261,COc1ccc2[C@H]([C@H](OCc2c1)c3ccccc3)c4ccc(OCCN5CCCC5)cc4,ridge,7.4089353929735,6.5719312630284925
TRAIN0262,COc1ccc2[C@H]([C@H](SCc2c1)c3ccccc3)c4ccc(OCCN5CCCC5)cc4,ridge,7.88605664769316,7.247096902106619
TRAIN0263,Oc1ccc2[C@H]([C@H](OCc2c1)c3ccccc3)c4ccc(OCCN5CCCC5)cc4,ridge,8.61978875828839,7.888199459450895
TRAIN0264,Oc1ccc2[C@H]([C@H](SCc2c1)c3ccccc3)c4ccc(OCCN5CCCC5)cc4,ridge,9.22184874961636,7.982695486496294
TRAIN0265,C[C@H]1CN(CCOc2ccc(cc2)[C@@H]3Oc4ccc(O)cc4S[C@@H]3c5ccc(O)cc5)C[C@@H]1C,ridge,9.30102999566398,7.974372700960735
TRAIN0266,C[C@@H]1CN(CCOc2ccc(cc2)[C@@H]3Oc4ccc(O)cc4S[C@@H]3c5ccc(O)cc5)C[C@H]1C,ridge,9.39794000867204,7.932865324740074
TRAIN0267,Oc1ccc(cc1)[C@H]2Sc3cc(O)ccc3O[C@H]2c4ccc(OCCCN5CCCC5)cc4,ridge,8.76955107862173,7.827813979215296
TRAIN0268,C[C@H](COc1ccc(cc1)[C@@H]2Oc3ccc(O)cc3S[C@@H]2c4ccc(O)cc4)N5CCCC5,ridge,8.88605664769316,7.739739651614711
TRAIN0269,Oc1ccc(cc1)[C@H]2Sc3cc(O)ccc3O[C@H]2c4ccc(OCCN5CC6CC6C5)cc4,ridge,9.15490195998574,7.865554840163556
TRAIN0270,Oc1ccc(cc1)[C@H]2Sc3cc(O)ccc3O[C@H]2c4ccc(OCCN5CCCC5)cc4,ridge,8.58502665202918,7.59849936024189
TRAIN0271,C[C@@H]1CCN(CCOc2ccc(cc2)[C@@H]3Oc4ccc(O)cc4S[C@@H]3c5ccc(O)cc5)C1,ridge,8.52287874528034,7.853034847622346
TRAIN0272,C[C@H]1CCN(CCOc2ccc(cc2)[C@@H]3Oc4ccc(O)cc4S[C@@H]3c5ccc(O)cc5)C1,ridge,9.0,7.8472523717180875
TRAIN0273,C[C@@H]1CCCN1CCOc2ccc(cc2)[C@@H]3Oc4ccc(O)cc4S[C@@H]3c5ccc(O)cc5,ridge,9.15490195998574,7.784230036773994
TRAIN0274,C[C@H]1CCCN1CCOc2ccc(cc2)[C@@H]3Oc4ccc(O)cc4S[C@@H]3c5ccc(O)cc5,ridge,9.09691001300806,7.887307939158989
TRAIN0275,CC[C@@H]1CCN(CCOc2ccc(cc2)[C@@H]3Oc4ccc(O)cc4S[C@@H]3c5ccc(O)cc5)C1,ridge,9.04575749056067,7.848522692209921
TRAIN0276,CC[C@H]1CCN(CCOc2ccc(cc2)[C@@H]3Oc4ccc(O)cc4S[C@@H]3c5ccc(O)cc5)C1,ridge,8.95860731484177,7.855995913702349
TRAIN0277,CC(C)[C@@H]1CCN(CCOc2ccc(cc2)[C@@H]3Oc4ccc(O)cc4S[C@@H]3c5ccc(O)cc5)C1,ridge,9.39794000867204,7.97331948959509
TRAIN0278,CC(C)[C@H]1CCN(CCOc2ccc(cc2)[C@@H]3Oc4ccc(O)cc4S[C@@H]3c5ccc(O)cc5)C1,ridge,9.52287874528034,7.97331948959509
TRAIN0279,CC1(C)CCN(CCOc2ccc(cc2)[C@@H]3Oc4ccc(O)cc4S[C@@H]3c5ccc(O)cc5)C1,ridge,9.0,7.7970104817505925
TRAIN0280,CC1(C)CCCN1CCOc2ccc(cc2)[C@@H]3Oc4ccc(O)cc4S[C@@H]3c5ccc(O)cc5,ridge,9.04575749056067,7.733668067924771
TRAIN0281,C[C@@H]1CN(CCOc2ccc(cc2)[C@@H]3Oc4ccc(O)cc4S[C@@H]3c5ccc(O)cc5)C[C@@H]1C,ridge,9.15490195998574,7.967923479033383
TRAIN0282,CN(C)c1cccc(c1)N2CCc3cc(O)ccc3C2c4ccc(OCCN5CCCCC5)cc4,ridge,7.14898639317633,7.677265676952297
TRAIN0283,CC[C@@H](COc1ccc(cc1)[C@@H]2Oc3ccc(O)cc3S[C@@H]2c4ccc(O)cc4)N5CCCC5,ridge,9.30102999566398,7.900714473442559
TRAIN0284,CC[C@H](COc1ccc(cc1)[C@@H]2Oc3ccc(O)cc3S[C@@H]2c4ccc(O)cc4)N5CCCC5,ridge,9.15490195998574,7.9677405848986975
TRAIN0285,CC(C)[C@@H](COc1ccc(cc1)[C@@H]2Oc3ccc(O)cc3S[C@@H]2c4ccc(O)cc4)N5CCCC5,ridge,9.15490195998574,7.957689731894611
TRAIN0286,CC(C)[C@H](COc1ccc(cc1)[C@@H]2Oc3ccc(O)cc3S[C@@H]2c4ccc(O)cc4)N5CCCC5,ridge,9.30102999566398,7.9791788305644324
TRAIN0287,CC(C)(COc1ccc(cc1)[C@@H]2Oc3ccc(O)cc3S[C@@H]2c4ccc(O)cc4)N5CCCC5,ridge,9.15490195998574,7.7655666398358045
TRAIN0288,C[C@@H](CN1CCCC1)Oc2ccc(cc2)[C@@H]3Oc4ccc(O)cc4S[C@@H]3c5ccc(O)cc5,ridge,8.60205999132796,7.756152283614007
TRAIN0289,C[C@H](CN1CCCC1)Oc2ccc(cc2)[C@@H]3Oc4ccc(O)cc4S[C@@H]3c5ccc(O)cc5,ridge,8.20065945054642,7.756152283614007
TRAIN0290,CC[C@@H](CN1CCCC1)Oc2ccc(cc2)[C@@H]3Oc4ccc(O)cc4S[C@@H]3c5ccc(O)cc5,ridge,9.09691001300806,7.858899095099876
TRAIN0291,CC[C@H](CN1CCCC1)Oc2ccc(cc2)[C@@H]3Oc4ccc(O)cc4S[C@@H]3c5ccc(O)cc5,ridge,8.92081875395237,7.917894468283407
TRAIN0292,Oc1ccc(cc1)c2oc3ccc(O)cc3c2,ridge,6.75448733218585,5.903830169818072
TRAIN0293,Oc1ccc(cc1)c2oc3c(Br)cc(O)cc3c2,ridge,8.82390874094432,6.2558703680990355
TRAIN0294,Oc1cc(Br)c2oc(cc2c1)c3ccc(O)c(F)c3,ridge,7.92081875395237,6.290248439603575
TRAIN0295,COc1cc(O)cc2cc(oc12)c3ccc(O)cc3,ridge,6.31605286924849,6.169580382140638
TRAIN0296,COc1cc(O)cc2cc(oc12)c3ccc(O)c(F)c3,ridge,6.00436480540245,6.167302131757841
TRAIN0297,COc1cc(O)c(Br)c2cc(oc12)c3ccc(O)cc3,ridge,7.67778070526608,6.1553250554076016
TRAIN0298,COc1cc(O)c(Br)c2cc(oc12)c3ccc(O)c(F)c3,ridge,6.47495519296315,6.278976151366781
TRAIN0299,Oc1ccc(cc1)[C@H]2Sc3cc(O)ccc3O[C@H]2c4ccc(OCCN5C6CCCC5CC6)cc4,ridge,9.22184874961636,7.830844627410975
TRAIN0300,Oc1ccc(cc1)[C@H]2Sc3cc(O)ccc3O[C@H]2c4ccc(OCCN5C6CCCC5CCC6)cc4,ridge,9.22184874961636,7.597640568509776
TRAIN0301,Oc1ccc(cc1)[C@H]2Sc3cc(O)ccc3O[C@H]2c4ccc(OCCN5C6CCC5CC6)cc4,ridge,9.04575749056067,7.904876263910608
TRAIN0302,Oc1ccc(cc1)[C@H]2Sc3cc(O)ccc3O[C@H]2c4ccc(OCCN5CC6CC5CO6)cc4,ridge,9.15490195998574,7.770700642285572
TRAIN0303,Oc1ccc(cc1)[C@H]2Sc3cc(O)ccc3O[C@H]2c4ccc(OCCN5CC6CCC5CC6)cc4,ridge,8.88605664769316,7.605455248151911
TRAIN0304,Oc1ccc(cc1)[C@H]2Sc3cc(O)ccc3O[C@H]2c4ccc(OCCN5CC6CC7CC(C6)CC5C7)cc4,ridge,9.22184874961636,7.9837790609416235
TRAIN0305,Oc1ccc(cc1)[C@H]2Sc3cc(O)ccc3O[C@H]2c4ccc(OCCN5CC[C@H]6C[C@@H]56)cc4,ridge,9.22184874961636,7.795832153115453
TRAIN0306,Oc1ccc(cc1)[C@H]2Sc3cc(O)ccc3O[C@H]2c4ccc(OCCN5CC[C@@H]6C[C@H]56)cc4,ridge,9.30102999566398,7.86104177307061
TRAIN0307,Oc1ccc(cc1)[C@H]2Sc3cc(O)ccc3O[C@H]2c4ccc(OCCN5CC6CCC6C5)cc4,ridge,9.09691001300806,8.036287453844679
TRAIN0308,Oc1ccc(cc1)[C@H]2Sc3cc(O)ccc3O[C@H]2c4ccc(OCCN5C[C@H]6CCC[C@H]6C5)cc4,ridge,9.52287874528034,8.11127415856728
TRAIN0309,Oc1ccc(cc1)[C@H]2Sc3cc(O)ccc3O[C@H]2c4ccc(OCCN5C[C@H]6CCCC[C@H]6C5)cc4,ridge,9.0,7.907537460025385
TRAIN0310,Oc1ccc(cc1)[C@H]2Sc3cc(O)ccc3O[C@H]2c4ccc(OCCN5CCC6(CCCC6)CC5)cc4,ridge,8.92081875395237,7.704197025060599
TRAIN0311,Oc1ccc(cc1)[C@H]2Sc3cc(O)ccc3O[C@H]2c4ccc(OCCN5CC6(CCC6)C5)cc4,ridge,9.39794000867204,7.946384134896858
TRAIN0312,Oc1ccc(cc1)[C@H]2Sc3cc(O)ccc3O[C@H]2c4ccc(OCCN5CCC(F)(F)CC5)cc4,ridge,7.79588001734407,7.630404636338028
TRAIN0313,Oc1ccc(cc1)[C@H]2Sc3cc(O)ccc3O[C@H]2c4ccc(OCCN5CCC6(CC5)OCCO6)cc4,ridge,8.69897000433602,7.782409703724857
TRAIN0314,OC1CCN(CCOc2ccc(cc2)[C@@H]3Oc4ccc(O)cc4S[C@@H]3c5ccc(O)cc5)CC1,ridge,8.74472749489669,7.750302556028359
TRAIN0315,OCC1CCN(CCOc2ccc(cc2)[C@@H]3Oc4ccc(O)cc4S[C@@H]3c5ccc(O)cc5)CC1,ridge,8.65757731917779,7.801118043249639
TRAIN0316,OCCC1CCN(CCOc2ccc(cc2)[C@@H]3Oc4ccc(O)cc4S[C@@H]3c5ccc(O)cc5)CC1,ridge,8.13667713987954,7.8541530762258684
TRAIN0317,NC(=O)C1CCN(CCOc2ccc(cc2)[C@@H]3Oc4ccc(O)cc4S[C@@H]3c5ccc(O)cc5)CC1,ridge,8.65757731917779,7.504076470471489
TRAIN0318,Oc1ccc(cc1)[C@H]2Sc3cc(O)ccc3O[C@H]2c4ccc(OCCN5CC[C@@H](F)C5)cc4,ridge,9.30102999566398,7.799777870315294
TRAIN0319,O[C@@H]1CCN(CCOc2ccc(cc2)[C@@H]3Oc4ccc(O)cc4S[C@@H]3c5ccc(O)cc5)C1,ridge,8.76955107862173,7.787031194972386
TRAIN0320,OC[C@H]1CCCN1CCOc2ccc(cc2)[C@@H]3Oc4ccc(O)cc4S[C@@H]3c5ccc(O)cc5,ridge,8.69897000433602,7.695882811068911
TRAIN0321,OC[C@@H]1CCCN1CCOc2ccc(cc2)[C@@H]3Oc4ccc(O)cc4S[C@@H]3c5ccc(O)cc5,ridge,8.4089353929735,7.729571351842064
TRAIN0322,Oc1ccc(cc1)[C@H]2Sc3cc(O)ccc3O[C@H]2c4ccc(OCCN5CCSCC5)cc4,ridge,8.82390874094432,7.82776314877702
TRAIN0323,Oc1ccc(cc1)[C@H]2Sc3cc(O)ccc3O[C@H]2c4ccc(OCCN5CCS(=O)(=O)CC5)cc4,ridge,8.69897000433602,7.6842030822821314
TRAIN0324,Oc1ccc(cc1)[C@H]2Sc3cc(O)ccc3O[C@H]2c4ccc(OCCN5CCC(F)CC5)cc4,ridge,8.60205999132796,7.7052919359999
TRAIN0325,Oc1ccc(cc1F)c2oc3c(C=C)c(Br)c(O)c(Br)c3n2,ridge,6.09528445472132,5.746287126908546
TRAIN0326,COc1cc(O)c(Br)c2nc(oc12)c3ccc(O)c(F)c3,ridge,5.57381417475549,5.95833794304658
TRAIN0327,COc1c(Br)c(O)c(Br)c2nc(oc12)c3ccc(O)c(F)c3,ridge,6.25258819211358,5.956840529827758
TRAIN0328,COc1cc(O)c(Cl)c2cc(oc12)c3ccc(O)cc3,ridge,6.94309514866353,6.2112071238864885
TRAIN0329,COc1cc(O)c(C#N)c2cc(oc12)c3ccc(O)cc3,ridge,5.78251605578609,5.924374008386847
TRAIN0330,Oc1ccc(cc1)c2oc3c(Cl)cc(O)cc3c2,ridge,8.16749108729376,6.190112424392653
TRAIN0331,Cc1cc(O)cc2cc(oc12)c3ccc(O)cc3,ridge,6.94309514866353,5.942646411792099
TRAIN0332,Cc1cc(O)cc2cc(oc12)c3ccc(O)c(F)c3,ridge,6.96257350205938,6.067144950570054
TRAIN0333,Oc1ccc(cc1)c2oc3c(CC#N)cc(O)cc3c2,ridge,5.93854752091281,5.9809784309778875
TRAIN0334,Oc1cc(CC#N)c2oc(cc2c1)c3ccc(O)c(F)c3,ridge,5.97633608180221,6.262930711704283
TRAIN0335,Oc1ccc(cc1)c2oc3c(CC#N)cc(O)c(Br)c3c2,ridge,6.67985371388895,6.550175162370756
TRAIN0336,Oc1ccc(cc1)c2oc3c(CC#N)cc(O)c(Cl)c3c2,ridge,6.20411998265593,6.081910407929799
TRAIN0337,CC(=O)c1cc(O)cc2cc(oc12)c3ccc(O)cc3,ridge,6.98716277529483,6.236547788265805
TRAIN0338,CCC(=O)c1cc(O)cc2cc(oc12)c3ccc(O)cc3,ridge,7.30980391997149,6.3291699943250626
TRAIN0339,Oc1ccc(cc1)c2oc3c(C=O)cc(O)cc3c2,ridge,6.58004425151024,5.937688090470977
TRAIN0340,Oc1ccc(cc1)c2oc3c(cc(O)cc3c2)C#N,ridge,7.33724216831843,6.276125299541775
TRAIN0341,Oc1cc(C#N)c2oc(cc2c1)c3ccc(O)c(F)c3,ridge,7.63827216398241,6.117210411689586
TRAIN0342,Oc1ccc2nc(oc2c1)c3ccc4cc(O)ccc4c3,ridge,6.10790539730952,5.866228721701173
TRAIN0343,Oc1ccc(c(O)c1)c2oc3cc(O)ccc3n2,ridge,7.08618614761628,5.6073799439844425
TRAIN0344,Oc1ccc(cc1)c2oc3cc(O)ccc3n2,ridge,6.04479346245806,5.772319454329988
TRAIN0345,Oc1ccc2nc(oc2c1)c3cccc(O)c3O,ridge,5.62837807282398,5.698099114826963
TRAIN0346,Oc1ccc2nc(oc2c1)c3ccc(O)c(O)c3,ridge,5.61798295742513,5.657313059678482
TRAIN0347,Oc1ccc2nc(oc2c1)c3ccc(O)c(F)c3,ridge,5.07417242537526,5.565244449050384
TRAIN0348,Oc1ccc2nc(oc2c1)c3ccc(O)c(Cl)c3,ridge,5.30102999566398,5.753189878168522
TRAIN0349,Oc1ccc(cc1)c2oc3cc(O)c(Cl)cc3n2,ridge,5.55830486435928,5.641106519152313
TRAIN0350,CC(C)(C)c1cc(ccc1O)c2oc3cc(O)ccc3n2,ridge,5.30102999566398,5.9348743082268225
TRAIN0351,CCCCOc1cc(ccc1O)c2oc3cc(O)ccc3n2,ridge,5.20481541031758,5.951207531954532
TRAIN0352,Oc1ccc(cc1)c2oc3ccc(O)cc3n2,ridge,5.911155437273,5.76886281530114
TRAIN0353,Oc1ccc2oc(nc2c1)c3ccc(O)c(F)c3,ridge,5.80410034759077,5.5655042511381225
TRAIN0354,Oc1ccc2oc(nc2c1)c3ccc(O)c(Cl)c3,ridge,5.27736607746619,5.653975615215458
TRAIN0355,Oc1ccc(c(Cl)c1)c2oc3ccc(O)cc3n2,ridge,6.85698519974591,5.713430962017623
TRAIN0356,Oc1ccc(c(O)c1)c2oc3ccc(O)cc3n2,ridge,6.72124639904717,5.582039388045316
TRAIN0357,Oc1ccc(cc1)c2oc3cc(Cl)c(O)cc3n2,ridge,6.33348201944512,5.647069739802601
TRAIN0358,Oc1ccc(cc1F)c2oc3cc(Cl)c(O)cc3n2,ridge,5.74160219590449,5.758351498955571
TRAIN0359,Oc1ccc(cc1F)c2oc3cc(Br)c(O)cc3n2,ridge,5.91721462968355,5.9176568751431935
TRAIN0360,Oc1ccc2oc(nc2c1)c3cccc(O)c3O,ridge,5.29157909986529,5.5821080971464125
TRAIN0361,COc1cc(O)cc2nc(oc12)c3ccc(O)cc3,ridge,5.59226927197366,5.668638892808839
TRAIN0362,Oc1ccc(cc1)c2oc3c(Br)cc(O)cc3n2,ridge,6.80966830182971,5.8138059592124165
TRAIN0363,Oc1cc(Br)c2oc(nc2c1)c3ccc(O)c(F)c3,ridge,6.58502665202918,5.940993192069001
TRAIN0364,Oc1cc(Br)c2oc(nc2c1)c3ccc(O)c(c3)C(F)(F)F,ridge,5.7281583934635,5.98310656605594
TRAIN0365,Oc1ccc(c(F)c1)c2oc3c(Br)cc(O)cc3n2,ridge,7.32790214206428,5.8758192464925445
TRAIN0366,Cc1cc(O)ccc1c2oc3c(Br)cc(O)cc3n2,ridge,7.35654732351381,5.893809612441083
TRAIN0367,Oc1ccc(cc1)c2oc3c(cc(O)cc3n2)C#N,ridge,6.38615817812393,5.81710421663154
TRAIN0368,Oc1cc(C#N)c2oc(nc2c1)c3ccc(O)c(F)c3,ridge,5.84314809892999,5.679297224824452
TRAIN0369,Oc1ccc(c(F)c1)c2oc3c(cc(O)cc3n2)C#N,ridge,6.86012091359876,5.637940226893845
TRAIN0370,Oc1ccc(cc1)c2oc3c(CBr)cc(O)cc3n2,ridge,5.52651302993543,5.975369864081878
TRAIN0371,Oc1ccc(cc1)c2oc3c(C=O)cc(O)cc3n2,ridge,5.57872520878965,5.575558292340093
TRAIN0372,CCOC(=O)c1cc(O)cc2nc(oc12)c3ccc(O)cc3,ridge,5.10640466618012,5.695187294999361
TRAIN0373,NC(=O)c1cc(O)cc2nc(oc12)c3ccc(O)cc3,ridge,5.01682492796219,5.565869727504668
TRAIN0374,CCc1cc(O)cc2nc(oc12)c3ccc(O)cc3,ridge,6.27002571430044,5.93437263115535
TRAIN0375,CCCc1cc(O)cc2nc(oc12)c3ccc(O)cc3,ridge,6.4089353929735,5.890213094054656
TRAIN0376,CC(C)c1cc(O)cc2nc(oc12)c3ccc(O)cc3,ridge,5.92081875395237,5.861248132689123
TRAIN0377,CCCCc1cc(O)cc2nc(oc12)c3ccc(O)cc3,ridge,6.30277065724028,6.0069337373045375
TRAIN0378,Oc1ccc(cc1)c2oc3c(cc(O)cc3n2)C#C,ridge,6.31785492362617,5.40102251293758
TRAIN0379,Oc1ccc(cc1)c2oc3c(CC=C)cc(O)cc3n2,ridge,6.13846558914096,5.782047243156641
TRAIN0380,Oc1cc(CC=C)c2oc(nc2c1)c3ccc(O)c(F)c3,ridge,5.95860731484177,5.664325772873842
TRAIN0381,Oc1ccc(c(F)c1)c2oc3c(CC=C)cc(O)cc3n2,ridge,7.0087739243075,5.642067247019991
TRAIN0382,Oc1ccc(cc1)c2oc3c(C=C)cc(O)cc3n2,ridge,6.34969247686806,5.7638130609762985
TRAIN0383,Oc1cc(C=C)c2oc(nc2c1)c3ccc(O)c(F)c3,ridge,5.91506642506328,5.77786892025733
TRAIN0384,Oc1cc(\C=C/F)c2oc(nc2c1)c3ccc(O)c(F)c3,ridge,6.42481215507234,5.605886621075616
TRAIN0385,C\C=C/c1cc(O)cc2nc(oc12)c3ccc(O)cc3,ridge,6.11069829749369,5.930920077725554
TRAIN0386,Oc1ccc(cc1)c2oc3c(\C=C/Br)cc(O)cc3n2,ridge,5.33236029394359,5.801523079019197
TRAIN0387,Oc1ccc(c(F)c1)c2oc3c(\C=C/Br)cc(O)cc3n2,ridge,6.70774392864352,5.7850618819773745
TRAIN0388,C\C=C/c1cc(O)cc2nc(oc12)c3ccc(O)cc3F,ridge,6.26841123481326,5.902959506890651
TRAIN0389,Oc1ccc(c(F)c1)c2oc3c(C=C)cc(O)cc3n2,ridge,6.64397414280688,5.488368923869968
TRAIN0390,Oc1cc(C=C)c2oc(nc2c1)c3ccc(O)c(F)c3F,ridge,6.32422165832591,5.519434809885939
TRAIN0391,Oc1cc(F)c(c(F)c1)c2oc3c(C=C)cc(O)cc3n2,ridge,6.60380065290426,5.490290001058975
TRAIN0392,Oc1cc(C=C)c2oc(nc2c1)c3cc(F)c(O)cc3F,ridge,5.39361863488939,5.521108841681115
TRAIN0393,Cc1cc(O)ccc1c2oc3c(C=C)cc(O)cc3n2,ridge,5.95233580539844,5.5461668745633
TRAIN0394,Oc1ccc(cc1)c2oc3c(cc(O)cc3n2)c4ccccc4,ridge,5.88605664769316,6.297563763082956
TRAIN0395,Oc1ccc(cc1)c2oc3c(cc(O)cc3n2)c4occc4,ridge,6.09205147838773,5.880685704242826
TRAIN0396,Oc1cc(c2occc2)c3oc(nc3c1)c4ccc(O)c(F)c4,ridge,5.70333480973847,6.16685073435733
TRAIN0397,Oc1ccc(cc1)c2oc3c(cc(O)cc3n2)c4cccs4,ridge,5.98716277529483,6.183001457423978
TRAIN0398,Oc1ccc(cc1)c2oc3c(cc(O)cc3n2)c4nccs4,ridge,5.87289520163519,6.011981591369856
TRAIN0399,Oc1ccc(cc1)c2oc3c(cc(O)cc3n2)C4CCCC4,ridge,5.99567862621736,6.2300104456848455
TRAIN0400,Oc1ccc(cc1F)c2oc3c(C=C)cc(O)c(Br)c3n2,ridge,5.98464024459079,5.945192975727047
TRAIN0401,Oc1ccc(c(O)c1)c2noc3cc(O)ccc23,ridge,7.61978875828839,5.923832173893777
TRAIN0402,Oc1ccc(c(O)c1)c2noc3ccccc23,ridge,5.21467016498923,5.982488149102543
TRAIN0403,Oc1ccc2c(noc2c1)c3ccccc3O,ridge,5.52287874528034,5.779591076112878
TRAIN0404,Oc1ccc(cc1)c2noc3cc(O)ccc23,ridge,6.08884239126002,5.919635334744342
TRAIN0405,Oc1ccc(c(O)c1)c2noc3ccc(O)cc23,ridge,5.39061905574929,5.9295141237064
TRAIN0406,Oc1ccc(cc1)c2noc3ccc(O)cc23,ridge,6.08671609823958,5.791384741039412
TRAIN0407,Oc1ccc2c(noc2c1)c3ccc(O)c(Cl)c3,ridge,6.56383735295924,6.013039993891672
TRAIN0408,Oc1ccc(c(c1)C#N)c2noc3cc(O)ccc23,ridge,6.57839607313017,6.204698962468347
TRAIN0409,Oc1ccc2c(noc2c1)c3ccc(O)c(Br)c3,ridge,6.73754891026957,6.083243575128385
TRAIN0410,Oc1ccc2c(noc2c1)c3ccc(O)c(F)c3,ridge,6.79317412396815,6.110745630957407
TRAIN0411,Cc1cc(ccc1O)c2noc3cc(O)ccc23,ridge,6.36552272983927,6.113153677012687
TRAIN0412,Cc1cc(O)ccc1c2noc3cc(O)ccc23,ridge,6.32330639037513,6.149339495188684
TRAIN0413,CCCc1cc(O)ccc1c2noc3cc(O)ccc23,ridge,7.30102999566398,6.405706010128662
TRAIN0414,CCCc1cc(ccc1O)c2noc3cc(O)ccc23,ridge,6.67778070526608,6.008175046410651
TRAIN0415,Cc1c(O)ccc(c1O)c2noc3cc(O)ccc23,ridge,6.29157909986529,5.962837216931994
TRAIN0416,Oc1ccc(c(CC#N)c1)c2noc3cc(O)ccc23,ridge,6.1444808443322,5.919862957065775
TRAIN0417,O\N=C\c1cc(O)ccc1c2noc3cc(O)ccc23,ridge,5.62160209905186,5.870755227465453
TRAIN0418,Oc1ccc2c(noc2c1)c3cc(Br)c(O)cc3O,ridge,7.52287874528034,6.091509880228593
TRAIN0419,Oc1ccc2c(noc2c1)c3cc(Cl)c(O)cc3O,ridge,7.48148606012211,5.993891570437185
TRAIN0420,Cc1cc(c(O)cc1O)c2noc3cc(O)ccc23,ridge,7.18708664335714,5.7568954772547904
TRAIN0421,CCCc1cc(c(CC)cc1O)c2noc3cc(O)ccc23,ridge,7.88605664769316,6.296556019148748
TRAIN0422,CCCc1cc(c(CCC)cc1O)c2noc3cc(O)ccc23,ridge,7.65757731917779,6.410221623511047
TRAIN0423,Oc1ccc2c(noc2c1)c3ccc4cc(O)ccc4c3,ridge,8.09691001300806,6.220829851877088
TRAIN0424,Oc1ccc2c(noc2c1)c3ccc4c(O)cccc4c3,ridge,7.61978875828839,6.287241364048081
TRAIN0425,Oc1ccc2c(noc2c1)c3ccc4c(Br)c(O)ccc4c3,ridge,6.44369749923271,6.198938798160008
TRAIN0426,Oc1ccc2cc(ccc2c1)c3noc4ccc(O)cc34,ridge,6.33441900898205,6.240476070404384
TRAIN0427,Oc1ccc2c(noc2c1)c3cccc4cc(O)ccc34,ridge,7.30980391997149,6.169426850116846
TRAIN0428,Oc1ccc2c(noc2c1)c3cccc4c(O)cccc34,ridge,8.22184874961636,6.42071918521517
TRAIN0429,Oc1ccc2c(noc2c1)c3cccc4ccc(O)cc34,ridge,5.76270766243254,6.412643026350144
TRAIN0430,Oc1ccc2nc(oc2c1)c3cccc4c(O)cccc34,ridge,6.93181413825384,6.113754521668571
TRAIN0431,Oc1ccc2nc(oc2c1)c3cccc4cc(O)ccc34,ridge,7.45593195564972,6.131508482234911
TRAIN0432,Oc1ccc2nc(oc2c1)c3ccc(O)c4ccccc34,ridge,5.72124639904717,6.135970235687475
TRAIN0433,Oc1ccc2nc(oc2c1)c3cccc4ccccc34,ridge,5.72584215073632,6.17608396676567
TRAIN0434,Oc1ccc2nc(oc2c1)c3cccc4c(Br)c(O)ccc34,ridge,6.42829116819131,6.186085185648857
TRAIN0435,Oc1ccc2c(cccc2c1)c3oc4cc(O)c(F)cc4n3,ridge,6.36251027048749,6.2150742470462905
TRAIN0436,Oc1ccc2c(cccc2c1)c3oc4ccc(O)cc4n3,ridge,6.8153085691824,6.120191256488538
TRAIN0437,Cc1cc(O)c2cccc(c3oc4cc(O)ccc4n3)c2c1,ridge,6.78781239559604,6.070227286026198
TRAIN0438,Oc1ccc2cc(ccc2c1)c3oc4ccc(O)cc4n3,ridge,5.42021640338319,5.865032890713493
TRAIN0439,Oc1ccc(cc1)C2=C(Br)c3ccc(O)cc3C2=O,ridge,6.53760200210104,6.492644324907752
TRAIN0440,CC1=C(C(=O)c2cc(O)ccc12)c3ccc(O)cc3,ridge,7.25963731050576,6.121198765350761
TRAIN0441,CSC1=C(C(=O)c2cc(O)ccc12)c3ccc(O)cc3,ridge,7.92081875395237,6.683137151877347
TRAIN0442,CCSC1=C(C(=O)c2cc(O)ccc12)c3ccc(O)cc3,ridge,8.0,6.854374350366679
TRAIN0443,Oc1ccc(cc1)C2=C(c3ccccc3)c4ccc(O)cc4C2=O,ridge,8.04575749056067,7.115090860801123
TRAIN0444,COc1cc(O)cc2C(=O)C(=C(Br)c12)c3ccc(O)cc3,ridge,6.69897000433602,6.613066299335091
TRAIN0445,Oc1ccc(cc1)C2=C(Br)c3c(O)cc(O)cc3C2=O,ridge,6.14874165128092,6.514690829889225
TRAIN0446,CSC1=C(C(=O)c2cc(O)cc(O)c12)c3ccc(O)cc3,ridge,8.69897000433602,6.4246730426600305
TRAIN0447,CCSC1=C(C(=O)c2cc(O)cc(O)c12)c3ccc(O)cc3,ridge,6.23657200643706,6.658484712562459
TRAIN0448,Oc1ccc(cc1)C2=C(c3ccccc3)c4c(O)cc(O)cc4C2=O,ridge,7.32790214206428,6.818564247494879
TRAIN0449,Oc1ccc(cc1)C2=C(Br)c3cc(O)ccc3C2=O,ridge,8.2839966563652,6.538438546421963
TRAIN0450,COc1ccc2C(=O)C(=C(Br)c2c1)c3ccc(O)cc3,ridge,5.74472749489669,6.627927856683906
TRAIN0451,CC1=C(C(=O)c2ccc(O)cc12)c3ccc(O)cc3,ridge,8.22184874961636,6.116785176522504
TRAIN0452,CSC1=C(C(=O)c2ccc(O)cc12)c3ccc(O)cc3,ridge,8.50863830616573,6.453151268919013
TRAIN0453,CCSC1=C(C(=O)c2ccc(O)cc12)c3ccc(O)cc3,ridge,6.31875876262441,6.619480787480049
TRAIN0454,Oc1ccc(cc1)C2=C(c3ccccc3)c4cc(O)ccc4C2=O,ridge,8.0,6.914852774719061
TRAIN0455,CC1=C(C(=O)c2c(O)cc(O)cc12)c3ccc(O)cc3,ridge,7.50863830616573,6.221919497691424
TRAIN0456,Oc1ccc(cc1)C2=C(c3ccccc3)c4cc(O)cc(O)c4C2=O,ridge,8.52287874528034,6.946195650489708
TRAIN0457,Oc1ccc2C(=C(C(=O)Oc2c1)c3ccc(Cl)cc3)Cc4ccccc4,ridge,6.92081875395237,6.772024248636671
TRAIN0458,Oc1ccc(C(=O)Cc2oc3ccccc3c2)c(O)c1,ridge,4.0670191780768,6.020801238995459
TRAIN0459,O=C(Oc1ccc2C(=CC(=O)Oc2c1)c3ccccc3)c4occc4,ridge,5.6345120151091,4.718651748110796
TRAIN0460,Oc1ccc(c(F)c1)c2ccc3c(Cl)c(O)ccc3c2,ridge,7.23657200643706,6.076170123777111
TRAIN0461,Oc1ccc2cc(ccc2c1)c3cc(F)c(O)cc3F,ridge,7.56863623584101,6.0768404900224935
TRAIN0462,Oc1ccc2cc(ccc2c1Cl)c3cc(F)c(O)cc3F,ridge,6.92811799269387,6.245432954849772
TRAIN0463,Oc1ccc2cc(ccc2c1)c3c(F)cc(O)cc3F,ridge,7.98716277529483,6.01191864280345
TRAIN0464,Oc1cc(F)c(c(F)c1)c2ccc3c(Cl)c(O)ccc3c2,ridge,7.45593195564972,6.227806832797426
TRAIN0465,Oc1ccc(c(Cl)c1)c2ccc3cc(O)ccc3c2,ridge,8.0,6.283695723836238
TRAIN0466,Oc1ccc(c(Cl)c1)c2ccc3c(Cl)c(O)ccc3c2,ridge,7.44369749923271,6.167015492408803
TRAIN0467,COc1cc(O)ccc1c2ccc3cc(O)ccc3c2,ridge,6.7594507517174,6.265157284094668
TRAIN0468,Cc1cc(O)ccc1c2ccc3cc(O)ccc3c2,ridge,7.39794000867204,6.35447095682402
TRAIN0469,Cc1cc(O)ccc1c2ccc3c(Cl)c(O)ccc3c2,ridge,7.39794000867204,6.311190839655994
TRAIN0470,Oc1ccc2cc(ccc2c1)c3ccc(O)c(F)c3,ridge,7.03621217265444,6.261092033632199
TRAIN0471,Oc1ccc(cc1F)c2ccc3c(Cl)c(O)ccc3c2,ridge,6.84466396253494,6.150606756377687
TRAIN0472,Oc1ccc2cc(ccc2c1)c3ccc(O)c(Cl)c3,ridge,6.97061622231479,6.066501412681096
TRAIN0473,Oc1ccc(cc1Cl)c2ccc3c(Cl)c(O)ccc3c2,ridge,6.44855000202712,6.098303292759573
TRAIN0474,Oc1ccc2cc(ccc2c1)c3cc(F)c(O)c(F)c3,ridge,7.03621217265444,6.289347238586811
TRAIN0475,Oc1ccc2cc(ccc2c1Cl)c3cc(F)c(O)c(F)c3,ridge,6.28483264215154,6.283984405245614
TRAIN0476,Oc1ccc(cc1)c2cc(F)c3cc(O)ccc3c2,ridge,7.65757731917779,6.073987582802085
TRAIN0477,Oc1ccc2cc(cc(F)c2c1)c3ccc(O)c(F)c3,ridge,7.67778070526608,6.159057063358865
TRAIN0478,Oc1ccc(cc1)c2cc(F)c3c(Cl)c(O)ccc3c2,ridge,7.39794000867204,6.14157098031559
TRAIN0479,Oc1ccc(cc1F)c2cc(F)c3c(Cl)c(O)ccc3c2,ridge,6.90308998699194,6.168776896275224
TRAIN0480,Oc1ccc(cc1)c2cc(Cl)c3cc(O)ccc3c2,ridge,7.52287874528034,6.334884377644341
TRAIN0481,Oc1ccc(cc1)c2cc(Cl)c3c(Cl)c(O)ccc3c2,ridge,7.36653154442041,6.357034526213997
TRAIN0482,Oc1ccc(cc1)c2cc(C#N)c3cc(O)ccc3c2,ridge,6.97881070093006,6.42750940429099
TRAIN0483,Oc1ccc2cc(cc(C#N)c2c1)c3ccc(O)c(F)c3,ridge,6.67778070526608,6.421964661234046
TRAIN0484,Oc1ccc(cc1)c2cc(C#N)c3c(Br)c(O)ccc3c2,ridge,6.88272870434424,6.450164673347917
TRAIN0485,Oc1ccc(cc1)c2cc(C#N)c3c(Cl)c(O)ccc3c2,ridge,6.96257350205938,6.026348950180244
TRAIN0486,Oc1ccc(cc1F)c2cc(C#N)c3c(Cl)c(O)ccc3c2,ridge,6.52432881167557,6.417825124561544
TRAIN0487,Oc1ccc(cc1F)c2cc(C#N)c3c(F)c(O)ccc3c2,ridge,6.50584540598156,6.423466670526753
TRAIN0488,Oc1ccc2cc(cc(C=O)c2c1)c3ccc(O)c(F)c3,ridge,6.63638802010786,5.930246996906384
TRAIN0489,Oc1ccc2cc(cc(C=C)c2c1)c3ccc(O)c(F)c3,ridge,6.59516628338006,6.298533273373669
TRAIN0490,CCc1cc(cc2ccc(O)cc12)c3ccc(O)c(F)c3,ridge,6.62893213772826,6.426787540132567
TRAIN0491,Oc1ccc2cc(cc(C#C)c2c1)c3ccc(O)c(F)c3,ridge,6.60730304674033,5.907456219721167
TRAIN0492,CC#Cc1cc(cc2ccc(O)cc12)c3ccc(O)c(F)c3,ridge,6.46470587995723,6.329973821622666
TRAIN0493,Oc1ccc(c(F)c1)c2cc(C#N)c3cc(O)ccc3c2,ridge,7.58502665202918,6.027129585056318
TRAIN0494,Oc1ccc2cc(cc(C#N)c2c1)c3cc(F)c(O)cc3F,ridge,6.73048705578208,6.386255404898319
TRAIN0495,Oc1ccc2cc(cc(C#N)c2c1)c3c(F)cc(O)cc3F,ridge,7.34678748622466,6.163782112683215
TRAIN0496,Oc1ccc2cc(cc(C#N)c2c1)c3cc(F)c(O)c(F)c3,ridge,6.26121944151563,6.411582969475559
TRAIN0497,Oc1ccc(cc1)c2ccc3cc(O)cc(C#N)c3c2,ridge,7.07572071393812,6.419202104021475
TRAIN0498,Oc1cc(C#N)c2cc(ccc2c1)c3ccc(O)c(F)c3,ridge,7.01772876696043,6.363727009040866
TRAIN0499,Oc1ccc(cc1F)c2ccc3c(Br)c(O)cc(C#N)c3c2,ridge,6.93554201077308,6.155959328185302
TRAIN0500,Oc1ccc(cc1F)c2ccc3c(C#N)c(O)cc(C#N)c3c2,ridge,6.05700040663396,5.9689437372941745
TRAIN0501,Cc1c(O)cc(C#N)c2cc(ccc12)c3ccc(O)c(F)c3,ridge,6.39147396642281,6.1506477291030555
TRAIN0502,Oc1ccc(cc1)c2ccc3c(Cl)c(O)cc(C#N)c3c2,ridge,7.0087739243075,6.021880038192055
TRAIN0503,Oc1ccc(cc1F)c2ccc3c(Cl)c(O)cc(C#N)c3c2,ridge,7.25963731050576,6.397837772552233
TRAIN0504,Oc1cc(C#C)c2cc(ccc2c1)c3ccc(O)c(F)c3,ridge,7.13667713987954,6.203445542177321
TRAIN0505,CC#Cc1cc(O)cc2ccc(cc12)c3ccc(O)c(F)c3,ridge,6.74472749489669,6.56050619594477
TRAIN0506,Oc1cc(C=O)c2cc(ccc2c1)c3ccc(O)c(F)c3,ridge,7.13667713987954,6.070701071219286
TRAIN0507,Oc1cc(C=C)c2cc(ccc2c1)c3ccc(O)c(F)c3,ridge,6.27818938478745,6.3302683282615355
TRAIN0508,CCc1cc(O)cc2ccc(cc12)c3ccc(O)c(F)c3,ridge,6.94692155651658,6.3967447866290925
TRAIN0509,Oc1ccc(cc1)c2ccc3cc(O)ccc3c2,ridge,6.67571754470231,6.299449705318981
TRAIN0510,Oc1cccc(c1)c2ccc3c(O)cccc3c2,ridge,5.83803338363593,5.998165434779371
TRAIN0511,Oc1ccc(cc1)c2ccc3c(O)cccc3c2,ridge,7.65757731917779,6.017566097937122
TRAIN0512,Oc1cccc(c1)c2ccc3cc(O)ccc3c2,ridge,6.63827216398241,6.185870617716024
TRAIN0513,Oc1ccc2cc(ccc2c1)c3ccccc3,ridge,5.87127771566157,6.067469307659677
TRAIN0514,Oc1ccc(cc1)c2ccc3ccc(O)cc3c2,ridge,6.35457773065091,6.2446737375394905
TRAIN0515,Oc1cccc(c1)c2ccc3ccc(O)cc3c2,ridge,5.57806718672149,6.227100799208944
TRAIN0516,Oc1ccc2ccc(cc2c1)c3ccccc3,ridge,5.4678828837512,6.21268217881221
TRAIN0517,Oc1ccc(cc1)c2ccc3ccccc3c2,ridge,6.19517932127884,6.040010154469108
TRAIN0518,Oc1ccc(cc1)c2ccc3c(Cl)c(O)ccc3c2,ridge,7.04095860767891,6.253102675148246
TRAIN0519,Oc1ccc(cc1)c2ccc3c(Br)c(O)ccc3c2,ridge,6.57511836336893,6.169891841153073
TRAIN0520,Oc1ccc(cc1)c2ccc3c(F)c(O)ccc3c2,ridge,7.11350927482752,6.184046140516818
TRAIN0521,Oc1ccc(cc1)c2ccc3c(C#N)c(O)ccc3c2,ridge,5.85325198636936,6.311649368539666
TRAIN0522,Oc1ccc(cc1)c2ccc3c(c(O)ccc3c2)c4ccccc4,ridge,5.90974194706868,6.664677199005451
TRAIN0523,Cc1c(O)ccc2cc(ccc12)c3ccc(O)cc3,ridge,6.54975089168064,5.983078539524192
TRAIN0524,COc1c(O)ccc2cc(ccc12)c3ccc(O)cc3,ridge,6.05354773498693,6.341830660345919
TRAIN0525,Oc1ccc(cc1)c2ccc3c(c(O)ccc3c2)[N+](=O)[O-],ridge,6.14935376481693,6.130641344242277
TRAIN0526,Oc1ccc(c(F)c1)c2ccc3cc(O)ccc3c2,ridge,7.61978875828839,6.102025013231772
TRAIN0527,CCC1=N[C@@H]([C@@H](N1)c2ccc(O)cc2)c3ccc(OCCN4CCCCC4)cc3,ridge,7.42021640338319,7.0420303749691255
TRAIN0528,Oc1ccc2C(N(CCc2c1)c3ccccc3)c4ccc(cc4)N5CCN6CCCCC6C5,ridge,7.20065945054642,7.68961958424833
TRAIN0529,CC1CN(CCN1C)c2ccc(cc2)C3N(CCc4cc(O)ccc34)c5ccccc5,ridge,7.16115090926274,7.650884220697119
TRAIN0530,CCN1CCN(CC1C)c2ccc(cc2)C3N(CCc4cc(O)ccc34)c5ccccc5,ridge,7.42021640338319,8.030400513797062
TRAIN0531,CCC1CN(CCN1C)c2ccc(cc2)C3N(CCc4cc(O)ccc34)c5ccccc5,ridge,6.79048498545737,7.74980362091054
TRAIN0532,CN1CCN(CC1)c2ccc(cc2)C3N(CCc4cc(O)ccc34)c5ccccc5,ridge,6.73282827159699,7.638763142175204
TRAIN0533,CN1CCC(CC1)c2ccc(cc2)C3N(CCc4cc(O)ccc34)c5ccccc5,ridge,6.97469413473523,7.820647523262728
TRAIN0534,CN1CCC(CC1)c2ccc(cc2)C3N(CCc4cc(O)ccc34)c5ccc(F)cc5,ridge,7.06048074738138,7.650475140489677
TRAIN0535,CN1CCC(CC1)c2ccc(cc2)C3N(CCc4cc(O)ccc34)c5cccc(F)c5,ridge,6.78781239559604,7.462202818971906
TRAIN0536,CN1CCC(CC1)c2ccc(cc2)C3N(CCc4cc(O)ccc34)c5cccc(O)c5,ridge,6.96657624451305,7.523693659134173
TRAIN0537,CN1CCN(CC1)c2ccc(cc2)C3N(CCc4cc(O)ccc34)c5cccc(O)c5,ridge,6.77211329538633,7.6547013624100675
TRAIN0538,CC(C)N1CCN(CC1)c2ccc(cc2)C3N(CCc4cc(O)ccc34)c5cccc(O)c5,ridge,7.08092190762393,7.651131249667749
TRAIN0539,CC(C)CN1CCN(CC1)c2ccc(cc2)C3N(CCc4cc(O)ccc34)c5cccc(O)c5,ridge,6.92445303860747,7.867472697569811
TRAIN0540,Oc1cccc(c1)N2CCc3cc(O)ccc3C2c4ccc(cc4)N5CCN(CC6CC6)CC5,ridge,6.91364016932525,7.7200584034461395
TRAIN0541,Oc1cccc(c1)N2CCc3cc(O)ccc3C2c4ccc(cc4)N5CCN(CC5)C6CCCC6,ridge,6.9100948885606,7.753749463671087
TRAIN0542,Oc1cccc(c1)N2CCc3cc(O)ccc3C2c4ccc(cc4)N5CCN(CC5)C6CCCCC6,ridge,6.75202673363819,7.512405128383246
TRAIN0543,Oc1ccc2c(c1)sc3c4ccccc4n(Cc5ccc(OCCN6CCCCCC6)cc5)c23,ridge,7.74472749489669,8.169289862630468
TRAIN0544,Oc1ccc2c(c1)sc3c4cc(O)ccc4n(Cc5ccc(OCCN6CCCCCC6)cc5)c23,ridge,8.47625353318844,7.900156606609347
TRAIN0545,CN(C)CCOc1ccc(Cn2c3ccccc3c4sc5cc(O)ccc5c24)cc1,ridge,7.28903688100472,7.968182918779444
TRAIN0546,CN(C)CCOc1ccc(Cn2c3ccc(O)cc3c4sc5cc(O)ccc5c24)cc1,ridge,7.74472749489669,7.515396077438373
TRAIN0547,CCN(CC)CCOc1ccc(Cn2c3ccccc3c4sc5cc(O)ccc5c24)cc1,ridge,7.24108810760203,7.861938657196513
TRAIN0548,CCN(CC)CCOc1ccc(Cn2c3ccc(O)cc3c4sc5cc(O)ccc5c24)cc1,ridge,7.50584540598156,7.913090519081419
TRAIN0549,Oc1ccc2c(c1)sc3c4ccccc4n(Cc5ccc(OCCN6CCOCC6)cc5)c23,ridge,6.89962945488244,7.880538522507105
TRAIN0550,Oc1ccc2c(c1)sc3c4cc(O)ccc4n(Cc5ccc(OCCN6CCOCC6)cc5)c23,ridge,8.0,7.841207409764773
TRAIN0551,Oc1ccc2c(c1)sc3c4ccccc4n(Cc5ccc(OCCN6CCCCC6)cc5)c23,ridge,7.4089353929735,7.761697105415277
TRAIN0552,Oc1ccc2c(c1)sc3c4cc(O)ccc4n(Cc5ccc(OCCN6CCCCC6)cc5)c23,ridge,8.54668165995296,7.65523567150967
TRAIN0553,Oc1ccc2c(c1)sc3c4ccccc4n(Cc5ccc(OCCN6CCCC6)cc5)c23,ridge,7.5654310959658,7.781012323709094
TRAIN0554,Oc1ccc2c(c1)sc3c4cc(O)ccc4n(Cc5ccc(OCCN6CCCC6)cc5)c23,ridge,8.22184874961636,7.884285602340751
TRAIN0555,Oc1ccc(cc1)c2ccc3cc(O)ccc3n2,ridge,5.75080164260889,5.928499966645154
TRAIN0556,Oc1ccc(cc1)c2ccc3c(Cl)c(O)ccc3n2,ridge,6.19928292171761,5.926116520769828
TRAIN0557,Oc1ccc(cc1)c2ccc3c(Br)c(O)ccc3n2,ridge,5.94309514866353,6.275542692760214
TRAIN0558,Oc1ccc(cc1)c2cc(Cl)c3cc(O)ccc3n2,ridge,6.67162039656126,6.0435762733423015
TRAIN0559,Oc1ccc2nc(cc(Cl)c2c1)c3ccc(O)c(F)c3,ridge,6.60906489289662,6.0504098785513385
TRAIN0560,Oc1ccc(cc1)c2cc(Br)c3cc(O)ccc3n2,ridge,6.67366413907125,6.261054522939078
TRAIN0561,Oc1ccc2nc(cc(Br)c2c1)c3ccc(O)c(F)c3,ridge,6.54821356447571,6.317255818682252
TRAIN0562,Oc1ccc2nc(cc(Br)c2c1)c3cc(F)c(O)c(F)c3,ridge,6.10623823794206,6.267348685193435
TRAIN0563,Oc1ccc(cc1)c2cc(C=C)c3cc(O)ccc3n2,ridge,6.29756946355447,5.929275545179593
TRAIN0564,Oc1ccc2nc(cc(C=C)c2c1)c3ccc(O)c(F)c3,ridge,6.4145392704915,5.911414458282497
TRAIN0565,CCc1cc(nc2ccc(O)cc12)c3ccc(O)cc3,ridge,6.19791074211827,6.178430619363327
TRAIN0566,CCc1cc(nc2ccc(O)cc12)c3ccc(O)c(F)c3,ridge,5.75696195131371,6.29721807855556
TRAIN0567,Oc1ccc(cc1)c2cc(C#C)c3cc(O)ccc3n2,ridge,5.82390874094432,5.676602389634351
TRAIN0568,Oc1ccc2nc(cc(C#C)c2c1)c3ccc(O)c(F)c3,ridge,5.88306035344924,5.774415303299602
TRAIN0569,Oc1ccc2nc(cc(C#C)c2c1)c3cc(F)c(O)c(F)c3,ridge,5.31695296176115,5.855840653549372
TRAIN0570,Oc1ccc(cc1)c2cc(C#N)c3cc(O)ccc3n2,ridge,6.34198860334289,6.088459107632348
TRAIN0571,Oc1ccc2nc(cc(C#N)c2c1)c3ccc(O)c(F)c3,ridge,5.98005331832116,6.196966073983338
TRAIN0572,CC(=O)c1cc(nc2ccc(O)cc12)c3ccc(O)cc3,ridge,5.50334706074908,6.048007896194164
TRAIN0573,CC(=O)c1cc(nc2ccc(O)cc12)c3ccc(O)c(F)c3,ridge,5.47237009912866,6.188714997692645
TRAIN0574,Oc1ccc2nc(cc(c3ccccc3)c2c1)c4ccc(O)c(F)c4,ridge,5.74112337062787,6.7047588508652565
TRAIN0575,COc1cc(nc2ccc(O)cc12)c3ccc(O)cc3,ridge,5.17848647159523,6.149452040821976
TRAIN0576,C[C@@H](COc1ccc(cc1)[C@@H]2Oc3ccc(O)cc3S[C@@H]2c4ccc(O)cc4)N5CCCC5,ridge,8.88605664769316,7.768484844645968
TRAIN0577,C[C@@H](COc1ccc(cc1)[C@@H]2Oc3ccc(O)cc3S[C@@H]2c4ccc(O)cc4)N5CC[C@@H](C)C5,ridge,8.88605664769316,7.958451816005423
TRAIN0578,C[C@@H]1CCN(CCOc2ccc(cc2)C(=O)c3c(sc4cc(O)ccc34)c5ccc(O)cc5)C1,ridge,9.22184874961636,8.01276653302767
TRAIN0579,C[C@@H](COc1ccc(cc1)C(=O)c2c(sc3cc(O)ccc23)c4ccc(O)cc4)N5CCCC5,ridge,9.69897000433602,7.988886077358217
TRAIN0580,C[C@@H]1CCN(CCOc2ccc(Cn3c(c(C)c4cc(O)ccc34)c5ccc(O)cc5)cc2)C1,ridge,9.30102999566398,7.871115131852493
TRAIN0581,C[C@@H](COc1ccc(Cn2c(c(C)c3cc(O)ccc23)c4ccc(O)cc4)cc1)N5CCCC5,ridge,9.39794000867204,7.985157018308422
TRAIN0582,C[C@@H]1CCN(CCOc2ccc(cc2)[C@H]3[C@H](CCc4cc(O)ccc34)c5ccccc5)C1,ridge,9.30102999566398,8.01584855793693
TRAIN0583,C[C@@H](COc1ccc(cc1)[C@H]2[C@H](CCc3cc(O)ccc23)c4ccccc4)N5CCCC5,ridge,9.22184874961636,7.984346036979049
TRAIN0584,Oc1ccc(cc1)c2[nH]c3ccccc3c2c4ccccc4,ridge,5.08039897621589,6.803197272846252
TRAIN0585,Oc1ccc(cc1)c2c([nH]c3ccccc23)c4ccccc4,ridge,7.61978875828839,6.8267562404053
TRAIN0586,Oc1ccc(cc1)c2[nH]c3ccccc3c2c4ccc(O)cc4,ridge,7.02319166266193,6.786353264849142
TRAIN0587,c1ccc(cc1)c2[nH]c3ccccc3c2c4ccccc4,ridge,5.15801519540989,5.770411374908305
TRAIN0588,Oc1ccc(cc1)c2[nH]c(nc2c3ccccc3)C(F)(F)F,ridge,6.39469495385889,6.14886468081433
TRAIN0589,Oc1ccc(cc1)c2noc(c2c3ccccc3)C(F)(F)F,ridge,8.07058107428571,6.513950053130028
TRAIN0590,Oc1ccc(cc1)n2c(nc3ccccc23)c4ccccc4Cl,ridge,5.7619538968712,6.713911617989519
TRAIN0591,Cc1nocc1c2nc3ccccc3n2c4ccc(O)cc4,ridge,5.93554201077308,6.427532266515629
TRAIN0592,Cn1cccc1c2nc3ccccc3n2c4ccc(O)cc4,ridge,5.53165266958784,6.749549006147992
TRAIN0593,Oc1ccc(cc1)n2c(nc3ccccc23)c4ccccc4,ridge,5.74472749489669,6.723880364996406
TRAIN0594,C[C@]12CCC3C(CC=C4C[C@@H](O)CC[C@]34C=C)C1CC[C@@H]2O,ridge,5.65052820078561,5.91592986864244
TRAIN0595,C[C@]12CCC3C(CC=C4C[C@@H](O)CC[C@]34C=C)C1CC[C@@]2(O)C#C,ridge,6.83268266525182,6.16530813001484
TRAIN0596,C[C@]1(O)CCC2C3CC=C4C[C@@H](O)CC[C@]4(C=C)C3CC[C@]12C,ridge,5.97757162881451,6.1382677198644195
TRAIN0597,C[C@]12CCC3C(CC=C4C[C@@H](O)CC[C@]34CO)C1CC[C@@H]2O,ridge,5.19900813873983,6.424427621831499
TRAIN0598,C[C@]12CC[C@H]3[C@@H](CC=C4C[C@@H](O)CC[C@]34C)[C@@H]1CC[C@@H]2O,ridge,6.67778070526608,6.094684241842719
TRAIN0599,C[C@]12CCC3C(CC=C4C[C@@H](O)CC[C@]34CC#C)C1CC[C@@H]2O,ridge,5.33320131633383,6.472416138317469
TRAIN0600,C[C@]12CCC3C(CC=C4C[C@@H](O)CC[C@]34C#C)C1CC[C@@H]2O,ridge,6.37161106994969,6.294647510216343
TRAIN0601,CCC[C@]12CC[C@H](O)CC1=CCC3C4CC[C@H](O)[C@@]4(C)CCC23,ridge,5.28777133038046,6.753504621660426
TRAIN0602,CC[C@]12CC[C@H](O)CC1=CCC3C4CC[C@H](O)[C@@]4(C)CCC23,ridge,5.63283051146532,6.270826847166221
TRAIN0603,C[C@]12CCC3C(CC=C4C[C@@H](O)CC[C@]34CC=C)C1CC[C@@H]2O,ridge,5.75995022788735,6.049186883478722
TRAIN0604,CC\C=C/[C@]12CC[C@H](O)CC1=CCC3C4CC[C@H](O)[C@@]4(C)CCC23,ridge,5.51684079028302,6.390684254815798
TRAIN0605,C\C=C\[C@]12CC[C@H](O)CC1=CCC3C4CC[C@H](O)[C@@]4(C)CCC23,ridge,5.93404701968613,6.738373937756773
TRAIN0606,C\C=C/[C@]12CC[C@H](O)CC1=CCC3C4CC[C@H](O)[C@@]4(C)CCC23,ridge,5.70863114954842,6.3006286226199
TRAIN0607,CO\C=C/[C@]12CC[C@H](O)CC1=CCC3C4CC[C@H](O)[C@@]4(C)CCC23,ridge,5.47508485246013,6.080322376300949
TRAIN0608,C[C@]12CCC3C(CC=C4C[C@@H](O)CC[C@]34\C=C\Br)C1CC[C@@H]2O,ridge,5.39968067024834,6.202637468556267
TRAIN0609,C[C@]12CCC3C(CC=C4C[C@@H](O)CC[C@]34\C=C\Cl)C1CC[C@@H]2O,ridge,5.2518119729938,6.34253531106784
TRAIN0610,C[C@]12CCC3C(CC=C4C[C@@H](O)CC[C@]34\C=C/Cl)C1CC[C@@H]2O,ridge,5.17457388223218,6.112544157232952
TRAIN0611,C[C@]12CCC3C(CC=C4C[C@@H](O)CC[C@]34\C=C\F)C1CC[C@@H]2O,ridge,5.38038499425719,6.023942981761472
TRAIN0612,C[C@]12CCC3C(CC=C4C[C@@H](O)CC[C@]34\C=C/F)C1CC[C@@H]2O,ridge,5.36855623098683,6.210423285650464
TRAIN0613,CN(C)CCOc1ccc(cc1)\C(=C(\CCCCO)/c2ccccc2)\c3ccc(O)cc3,ridge,7.10237290870956,8.178205569497862
TRAIN0614,CN(C)CCOc1ccc(cc1)\C(=C(\CCCO)/c2ccccc2)\c3ccc(O)cc3,ridge,6.49485002168009,7.987802903424466
TRAIN0615,CN(C)CCOc1ccc(cc1)\C(=C(\CCO)/c2ccccc2)\c3ccc(O)cc3,ridge,6.60205999132796,7.932976640064831
TRAIN0616,CSCCC\C(=C(/c1ccc(O)cc1)\c2ccc(OCCN(C)C)cc2)\c3ccccc3,ridge,8.0,8.291302595025497
TRAIN0617,CN(C)CCOc1ccc(cc1)\C(=C(\CCCN=[N+]=[N-])/c2ccccc2)\c3ccc(O)cc3,ridge,7.88605664769316,7.931950993161028
TRAIN0618,CN(C)CCOc1ccc(cc1)\C(=C(\CCN=[N+]=[N-])/c2ccccc2)\c3ccc(O)cc3,ridge,9.0,8.065807542922586
TRAIN0619,CN(C)CCOc1ccc(cc1)\C(=C(\CCCC#N)/c2ccccc2)\c3ccc(O)cc3,ridge,7.60205999132796,8.207911803167946
TRAIN0620,CN(C)CCOc1ccc(cc1)\C(=C(\CCC#N)/c2ccccc2)\c3ccc(O)cc3,ridge,6.69897000433602,8.023083572820415
TRAIN0621,CN(C)CCOc1ccc(cc1)\C(=C(\CCCCl)/c2ccccc2)\c3ccc(O)cc3,ridge,7.0,8.075918925002908
TRAIN0622,CN(C)CCOc1ccc(cc1)\C(=C(\CCCl)/c2ccccc2)\c3ccc(O)cc3,ridge,8.39794000867204,8.062512881169418
TRAIN0623,CCN(c1ccccc1)S(=O)(=O)c2ccc(O)cc2,ridge,6.39361863488939,6.685953770701001
TRAIN0624,CCN(c1ccccc1Br)S(=O)(=O)c2ccc(O)cc2,ridge,7.04575749056067,7.037236525737242
TRAIN0625,CCN(c1cccc(OC)c1)S(=O)(=O)c2ccc(O)cc2,ridge,5.70487291474781,6.697416694674226
TRAIN0626,CCCN(c1ccccc1)S(=O)(=O)c2ccc(O)cc2,ridge,6.5185573714977,6.826876792073546
TRAIN0627,CCN(c1ccc(O)cc1)S(=O)(=O)c2ccc(O)cc2,ridge,6.5654310959658,6.532667727676531
TRAIN0628,CCN(c1ccccc1)S(=O)(=O)c2ccc(O)c(C)c2,ridge,6.48412615628832,6.756009546950386
TRAIN0629,CC(C)N(c1ccccc1)S(=O)(=O)c2ccc(O)cc2,ridge,6.05998184499234,6.975248407646593
TRAIN0630,CCN(c1ccccc1OC)S(=O)(=O)c2ccc(O)cc2,ridge,6.08092190762393,6.54903286823097
TRAIN0631,CC(C)(C)CN(c1ccccc1)S(=O)(=O)c2ccc(O)cc2,ridge,5.86296254521049,6.751332685527163
TRAIN0632,Oc1ccc(cc1)S(=O)(=O)N(Cc2ccccc2)c3ccccc3,ridge,6.30102999566398,7.03762347060436
TRAIN0633,Oc1ccc(cc1)S(=O)(=O)N(C2CCCCC2)c3ccccc3,ridge,6.06248210798265,6.697778330886514
TRAIN0634,Oc1ccc(cc1)S(=O)(=O)N(c2ccccc2)c3ccccc3,ridge,6.38721614328026,6.945943087514473
TRAIN0635,CCCCN(c1ccccc1)S(=O)(=O)c2ccc(O)cc2,ridge,6.49894073778225,6.649215001698856
TRAIN0636,Oc1ccc(cc1)S(=O)(=O)N(CC=C)c2ccccc2,ridge,6.62893213772826,6.378309130160192
TRAIN0637,CCCN(c1ccccc1Br)S(=O)(=O)c2ccc(O)c(C)c2,ridge,7.39794000867204,7.0932526572050225
TRAIN0638,CCCN(c1ccccc1c2ccccc2)S(=O)(=O)c3ccc(O)c(C)c3,ridge,6.59687947882418,7.385401840999042
TRAIN0639,CCCN(c1ccccc1F)S(=O)(=O)c2ccc(O)cc2,ridge,7.13076828026902,6.863438259030392
TRAIN0640,CCCN(c1ccccc1Br)S(=O)(=O)c2ccc(O)c(c2)C(F)(F)F,ridge,7.22184874961636,7.032640701557005
TRAIN0641,CCCN(c1ccccc1Br)S(=O)(=O)c2ccc(O)cc2,ridge,7.58502665202918,7.01534958483457
TRAIN0642,CCCN(c1c(C)cccc1CC)S(=O)(=O)c2ccc(O)c(C)c2,ridge,8.15490195998574,7.247592945243738
TRAIN0643,CCCN(c1c(C)cccc1C)S(=O)(=O)c2ccc(O)c(C)c2,ridge,7.85387196432176,7.060106922948011
TRAIN0644,CCCN(c1c(Cl)cccc1Cl)S(=O)(=O)c2ccc(O)c(C)c2,ridge,7.79588001734407,7.000581675410476
TRAIN0645,CCCN(c1c(CC)cccc1CC)S(=O)(=O)c2ccc(O)c(C)c2,ridge,8.30102999566398,7.409159592276151
TRAIN0646,CCCN(c1c(C)cccc1Cl)S(=O)(=O)c2ccc(O)c(C)c2,ridge,7.58502665202918,7.151888190163655
TRAIN0647,CCCN(c1c(C)cccc1Cl)S(=O)(=O)c2ccc(O)cc2,ridge,7.61978875828839,7.194318145911299
TRAIN0648,CCCN(c1ccccc1C(F)(F)F)S(=O)(=O)c2ccc(O)cc2,ridge,7.26760624017703,6.503729021699142
TRAIN0649,CCCN(c1ccccc1Cl)S(=O)(=O)c2ccc(O)c(C)c2,ridge,7.29242982390206,6.930603808284521
TRAIN0650,CCCN(c1ccccc1Cl)S(=O)(=O)c2ccc(O)cc2,ridge,7.3767507096021,6.8579725064036055
TRAIN0651,CCCN(c1ccccc1C)S(=O)(=O)c2ccc(O)c(C)c2,ridge,6.96257350205938,6.937727016353463
TRAIN0652,CC1CCc2ccccc2N1S(=O)(=O)c3ccc(O)cc3,ridge,6.31966448658544,6.6991160194147366
TRAIN0653,Oc1ccc2c(CCN(c3ccccc3Cl)S2(=O)=O)c1,ridge,6.04963514562388,6.786241855030706
TRAIN0654,Cc1c(O)ccc2c1CCc3cc(O)cc(C=C)c23,ridge,6.61978875828839,5.8930993929233875
TRAIN0655,Cc1cc(O)c(C)c2c1c3ccc(O)c(C)c3OC2(C)CC=C,ridge,6.80410034759077,6.137801042198883
TRAIN0656,Cc1c(O)ccc2c1OC(C)(C)c3c(C)c(O)ccc23,ridge,6.32975414692588,5.965426154796651
TRAIN0657,CC(C)CC1Oc2c(C)c(O)ccc2c3c(C)cc(O)cc13,ridge,6.20273245916928,6.172525678766589
TRAIN0658,CC1Oc2c(C)c(O)ccc2c3c(C)cc(O)c(C)c13,ridge,6.6252516539899,5.779356452988123
TRAIN0659,CCCC1Oc2c(C)c(O)ccc2c3c(C)cc(O)cc13,ridge,6.20342566678957,6.29264983386665
TRAIN0660,CCC1Oc2c(C)c(O)ccc2c3c(C)cc(O)cc13,ridge,6.36151074304536,5.9692894792376725
TRAIN0661,CCC1Oc2c(C)c(O)ccc2c3ccc(O)c(C)c13,ridge,6.99567862621736,6.161370008811599
TRAIN0662,CC1Oc2c(C)c(O)ccc2c3ccc(O)c(C)c13,ridge,6.47495519296315,5.751622434704497
TRAIN0663,CC1Oc2c(C)c(O)ccc2c3c(C)cc(O)cc13,ridge,5.91721462968355,6.095553551769733
TRAIN0664,Cc1cc(O)cc2COc3c(C)c(O)ccc3c12,ridge,5.98716277529483,6.0850452205358225
TRAIN0665,Cc1c(O)ccc2c1COc3c(C)c(O)ccc23,ridge,5.33629907461035,5.958913184276194
TRAIN0666,Cc1c(O)c(Cl)c(C)c2c3ccc(O)c(Cl)c3OC(=O)c12,ridge,6.22402566887063,5.500321742416697
TRAIN0667,Cc1c(O)c(Cl)cc2c3ccc(O)c(Cl)c3OC(=O)c12,ridge,6.28066871301627,5.596503381510601
TRAIN0668,Oc1ccc2c(OC(=O)c3c(Cl)c(O)c(F)cc23)c1Cl,ridge,4.93554201077308,5.608021195741687
TRAIN0669,Cc1cc(O)c(C)c2C(=O)Oc3c(C)c(O)ccc3c12,ridge,6.14508697769215,5.66727172924691
TRAIN0670,Cc1cc(O)c(C)c2OC(=O)c3c(C)c(O)ccc3c12,ridge,6.10513034325475,5.621985121644511
TRAIN0671,Cc1cc(O)cc2C(=O)Oc3c(C)c(O)ccc3c12,ridge,6.23433144524099,5.730583806797188
TRAIN0672,CCc1cc(O)cc2C(=O)Oc3c(C)c(O)ccc3c12,ridge,5.74957999769111,5.818565615336812
TRAIN0673,Cc1c(O)ccc2c3ccc(O)c(Br)c3OC(=O)c12,ridge,5.71669877129645,5.5784888117721625
TRAIN0674,CCc1c(O)ccc2c3ccc(O)c(F)c3OC(=O)c12,ridge,6.64206515299955,5.87255616661063
TRAIN0675,Cc1c(O)ccc2c3ccc(O)c(F)c3OC(=O)c12,ridge,5.80134291304558,5.547357545310636
TRAIN0676,CCc1c(O)ccc2c1OC(=O)c3c(C)c(O)ccc23,ridge,6.64016451766011,5.745113924948665
TRAIN0677,CCc1c(O)ccc2c3ccc(O)c(C)c3OC(=O)c12,ridge,6.31515463835559,5.815445541966138
TRAIN0678,Cc1c(O)ccc2c1OC(=O)c3c(O)c(O)ccc23,ridge,5.89279003035213,5.534566453710775
TRAIN0679,Cc1cc(O)c(Cl)c2C(=O)Oc3c(Cl)c(O)ccc3c12,ridge,5.59842715432355,5.684622696616054
TRAIN0680,Cc1cc(O)cc2OC(=O)c3c(C)c(O)ccc3c12,ridge,5.73048705578208,5.4408209506677006
TRAIN0681,Cc1cc(O)c(C)c2OC(=O)c3cc(O)ccc3c12,ridge,6.31158017799729,5.619370699680299
TRAIN0682,Cc1c(O)ccc2c3ccc(O)cc3OC(=O)c12,ridge,5.93181413825384,5.569851961117493
TRAIN0683,Cc1c(O)ccc2c1OC(=O)c3cc(O)ccc23,ridge,6.18442225167573,5.691384900219057
TRAIN0684,Cc1c(O)ccc2c1OC(=O)c3c(C)c(O)ccc23,ridge,6.79860287567955,5.552071462805286
TRAIN0685,COc1c(C)c(Br)c2C(=O)Oc3c(C)c(O)ccc3c2c1C,ridge,6.64781748188864,5.651084181852561
TRAIN0686,COc1c(C)cc2C(=O)Oc3c(C)c(O)ccc3c2c1C,ridge,5.38090666937326,5.57042011539839
TRAIN0687,CCc1cc(OC)cc2C(=O)Oc3c(C)c(O)ccc3c12,ridge,5.00744648216786,6.0159334711272034
TRAIN0688,Cc1cc(C=C)c2c(c1)C(=O)Oc3c(C)c(O)ccc23,ridge,5.0,5.74862595797326
TRAIN0689,Cc1cc(CC=C)c2c(c1)C(=O)Oc3c(C)c(O)ccc23,ridge,5.0,5.731683830505073
TRAIN0690,Cc1cc(Br)c2c(c1)C(=O)Oc3c(C)c(O)ccc23,ridge,5.50584540598156,5.934369929578259
TRAIN0691,Cc1cc(C)c2c(c1)C(=O)Oc3c(C)c(O)ccc23,ridge,5.43062609038495,5.753401575571987
TRAIN0692,CC\C=C\c1cc2c(cc1Br)C(=O)Oc3c(C)c(O)ccc23,ridge,5.96257350205938,6.037097836966987
TRAIN0693,COc1cc2C(=O)Oc3c(C)c(O)ccc3c2cc1Br,ridge,5.0,5.8151246153025165
TRAIN0694,Cc1cc2c(cc1Br)C(=O)Oc3c(C)c(O)ccc23,ridge,5.16430942850757,5.849775569511454
TRAIN0695,Cc1ccc(C)c2c3ccc(O)c(C)c3OC(=O)c12,ridge,5.51229613683627,5.794541552216898
TRAIN0696,Cc1c(O)ccc2c1OC(=O)c3c(Br)cc(Br)cc23,ridge,6.22402566887063,5.784311100775037
TRAIN0697,Cc1c(O)ccc2c1OC(=O)c3c(C)c(NS(=O)(=O)C)ccc23,ridge,5.3707943428977,5.90815633158796
TRAIN0698,Cc1c(O)ccc2c1OC(=O)c3c(C)c(N)ccc23,ridge,4.84466396253494,5.5210876828058595
TRAIN0699,COc1ccc2c3ccc(O)c(C)c3OC(=O)c2c1C,ridge,6.0,5.7329345619275225
TRAIN0700,C\C=C\c1cccc2C(=O)Oc3c(C)c(O)ccc3c12,ridge,5.5185573714977,5.892349418517567
TRAIN0701,CCc1c(O)ccc2c1OC(=O)c3cc(Br)ccc23,ridge,5.26280735729526,5.862120411701184
TRAIN0702,Cc1cc(C)c2c(c1)C(=O)Oc3cc(O)ccc23,ridge,6.23284413391782,5.920668266147867
TRAIN0703,Cc1c(O)ccc2c1OC(=O)c3cc(C=C)ccc23,ridge,5.33818731446274,5.365506214137904
TRAIN0704,CCC1Oc2c(C)c(O)ccc2c3c(C)cc(O)c(C)c13,ridge,6.88941028970075,6.144329047673318
TRAIN0705,Oc1ccc(cc1)N2C=Nc3cc(O)cc(O)c3C2=O,ridge,4.95479441396494,5.760353655173439
TRAIN0706,Oc1ccc(cc1)N2C=Nc3cc(O)cc(O)c3C2=S,ridge,5.57905459407803,6.351687955959712
TRAIN0707,Oc1cc(O)c2C(=O)N(C=Nc2c1)c3ccc(O)c(F)c3,ridge,4.3548234418212,5.876551809653846
TRAIN0708,Oc1cc(O)c2C(=O)N(C=Nc2c1)c3ccc(O)c(Cl)c3,ridge,4.25951888270466,5.9099296151513085
TRAIN0709,Cc1cc(O)ccc1N2C=Nc3cc(O)cc(O)c3C2=O,ridge,5.35832762677531,5.924928619788018
TRAIN0710,COc1cc(O)c2C(=O)N(C=Nc2c1)c3ccc(O)cc3,ridge,4.58576223451328,5.9518440639335815
TRAIN0711,Oc1cc(O)c2C(=O)N(C=Nc2c1)c3ccc(O)nc3,ridge,4.17483362774345,5.561313527736598
TRAIN0712,Oc1ccc(nc1)N2C=Nc3cc(O)cc(O)c3C2=O,ridge,4.0088537000083,5.552242919479949
TRAIN0713,Cc1cc(ccc1O)N2C=Nc3cc(O)cc(O)c3C2=O,ridge,4.46059767530769,5.834213563556363
TRAIN0714,Oc1ccc(N2C=Nc3cc(O)cc(O)c3C2=O)c(Cl)c1,ridge,5.20432849405398,5.859102725823579
TRAIN0715,Oc1ccc(N2C=Nc3cc(O)cc(O)c3C2=O)c(F)c1,ridge,5.12580819532093,5.803646537262299
TRAIN0716,CC(C)C1=Nc2cc(O)cc(O)c2C(=O)N1c3ccc(O)cc3,ridge,4.15243350985741,6.209221239224284
TRAIN0717,CCCCC1=Nc2cc(O)cc(O)c2C(=O)N1c3ccc(O)cc3,ridge,6.74957999769111,6.306554166016506
TRAIN0718,CCCC1=Nc2cc(O)cc(O)c2C(=O)N1c3ccc(O)cc3,ridge,5.27043027369803,5.8188415030680485
TRAIN0719,CCC1=Nc2cc(O)cc(O)c2C(=O)N1c3ccc(O)cc3,ridge,4.71137076533501,6.1093386629733555
TRAIN0720,CC1=Nc2cc(O)cc(O)c2C(=O)N1c3ccc(O)cc3,ridge,4.47823447412292,5.550929008177453
TRAIN0721,Oc1cc(O)c2C(=O)N(C=Nc2c1)c3ccccc3,ridge,4.1215471456025,5.85542596662192
TRAIN0722,Oc1cccc(c1)N2C=Nc3cc(O)cc(O)c3C2=O,ridge,4.35838709608849,5.81381101702114
TRAIN0723,Oc1ccc(cc1)N2C=Nc3cc(O)ccc3C2=O,ridge,4.27051123082044,5.8721747528814205
TRAIN0724,CCCc1c(O)cc2N=CN(C(=O)c2c1O)c3ccc(O)cc3,ridge,4.97269117296445,6.033631862345439
TRAIN0725,Cc1c(O)cc(O)c2C(=O)N(C=Nc12)c3ccc(O)cc3,ridge,4.81539373331286,5.864462342947513
TRAIN0726,CC(=C)c1cc(O)cc2N=CN(C(=O)c12)c3ccc(O)cc3,ridge,4.35686328895656,5.908760977856189
TRAIN0727,OCc1cc(O)cc2N=CN(C(=O)c12)c3ccc(O)cc3,ridge,6.91721462968355,5.972660016784714
TRAIN0728,Oc1ccc(cc1)N2C=Nc3cc(O)cc(c4ccccc4)c3C2=O,ridge,3.9933457329571,6.452053828954979
TRAIN0729,COC(=O)c1cc(O)cc2N=CN(C(=O)c12)c3ccc(O)cc3,ridge,4.08978126831235,5.788542185352245
TRAIN0730,CCc1cc(O)cc2N=CN(C(=O)c12)c3ccc(O)cc3,ridge,4.87811201489632,6.157338107837573
TRAIN0731,Cc1cc(O)cc2N=CN(C(=O)c12)c3ccc(O)cc3,ridge,5.01614828100853,5.816257056164156
TRAIN0732,Nc1cc(O)cc2N=CN(C(=O)c12)c3ccc(O)cc3,ridge,4.80908030108743,5.828878531940776
TRAIN0733,Oc1ccc(cc1)N2C(=O)c3ccc(O)cc3N=C2c4ccc(O)cc4,ridge,4.31450010090594,6.647233247665362
TRAIN0734,Oc1ccc(cc1)N2C(=O)Nc3cc(O)cc(O)c3C2=O,ridge,4.15318678603921,5.765077913492247
TRAIN0735,Oc1ccc(cc1)N2C(=S)Nc3cc(O)cc(O)c3C2=O,ridge,4.95424685240586,6.143831645339865
TRAIN0736,Oc1ccc(cc1)C2=COc3cc(O)cc(O)c3C2=S,ridge,4.25272028744559,6.140751783294668
TRAIN0737,Oc1ccc(nc1)N2C=Nc3cc(O)cc(O)c3C2=S,ridge,4.55957898660944,6.080385713072819
TRAIN0738,CCc1cc(O)cc2N=CN(C(=S)c12)c3ccc(O)cc3,ridge,5.6458915608526,6.730594834752021
TRAIN0739,Cc1cc(O)cc2N=CN(C(=S)c12)c3ccc(O)cc3,ridge,5.75621808390621,6.4028877177438
TRAIN0740,Cc1cc(ccc1O)N2C=Nc3cc(O)cc(O)c3C2=S,ridge,5.54454603122137,6.345806034777783
TRAIN0741,Oc1cc(O)c2C(=S)N(C=Nc2c1)c3ccc(O)c(F)c3,ridge,5.51144928349956,6.416547747218191
TRAIN0742,Oc1ccc2C3=C(COc2c1)c4ccc(O)cc4O[C@H]3c5ccc(OCCN6CCCCC6)cc5,ridge,9.21467016498923,7.233818271050786
TRAIN0743,Oc1ccc2C3=C(COc2c1)c4ccc(O)cc4O[C@@H]3c5ccc(OCCN6CCCCC6)cc5,ridge,7.29242982390206,7.233818271050786
TRAIN0744,C[C@]12CC[C@H]3[C@@H](CCc4cc(O)ccc34)[C@@H]1CC[C@@]2(O)C#C,ridge,8.69897000433602,6.117113361701499
TRAIN0745,CC(C)CC12CCC(=O)C(=C1c3ccc(O)cc3C2)C,ridge,6.70996538863748,6.59055737890265
TRAIN0746,CCCC[C@]12CCC(=O)C(=C1c3ccc(O)cc3C2)Br,ridge,5.39544996742874,6.71008281897328
TRAIN0747,CCCC[C@@]12CCC(=O)C(=C1c3ccc(O)cc3C2)C,ridge,6.24641694110709,6.653797918433199
TRAIN0748,CCCC[C@@]12CCC(=O)C(=C1c3ccc(O)cc3C2)Br,ridge,6.88941028970075,6.529192733558812
TRAIN0749,Oc1ccc2C3=C(C#N)C(=O)CCC3(Cc2c1)c4ccccc4,ridge,6.05551732784983,6.6966315222459505
TRAIN0750,Oc1ccc2C3=C(C(=O)CCC3(Cc2c1)c4ccccc4)c5occc5,ridge,6.41005039867429,6.914276142488082
TRAIN0751,Oc1ccc2C3=C(Br)C(=O)CCC3(Cc2c1)c4ccccc4,ridge,6.94692155651658,6.855922138454231
TRAIN0752,CCCCC12CCC(=O)C(=C1c3ccc(O)cc3C2)I,ridge,6.90657831483776,6.978738853599312
TRAIN0753,CCCCC12CCC(=O)C(=C1c3ccc(O)cc3C2)Cl,ridge,6.94309514866353,6.3341754680862925
TRAIN0754,CCCCC12CCC(=O)C(=C1c3ccc(O)cc3C2)C(F)(F)F,ridge,6.89279003035213,6.735595983102699
TRAIN0755,CCCCC12CCC(=O)C(=C1c3ccc(O)cc3C2)C#N,ridge,5.78251605578609,6.698248793307038
TRAIN0756,CCCCC12CCC(=O)C(=C1c3ccc(O)cc3C2)c4ccccc4,ridge,7.38721614328026,6.970441547222217
TRAIN0757,CCCCC12CCC(=O)C(=C1c3ccc(O)cc3C2)c4cccs4,ridge,7.1518108830086,6.817630076681095
TRAIN0758,CCCCC12CCC(=O)C(=C1c3ccc(O)cc3C2)c4occc4,ridge,6.70774392864352,6.779660669750975
TRAIN0759,CCCCC1=C2c3ccc(O)cc3CC2(CCCC)CCC1=O,ridge,6.56383735295924,6.671672452009129
TRAIN0760,CCCCC12CCC(=O)C(=C1c3ccc(O)cc3C2)CCC,ridge,7.52287874528034,6.901111711943048
TRAIN0761,CCCCC12CCC(=O)C(=C1c3ccc(O)cc3C2)CC,ridge,6.57839607313017,6.577518314709003
TRAIN0762,CCCCC12CCC(=O)C(=C1c3ccc(O)cc3C2)Br,ridge,6.85078088734462,6.662110669712208
TRAIN0763,CCCC12CCC(=O)C(=C1c3ccc(O)cc3C2)Br,ridge,7.10237290870956,6.595261280175678
TRAIN0764,CCC12CCC(=O)C(=C1c3ccc(O)cc3C2)Br,ridge,6.49620931694282,6.514943340763212
TRAIN0765,CC12CCC(=O)C(=C1c3ccc(O)cc3C2)Br,ridge,6.05403929642243,6.06548544089788
TRAIN0766,CC1=C2c3ccc(O)cc3CC2(CCC1=O)c4ccccc4,ridge,6.31785492362617,6.788834260010353
TRAIN0767,CCCCC12CCC(=O)C(=C1c3ccc(O)cc3C2)C,ridge,6.20065945054642,6.653797918433199
TRAIN0768,CC(C)C12CCC(=O)C(=C1c3ccc(O)cc3C2)C,ridge,5.84771165561694,6.510065815418931
TRAIN0769,CCCC12CCC(=O)C(=C1c3ccc(O)cc3C2)C,ridge,6.34198860334289,6.288319938105601
TRAIN0770,CCC12CCC(=O)C(=C1c3ccc(O)cc3C2)C,ridge,5.91721462968355,6.348509706422016
TRAIN0771,CC1=C2c3ccc(O)cc3CC2(C)CCC1=O,ridge,5.92445303860747,5.930871519360333
TRAIN0772,CCCCCC12CCC(=O)C=C1c3ccc(O)cc3C2,ridge,5.42712839779952,6.5363169211237535
TRAIN0773,CCCCC12CCC(=O)C=C1c3ccc(O)cc3C2,ridge,5.19044028536473,6.520514445053396
TRAIN0774,CCCC12CCC(=O)C=C1c3ccc(O)cc3C2,ridge,5.59687947882418,6.3623257637561155
TRAIN0775,CC12CCC(=O)C=C1c3ccc(O)cc3C2,ridge,5.37212230542003,6.19455810428205
TRAIN0776,CCCCC12CCC(=O)C(=C1c3ccc4[nH]ncc4c3C2)Br,ridge,5.85078088734462,5.3578351674432625
TRAIN0777,CC1=C2c3ccc4[nH]ncc4c3CC2(C)CCC1=O,ridge,5.35556141053216,5.221313592860888
TRAIN0778,CC[C@@]12CCC(=O)C(=C1c3ccc4[nH]ncc4c3C2)C,ridge,5.86646109162978,5.3235417236250715
TRAIN0779,CCCCC12CCC(=O)C(=C1c3ccc4[nH]ncc4c3C2)C,ridge,5.97881070093006,5.486375379601025
TRAIN0780,CCC1=C2c3ccc4[nH]ncc4c3CC2(CC)CCC1=O,ridge,6.65169513695184,5.477864020499758
TRAIN0781,CCCC[C@@]12CCC(=O)C(=C1c3ccc4[nH]ncc4c3C2)CC,ridge,7.03151705144607,5.88917758496544
TRAIN0782,CC[C@@]12CCC(=O)C(=C1c3ccc4[nH]ncc4c3C2)Cl,ridge,6.32790214206428,5.123788020127018
TRAIN0783,CC12CCC(=O)C(=C1c3ccc4[nH]ncc4c3C2)Br,ridge,5.70114692359029,5.231817151657985
TRAIN0784,CC[C@@]12CCC(=O)C(=C1c3ccc4[nH]ncc4c3C2)Br,ridge,6.60380065290426,5.407925142365494
TRAIN0785,CCCC12CCC(=O)C(=C1c3ccc4[nH]ncc4c3C2)Br,ridge,6.17848647159523,5.305702546718521
TRAIN0786,BrC1=C2c3ccc4[nH]ncc4c3C[C@]2(CC5CC5)CCC1=O,ridge,6.63827216398241,5.513253651931723
TRAIN0787,CCCCC12CCC(=O)C(=C1c3ccc4[nH]ncc4c3C2)C5CC5,ridge,6.37468754903833,5.666262085516794
TRAIN0788,CCCC[C@@]12CCC(=O)C(=C1c3ccc4[nH]ncc4c3C2)C(=O)OC,ridge,5.68193666503724,5.559123921352285
TRAIN0789,CC[C@@]12CCC(=O)C(=C1c3ccc4[nH]ncc4c3C2)C5CC5,ridge,6.32790214206428,5.421488686113842
TRAIN0790,CCCC12CCC(=O)C(=C1c3ccc4[nH]ncc4c3C2)C,ridge,6.01055018233331,5.452504906910141
TRAIN0791,C[C@@]12CCC(=O)C(=C1c3ccc4[nH]ncc4c3C2)C(F)(F)F,ridge,5.83032556594119,5.272867560649278
TRAIN0792,BrC1=C2c3ccc4[nH]ncc4c3C[C@]2(CCC5CC5)CCC1=O,ridge,6.64016451766011,5.80864740463969
TRAIN0793,CC[C@@]12CCC(=O)C(=C1c3ccc4[nH]ncc4c3C2)C(F)(F)F,ridge,6.44369749923271,5.2116624879773505
TRAIN0794,CCCC[C@@]12CCC(=O)C(=C1c3ccc4[nH]ncc4c3C2)C(F)(F)F,ridge,6.75448733218585,5.440452256478353
TRAIN0795,CC[C@@]12CCC(=O)C(=C1c3ccc4[nH]ncc4c3C2)c5ccccc5,ridge,7.33724216831843,5.843722774879343
TRAIN0796,CCC12CCC(=O)C(=C1c3ccc4[nH]ncc4c3C2=O)C,ridge,6.20481541031758,5.060696598664977
TRAIN0797,CC[C@@]12CCC(=O)C(=C1c3ccc4[nH]ncc4c3C2=O)Cl,ridge,6.85698519974591,5.327804367491192
TRAIN0798,CCC12CCC(=O)C(=C1c3ccc4[nH]ncc4c3C2=O)Br,ridge,6.45345733652187,5.330104208295034
TRAIN0799,CC[C@@]12CCC(=O)C(=C1c3ccc4[nH]ncc4c3C2=O)C(F)(F)F,ridge,7.23657200643706,5.176906964731743
TRAIN0800,CCCC[C@@]12CCC(=O)C(=C1c3ccc4[nH]ncc4c3C2=O)C(F)(F)F,ridge,7.39794000867204,5.418898964593442
TRAIN0801,CCC12CCC(=O)C(=C1c3ccc4[nH]nc(Cl)c4c3C2)C,ridge,5.61618463401957,5.065148255279507
TRAIN0802,CCC12CCC(=O)C(=C1c3ccc4[nH]nc(Br)c4c3C2)C,ridge,5.23062267392386,5.112581405150107
TRAIN0803,CC[C@@]12CCC(=O)C(=C1c3ccc4[nH]nc(F)c4c3C2)Cl,ridge,7.08618614761628,5.351486211142127
TRAIN0804,CCC12CCC(=O)C(=C1c3ccc4[nH]nc(F)c4c3C2)Br,ridge,6.70553377383841,5.3655918983642925
TRAIN0805,CC[C@@]12CCC(=O)C(=C1c3ccc4[nH]nc(F)c4c3C2)C(F)(F)F,ridge,7.29328221766324,5.5928874295391715
TRAIN0806,CCCC[C@@]12CCC(=O)C(=C1c3ccc4[nH]nc(F)c4c3C2)CC,ridge,7.63827216398241,5.533731770143977
TRAIN0807,CCCC[C@@]12CCC(=O)C(=C1c3ccc4[nH]nc(F)c4c3C2)C(F)(F)F,ridge,7.30803489723264,5.5855217107009905
TRAIN0808,CCC[C@@]12CCC(=O)C(=C1c3ccc(O)cc3C2)C,ridge,6.34198860334289,6.584580934791172
TRAIN0809,CC1=C2c3ccc(O)cc3C[C@@]24CC[C@H](C4)C1=O,ridge,6.1007268126824,6.182806542482097
TRAIN0810,CCC[C@@H]1C[C@@H]2C[C@]13Cc4cc(O)ccc4C3=C(C)C2=O,ridge,7.01322826573375,6.868946559704185
TRAIN0811,CC1=C2c3ccc(O)cc3C[C@@]24CCC[C@H](C4)C1=O,ridge,6.3829996588791,6.414107661034355
TRAIN0812,CC[C@@H]1CC[C@@H]2C[C@]13Cc4cc(O)ccc4C3=C(C)C2=O,ridge,6.83564714421556,6.4938879103200176
TRAIN0813,CC[C@H]1CC[C@@H]2C[C@]13Cc4cc(O)ccc4C3=C(C)C2=O,ridge,6.50863830616573,6.4938879103200176
TRAIN0814,CCC[C@@H]1CC[C@@H]2C[C@]13Cc4cc(O)ccc4C3=C(C)C2=O,ridge,7.07572071393812,6.506660605812491
TRAIN0815,CCC[C@H]1CC[C@@H]2C[C@]13Cc4cc(O)ccc4C3=C(C)C2=O,ridge,6.21824462534753,6.57887756223727
TRAIN0816,CC[C@@]12CCC(=O)C(=C1c3ccc(O)cc3C2)C,ridge,5.91721462968355,6.1483391394673745
TRAIN0817,CC1=C2c3ccc(O)cc3CC2(Cc4ccccc4)CCC1=O,ridge,5.82390874094432,6.717119404142494
TRAIN0818,CC1=C2c3ccc(O)cc3CC2(Cc4ccc(Cl)cc4)CCC1=O,ridge,5.16749108729376,6.903650811403059
TRAIN0819,CC1=C2c3ccc4[nH]ncc4c3CC2(Cc5ccccc5F)CCC1=O,ridge,5.46852108295774,5.703302575704141
TRAIN0820,O=C1CCC2(Cc3ccccc3)Cc4c(ccc5[nH]ncc45)C2=C1c6ccc(OCCN7CCCCC7)cc6,ridge,6.20760831050175,6.878507751060828
TRAIN0821,Oc1ccc2C3=C(C(=O)CCC3(Cc4ccccc4)Cc2c1)c5ccc(OCCN6CCCCC6)cc5,ridge,6.42021640338319,7.970536065000577
TRAIN0822,Oc1ccc(cc1)C2=C3c4ccc(O)cc4CC3(Cc5ccccc5)CCC2=O,ridge,6.65757731917779,7.409985970826339
TRAIN0823,CCCCC1=C2c3ccc(O)cc3CC2(Cc4ccccc4)CCC1=O,ridge,6.58502665202918,7.098486265287036
TRAIN0824,Oc1ccc2C3=C(C(=O)CCC3(Cc4ccccc4)Cc2c1)c5ccc(OCCN6CCOCC6)cc5,ridge,6.14874165128092,7.8286471119812235
TRAIN0825,CN(C)CCOc1ccc(cc1)C2=C3c4ccc(O)cc4CC3(Cc5ccccc5)CCC2=O,ridge,5.92081875395237,8.041576734069146
TRAIN0826,Oc1ccc2C3=C(C(=O)CCC3(Cc4ccc(Cl)cc4)Cc2c1)c5ccc(OCCN6CCCCC6)cc5,ridge,5.95860731484177,8.010795154002182
TRAIN0827,O=C1CCC2(Cc3ccccc3)Cc4c(ccc5[nH]ncc45)C2=C1,ridge,5.4089353929735,5.755375817611541
TRAIN0828,CC1=C2c3ccc4[nH]ncc4c3CC2(Cc5ccccc5)CCC1=O,ridge,6.79588001734407,5.599326487825174
TRAIN0829,CC1=C2c3ccc4[nH]ncc4c3CC2(Cc5cccc(F)c5)CCC1=O,ridge,6.35654732351381,5.782249288795932
TRAIN0830,CC1=C2c3ccc4[nH]ncc4c3CC2(Cc5ccc(F)cc5)CCC1=O,ridge,7.08618614761628,5.722997632625512
TRAIN0831,CC1=C2c3ccc4[nH]nnc4c3CC2(Cc5ccccc5)CCC1=O,ridge,5.92081875395237,5.8707433948057215
TRAIN0832,CC1=C2c3ccc4[nH]ncc4c3CC2(Cc5ccc6ccccc6c5)CCC1=O,ridge,5.25963731050576,6.134636287780152
TRAIN0833,CC1=C2c3ccc4[nH]nnc4c3CC2(Cc5ccc(F)cc5)CCC1=O,ridge,6.46852108295774,5.897560714733171
TRAIN0834,CCCCC12CCC(=O)C(=C1c3ccc4[nH]nnc4c3C2)Br,ridge,6.85078088734462,5.692190378772828
TRAIN0835,CCCC[C@@]12CCC(=O)C(=C1c3ccc4[nH]nnc4c3C2)c5cccs5,ridge,7.46852108295774,6.099386987329308
TRAIN0836,CCCCC12CCC(=O)C(=C1c3ccc4[nH]nnc4c3C2)c5occc5,ridge,5.95116991347165,5.635004836308991
TRAIN0837,CCCC[C@@]12CCC(=O)C(=C1c3ccc4[nH]nnc4c3C2)C(F)(F)F,ridge,6.04769199033787,5.779319915748628
TRAIN0838,CCCC[C@@]12CCC(=O)C(=C1c3ccc4[nH]nnc4c3C2)Br,ridge,5.71987710369769,5.228531722855723
TRAIN0839,CCCCC12CCC(=O)C(=C1c3ccc4[nH]nnc4c3C2)CCC,ridge,5.90343756162586,5.424501592520933
TRAIN0840,CCCC[C@@]12CCC(=O)C(=C1c3ccc4[nH]nnc4c3C2)CC,ridge,6.65757731917779,5.737393950478747
TRAIN0841,CCCC[C@]12CCC(=O)C(=C1c3ccc4[nH]nnc4c3C2)CC,ridge,5.32303218570524,5.737393950478747
TRAIN0842,CCCCC12CCC(=O)C(=C1c3ccc4[nH]nnc4c3C2)C,ridge,5.2231535913047,5.731949694721287
TRAIN0843,CCCC12CCC(=O)C(=C1c3ccc4[nH]nnc4c3C2)Br,ridge,5.48135447566969,5.161384811091986
TRAIN0844,CCCC1=C2c3ccc4[nH]nnc4c3CC2(CCC)CCC1=O,ridge,6.46344155742847,5.802991831203832
TRAIN0845,CCCC12CCC(=O)C(=C1c3ccc4[nH]nnc4c3C2)CC,ridge,6.21324857785444,5.232218818640089
TRAIN0846,CCCC12CCC(=O)C(=C1c3ccc4[nH]nnc4c3C2)C,ridge,5.20950372303289,5.026838416474931
TRAIN0847,CC[C@@]12CCC(=O)C(=C1c3ccc4[nH]nnc4c3C2)C(F)(F)F,ridge,5.77520804350732,5.703929537773935
TRAIN0848,CCC12CCC(=O)C(=C1c3ccc4[nH]nnc4c3C2)Br,ridge,5.28650945690606,5.03767355525673
TRAIN0849,CCC12CCC(=O)C(=C1c3ccc4[nH]nnc4c3C2)c5ccc(O)cc5,ridge,7.09151498112135,6.764570166483521
TRAIN0850,CCCCC1=C2c3ccc4[nH]nnc4c3CC2(CC)CCC1=O,ridge,5.94807608395389,5.748789900805846
TRAIN0851,CCCC1=C2c3ccc4[nH]nnc4c3CC2(CC)CCC1=O,ridge,6.45345733652187,5.200241849856304
TRAIN0852,CCC1=C2c3ccc4[nH]nnc4c3C[C@]2(CC)CCC1=O,ridge,6.1890957193313,5.108795111713961
TRAIN0853,CCC1=C2c3ccc4[nH]nnc4c3CC2(CC)CCC1=O,ridge,5.87876854485038,5.550766355109016
TRAIN0854,CCC12CCC(=O)C(=C1c3ccc4[nH]nnc4c3C2)C,ridge,5.72124639904717,5.432441557976117
TRAIN0855,Oc1ccc(cc1)[C@@H]2CC(=O)c3c(O)cc(O)c(Cc4ccccc4)c3O2,ridge,6.29843201494407,6.694476825491023
TRAIN0856,CC(C)(C)Cc1c(O)cc(O)c2C(=O)C[C@H](Oc12)c3ccc(O)cc3,ridge,6.66554624884907,6.286698418425132
TRAIN0857,CC(C)Cc1c(O)cc(O)c2C(=O)C[C@H](Oc12)c3ccc(O)cc3,ridge,7.09691001300806,6.1978960356964965
TRAIN0858,CC(C)CCc1c(O)cc(O)c2C(=O)C[C@H](Oc12)c3ccc(O)cc3,ridge,6.85387196432176,6.476596785745803
TRAIN0859,CCCCCCCCCCCc1c(O)cc(O)c2C(=O)C[C@H](Oc12)c3ccc(O)cc3,ridge,5.99267904707725,6.481616171875069
TRAIN0860,CCCCCCCCCc1c(O)cc(O)c2C(=O)C[C@H](Oc12)c3ccc(O)cc3,ridge,6.36051351073141,6.466903955873171
TRAIN0861,CCCCCCCc1c(O)cc(O)c2C(=O)C[C@H](Oc12)c3ccc(O)cc3,ridge,6.40671393297954,6.251611524024394
TRAIN0862,CCCCCc1c(O)cc(O)c2C(=O)C[C@H](Oc12)c3ccc(O)cc3,ridge,6.41680122603138,6.383522235556859
TRAIN0863,CCCc1c(O)cc(O)c2C(=O)C[C@H](Oc12)c3ccc(O)cc3,ridge,6.80966830182971,6.086585585785494
TRAIN0864,Cc1c(O)cc(O)c2C(=O)C[C@H](Oc12)c3ccc(O)cc3,ridge,5.28025450747042,5.773920239357163
TRAIN0865,Oc1ccc(cc1)[C@@H]2CC(=O)c3c(O)cc(O)cc3O2,ridge,4.12319348890648,6.01940852630078
TRAIN0866,CC(=CCc1c(O)cc(O)c2C(=O)CC(Oc12)c3ccc(O)cc3)C,ridge,7.24412514432751,6.403639218927663
TRAIN0867,CN(C)CCOc1ccc(cc1)c2c(nn3c(cc(nc23)C(F)(F)F)C(F)(F)F)c4ccc(O)cc4,ridge,6.0,7.2804171223848195
TRAIN0868,Oc1ccc(cc1)c2nn3c(cc(nc3c2c4ccc(OCCN5CCCCC5)cc4)C(F)(F)F)C(F)(F)F,ridge,7.04575749056067,7.330880656101439
TRAIN0869,Oc1ccc(cc1)c2nn3c(cc(nc3c2c4ccc(O)cc4)C(F)(F)F)C(F)(F)F,ridge,5.22184874961636,6.660270195816211
TRAIN0870,Oc1ccc(c(O)c1)c2n[nH]c3cc(O)ccc23,ridge,7.31875876262441,5.837653901913864
TRAIN0871,CC(C)n1nc(c2ccc(O)cc2C)c3cccc(c13)C(F)(F)F,ridge,7.69897000433602,6.2529303359718496
TRAIN0872,Cc1cc(O)ccc1c2nn(CC=C)c3c(cccc23)C(F)(F)F,ridge,7.22914798835786,6.28685624163663
TRAIN0873,Oc1ccc(c(O)c1)c2nn(CC=C)c3c(cccc23)C(F)(F)F,ridge,7.03151705144607,6.139024873358969
TRAIN0874,Oc1ccc(cc1)c2nn(C3CCCC3)c4c(F)cccc24,ridge,7.74472749489669,6.660668911820242
TRAIN0875,Oc1ccc(cc1)c2nn(C3CCCC3)c4c(Cl)cccc24,ridge,7.74472749489669,6.543851568375347
TRAIN0876,Oc1ccc(cc1)c2nn(C3CCCCC3)c4c(Cl)cccc24,ridge,7.43179827593301,6.39144468353844
TRAIN0877,CCCn1nc(c2ccc(O)cc2)c3cccc(Cl)c13,ridge,7.2839966563652,6.60755143473311
TRAIN0878,CC(C)n1nc(c2ccc(O)cc2)c3cccc(c13)C(F)(F)F,ridge,8.52287874528034,6.586142878821944
TRAIN0879,CCCn1nc(c2ccc(O)cc2)c3cccc(C)c13,ridge,7.39794000867204,6.472654394514193
TRAIN0880,CCCCn1nc(c2ccc(O)cc2)c3cccc(Cl)c13,ridge,7.60205999132796,6.676383290947041
TRAIN0881,OCCn1nc(c2ccc(O)cc2)c3cccc(Cl)c13,ridge,6.38721614328026,6.544720593816371
TRAIN0882,OCCn1nc(c2ccc(O)cc2)c3cccc(c13)C(F)(F)F,ridge,7.01772876696043,6.5810778198469375
TRAIN0883,Oc1ccc(cc1)c2nn(Cc3ccccc3)c4c(cccc24)C(F)(F)F,ridge,6.70774392864352,6.914474658079117
TRAIN0884,Oc1ccc(cc1)c2nn(Cc3ccccc3)c4c(Cl)cccc24,ridge,6.97881070093006,6.873272290958153
TRAIN0885,Oc1ccc(c(O)c1)c2nn(c3cc(F)ccc3F)c4cc(O)ccc24,ridge,7.50863830616573,6.637919190015315
TRAIN0886,Oc1ccc(c(O)c1)c2nn(c3cc(Cl)ccc3Cl)c4cc(O)ccc24,ridge,7.82390874094432,6.561143967144606
TRAIN0887,Oc1ccc(c(O)c1)c2nn(c3cccc(Cl)c3)c4cc(O)ccc24,ridge,7.30102999566398,6.651629251011517
TRAIN0888,Oc1ccc(c(O)c1)c2nn(c3cccc(F)c3)c4cc(O)ccc24,ridge,7.4089353929735,6.545190575339429
TRAIN0889,Cc1ccc(cc1)n2nc(c3ccc(O)cc3O)c4ccc(O)cc24,ridge,7.39794000867204,6.5044683391447355
TRAIN0890,Oc1ccc(c(O)c1)c2nn(C3CCCCC3)c4cc(O)ccc24,ridge,6.35359627377693,6.404870220976129
TRAIN0891,CCCCn1nc(c2ccc(O)cc2O)c3ccc(O)cc13,ridge,6.95078197732982,6.269850050634629
TRAIN0892,CCCn1nc(c2ccc(O)cc2O)c3ccc(O)cc13,ridge,7.20760831050175,6.220863553982746
TRAIN0893,Oc1ccc(c(O)c1)c2nn(CC(F)(F)F)c3cc(O)ccc23,ridge,6.78251605578609,6.327968056175772
TRAIN0894,CCn1nc(c2ccc(O)cc2O)c3ccc(O)cc13,ridge,6.51570016065321,6.244814181737449
TRAIN0895,Cn1nc(c2ccc(O)cc2O)c3ccc(O)cc13,ridge,6.20620961530918,6.25298033938991
TRAIN0896,Oc1ccc2c(Oc3ccc(OCCN4CCCCC4)cc3)c(sc2c1)c5ccc(NCCCl)cc5,ridge,7.44855000202713,7.9853490137861005
TRAIN0897,Oc1ccc2c(Oc3ccc(OCCN4CCCCC4)cc3)c(sc2c1)c5ccc(NC(=O)CCl)cc5,ridge,6.1765257708297,7.731451639310367
TRAIN0898,Nc1ccc(cc1)c2sc3cc(O)ccc3c2Oc4ccc(OCCN5CCCCC5)cc4,ridge,7.71444269099223,7.645343592984336
TRAIN0899,CS(=O)(=O)c1ccc(cc1)c2sc3cc(O)ccc3c2Oc4ccc(OCCN5CCCCC5)cc4,ridge,7.56863623584101,7.568642978366874
TRAIN0900,Oc1ccc2c(Oc3ccc(OCCN4CCCCC4)cc3)c(sc2c1)c5ccccc5,ridge,7.96257350205938,7.65937096571523
TRAIN0901,Oc1ccc2c(Oc3ccc(OCCN4CCCCC4)cc3)c(sc2c1)c5ccc(Br)cc5,ridge,7.56863623584101,7.671010862793329
TRAIN0902,Oc1ccc2c(Oc3ccc(OCCN4CCCCC4)cc3)c(sc2c1)c5ccc(F)cc5,ridge,7.76447155309245,7.499456342755147
TRAIN0903,Oc1ccc(cc1)c2sc3cc(O)ccc3c2Oc4ccc(OCCN5CCCCC5)cc4,ridge,8.10790539730952,7.6333282981816595
TRAIN0904,COc1ccc(cc1)c2sc3cc(O)ccc3c2Oc4ccc(OCCN5CCCCC5)cc4,ridge,7.66756154008439,7.58138867205408
TRAIN0905,CC(C)CCC[C@@H](C)CCC[C@@H](C)CCC[C@@H]1Cc2cc(O)ccc2[C@H]3CC[C@]4(C)[C@@H](O)CC[C@H]4[C@H]13,ridge,6.71444269099223,7.439352263918795
TRAIN0906,Oc1ccc(cc1)N2C(=O)c3cc(O)cc(Br)c3C2=O,ridge,7.44369749923271,5.929452508656336
TRAIN0907,Oc1ccc(N2C(=O)c3ccc(O)cc3C2=O)c(F)c1,ridge,7.27572413039921,5.696668340328316
TRAIN0908,Cc1cc(O)ccc1N2C(=O)c3ccc(O)cc3C2=O,ridge,6.09582563171584,5.802494678773524
TRAIN0909,Oc1ccc2C(=O)N(C(=O)c2c1)c3ccc(O)cc3[N+](=O)[O-],ridge,7.67778070526608,5.681131613388582
TRAIN0910,Oc1ccc2C(=O)N(C(=O)c2c1)c3ccc(O)c4ccccc34,ridge,5.57839607313017,6.349786485923854
TRAIN0911,Oc1ccc2C(=O)N(C(=O)c2c1)c3cccc4c(O)cccc34,ridge,6.09582563171584,5.984405592267557
TRAIN0912,COc1ccc(N2C(=O)c3ccc(O)cc3C2=O)c(OC)c1,ridge,5.60730304674033,5.974991817496083
TRAIN0913,COc1ccc(cc1)N2C(=O)c3ccc(O)cc3C2=O,ridge,5.48148606012211,6.123807877254404
TRAIN0914,Oc1ccc2C(=O)N(C(=O)c2c1)c3ccccc3,ridge,5.56863623584101,5.757797244977003
TRAIN0915,Oc1cccc(c1)N2C(=O)c3ccc(O)cc3C2=O,ridge,5.53760200210104,6.06391753433594
TRAIN0916,Oc1ccc(cc1)N2C(=O)c3ccc(O)cc3C2=O,ridge,7.07572071393812,5.970522638473385
TRAIN0917,O\N=C\c1ccc(c2ccc(O)cc2)c3ccccc13,ridge,7.02227639471115,6.5951568369085045
TRAIN0918,O\N=C\c1c(Cl)cc(cc1Cl)c2ccc(O)c(F)c2,ridge,6.56863623584101,5.9322821220939685
TRAIN0919,Cc1c(\C=N\O)c2ccccc2n1c3ccc(O)c(F)c3,ridge,6.52578373592374,6.513288693962464
TRAIN0920,Cc1c(\C=N\O)c2ccccc2n1c3ccc(O)cc3,ridge,6.56863623584101,6.550380298488596
TRAIN0921,O\N=C\c1cn(c2ccc(O)cc2)c3ccccc13,ridge,5.72010501998836,6.1570839810642095
TRAIN0922,O\N=C\c1ccc(c2ccc(O)cc2)c3occc13,ridge,5.87614835903291,6.312144397832144
TRAIN0923,O\N=C\c1ccc(c2ccc(O)cc2)c3ccoc13,ridge,6.80966830182971,6.520001446574683
TRAIN0924,O\N=C\c1ccc(c2ccc(O)cc2)c3sccc13,ridge,7.43179827593301,6.770473942151822
TRAIN0925,O\N=C\c1ccc(c2ccc(O)cc2)c3ccsc13,ridge,7.69897000433602,6.237054091719702
TRAIN0926,O\N=C\c1ccc(c2ccc(O)c(F)c2)c3ccccc13,ridge,6.82973828460504,6.5915512702614
TRAIN0927,CS(=O)(=O)N1CC(Cc2ccc(O)cc12)c3ccc(O)cc3,ridge,4.49349496759513,6.937047161940863
TRAIN0928,Oc1ccc(cc1)C2CN(CC3CC3)c4cc(O)ccc4C2,ridge,5.78781239559604,6.9994334128859945
TRAIN0929,CCCN1CC(Cc2ccc(O)cc12)c3ccc(O)cc3,ridge,5.60730304674033,6.906266980925359
TRAIN0930,CCN1CC(Cc2ccc(O)cc12)c3ccc(O)cc3,ridge,5.85078088734462,6.7149255405512775
TRAIN0931,CN1CC(Cc2ccc(O)cc12)c3ccc(O)cc3,ridge,5.53017798402184,6.587648543150171
TRAIN0932,COc1ccccc1[C@H](c2cccc3ccccc23)[C@@](C)(C#N)C(=O)N4CCC(CC4)c5cccc(c5)C(F)(F)F,ridge,5.61439372640169,7.0159232049154365
TRAIN0933,COc1cc(ccc1O)C2Nc3ccccc3C(=O)N2Cc4ccccc4,ridge,5.95860731484177,6.709274331274051
TRAIN0934,COC(=O)C1=C(N)Oc2cc(O)ccc2C1c3ccc(OCc4ccc(C)cc4)cc3,ridge,7.2518119729938,6.540258953056687
TRAIN0935,COC(=O)C1=C(N)Oc2cc(O)ccc2C1c3ccc(OCc4ccccc4F)cc3,ridge,7.27572413039921,6.887262828846923
TRAIN0936,OC(=O)CCc1cc(Br)c(OCc2cccc(Br)c2)c(Br)c1,ridge,4.53760200210104,6.972493099055664
TRAIN0937,CC(CCc1ccccc1)NC(=O)Cc2c([nH]c3ccccc23)c4ccccc4,ridge,7.95860731484177,5.862052807416704
TRAIN0938,C[C@H](CCc1ccc(O)cc1)NC(=O)Cc2c([nH]c3ccccc23)c4ccccc4,ridge,9.0,7.032873587277984
TRAIN0939,C[C@@H](CCc1ccc(O)cc1)NC(=O)Cc2c([nH]c3ccccc23)c4ccccc4,ridge,7.43179827593301,6.8999078399525295
TRAIN0940,CC(CCc1ccc(O)cc1)NC(=O)Cc2c([nH]c3ccccc23)c4ccccc4,ridge,9.0,6.965960128178955
TRAIN0941,C[C@H](CCc1ccc(O)cc1)NC(=O)Cc2c([nH]c3ccc(OCCCCN4CCCCC4)cc23)c5ccccc5,ridge,7.50863830616573,7.79700359985103
TRAIN0942,C[C@H](CCc1ccc(O)cc1)NC(=O)Cc2c([nH]c3ccc(OCCCN4CCCCC4)cc23)c5ccccc5,ridge,7.39794000867204,7.767710074075594
TRAIN0943,C[C@H](CCc1ccc(O)cc1)NC(=O)Cc2c([nH]c3ccc(OCCN4CCCCC4)cc23)c5ccccc5,ridge,6.42250820016277,7.708585323764359
TRAIN0944,C[C@H](CCc1ccc(O)cc1)NC(=O)Cc2c([nH]c3cccc(OCCN4CCCCC4)c23)c5ccccc5,ridge,5.94538694544311,7.842497411385651
TRAIN0945,C[C@H](NC(=O)Cc1c([nH]c2ccccc12)c3ccccc3)c4c(C)c5cc(O)ccc5n4Cc6ccc(OCCN7CCCCC7)cc6,ridge,8.69897000433602,8.57120337681844
TRAIN0946,C[C@H](NC(=O)Cc1c([nH]c2ccccc12)c3ccccc3)c4c(C)c5cc(O)ccc5n4Cc6ccc(OCCN7CC[C@H](C)C7)cc6,ridge,8.39794000867204,8.843366921749686
TRAIN0947,C[C@H](CCc1ccc(O)cc1)NC(=O)Cc2c(c3ccccc3)n(Cc4ccc(OCCCCN5CCCCC5)cc4)c6ccccc26,ridge,8.30980391997149,8.550089906924375
TRAIN0948,C[C@H](CCc1ccc(O)cc1)NC(=O)Cc2c(c3ccccc3)n(Cc4ccc(OCCCN5CCCCC5)cc4)c6ccccc26,ridge,8.10790539730952,8.401416073463121
TRAIN0949,C[C@H](CCc1ccc(O)cc1)NC(=O)Cc2c(c3ccccc3)n(C(=O)c4ccc(OCCN5CCCCC5)cc4)c6ccccc26,ridge,6.75696195131371,8.089054828685981
TRAIN0950,C[C@H](CCc1ccc(O)cc1)NC(=O)Cc2c(c3ccccc3)n(Cc4ccc(OCCN5CCCCC5)cc4)c6ccccc26,ridge,7.69897000433602,8.350640410345687
TRAIN0951,C[C@H](CCc1ccc(O)cc1)NC(=O)Cc2c([nH]c3c(OCCCCCN4CCCCC4)cccc23)c5ccccc5,ridge,7.88605664769316,7.877872458187388
TRAIN0952,C[C@H](CCc1ccc(O)cc1)NC(=O)Cc2c([nH]c3c(OCCCCN4CCCCC4)cccc23)c5ccccc5,ridge,7.63827216398241,7.896781680589569
TRAIN0953,C[C@H](CCc1ccc(O)cc1)NC(=O)Cc2c([nH]c3c(OCCCN4CCCCC4)cccc23)c5ccccc5,ridge,7.16115090926274,7.71381063958756
TRAIN0954,C[C@H](CCc1ccc(O)cc1)NC(=O)Cc2c([nH]c3c(OCCN4CCCCC4)cccc23)c5ccccc5,ridge,6.35654732351381,7.733253512082946
TRAIN0955,C[C@H](CCc1ccc(O)cc1)NC(=O)Cc2c([nH]c3cc(OCCCN4CCCC4)ccc23)c5ccccc5,ridge,8.04095860767891,7.894717470630443
TRAIN0956,C[C@H](CCc1ccc(O)cc1)NC(=O)Cc2c([nH]c3cc(OCCN4CCCC4)ccc23)c5ccccc5,ridge,7.65757731917779,7.762729462502321
TRAIN0957,C[C@H](CCc1ccc(O)cc1)NC(=O)Cc2c([nH]c3cc(OCCCCN4CCCCC4)ccc23)c5ccccc5,ridge,7.99567862621736,7.738532685675649
TRAIN0958,C[C@H](CCc1ccc(O)cc1)NC(=O)Cc2c([nH]c3cc(OCCCN4CCCCC4)ccc23)c5ccccc5,ridge,7.88605664769316,7.738905732256942
TRAIN0959,C[C@H](CCc1ccc(O)cc1)NC(=O)Cc2c([nH]c3cc(OCCN4CCCCC4)ccc23)c5ccccc5,ridge,8.09691001300806,7.63725846749883
TRAIN0960,C[C@H](CCc1ccc(O)cc1)NC(=O)Cc2c([nH]c3ccc(OCCCCCN4CCCCC4)cc23)c5ccccc5,ridge,8.18045606445813,7.853117638919367
TRAIN0961,C[C@]12CC[C@H]3[C@@H](CC=C4C[C@@H](O)CC[C@]34C=C)[C@@H]1CC[C@@H]2O,ridge,5.64975198166584,6.1169765927987845
TRAIN0962,C[C@]12CC[C@H]3[C@@H](CC=C4[C@H]5CC[C@@]34CC[C@H]5O)[C@@H]1CC[C@@H]2O,ridge,5.08964244272712,6.542916388644798
TRAIN0963,C[C@]12CC[C@H]3[C@@H](CC=C4[C@H]5CC[C@@]34CC[C@@H]5O)[C@@H]1CC[C@@H]2O,ridge,6.49894073778225,6.542916388644798
TRAIN0964,C[C@]12CC[C@H]3[C@@H](CC[C@H]4[C@H]5CCC[C@@]34CC[C@@H]5O)[C@@H]1CC[C@@H]2O,ridge,5.30189945437661,6.113225997495378
TRAIN0965,C[C@]12CC[C@H]3[C@@H](CC=C4[C@H]5CC=C[C@@]34CC[C@@H]5O)[C@@H]1CC[C@@H]2O,ridge,5.64975198166584,6.002460288155075
TRAIN0966,C\C=C/[C@]12CC[C@H](O)CC1=CC[C@H]3[C@@H]4CC[C@H](O)[C@@]4(C)CC[C@H]23,ridge,5.70863114954842,6.738373937756773
TRAIN0967,CC[C@]12CC[C@H](O)CC1=CC[C@H]3[C@@H]4CC[C@H](O)[C@@]4(C)CC[C@H]23,ridge,5.63264407897398,6.6278419753688524
TRAIN0968,CC1=CC2=CC[C@H]3[C@@H]4CC[C@H](O)[C@@]4(C)CC[C@@H]3[C@@]2(C)CC1,ridge,6.95860731484177,6.211047213898918
TRAIN0969,C[C@]12CC[C@H]3[C@@H](CCC4=CC(=C)CC[C@]34C)[C@@H]1CC[C@@H]2O,ridge,6.19382002601611,6.4471541286738345
TRAIN0970,C[C@]12CC[C@H]3[C@@H](CC=C4C[C@@H](O)CC[C@]34C=C)[C@@H]1CC[C@@]2(O)C#C,ridge,6.82390874094432,5.861688971354801
TRAIN0971,C[C@]1(O)CC[C@H]2[C@@H]3CC=C4C[C@@H](O)CC[C@]4(C=C)[C@H]3CC[C@]12C,ridge,5.97881070093006,5.925047667483184
TRAIN0972,CC1=CC2=CC[C@H]3[C@@H]4CC[C@@](O)(C#C)[C@@]4(C)CC[C@@H]3[C@]2(CC1)C=C,ridge,5.73282827159699,5.983406458429761
TRAIN0973,CC1=CC2=CC[C@H]3[C@@H]4CC[C@](C)(O)[C@@]4(C)CC[C@@H]3[C@]2(CC1)C=C,ridge,5.3585258894959,6.031137327554017
TRAIN0974,C[C@]12CC[C@H]3[C@@H](CC=C4C=C(Cl)CC[C@]34C=C)[C@@H]1CC[C@@H]2O,ridge,5.24108810760203,6.379724125533459
TRAIN0975,CCC1=CC2=CC[C@H]3[C@@H]4CC[C@H](O)[C@@]4(C)CC[C@@H]3[C@]2(CC1)C=C,ridge,5.50723961097316,6.4941640506427865
TRAIN0976,CC1=CC2=CC[C@H]3[C@@H]4CC[C@H](O)[C@@]4(C)CC[C@@H]3[C@]2(CC1)C=C,ridge,5.84163750790475,6.39240333302436
TRAIN0977,C[C@]1(O)CC[C@]2(C=C)[C@H]3CC[C@]4(C)[C@@H](O)CC[C@H]4[C@@H]3CC=C2C1,ridge,5.27572413039921,6.380251225347789
TRAIN0978,COC[C@@]1(CC[C@H]2[C@@H]3CCC4=CC(=O)CCC4=C3[C@H](C[C@]12C)c5ccc(\C=N\O)cc5)OC,ridge,5.72124639904717,6.8007762801309095
TRAIN0979,Cc1c(O)c(C)c2OC=C(C(=O)c2c1O)c3ccc(O)cc3,ridge,4.99139982823808,5.688681086139928
TRAIN0980,Cc1c(nn(c2ccc(O)cc2)c1c3ccc(CCCN4CCCCC4)cc3)c5ccc(O)cc5,ridge,7.69897000433602,7.81563951612149
TRAIN0981,Cc1c(nn(c2ccc(O)cc2)c1c3ccc(\C=C\C(=O)N4CCCCC4)cc3)c5ccc(O)cc5,ridge,6.0,7.164432153530535
TRAIN0982,Cc1c(nn(c2ccc(O)cc2)c1c3ccc(OCCN4CCCCC4)cc3)c5ccc(O)cc5,ridge,7.09691001300806,7.664442028543494
TRAIN0983,O\N=C\c1ccc(cc1F)c2ccc(O)cc2,ridge,6.09963287134353,5.764300669922215
TRAIN0984,CC(C)CNc1cc(\C=C\c2ccccc2)nc(NCC(C)C)n1,ridge,5.16115090926274,5.153108873536047
TRAIN0985,CC(C)CCc1cc(NCC(C)C)nc(OCC(C)C)n1,ridge,5.16115090926274,5.144809968503905
TRAIN0986,CC(C)CNc1nc(CCc2ccccc2)cc(n1)N(C)CC(C)C,ridge,5.25963731050576,5.684094494699692
TRAIN0987,CC(C)CNc1nc(CCc2cccc3ccccc23)cc(n1)N(C)CC(C)C,ridge,5.35654732351381,5.916354612294455
TRAIN0988,CC(C)CCc1cc(NCC(C)C)nc(n1)N(C)CC(C)C,ridge,5.01322826573375,5.466711901301697
TRAIN0989,CC(C)CNc1cc(NCc2ccccc2)nc(NCC(C)C)n1,ridge,5.02227639471115,4.876374610252433
TRAIN0990,CC(C)CNc1cc(NCC(C)C)nc(NCC(C)C)n1,ridge,5.61978875828839,4.692608151081327
TRAIN0991,CC(C)CCc1cc(NCc2cccc3ccccc23)nc(NCC(C)C)n1,ridge,5.17392519729917,5.693426936601897
TRAIN0992,CC(C)CCc1cc(NCc2ccccc2)nc(NCC(C)C)n1,ridge,5.23657200643706,5.289017326241976
TRAIN0993,CC(C)CCc1cc(NCC(C)C)nc(NCc2cccc3ccccc23)n1,ridge,5.38721614328026,5.514703714538529
TRAIN0994,CC(C)CCc1cc(NCC(C)C)nc(NCc2ccccc2)n1,ridge,5.74472749489669,5.099643929065785
TRAIN0995,CCc1cc(NCC(C)C)nc(NCC(C)C)n1,ridge,5.13667713987954,4.709514378572285
TRAIN0996,CC(C)CNc1cc(CCc2cccc3ccccc23)nc(NCC(C)C)n1,ridge,5.67778070526608,5.7324069216397895
TRAIN0997,CC(C)CCc1cc(NCc2ccccc2)nc(NCc3ccccc3)n1,ridge,5.08092190762393,5.267856333996496
TRAIN0998,CC(C)CCc1cc(NCC(C)C)nc(NCC(C)C)n1,ridge,5.50863830616573,4.910508231501126
TRAIN0999,CCCCc1cc(NCCC)nc(NCCC)n1,ridge,4.88605664769316,4.68920999391948
TRAIN1000,CC(C)CNc1nc(CCc2ccccc2)cc(NCc3ccccc3)n1,ridge,5.72124639904717,5.297853592106595
TRAIN1001,CC(C)CNc1cc(CCc2ccccc2)nc(NCc3ccccc3)n1,ridge,5.34678748622466,5.29528520725665
TRAIN1002,CC(C)CNc1nc(NCc2ccccc2)cc(\C=C\c3ccccc3)n1,ridge,5.0087739243075,5.279328758578275
TRAIN1003,CC(C)CNc1cc(\C=C\c2ccccc2)nc(NCc3ccccc3)n1,ridge,4.92081875395237,5.181868649028187
TRAIN1004,CC(C)CNc1cc(CCc2ccccc2)nc(NCC(C)C)n1,ridge,5.67778070526608,5.151717219104533
TRAIN1005,NC(=N)N\N=C\C1=C(Cl)c2ccccc2CC1,ridge,5.25963731050576,4.668443620540904
TRAIN1006,CC#C[C@]1(O)CC[C@H]2[C@@H]3CCC4=CC(=O)CCC4=C3[C@H](C[C@]12C)c5ccc(cc5)N(C)C,ridge,5.30102999566398,7.386412570707293
TRAIN1007,CC(C)OC(=O)C1=CN(CC(C)(C)c2c1[nH]c3ccccc23)C(=O)c4ccc(F)c(F)c4,ridge,5.0,5.580866328955497
TRAIN1008,C(CN1CCC1)Oc2ccc(cc2)C3=C(CCOc4ccccc34)c5ccccc5,ridge,8.05700040663396,7.106001382392767
TRAIN1009,Oc1ccc(cc1)C2=C(c3ccc(OCCN4CCC4)cc3)c5ccccc5OCC2,ridge,8.72124639904717,8.11291810155912
TRAIN1010,COc1ccc2C(=C(CCOc2c1)c3ccc(O)cc3)c4ccc(OCCN5CCC5)cc4,ridge,8.17392519729917,8.220048413154995
TRAIN1011,COc1ccc2C(=C(CCOc2c1)c3ccc(O)cc3)c4ccc(OCCN5CCCC5)cc4,ridge,7.98716277529483,7.9692929534763834
TRAIN1012,Oc1ccc(cc1)C2=C(c3ccc(OCCN4CCCC4)cc3)c5ccc(O)cc5OCC2,ridge,8.07572071393812,7.946370781872071
TRAIN1013,Fc1ccc2C(=C(CCOc2c1)c3ccccc3)c4ccc(OCCN5CCCC5)cc4,ridge,7.79048498545737,7.078369098064795
TRAIN1014,Oc1ccc(cc1)C2=C(c3ccc(OCCN4CCCC4)cc3)c5ccc(F)cc5OCC2,ridge,7.98296666070122,8.085465614130932
TRAIN1015,Oc1cccc(c1)C2=C(c3ccc(OCCN4CCCC4)cc3)c5ccc(F)cc5OCC2,ridge,7.85387196432176,7.898052503137642
TRAIN1016,Fc1ccc(cc1)C2=C(c3ccc(OCCN4CCCC4)cc3)c5ccc(F)cc5OCC2,ridge,6.89962945488244,7.043663512730584
TRAIN1017,Oc1ccc(cc1)C2=C(c3ccc(OCCN4CCCCC4)cc3)c5ccc(F)cc5OCC2,ridge,8.18708664335714,7.927063234783898
TRAIN1018,Oc1ccc(cc1)C2=C(CCOc3cc(F)ccc23)c4ccc(OCCN5CCCC5)cc4,ridge,8.25414480482627,8.10151502374056
TRAIN1019,C\C(=C(\Cl)/c1ccccc1)\C=N\NC(=N)N,ridge,4.43179827593301,4.628683454155299
TRAIN1020,NC(=N)N\N=C\C1=C(Cl)c2ccccc2CCC1,ridge,4.79588001734407,5.094072247875542
TRAIN1021,COc1cc2oc(cc2cc1O)c3ccc(O)cc3O,ridge,7.33724216831843,5.933791115974951
TRAIN1022,COc1cc(O)c2c(C=O)c(oc2c1)c3ccc(O)cc3O,ridge,7.36653154442041,6.079225514316428
TRAIN1023,CC(=CCc1c(O)c(CC(O)C(=C)C)c(O)c2C(=O)C(=COc12)c3ccc(O)c(O)c3)C,ridge,4.53760200210104,6.0883901128966915
TRAIN1024,CC(=CCc1c(O)c2C(=O)C(=COc2c3CC(Oc13)C(C)(C)O)c4ccc(O)c(O)c4)C,ridge,4.88605664769316,6.2263301458717955
TRAIN1025,CC(=CCc1c(O)c(CC(O)C(=C)C)c2OC=C(C(=O)c2c1O)c3ccc(O)c(O)c3)C,ridge,4.74472749489669,6.256219192070137
TRAIN1026,CC[C@@]12C[C@H](O)[C@@](O)(C[C@H]1CCc3cc(O)ccc23)c4ccccc4,ridge,5.46852108295774,6.5600445896469655
TRAIN1027,CC[C@@]12CC[C@@](O)(C[C@H]1CCc3cc(OCc4ccncc4)ccc23)C#CC,ridge,6.17392519729917,5.8025269783229305
TRAIN1028,CC[C@@]12CC[C@@](O)(C[C@H]1CCc3cc(O)ccc23)C#CC,ridge,7.05060999335509,6.136018963814067
TRAIN1029,CC#C[C@@]1(O)CC[C@]2(CC=C)[C@H](CCc3cc(O)ccc23)C1,ridge,7.03151705144607,5.993890557056288
TRAIN1030,Oc1ccc2C(=C(Cc3ccccc3)C(=O)Oc2c1)C(F)(F)F,ridge,6.0,6.0568133485218505
TRAIN1031,Cc1cccc(SCC2=CC(=O)Oc3cc(O)ccc23)n1,ridge,4.30102999566398,5.921029793054886
TRAIN1032,Cn1cc(nn1)[C@]2(O)CC[C@H]3[C@@H]4CCc5cc(O)ccc5[C@H]4CC[C@]23C,ridge,6.39794000867204,6.830883142213785
TRAIN1033,COc1cc2[C@H]3CC[C@@]4(C)[C@@H](CCC4=O)[C@@H]3CCc2cc1O,ridge,4.95860731484177,6.203724727805472
TRAIN1034,C[C@]12CC[C@H]3[C@@H](CCc4cc(O)c(Cl)cc34)[C@@H]1CCCC2=O,ridge,6.11350927482752,6.1925948176064
TRAIN1035,COc1cc2[C@H]3CC[C@@]4(C)[C@@H](CCCC4=O)[C@@H]3CCc2cc1O,ridge,5.20760831050175,6.242715287548262
TRAIN1036,Oc1ccc2C3=C(CCOc2c1)c4ccc(O)cc4O[C@@H]3c5ccc(OCCN6CCCCC6)cc5,ridge,8.95860731484177,7.798098433448158
TRAIN1037,Oc1ccc2C3=C(CCOc2c1)c4ccc(O)cc4O[C@@H]3c5ccc(OCCN6CCCC6)cc5,ridge,8.92081875395237,7.802024047343309
TRAIN1038,Oc1ccc2C3=C(CCOc2c1)c4ccc(O)cc4O[C@@H]3c5ccc(OCCN6CCSCC6)cc5,ridge,8.92081875395237,7.835456989660775
TRAIN1039,Oc1ccc2C3=C(CCOc2c1)c4ccc(O)cc4O[C@@H]3c5ccc(OCCN6CCOCC6)cc5,ridge,8.79588001734407,7.806437706995803
TRAIN1040,Oc1ccc2C3=C(CCOc2c1)c4ccc(O)cc4O[C@@H]3c5ccc(OCCN6CCCCCC6)cc5,ridge,8.65757731917779,7.867105323528563
TRAIN1041,Oc1ccc2C3=C(CCOc2c1)c4ccc(O)cc4O[C@H]3c5ccc(OCCN6CCCCCC6)cc5,ridge,8.61978875828839,8.081734763647749
TRAIN1042,Oc1ccc2C3=C(CCOc2c1)c4ccc(O)cc4O[C@H]3c5ccc(OCCN6CCCC6)cc5,ridge,8.60205999132796,7.949593709825718
TRAIN1043,Oc1ccc2C3=C(CCOc2c1)c4ccc(O)cc4O[C@@H]3c5ccc(OCCCN6C(=O)CCC6=O)cc5,ridge,8.58004425151024,7.516475138010555
TRAIN1044,CN(C)CCOc1ccc(cc1)[C@H]2Oc3cc(O)ccc3C4=C2c5ccc(O)cc5OCC4,ridge,8.48148606012211,7.743468098431302
TRAIN1045,Oc1ccc2C3=C(CCOc2c1)c4ccc(F)cc4O[C@@H]3c5ccc(OCCN6CCCCCC6)cc5,ridge,8.48148606012211,8.023898860064962
TRAIN1046,Oc1ccc2C3=C(CCOc2c1)c4ccc(O)cc4O[C@H]3c5ccc(OCCN6CCCCC6)cc5,ridge,8.46852108295774,7.828387940439474
TRAIN1047,Oc1ccc2C3=C(CCOc2c1)c4ccccc4O[C@H]3c5ccc(OCCN6CCCCC6)cc5,ridge,8.3767507096021,7.88989929828791
TRAIN1048,COc1ccc2C3=C(CCOc2c1)c4ccc(O)cc4O[C@H]3c5ccc(OCCN6CCCCC6)cc5,ridge,8.3767507096021,7.87768362415334
TRAIN1049,Oc1ccc2C3=C(CCOc2c1)c4ccccc4O[C@H]3c5ccc(OCCN6CCCCCC6)cc5,ridge,8.34678748622466,7.854329001868088
TRAIN1050,Oc1ccc2C3=C(CCOc2c1)c4ccc(O)cc4O[C@@H]3c5ccc(OCCN6C(=O)CCC6=O)cc5,ridge,8.31875876262441,7.335810348046792
TRAIN1051,COC(=O)COc1ccc(cc1)C2Oc3cc(O)ccc3C4=C2c5ccc(O)cc5OCC4,ridge,8.31875876262441,6.914587966674328
TRAIN1052,CCN(CC)CCOc1ccc(cc1)[C@H]2Oc3ccccc3C4=C2c5ccc(O)cc5OCC4,ridge,8.30102999566398,8.005279027612186
TRAIN1053,CCN(CC)CCOc1ccc(cc1)[C@H]2Oc3cc(F)ccc3C4=C2c5ccc(O)cc5OCC4,ridge,8.30102999566398,8.013366502043088
TRAIN1054,Oc1ccc2C3=C(CCOc2c1)c4ccc(F)cc4O[C@H]3c5ccc(OCCN6CCCCCC6)cc5,ridge,8.30102999566398,8.023898860064962
TRAIN1055,CC(C)N(CCOc1ccc(cc1)[C@H]2Oc3cc(O)ccc3C4=C2c5ccc(O)cc5OCC4)C(C)C,ridge,8.26760624017703,8.081885744608506
TRAIN1056,CC(C)N(CCOc1ccc(cc1)[C@@H]2Oc3cc(O)ccc3C4=C2c5ccc(O)cc5OCC4)C(C)C,ridge,8.2518119729938,8.081885744608506
TRAIN1057,Oc1ccc2C3=C(CCOc2c1)c4ccccc4O[C@@H]3c5ccc(OCCN6CCCCC6)cc5,ridge,8.23657200643706,7.891661407442284
TRAIN1058,COc1ccc2C3=C(CCOc2c1)c4ccc(O)cc4O[C@@H]3c5ccc(OCCN6CCCCC6)cc5,ridge,8.23657200643706,7.8732335217924945
TRAIN1059,Oc1ccc2C3=C(CCOc2c1)c4ccc(O)cc4O[C@H]3c5ccc(OCCN6C(=O)CCC6=O)cc5,ridge,8.20760831050175,7.26935474151664
TRAIN1060,Oc1ccc2C3=C([C@@H](Oc2c1)c4ccc(OCCN5CCCCC5)cc4)c6ccccc6OCC3,ridge,8.20065945054642,7.7814839128188895
TRAIN1061,COc1ccc2C3=C([C@@H](Oc2c1)c4ccc(OCCN5CCCCC5)cc4)c6ccc(O)cc6OCC3,ridge,8.20065945054642,7.868866121274803
TRAIN1062,CCN(CC)CCOc1ccc(cc1)[C@@H]2Oc3cc(F)ccc3C4=C2c5ccc(O)cc5OCC4,ridge,8.15490195998574,8.09339866434238
TRAIN1063,CN1CCN(CCOc2ccc(cc2)[C@H]3Oc4cc(O)ccc4C5=C3c6ccc(O)cc6OCC5)CC1,ridge,8.06048074738138,7.838483057890571
TRAIN1064,CCN(CC)CCOc1ccc(cc1)[C@@H]2Oc3ccccc3C4=C2c5ccc(O)cc5OCC4,ridge,8.04575749056067,8.005279027612186
TRAIN1065,COc1ccc2C3=C([C@H](Oc2c1)c4ccc(OCCN5CCCCC5)cc4)c6ccc(O)cc6OCC3,ridge,8.04575749056067,7.92331007300548
TRAIN1066,Oc1ccc2C3=C(CCOc2c1)c4ccc(O)cc4O[C@H]3c5ccc(OCCN6CCOCC6)cc5,ridge,8.0,7.649575804194711
TRAIN1067,CN(C)CCOc1ccc(cc1)[C@@H]2Oc3cc(O)ccc3C4=C2c5ccc(O)cc5OCC4,ridge,7.95860731484177,7.73226377883785
TRAIN1068,Oc1ccc2C3=C(CCOc2c1)c4ccccc4O[C@@H]3c5ccc(OCCN6CCCCCC6)cc5,ridge,7.95860731484177,7.577262672566077
TRAIN1069,CN(C)CCOc1ccc(cc1)[C@@H]2Oc3cc(O)ccc3C4=C2c5ccccc5OCC4,ridge,7.95467702121334,7.97593834976386
TRAIN1070,CN(C)CCOc1ccc(cc1)[C@@H]2Oc3ccccc3C4=C2c5ccc(O)cc5OCC4,ridge,7.88605664769316,7.822381415418911
TRAIN1071,CN(C)CCOc1ccc(cc1)[C@H]2Oc3ccccc3C4=C2c5ccc(O)cc5OCC4,ridge,7.79588001734407,7.829025994665278
TRAIN1072,Oc1ccc2C3=C(CCOc2c1)c4ccc(O)cc4O[C@@H]3c5ccc(OCCCN6CCCCC6)cc5,ridge,7.65757731917779,7.875998526161305
TRAIN1073,Oc1ccc2C3=C(CCOc2c1)c4ccc(O)cc4O[C@H]3c5ccc(OCCCN6C(=O)CCC6=O)cc5,ridge,7.38753403604686,7.196850261151149
TRAIN1074,Oc1ccc2C3=C(CCOc2c1)c4ccc(O)cc4O[C@H]3c5ccc(OCCCN6CCCCC6)cc5,ridge,7.25963731050576,7.760070947651903
TRAIN1075,COc1ccc2C3=C(CCOc2c1)c4ccc(OC)cc4O[C@@H]3c5ccc(OCCN6CCCCC6)cc5,ridge,7.19382002601611,6.478455538577412
TRAIN1076,Oc1ccc2C3=C([C@H](Oc2c1)c4ccc(OCCN5CCCCCC5)cc4)c6ccccc6OCC3,ridge,7.07058107428571,7.85884144427799
TRAIN1077,Oc1ccc2C3=C([C@H](Oc2c1)c4ccc(OCCN5CCCCC5)cc4)c6ccccc6OCC3,ridge,7.0,7.670503792495608
TRAIN1078,Oc1ccc2C3=C(CCOc2c1)c4ccc(O)cc4O[C@H]3c5ccc(OCCN6CCSCC6)cc5,ridge,6.95467702121334,7.93174163877971
TRAIN1079,OC(=O)CCOc1ccc(cc1)[C@H]2Oc3cc(O)ccc3C4=C2c5ccc(O)cc5OCC4,ridge,6.92081875395237,6.919378649004236
TRAIN1080,Oc1ccc2C3=C(CCOc2c1)c4ccc(O)cc4O[C@@H]3c5cccc(OCCN6CCCCC6)c5,ridge,6.82390874094432,7.696238950239963
TRAIN1081,CN(C)CCOc1ccc(cc1)[C@H]2Oc3cc(O)ccc3C4=C2c5ccccc5OCC4,ridge,6.74472749489669,7.817776568651364
TRAIN1082,Oc1ccc2C3=C(CCOc2c1)c4ccc(O)cc4O[C@H]3c5cccc(OCCN6CCCCC6)c5,ridge,6.72124639904717,7.696238950239963
TRAIN1083,OCCOc1ccc(cc1)C2Oc3cc(O)ccc3C4=C2c5ccc(O)cc5OCC4,ridge,6.50863830616573,7.150387102957607
TRAIN1084,CN1CCN(CCOc2ccc(cc2)[C@@H]3Oc4cc(O)ccc4C5=C3c6ccc(O)cc6OCC5)CC1,ridge,6.50584540598156,7.838483057890571
TRAIN1085,OCCCOc1ccc(cc1)C2Oc3cc(O)ccc3C4=C2c5ccc(O)cc5OCC4,ridge,6.48678239993206,7.162014767733513
TRAIN1086,OC(=O)CCOc1ccc(cc1)[C@@H]2Oc3cc(O)ccc3C4=C2c5ccc(O)cc5OCC4,ridge,6.23657200643706,7.259414051015372
TRAIN1087,Oc1ccc2C3=C([C@@H](Oc2c1)c4ccc(OCCN5CCCCCC5)cc4)c6ccccc6OCC3,ridge,8.39794000867204,7.555757902568227
TRAIN1088,Oc1ccc2C3=C(CCOc2c1)c4ccc(O)cc4OC3c5ccc(OCCN6CCCCC6)cc5,ridge,7.88605664769316,7.631430749892558
TRAIN1089,Oc1ccc2C3=C(CCCOc2c1)c4ccc(O)cc4OC3c5ccc(OCCN6CCCCC6)cc5,ridge,7.63827216398241,7.891101403947582
TRAIN1090,C[C@]12CC[C@H]3[C@@H](CCc4cc(O)ccc34)[C@@H]1CC[C@@]2(O)c5ccc6COCc6c5,ridge,7.12901118623942,7.134501862561454
TRAIN1091,Cc1ccc(cc1)S(=O)(=O)N2Cc3ccc(cc3C2)[C@]4(O)CC[C@H]5[C@@H]6CCc7cc(O)ccc7[C@H]6CC[C@]45C,ridge,6.46700370613424,7.995908751647214
TRAIN1092,CCOC(=O)C1(Cc2ccc(cc2C1)[C@]3(O)CC[C@H]4[C@@H]5CCc6cc(O)ccc6[C@H]5CC[C@]34C)C#N,ridge,7.32303218570524,7.345339958858109
TRAIN1093,CCOC(=O)C1(Cc2ccc(cc2C1)[C@]3(O)CC[C@H]4[C@@H]5CCc6cc(O)ccc6[C@H]5CC[C@]34C)C(=O)C,ridge,6.61000157739267,7.505427213091894
TRAIN1094,CC(=O)C1(Cc2ccc(cc2C1)[C@]3(O)CC[C@H]4[C@@H]5CCc6cc(O)ccc6[C@H]5CC[C@]34C)C(=O)C,ridge,6.61400071586103,7.484639192575346
TRAIN1095,CCOC(=O)C1(Cc2ccc(cc2C1)[C@]3(O)CC[C@H]4[C@@H]5CCc6cc(O)ccc6[C@H]5CC[C@]34C)C(=O)OCC,ridge,6.3079995901734,7.068999774427316
TRAIN1096,Oc1cccc2c(OC(=O)c3ccc(Cl)cc3Cl)cccc12,ridge,5.92081875395237,5.971887134522962
TRAIN1097,COc1ccc(cc1)C(=O)Oc2cccc3c(O)cccc23,ridge,6.09963287134353,5.933286004232119
TRAIN1098,COC(=O)C(C)N1C(=O)S\C(=C\c2ccc(O)c(Cl)c2)\C1=O,ridge,5.6345120151091,6.07539114046987
TRAIN1099,Cc1ccc(cc1)C(=O)C2=C(O)C(=O)N(C2c3ccc(Br)cc3)c4ccc(O)cc4,ridge,5.21253952548158,7.642424833893912
TRAIN1100,Oc1ccc(cc1)N2C(=O)c3ccc(Br)cc3C2=O,ridge,5.09799710864927,5.7067174118646165
TRAIN1101,Oc1ccc(\C=C\C(=O)c2ccc(Br)cc2)cc1,ridge,5.33161408331,6.243814027541336
TRAIN1102,Cc1ccc(cc1)C(=O)Oc2cccc3c(O)cccc23,ridge,4.5003129173816,6.145682658684024
TRAIN1103,COc1ccc(CCCc2ccc(O)cc2)c(O)c1,ridge,5.09151498112135,6.110217449187692
TRAIN1104,CC(=CCc1c(O)c(O)cc([C@H]2CCc3ccc(O)cc3O2)c1CC=C(C)C)C,ridge,3.82073553566097,6.904464494063993
TRAIN1105,CC(=CCc1c(O)c(O)ccc1[C@H]2CCc3ccc(O)cc3O2)C,ridge,4.24260397120698,6.478020146034783
TRAIN1106,Oc1ccc(cc1)[C@H]2CCc3ccc(O)cc3O2,ridge,4.58169870868025,5.915893871241813
TRAIN1107,CC(=O)S[C@@H]1CC2=CC(=O)CC[C@]2(C)[C@H]3CC[C@@]4(C)[C@@H](CC[C@@]45CCC(=O)O5)[C@H]13,ridge,5.24397278702656,5.059885230557356
TRAIN1108,OC(=O)\C=C\c1ccc2c(C(=O)c3ccc(OCCN4CCCCC4)cc3)c(sc2c1)c5ccc(O)cc5,ridge,7.08618614761628,8.068680332827872
TRAIN1109,Oc1ccc2nc(c3ccccc3)n(Cc4ccc(OCCN5CCCCC5)cc4)c2c1,ridge,6.50863830616573,7.180792051864001
TRAIN1110,Oc1ccc(cc1)c2nc3ccccc3n2Cc4ccc(OCCN5CCCCC5)cc4,ridge,5.29242982390206,7.2441871951563765
TRAIN1111,OCC1=Nc2cc3CCC(N(CC#C)c4ccc(cc4)C(=O)N[C@@H](CCC(=O)N[C@H](CCC(=O)O)C(=O)O)C(=O)O)c3cc2C(=O)N1,ridge,9.0,6.19955081032464
TRAIN1112,COc1ccc(cc1)c2oc(SC\C(=C(\C#N)/C(=N)C)\O)nn2,ridge,4.52235935025974,6.0658391397018665
TRAIN1113,Cc1ccc(cc1)c2nnc(S)n2\N=C\C=C/c3ccccc3[N+](=O)[O-],ridge,5.1356900937109,4.960714893814513
TRAIN1114,Oc1c(\C=N\c2cccc3cccnc23)sc4ccccc14,ridge,5.28814386287795,6.5789764092936345
TRAIN1115,Cc1nn(c2ccccc2)c3sc(cc13)C(=O)OCN4C(=O)c5ccccc5C4=O,ridge,5.01085287001103,5.007965205990443
TRAIN1116,CCCCn1c(NC(=O)CC)c(C#N)c2nc3ccccc3nc12,ridge,4.63145856480961,4.738719233734603
TRAIN1117,Cn1c(SCC2=CC(=O)N3C=C(Br)C=CC3=N2)nnc1C4COc5ccccc5O4,ridge,4.59920617169586,4.756308023540189
TRAIN1118,CC1Cc2ccccc2N1C(=O)CSc3nnc(NC(=O)Cc4cccs4)s3,ridge,4.46845083512027,5.609472041397058
TRAIN1119,COC(=O)c1oc2ccc(Br)cc2c1NC(=O)CCCN3C(=O)c4ccccc4C3=O,ridge,4.37395747799675,5.541155938347432
TRAIN1120,O=Cc1cn(nc1C2=Cc3c(OC2=O)ccc4ccccc34)c5ccccc5,ridge,4.70727000864908,5.404600089831876
TRAIN1121,FC(F)(F)c1cc(nc2c(Br)c(nn12)C(=O)NCc3occc3)c4cccs4,ridge,4.43303166134329,4.638772150445216
TRAIN1122,O=C(CSc1nnc(SCC(=O)c2occc2)s1)c3occc3,ridge,4.67303691378129,5.14563738358736
TRAIN1123,CC(=O)Nc1ccc2nc(C)cc(O)c2c1,ridge,4.6780761259682,5.43411204125647
TRAIN1124,O=C(CN1C(=O)N(Cc2occc2)C(=O)c3c4CCCCCc4sc13)Nc5ccccc5,ridge,5.14041022314325,5.572658655875713
TRAIN1125,O=C(N1CCc2ccccc2C1)c3cc(on3)c4occc4,ridge,4.48796366068057,5.1699860354032205
TRAIN1126,Cc1ccc(cc1C)n2nnnc2SCC(=O)Nc3ccc4C(=O)OCc4c3,ridge,4.56721279841171,5.530791893481964
TRAIN1127,CN1C(=O)\C(=C\2/SC(=NC2=O)Nc3cccc(C)c3C)\c4ccccc14,ridge,4.48278588582462,5.363811597897624
TRAIN1128,O=C(COC(=O)CCC(=O)c1cccs1)NCc2occc2,ridge,4.92331915025674,4.179145874874818
TRAIN1129,Cc1oc(\C=C\2/Sc3nc(nn3C2=O)c4occc4)cc1,ridge,4.85758644184401,4.942650868236772
TRAIN1130,OC(=O)c1cc(nc2ccccc12)c3occc3,ridge,4.63025440381758,5.766032079905629
TRAIN1131,Cc1occc1C(=O)NCc2cccc(CNC(=O)c3ccoc3C)c2,ridge,4.70597556793945,5.089261903293154
TRAIN1132,O=C(Nc1cccc(c1)C(=O)Nc2cccc(c2)c3cnc4ccccc4n3)c5occc5,ridge,4.88167474812818,4.526429888484348
TRAIN1133,Cc1oc(cc1)C2CC(=O)N3CN(CSC3=C2C#N)c4cccc(C)c4,ridge,5.44991113292255,5.2659552605767885
TRAIN1134,CCOC(=O)c1c(C)oc2c3ccccc3c(O)c(\C=N\C4CCS(=O)(=O)C4)c12,ridge,4.79556798031009,6.577814253005942
TRAIN1135,C=CCN1C(=O)C(=CC2=C1N=C3C=CC=CN3C2=O)C#N,ridge,4.34979683667053,3.4202984084268886
TRAIN1136,Cc1ccc(cc1)S(=O)(=O)Cc2oc(cc2)C(=O)NCc3ccc4OCOc4c3,ridge,4.42602965358432,5.688964461433862
TRAIN1137,COc1ccc(Cl)cc1NC(=O)c2ocnc2C,ridge,4.60293293137304,4.466352686642023
TRAIN1138,COc1ccc(cc1OC)C2CC(=NN2S(=O)(=O)C)c3c(O)nc4ccc(Cl)cc4c3c5ccccc5,ridge,4.90520929512123,7.433616625983689
TRAIN1139,COc1ccc(NC(=O)c2occc2)cc1N,ridge,4.44253815476181,4.2888908546013615
TRAIN1140,CCCN(CCC)S(=O)(=O)c1ccc(NC(=O)Cc2cccs2)cc1,ridge,4.77837323158492,5.5766604652542275
TRAIN1141,CCn1c(SCC(=O)c2oc(CNC(=O)C)cc2)nnc1c3cccs3,ridge,4.3696347818133,5.2512471911244685
TRAIN1142,Cc1ccc2nc(O)c(cc2c1)c3nc4ccccn4c3NCc5occc5,ridge,4.59010642123507,6.483649303500695
TRAIN1143,O\C(=C(/C#N)\c1nc2ccccc2[nH]1)\Nc3ccc(Cl)cc3,ridge,4.56769435635878,5.610927817104409
TRAIN1144,CCCNC(=O)c1ccc(s1)c2nc3ccccc3s2,ridge,4.51863850471161,5.049909871834111
TRAIN1145,O=C(Nc1cccc(c1)c2cn3cccnc3n2)c4ccc5OCOc5c4,ridge,5.1756001326518,4.341213347183734
TRAIN1146,CCCN1N=C(C(=O)OCC(=O)c2ccc3OCC(=O)Nc3c2)c4ccccc4C1=O,ridge,4.42114094829303,5.0786492443445885
TRAIN1147,Cc1ccc2[nH]c(nc2c1)\C(=C/c3ccc(N4CCCCC4)c(c3)[N+](=O)[O-])\C#N,ridge,5.37323888912829,5.493795726726719
TRAIN1148,CCOC(=O)Nc1on[n+](c1)N2CCOCC2,ridge,4.60776149568119,4.310262218164894
TRAIN1149,NC(=O)C1(CCN(CC1)c2nc(cs2)c3ccc(Br)cc3)N4CCCCC4,ridge,4.42257989913828,5.3117039529949786
TRAIN1150,COc1ccc2c(c1)C(=O)Oc3cc(OCC(=O)N4CCC(C)CC4)ccc23,ridge,4.93256087551421,5.095676018782803
TRAIN1151,CCc1nnc2SCC(=Nn12)c3oc(cc3)c4cc(Cl)ccc4Cl,ridge,4.35672058234574,5.25016677399252
TRAIN1152,Cc1nc2sccn2c1c3nc(cs3)c4oc5ccccc5c4,ridge,4.9714901547074,5.341155124918068
TRAIN1153,CCOP(=O)(OCC)C1(NS(=O)(=O)c2ccccc2)C=C(Cl)C(=O)c3ccccc13,ridge,4.90000738654018,6.265344150833921
TRAIN1154,Oc1c(Cl)cc(Cl)c(Cl)c1Cc2c(O)c(Cl)cc(Cl)c2Cl,ridge,5.66523270493382,5.644375395630634
TRAIN1155,NC(=O)c1c2CCCc2sc1NC(=O)c3oc4ccccc4c3,ridge,4.6292730540647,5.277763960285913
TRAIN1156,Cc1cc(c2nn3c(nnc3s2)c4ccccc4)c5ccccc5n1,ridge,4.6664985176495,5.116716527589142
TRAIN1157,COC(=O)c1ccc2C(=O)N(CCCCCC(=O)NCc3ccc4OCOc4c3)C(=O)Nc2c1,ridge,4.82979521612664,4.795238594790513
TRAIN1158,COCCNC(=O)c1c(N)n(\N=C\c2cccs2)c3nc4ccccc4nc13,ridge,4.9508513924415,4.886886577927007
TRAIN1159,CCC1(C)NC(=O)N(CC(=O)Nc2sc3CCCc3c2C(=O)N)C1=O,ridge,4.7390466018959,4.844835136237121
TRAIN1160,Cc1onc(c1)C(=O)OCC(=O)c2ccc(Br)s2,ridge,4.44123768585093,4.7373522192928
TRAIN1161,CC1=Nc2ccccc2C(=O)N1\N=C\c3c(O)ccc4oc5CCCCc5c34,ridge,4.53512893585102,5.656367314067995
TRAIN1162,CCc1cccc2c(c[nH]c12)C(=O)Cn3nnc(n3)c4ccc(OC)c(OC)c4,ridge,4.9875470639767,5.232932432807919
TRAIN1163,CC(C)CN(C1CCS(=O)(=O)C1)C(=O)COC(=O)c2cc3CCCc3s2,ridge,5.53053292553511,5.66330897108465
TRAIN1164,CC(=N)\C(=C(\O)/CSc1oc(nn1)c2ccc(OC(F)F)cc2)\C#N,ridge,4.33184340659711,5.7773490145407385
TRAIN1165,O=C(Cc1cn2ccsc2n1)OCc3nc4ccccc4s3,ridge,5.15644271271841,4.356726247074169
TRAIN1166,CCn1c(SCC(=O)Nc2ccc3c(oc4ccccc34)c2)nnc1c5ccc(N)cc5,ridge,4.93100754543335,5.539564932552476
TRAIN1167,CCN(c1ccccc1)S(=O)(=O)c2ccc3ncc(C(=O)NCCOC)c(O)c3c2,ridge,4.55449729962728,6.656512148359982
TRAIN1168,Cc1ccc(cc1)c2csc(NC(=O)c3oncc3)n2,ridge,5.14331218530747,4.677082255182752
TRAIN1169,CCOC(=O)C1=C(C)S\C(=C/N(C)C)\C1=O,ridge,4.39471650746975,5.074017877489844
TRAIN1170,CCc1ccc(NC(=O)c2noc3CCCc23)cc1,ridge,5.10023474509524,4.7514653397137465
TRAIN1171,O=C(Cc1ccc(s1)S(=O)(=O)N2CCOCC2)Nc3nc4CCCCc4s3,ridge,5.3286623603728,5.670973549607975
TRAIN1172,CN1C(=O)CSc2ccc(NC(=O)N3CCC(CC3)N4CCCCC4)cc12,ridge,4.92773245148766,4.7762690554474325
TRAIN1173,CCn1c2ccccc2c3cc(NC(=O)CSc4nnc(c5ccc(OC)cc5)n4N)ccc13,ridge,4.91256644090434,5.507602778676234
TRAIN1174,CCCc1nnc2SCC(=Nn12)c3oc(cc3)c4cc(Cl)ccc4Cl,ridge,4.87327586223383,4.974157274146516
TRAIN1175,Cc1ccccc1NC(=O)CSc2nnc(c3occc3)c(n2)c4occc4,ridge,4.82733286333074,4.641813419432402
TRAIN1176,O=C(CSc1nc(ccc1C#N)c2cccnc2)Nc3sc4CCCc4c3C#N,ridge,4.8246717423819,4.470304569343309
TRAIN1177,NC(=S)N1NC(=C(\N=N\c2ccc(O)cc2)C1=O)c3ccc(cc3)[N+](=O)[O-],ridge,4.95781722319597,6.124247948854544
TRAIN1178,Clc1ccc(COc2ccc(cc2)c3oc(NCc4cccnc4)c(n3)C#N)cc1,ridge,4.4270110148084,5.023194970415222
TRAIN1179,Cc1ccc(cc1)c2nnc3SCC(=Nn23)c4ccc(Br)cc4,ridge,4.37357822287408,5.006014521354399
TRAIN1180,CCc1cc2C(=O)N(CC=C)C(=Nc2s1)SCC(=O)NC(=O)NCc3occc3,ridge,4.99616263968299,4.93644790225965
TRAIN1181,COc1cccc2C=C(C(=O)Oc12)c3cn4ccc(C)cc4n3,ridge,5.10505676838404,4.059904480002553
TRAIN1182,COc1ccc(CN2C(=O)Nc3cc(ccc3C2=O)C(=O)NCc4ccc5OCOc5c4)cc1,ridge,4.72401917320842,5.13655346112098
TRAIN1183,CCOP(=O)(OCC)C1(NS(=O)(=O)c2ccccc2)C=C(Br)C(=O)c3ccccc13,ridge,5.06106469179672,6.272757476634563
TRAIN1184,[O-][N+](=O)c1ccc(Oc2cccc(\C=N\NC(=O)c3cncc(Br)c3)c2)c(c1)[N+](=O)[O-],ridge,4.55514143049076,4.289008625781197
TRAIN1185,O=C1Oc2ccccc2N1CCn3c4ccccc4c5nc6ccccc6nc35,ridge,4.74611486666982,5.799534654311261
TRAIN1186,COc1ccc(cc1)C2C=C(Nc3nc(NC(=O)C)nn23)c4ccc(Cl)cc4,ridge,4.65986376825642,4.865737047073989
TRAIN1187,CCOC(=O)Cc1cc(O)n2nc(cc2n1)c3ccc(C)cc3,ridge,4.85645437276158,5.9879256432791905
TRAIN1188,Cc1oc(cc1)c2cc(C(=O)NCc3occc3)c4ccccc4n2,ridge,5.16466081024311,4.985195821736153
TRAIN1189,CC(OC(=O)COc1ccc(Cl)cc1C)C(=O)N(C)C,ridge,4.43211049327627,4.62995981116341
TRAIN1190,CC1CCN(Cc2c(O)c(Cl)cc3C(=CC(=O)Oc23)C)CC1,ridge,4.62473959843782,6.418254037797533
TRAIN1191,COc1cc(NC(=O)CSC2=Nc3ccccc3C(=O)N2C)ccc1NC(=O)c4occc4,ridge,4.48756630245776,5.394533765583299
TRAIN1192,FC(F)Oc1ccc(cc1)c2oc(SCC(=O)NC(=O)NCc3occc3)nn2,ridge,4.93569741116747,4.525487853032077
TRAIN1193,CCN=C1C=CC(=CC(=C1O)C(=O)\C=C\c2ccccc2Cl)Br,ridge,5.50768530563614,6.559980944678989
TRAIN1194,COc1ccc2[nH]c3C4=Nc5ccccc5C(=O)N4CCc3c2c1,ridge,4.76488104338268,5.058132196249771
TRAIN1195,CCc1ccc2nc(O)c(cc2c1)C3C(=C(N)Oc4c3ccc5cccnc45)C#N,ridge,4.94843114051437,6.281792953617886
TRAIN1196,CC(=O)c1cccc(NC(=O)CN2C(=O)NC3(CCCCCCC3)C2=O)c1,ridge,4.31701468642117,5.371785803474336
TRAIN1197,Cc1ccnc(NS(=O)(=O)c2ccc(NC(=O)Cc3cccs3)cc2)n1,ridge,4.91336117135942,4.57972085407801
TRAIN1198,Clc1cccc(c1)N2CCN(CC2)C(=O)CCCN3C(=S)Nc4ccccc4C3=O,ridge,5.24162260345562,5.17484437182199
TRAIN1199,CNc1nnc(s1)C2=Cc3cc(Cl)ccc3OC2=O,ridge,4.95633009106842,4.584799803618309
TRAIN1200,COc1ccc2cc3c(N)nn(C(=O)Cc4ccc(Cl)cc4)c3nc2c1,ridge,4.60584086598378,5.645631237863565
TRAIN1201,CC1=CC=CN2C(=O)C3=C(N=C12)N(C(=O)C(=C3)C#N)c4ccc(C)cc4,ridge,4.51048672484976,4.897952705711663
TRAIN1202,NCCNc1nc(NCc2ccccc2)c3CN(Cc4ccccc4)CCc3c1C#N,ridge,4.92723851735217,5.95766041401469
TRAIN1203,Cc1onc(NC(=O)CSc2cn(CCNC(=O)c3ccc(Cl)cc3)c4ccccc24)c1,ridge,4.60434185229877,5.126254497228044
TRAIN1204,COc1cccc(c1)c2nnc(NC(=O)Cc3cccs3)s2,ridge,4.71946169218663,4.763043810961987
TRAIN1205,CCCSc1nc(C)c(cc1C#N)c2csc(n2)C(=C3CCCC3)C#N,ridge,5.02952248308969,4.988595899635328
TRAIN1206,O=C(Nc1nc(cs1)c2nc3ccccc3s2)C4COc5ccccc5O4,ridge,4.60047649079234,4.862027943259879
TRAIN1207,O=C(CSc1n[nH]c(n1)c2ccc(cc2)S(=O)(=O)N3CCCCC3)Nc4nccs4,ridge,4.32621417303019,5.163979135231928
TRAIN1208,Cc1ccc(cc1)S(=O)(=O)Cc2oc(cc2)C(=O)O,ridge,4.74182215360085,6.133814694468981
TRAIN1209,O=C(Cc1coc2cc3CCCc3cc12)OCC4=CC(=O)N5C(=N4)Sc6ccccc56,ridge,5.31628401497667,5.310353664561761
TRAIN1210,Cc1cccc(N2CCN(CC2)c3nc4ccccc4n5cnnc35)c1C,ridge,4.41132131181919,5.438473393368764
TRAIN1211,Cc1ccc(C(=O)CSC2=C(C#N)C(CC(=O)N2)c3occc3)c(C)c1,ridge,4.57610513610905,5.074385090344345
TRAIN1212,Cc1snc2sc(C(=O)c3ccc(Br)cc3)c(N)c12,ridge,4.54939174624062,5.132808247464814
TRAIN1213,Oc1ccc(\C=N\c2ccc(cc2)N3CCOCC3)c(O)c1,ridge,4.51733804364467,6.276065896522982
TRAIN1214,CCOC(=O)c1c(C)c(C)sc1Nc2nc(C)c(s2)C(=O)NC,ridge,4.37359023318917,4.660547815954642
TRAIN1215,COc1ccc2c(c1)C(=O)Oc3cc4oc(C)c(C)c4cc23,ridge,5.16088600749357,4.857586933082618
TRAIN1216,COc1ccc(OC)c(\C=N\c2oc(c3occc3)c(c4occc4)c2C#N)c1,ridge,4.78844564808966,4.766561606676788
TRAIN1217,O=C(Cc1cccs1)Nc2ccccn2,ridge,4.87197314332322,4.037974466257118
TRAIN1218,Cc1sc2ncnc(NCc3occc3)c2c1C,ridge,4.45246613030073,4.475030530519444
TRAIN1219,Cc1c([nH]c2CC(CC(=O)c12)c3occc3)C(=O)OCC4CCCO4,ridge,4.49306305266635,4.8160673362209945
TRAIN1220,CCOc1cccc2C=C(C(=O)Oc12)c3nnc(NCc4occc4)s3,ridge,4.57207738147755,4.666916393331815
TRAIN1221,Cc1onc(C)c1COc2ccc(cc2)C(=O)OCC(=O)N3c4ccccc4NC(=O)C3(C)C,ridge,5.05868041484764,5.002390000038469
TRAIN1222,CCOC(=O)C1=C(O)\C(=C/c2oc(CNC(=O)C(=O)Nc3ccccc3)cc2)\N=C1C,ridge,5.2419113230389,6.069607466262131
TRAIN1223,Cc1cc(ccc1n2c(C)ccc2C)C(=O)O,ridge,5.12292596536061,6.039079867232811
TRAIN1224,CCOC(=O)c1[nH]c2CC(CC(=O)c2c1C)c3occc3,ridge,4.51859635941899,4.585691507357095
TRAIN1225,CCN1CCc2nc(NC(=O)Cc3ccc4OCCOc4c3)sc2C1,ridge,4.54094482461076,5.523272225680417
TRAIN1226,COc1ccccc1NC(=O)c2ccccc2NC(=O)c3cc(Cl)ccc3NC(=O)c4occc4,ridge,4.90268055349511,4.642496753351388
TRAIN1227,CC(=O)c1c(C)[nH]c(C(=O)COc2ccc(cc2)C#N)c1C,ridge,4.46802945895586,5.015780009541337
TRAIN1228,CCOC(=O)CSC1=NN(C)C(=S)S1,ridge,5.09782027033806,5.687204420906228
TRAIN1229,COCCCNC(=O)c1ccc2C(=O)N(Cc3ccc4OCOc4c3)C(=S)Nc2c1,ridge,4.37669694313743,5.560183574699581
TRAIN1230,Cn1ccnc1SCC(=O)Nc2ccc3nc(SCC(=O)NC4CC4)sc3c2,ridge,4.59048836367724,5.036563712595158
TRAIN1231,Cc1c([nH]c2CC(CC(=O)c12)c3occc3)C(=O)OCc4ccccc4,ridge,4.63908070389418,4.9232154545262405
TRAIN1232,Cc1ccccc1CSCC(=O)NC(=O)NCc2occc2,ridge,5.03309270609331,4.875155910742761
TRAIN1233,C(Oc1ccccc1)c2nnc3sc(nn23)C4COc5ccccc5O4,ridge,5.02000390461512,4.877428509479632
TRAIN1234,Brc1oc(cc1)c2nc3cc(ccc3[nH]2)N4C(=O)c5ccccc5C4=O,ridge,5.04787330735224,4.68445492255292
TRAIN1235,COc1cc2cc(C(N3CCc4ccccc34)c5nnnn5C6CCCC6)c(O)nc2cc1OC,ridge,4.65906911365129,7.630112017273124
TRAIN1236,COC(=O)c1ccc2C(=O)N(CC3CCCO3)C(=Nc2c1)SCC(=O)Nc4ccccc4Cl,ridge,4.67891300015487,5.461550117285285
TRAIN1237,O=S(=O)(N1CCCCCC1)c2cccc(c2)c3cn4cccnc4n3,ridge,4.65169377369776,5.168539945630379
TRAIN1238,COc1ccccc1N2CCN(CC2)C(=O)c3cc4CCCc4s3,ridge,5.28445290514375,5.6064546731792895
TRAIN1239,OC(=O)C1Nc2c(cccc2C(=O)N3CCOCC3)C4C=CCC14,ridge,4.79906008145814,6.271185298590413
TRAIN1240,COc1ccc(OCCC(=O)OCC(=O)NCc2occc2)cc1,ridge,4.47734323592094,4.52198255908388
TRAIN1241,COC(=O)C1=C(O)\C(=C/c2oc(CNC(=O)C(=O)Nc3ccc(C)c(C)c3)cc2)\N=C1C,ridge,4.70769141763853,6.076753203439563
TRAIN1242,CN(CC(=O)NC(=O)NCc1occc1)Cc2nc(O)c3ccccc3n2,ridge,4.86198734945631,6.186839425217455
TRAIN1243,OC1=C(C(=O)Nc2ccccc2[N+](=O)[O-])c3nc4ccccc4n3CC1,ridge,4.73077434552155,6.063764925171724
TRAIN1244,COC(=O)c1oc(CSc2nc(O)c3cnn(c4ccc(C)c(C)c4)c3n2)cc1,ridge,4.41466280817923,5.9200506250791
TRAIN1245,CC1(C)Cc2c(CO1)sc3c4nnnn4c5nnnn5c23,ridge,5.38589408904197,5.362235158636931
TRAIN1246,Cc1cccc2cc(C(N(CC3CCCO3)Cc4occc4)c5nnnn5C(C)(C)C)c(O)nc12,ridge,4.87563599797108,7.574329653197118
TRAIN1247,COc1ccc(Cn2c(N)c(C(=O)NCc3occc3)c4nc5ccccc5nc24)cc1,ridge,4.76196117701313,4.760881928690884
TRAIN1248,Cc1ccc(Nc2nnc(SCC(=O)NCc3occc3)s2)cc1,ridge,4.5411194670599,5.104954695117119
TRAIN1249,CCOC(=O)C1=C(O)\C(=C/c2oc(CNC(=O)C(=O)Nc3ccc(C)c(C)c3)cc2)\N=C1C,ridge,4.39242274813291,5.6399250653947695
TRAIN1250,Clc1ccc(cc1)N2CCN(CC2)C(=O)CCCN3C(=S)Nc4cc5OCOc5cc4C3=O,ridge,4.89936310035941,5.066830910394937
TRAIN1251,CCc1ccc2nc(NC(=O)c3ccc4c(O)nc(CN5CCOCC5)nc4c3)sc2c1,ridge,5.08461705141423,6.161744559072588
TRAIN1252,Fc1ccc(CNC(=O)C2=CC3=C(N=C4C=CC=CN4C3=O)N(Cc5cccnc5)C2=N)cc1,ridge,5.152559376579,5.348634915802727
TRAIN1253,CCOC(=O)C1=C(Nc2ccc(C)cc2)S\C(=C/c3cn(CC(=O)NCC4CCCO4)c5ccccc35)\C1=O,ridge,5.11924755611537,5.730369676466091
TRAIN1254,COc1ccc2[nH]c3nc(SCc4oc(nn4)c5ccc(C)cc5)nnc3c2c1,ridge,5.1649381839164,4.676800385464869
TRAIN1255,Cc1sc2ncnc(SCC(=O)NC(=O)NCc3occc3)c2c1C,ridge,4.93909299337807,4.626486842900984
TRAIN1256,CCC1=NN2C(=NC(=O)\C(=C\c3oc(SCc4occc4)cc3)\C2=N)S1,ridge,4.67752227355247,4.996233040898657
TRAIN1257,CC1CCN(CC1)S(=O)(=O)c2ccc(NC(=O)Cc3cccs3)cc2,ridge,5.02258096477287,5.326276331229242
TRAIN1258,CC(=O)c1cccc(NC(=O)Cc2cccs2)c1,ridge,4.73179189747043,4.8107672083649495
TRAIN1259,Cn1c(SCC(=O)Nc2sccc2C#N)nnc1c3ccccc3,ridge,4.76683782277114,4.638604789861733
TRAIN1260,Cc1csc2nc(CCNS(=O)(=O)c3ccc4OCCOc4c3)cn12,ridge,4.76800569930525,4.965604548843284
TRAIN1261,Cc1cccc2c(C)cc(SCC(=O)NC(=O)NCc3occc3)nc12,ridge,4.49430925471006,5.15725235049791
TRAIN1262,ClC1=CCC2C(C1)C(=O)N(CCCCCCN3C(=O)C4CC=C(Cl)CC4C3=O)C2=O,ridge,4.60727386031865,5.3211013567919485
TRAIN1263,CC1CC(n2nc(cc2N1)C(=O)O)C(F)(F)C(F)(F)F,ridge,4.70062935231933,5.8148016771991005
TRAIN1264,Cc1nnc(Oc2ccccc2F)c3ccccc13,ridge,4.52307567008513,4.501846867983154
TRAIN1265,COc1ccc(OC)c(NC(=O)c2cc([nH]n2)c3ccc(C)cc3O)c1,ridge,4.65525198639263,5.9866386277595005
TRAIN1266,CCN(c1ccccc1)S(=O)(=O)c2cc(ccc2C)C(=O)O,ridge,4.88415526543205,6.595092718552646
TRAIN1267,COC(=O)c1cc2ccsc2n1CC(=O)Nc3ccc(cc3)N(C)C,ridge,4.32550977471733,5.000188035220007
TRAIN1268,CCOc1ccc(Nc2oc(nc2C#N)c3ccccc3Cl)cc1,ridge,5.02042567765862,4.7977225348649615
TRAIN1269,Clc1ccc(s1)S(=O)(=O)NCCc2csc(n2)c3cccnc3,ridge,4.71622854027023,4.995965749288593
TRAIN1270,Cc1ccc(cc1)C(=O)N\N=C\c2ccc(s2)[N+](=O)[O-],ridge,4.67484304449807,4.559020132545246
TRAIN1271,COc1ccc(CNC(=O)c2cc(on2)c3cccs3)cc1,ridge,4.55705608184781,5.146919025594785
TRAIN1272,COc1ccccc1\C=C\2/Sc3nc(nn3C2=O)c4occc4,ridge,4.75681357203525,4.984008833734398
TRAIN1273,COc1ccc(cc1)N2Cc3cccc(C(=O)O)c3C2=O,ridge,4.92143480310854,6.000721552100649
TRAIN1274,COc1ccc(cc1)N2Cc3cccc(C(=O)N4CCN(CC4)C(=O)c5occc5)c3C2=O,ridge,5.00898624870819,5.230805191799918
TRAIN1275,Cc1nc2cc(nn2c(O)c1Cl)c3ccsc3n4c(C)ccc4C,ridge,4.56118608454367,5.551272220198744
TRAIN1276,Fc1ccccc1c2oc3ccc(NC(=O)c4cncc(Br)c4)cc3n2,ridge,4.8094576500544,4.8657641506972995
TRAIN1277,Clc1ccc(Nc2nc(cs2)c3ccncc3)cc1,ridge,4.74028693342951,4.517530112302282
TRAIN1278,O=C(Nc1ccc(cc1)n2nncc2c3occc3)C4=Cc5ccccc5OC4=O,ridge,4.39168817134633,4.425915410119844
TRAIN1279,Cc1ccc(NC(=O)CN2C(=O)S\C(=C\c3oc(cc3)c4cc(ccc4C)C(=O)O)\C2=O)cc1C,ridge,4.74032299679253,6.795578573943554
TRAIN1280,COc1ccc2c(c1)C(=O)Oc3cc(OCC(=O)NC4CCCCC4)ccc23,ridge,4.74727072418482,4.726688999679544
TRAIN1281,Brc1ccc(cc1)C2NC(=O)c3c4CCCc4sc3N2,ridge,4.71199616869067,4.806656585896496
TRAIN1282,CN(C)CC(=O)N1c2ccccc2CCc3ccc(NC(=O)c4ccc(N)cc4)cc13,ridge,4.80746488301482,5.877326560070079
TRAIN1283,CC(=O)Nc1ccc(cc1)\N=C\c2nc(oc2O)c3ccc(C)cc3,ridge,5.08644150308821,5.912111620563921
TRAIN1284,CCOc1cccc2C=C(C(=O)Oc12)c3cn4cc(C)ccc4n3,ridge,5.41807990968355,4.829576467453663
TRAIN1285,CN1N=C(SCC(=O)Nc2nc(C)cc(C)n2)SC1=S,ridge,5.05715097494662,5.688550454111279
TRAIN1286,COc1cc(cc2OCOc12)C3C(=C(N)OC4=C3C(=O)OC(=C4)C)C#N,ridge,4.58183680975872,4.950794351169214
TRAIN1287,CN(\N=C\c1cccnc1)C2=C(Cl)C(=O)N(N=C2)c3ccc(F)c(Cl)c3,ridge,4.74793304940716,3.9647496922384367
TRAIN1288,CCSc1nnc(NC(=O)C2Cc3ccccc3CN2C(=O)c4occc4)s1,ridge,5.1268032508159,5.457169716829631
TRAIN1289,CS(=O)(=O)c1ccc2nc(NC(=O)CCC(=O)c3cccs3)sc2c1,ridge,5.14828496475211,4.8244787739001636
TRAIN1290,Cc1nnc(NC(=O)Cc2cccs2)s1,ridge,4.72027443927624,4.419763971447072
TRAIN1291,Brc1cnc2cc(nn2c1)C(=O)N3CCN(CC3)C(=O)c4occc4,ridge,4.74690950641093,4.065356679488965
TRAIN1292,OC1=C(\C=N\c2cc(Cl)ccc2O)C(=O)CC(C1)c3occc3,ridge,4.35846045279168,6.036679459594792
TRAIN1293,CCOC(=O)c1ccc(NC(=O)CSc2nc(C)cc(O)n2)cc1,ridge,5.51390972181463,5.701354110819289
TRAIN1294,COc1ccc(NC2=NC(=O)S/C/2=C\c3ccc(cc3)N(C)C)cc1,ridge,4.47716260152248,5.907256079941042
TRAIN1295,CC1CC2=C(S1)C(=O)N(CCc3ccccc3)C(=N2)SCC(=O)Nc4cc(C)on4,ridge,4.47420056548306,5.542873494456765
TRAIN1296,CCN1C(=O)c2ccccc2N=C1SCC(=O)Nc3ccc(NC(=O)c4occc4)c(OC)c3,ridge,4.4458976978771,5.416233738632106
TRAIN1297,CCOCCCNC(=O)c1cnc2ccc(cc2c1O)S(=O)(=O)Nc3cccc(OC)c3,ridge,4.45354383389407,6.501506762386903
TRAIN1298,CCOc1cc(N2CCOCC2)c(OCC)cc1NC(=O)c3cc(nc4ccccc34)c5occc5,ridge,4.8320650474416,6.019542583516637
TRAIN1299,OC1C(Sc2ccccc2NC1=O)c3ccccc3,ridge,5.52050818833839,6.470472637336675
TRAIN1300,Nc1c(C#N)c(cc(c2ccccc2)c1C#N)c3occc3,ridge,4.47559725641642,5.365983439908629
TRAIN1301,O=C(Nc1ccc(cc1)N2CCCC2)C(c3ccccc3)c4ccccc4,ridge,5.1492239246649,6.1952606412934745
TRAIN1302,CN1N=C(c2c(c(N)n(C3CCCCC3)c2C1=O)c4nc5ccccc5s4)[N+](=O)[O-],ridge,5.30251434217388,5.17605567908201
TRAIN1303,CC(=O)c1c(COC(=O)c2occc2)nc3ccccc3[n+]1[O-],ridge,4.53406333016282,4.446565216528083
TRAIN1304,NC1=C(C#N)C(C2=C(O1)\C(=C/c3cocc3)\CCC2)c4cocc4,ridge,4.99854667930364,5.105475345218111
TRAIN1305,Brc1ccc(cc1)c2nnc(c3cccnc3)c4conc24,ridge,5.17906329361928,4.360153046104987
TRAIN1306,Cc1ccc(OCc2ccoc2C(=O)O)cc1C,ridge,4.59448613658729,5.974484858212018
TRAIN1307,CCOC(=O)C1=C2N(C(=O)C(S1)c3ccccc3OC)C(=C(N)/C/2=C\c4ccccc4OC)C#N,ridge,5.00883597080835,5.909434234697478
TRAIN1308,Fc1ccc(cc1)c2nnc(c3ccccc23)n4nnc5ccccc45,ridge,4.58028342701928,5.162911222341397
TRAIN1309,COc1ccc(cc1)c2oc(nn2)C3=Cc4c(OC3=O)ccc5ccccc45,ridge,4.69811875336692,4.850729703418393
TRAIN1310,[O-][N+](=O)c1cc(ccc1Cl)C(=O)NNC(=O)c2ccc(SCC3CCCO3)c(c2)[N+](=O)[O-],ridge,4.63253020809741,5.202977665612767
TRAIN1311,O=C(Nc1ccc2nn(nc2c1)c3ccccc3)c4ccc5OCOc5c4,ridge,5.20067048038761,4.822781010584968
TRAIN1312,CC(C)CNC(=O)c1c(N)n(\N=C\c2ccccn2)c3nc4ccccc4nc13,ridge,4.79840980778379,5.122627652723793
TRAIN1313,COc1cc(NC(=O)c2cccs2)c(cc1OC)C(=O)OCC(=O)NCc3occc3,ridge,4.83054776528276,5.2657461562102155
TRAIN1314,CCn1nnc(NC(=O)CSc2ccc(Cl)cc2)n1,ridge,5.03299663718775,4.956864800279817
TRAIN1315,NC(=O)c1ccccc1OCC2CC(=NO2)c3ccccc3,ridge,4.52385845973953,4.939715488187225
TRAIN1316,COc1ccc(cc1OC)c2nc(C(=O)N)c3nc(O)n(c4cccc(Cl)c4)c3n2,ridge,5.20328763025923,5.891481339450716
TRAIN1317,CS(=O)(=O)N(CC(=O)NCc1occc1)c2ccc3OCOc3c2,ridge,4.39664914291357,5.032220562070297
TRAIN1318,CCOC(=O)c1c(COC)n(C)c2C(=O)C(=O)c3ccc(Br)cc3c12,ridge,5.0520396600903,5.441417873524352
TRAIN1319,Cc1cc(C)c(c(C)c1)S(=O)(=O)\N=C\2/C=CC(=O)C(=C2)Cl,ridge,4.98780583832918,5.264185194166199
TRAIN1320,O=S(=O)(NCc1csc(n1)c2cccnc2)c3cccs3,ridge,4.74363444946183,4.268427097415195
TRAIN1321,COC(=O)c1cnn2c(cc(nc12)c3occc3)C(F)(F)F,ridge,4.37256675104935,3.9600303054710646
TRAIN1322,C\C=C\COC(=O)c1[nH]c2CC(CC(=O)c2c1C)c3occc3,ridge,4.60771943050859,4.688357583109271
TRAIN1323,CC1CC2=C(S1)C(=O)N(CCc3ccccc3)C(=N2)SCC(=O)Nc4nnc(C)s4,ridge,4.75587435189118,5.7438643681052
TRAIN1324,Cc1ccc(cc1)S(=O)(=O)Cc2oc(cc2)C(=O)N3CCC4(CC3)OCCO4,ridge,4.36647387798186,5.6350526775013074
TRAIN1325,COCCOC(=O)c1[nH]c2CC(CC(=O)c2c1C)c3occc3,ridge,4.70969019995492,4.891978821709841
TRAIN1326,Clc1ccc2cc3cc(oc3nc2c1)C(=O)NCc4occc4,ridge,4.7519308068645,4.557775089927375
TRAIN1327,CSc1ccc(cc1)S(=O)(=O)Nc2cccc(F)c2,ridge,4.62549214012227,4.9991800184056565
TRAIN1328,CC(C)CC(=O)Nc1ccc(cc1)C(=O)COc2ccc(cc2)c3ocnn3,ridge,4.65251269121475,4.93998333242364
TRAIN1329,Cc1cccc(OCc2nnc(SCC(=O)NC(=O)NCc3occc3)n2CC=C)c1,ridge,4.82910286039691,5.313550803045803
TRAIN1330,O=C(NCc1occc1)c2cc3CSCc3s2,ridge,5.02625348661083,5.185019150392677
TRAIN1331,CCOc1ccc(NC2=NC(=O)S/C/2=C\c3ccc(OC)cc3)cc1,ridge,4.72594588558301,5.604672779377796
TRAIN1332,NC(=O)c1c2CCCCCCc2sc1NC(=O)c3cccs3,ridge,4.58732160395108,5.18843778997109
TRAIN1333,CCC\C(=N\Nc1ccc(Cl)cc1)\c2cnnc(n2)c3ccccc3,ridge,5.41421451710934,4.77275777945516
TRAIN1334,O=C(Cc1cccs1)Nc2nnc(COc3ccccc3)s2,ridge,4.4288713911395,4.749342832697264
TRAIN1335,COc1cccc2sc(Nc3oc(nn3)c4ccc(F)cc4)nc12,ridge,4.60267643190417,4.977916909324198
TRAIN1336,Cc1onc(c1C(=O)OCC(=O)NCc2occc2)c3c(F)cccc3Cl,ridge,4.41318177057485,4.483177292808777
TRAIN1337,O=Cc1ccc2OC3=C(C(=O)N4CCCSC4=N3)C(=O)c2c1,ridge,4.74956462686628,4.426633746353311
TRAIN1338,CN1C(=O)c2cc(C(=O)Nc3ccc4OCOc4c3)n(C)c2c5ccccc15,ridge,4.64658236917103,5.080742802768083
TRAIN1339,O=C(CSc1ncccn1)Nc2oc(c3ccccc3)c(c4ccccc4)c2C#N,ridge,5.01858915983411,5.420162395684468
TRAIN1340,Cc1ccc(cc1C)n2nnnc2SCC(=O)Nc3cccc(NC(=O)c4occc4)c3,ridge,4.82629725752537,5.3908484320387124
TRAIN1341,Clc1ccc(cc1)c2nc(NC(=O)CSc3nnnn3c4ccccc4)ns2,ridge,4.68236887776863,4.9523713469553785
TRAIN1342,Fc1cccc(c1)C(=O)N2CCN(CC2)C(=O)c3cc4ncc(Br)cn4n3,ridge,4.47673516487617,5.045265362518272
TRAIN1343,Cc1ccc(cc1)C(=O)ONc2ccc(cc2)N=NC(=O)c3ccccc3O,ridge,5.07374967062203,5.709463127119562
TRAIN1344,COc1ccc(C)cc1n2nnnc2SCC(=O)NC(=O)NCc3occc3,ridge,5.02329108533107,5.831772447081103
TRAIN1345,O=C(COC(=O)c1cccc(c1)S(=O)(=O)N2CCc3ccccc3C2)NCc4occc4,ridge,4.60273436596132,5.334646599239198
TRAIN1346,OC(=O)c1ccc2N[C@H]([C@H]3CC=C[C@H]3c2c1)c4ccccn4,ridge,5.02077450712343,6.074591738052705
TRAIN1347,CC(C)c1c(O)c(O)c(C=O)c2c(O)c(c(C)cc12)c3c(C)cc4c(C(C)C)c(O)c(O)c(C=O)c4c3O,ridge,5.59323166201562,6.103552721455899
TRAIN1348,CC1CCc2c(C1)sc(NC(=O)c3oc(Cn4cc(cn4)[N+](=O)[O-])cc3)c2C#N,ridge,5.07856637309888,4.915546503337728
TRAIN1349,Cc1[nH]c2ccc(cc2c1C)c3oc(SCC(=O)c4ccccc4F)nn3,ridge,4.58473877681157,5.153250037261328
TRAIN1350,COc1cc(\C=C\2/Sc3nc(nn3C2=O)c4ccncc4)ccc1OC(=O)C,ridge,4.49951707397422,4.488507964948447
TRAIN1351,O=C(COC(=O)c1ccccc1Oc2ccccc2)NCc3occc3,ridge,4.74679530864056,4.398183286337916
TRAIN1352,CCc1ccc2nc(O)c(CN(Cc3ccc4OCOc4c3)C(=O)c5occc5)cc2c1,ridge,4.58183680975872,6.260126350442636
TRAIN1353,CSC1=N\C(=C/c2oc(Br)cc2)\C(=O)S1,ridge,4.65538434810389,4.92372509470408
TRAIN1354,CC1=C(SCCC#N)S\C(=C\2/SC(=C(SCCC#N)S2)C)\S1,ridge,5.29203913465215,5.367514609902239
TRAIN1355,Cc1ccccc1Nc2nnc(SCC(=O)NC(=O)NCc3occc3)s2,ridge,4.76232835483134,5.113969596404122
TRAIN1356,O=C(CSc1n[nH]c(n1)c2occc2)Nc3sc4CCCCc4c3C(=O)Nc5ccccc5,ridge,4.39776903887726,4.877155735655469
TRAIN1357,CCOC(=O)C1CCCN(C1)C(=O)c2cc3ncc(Br)cn3n2,ridge,4.68442783539546,4.767194023449356
TRAIN1358,CCCc1cc(n2ccnc2)n3c4ccccc4nc3c1C#N,ridge,4.52579699813894,4.699644132232003
TRAIN1359,CC(=O)c1ccc(NCC(=O)N2CCN(CC2)c3ccccc3)cc1,ridge,5.29943818710162,4.989975676472877
TRAIN1360,Cc1ccc(NS(=O)(=O)c2cccc(c2)C(=O)OCC(=O)NCc3occc3)cc1,ridge,4.51418335141008,5.630208305575726
TRAIN1361,O=C(NCc1occc1)C2=Cc3ccccc3C(=O)O2,ridge,4.52031832445487,4.284763571345767
TRAIN1362,O=C(Nc1ccc2oc(nc2c1)c3ccc4ccccc4c3)c5cccs5,ridge,4.55695961615859,4.902323114395735
TRAIN1363,Cc1ccc(N\C=C/2\C(=O)N(C(=O)c3ccccc23)c4ccc5OCOc5c4)cc1,ridge,4.70242943855046,5.079165439700192
TRAIN1364,Clc1cc2C(=O)c3ccccc3C(=O)c2cc1NC(=O)COC(=O)CC4CCCC4,ridge,4.65260284501831,4.950394272933808
TRAIN1365,COc1ccc2nc3oc(cc3cc2c1)C(=O)N4CCN(CC4)c5cccc(c5)C(F)(F)F,ridge,4.81120365181192,5.235602361665344
TRAIN1366,Cc1nn(c(Cl)c1\C=N\Nc2ccc(cc2[N+](=O)[O-])S(=O)(=O)Nc3ccccc3C(=O)O)c4ccccc4,ridge,5.16523288913073,6.707543077423843
TRAIN1367,Cc1ccc2nc(O)c(cc2c1)C3C(=C(N)Oc4c3ccc5cccnc45)C#N,ridge,4.70928085669247,6.535877963078137
TRAIN1368,COc1cc(NC(=O)COc2ccc(cc2)n3cnnn3)c(OC)cc1Cl,ridge,5.08048103479045,4.997002414535919
TRAIN1369,FC(F)(F)c1cc(nc2c(cnn12)C(=O)Nc3cnn(c3)C45CC6CC(CC(C6)C4)C5)c7occc7,ridge,5.4389236725246,4.609828435667085
TRAIN1370,O=S(=O)(\N=C(\Sc1ccccc1)/c2ccccc2)c3ccccc3,ridge,4.99129765332127,5.499098004627323
TRAIN1371,Oc1c(Cl)cc(Cl)cc1Sc2cc(Cl)cc(Cl)c2O,ridge,5.40440678922252,6.101152965027379
TRAIN1372,O=C(COC(=O)CCOc1ccccc1)NCc2occc2,ridge,4.77949311975971,4.106228481720141
TRAIN1373,OC(=O)c1cc(nc2ccc(Br)cc12)c3occc3,ridge,4.3220298881035,5.898059032801834
TRAIN1374,O=C(CSC1=Nc2scc(c3occc3)c2C(=O)N1c4ccccc4)NCC5CCCO5,ridge,4.52099856208925,5.6649332795106995
TRAIN1375,Cc1occc1c2nnc3sc(nn23)c4cc(oc4C)c5ccc(Cl)cc5,ridge,5.55760176679497,5.093146580609707
TRAIN1376,Cc1cc(C)n2nc(SCC3=CC(=O)Oc4cc(O)ccc34)nc2n1,ridge,4.99433225248268,6.105538808322903
TRAIN1377,CCCCCCc1cc2C=C(C(=O)Oc2cc1O)c3oc(nn3)c4ccccc4,ridge,4.45664441041485,5.624457797046362
TRAIN1378,CN(c1ccccc1C(=O)O)S(=O)(=O)c2ccc3NC(=O)c4cccc2c34,ridge,4.72849248742571,6.694184916143605
TRAIN1379,CCOc1ccc(NC(=O)c2oc3nc4cc(OC)ccc4cc3c2)cc1,ridge,4.32540135160228,4.897316876748858
TRAIN1380,COc1ccccc1C(=O)Nc2nc(c(NC(=O)C)s2)c3cccs3,ridge,4.72083447185916,4.677028657045153
TRAIN1381,Clc1ccc(s1)S(=O)(=O)NCc2csc(n2)c3cccnc3,ridge,4.86549139909975,4.2918053849922
TRAIN1382,CC(Cc1ccc(O)c(O)c1)C(C)Cc2ccc(O)c(O)c2,ridge,4.65377087582302,6.14589535153072
TRAIN1383,COc1ccc(OC)c(c1)N2C(=O)[C@H]3ON=C([C@H]3C2=O)c4ccccc4Cl,ridge,5.00944405224017,5.229319784863801
TRAIN1384,CC(=O)OC1CC(C)(C)N(OC(=O)c2ccc(N)cc2)C(C)(C)C1,ridge,4.57926602634855,5.051859355636208
TRAIN1385,O=C(Nc1ccc2c(c1)nc3CSCCn23)c4occc4,ridge,4.83844065083876,4.407384686219393
TRAIN1386,COc1ccc(cc1)N2C(=Nc3sc4CN(C)CCc4c3C2=O)SCC(=O)Nc5nccs5,ridge,5.07184748226717,5.137763505522109
TRAIN1387,Cc1oc2c(cccc2n1)C(=O)NCc3ccccc3,ridge,4.31498570912566,4.457360329957028
TRAIN1388,CC(=N)\C(=C(\O)/CSc1oc(COc2ccccc2Cl)nn1)\C#N,ridge,4.42923868358544,5.786272214397209
TRAIN1389,COC(=O)c1oc(CSc2nc(C)nc3sc(C)c(C)c23)cc1,ridge,4.31072915440875,4.575528561878178
TRAIN1390,Oc1ccc2C=C(C(=O)NCc3occc3)C(=O)Oc2c1,ridge,4.84470830535413,5.402531208910377
TRAIN1391,CN(C)S(=O)(=O)N(CC(=O)N(Cc1ccccc1)Cc2ccccc2)c3ccccc3,ridge,4.60361337109283,6.107030271409108
TRAIN1392,O=C(CCCCCN1C(=S)Nc2ccccc2C1=O)N3CCC(CC3)Nc4ccccc4,ridge,6.74472749489669,5.225816492794213
TRAIN1393,CC(C)(C)OC(=O)[C@@H](CCC(=O)N1CCN(CC1)c2ccc(cc2)C#N)N3C(=S)Nc4ccccc4C3=O,ridge,7.09691001300806,5.21432974392552
TRAIN1394,O=C(CCCCCN1C(=S)Nc2ccccc2C1=O)N3CCN(CC3)c4ccccc4C#N,ridge,7.04575749056067,5.244623129558669
TRAIN1395,Clc1cccc(c1)N2CCN(CC2)C(=O)CCCCCN3C(=S)Nc4ccccc4C3=O,ridge,6.45593195564972,5.341543802192415
TRAIN1396,O=C(CCCCCN1C(=S)Nc2ccccc2C1=O)N3CCN(CC3)c4ccncc4,ridge,7.52287874528034,4.7459876023715015
TRAIN1397,O=C(CCCN1C(=S)Nc2ccccc2C1=O)N3CCC(CC3)c4ccccc4,ridge,7.30102999566398,5.4585700471711585
TRAIN1398,O=C(CCCCCN1C(=S)Nc2ccccc2C1=O)N3CCC(CC3)N(Cc4ccccc4)c5ccccc5,ridge,6.92081875395237,5.6478450277464285
TRAIN1399,Oc1ccccc1N2CCN(CC2)C(=O)CCCN3C(=S)Nc4ccccc4C3=O,ridge,7.15490195998574,6.517506547083327
TRAIN1400,Clc1ccc(cc1)N2CCN(CC2)C(=O)CCCN3C(=S)Nc4ccccc4C3=O,ridge,4.70311552446145,5.171364648478011
TRAIN1401,FC(F)(F)c1ccc(cc1)N2CCN(CC2)C(=O)CCCCCN3C(=S)Nc4ccccc4C3=O,ridge,4.36825192560343,5.564246773670071
TRAIN1402,[O-][N+](=O)c1cccc(c1)N2CCN(CC2)C(=O)CCCCCN3C(=S)Nc4ccccc4C3=O,ridge,6.07572071393812,5.217766529429374
TRAIN1403,COc1cc2NC(=S)N(CCCC(=O)N3CCN(CC3)c4cccc(Cl)c4)C(=O)c2cc1OC,ridge,5.62708799702989,5.157660131769101
TRAIN1404,OC1(CCN(CC1)C(=O)CCCCCN2C(=S)Nc3ccccc3C2=O)c4ccc(Cl)cc4,ridge,7.09691001300806,5.575994532687045
TRAIN1405,Oc1cccc(c1)N2CCN(CC2)C(=O)CCCN3C(=S)Nc4ccccc4C3=O,ridge,5.79048498545737,6.414445490730208
TRAIN1406,O=C(CCCCCN1C(=S)Nc2ccccc2C1=O)N3CCN(CC3)c4ncccn4,ridge,6.92081875395237,4.801384367002706
TRAIN1407,O=C(CCCN1C(=S)Nc2ccccc2C1=O)N3CCN(Cc4cccc5ccccc45)CC3,ridge,6.76955107862173,5.498339037303621
TRAIN1408,O=C(CCCCCN1C(=S)Nc2ccccc2C1=O)N3CCN(CC3)c4cccc(c4)C#N,ridge,7.04575749056067,5.549245257932155
TRAIN1409,COC(=O)c1ccc2C(=O)N(CCCC(=O)N3CCN(CC3)c4cccc(Cl)c4)C(=S)Nc2c1,ridge,4.72699872793626,4.843812844374368
TRAIN1410,O=C(CCCN1C(=S)Nc2ccccc2C1=O)N3CCN(CC3)c4cccc5ccccc45,ridge,7.15490195998574,5.143683594639389
TRAIN1411,C[C@@H]1CCCCCCCc2cc(OC(=O)C)cc(OC(=O)C)c2C(=O)O1,ridge,5.07779372256098,4.676962207724582
TRAIN1412,COc1cc(\C=C\2/SC(=O)NC2=O)ccc1Oc3ccc(cc3C(F)(F)F)C#N,ridge,5.65757731917779,4.987164311495043
TRAIN1413,COc1cc(O)c(\C=C/C(C)(C)O)c2O[C@@H](CC(=O)c12)c3ccccc3,ridge,2.45593195564972,6.028867034391775
TRAIN1414,COc1cc(O)c(\C=C/C(C)(C)O)c2OC(CC(=O)c12)c3ccc(O)cc3,ridge,3.0,6.3235465451001796
TRAIN1415,COc1cc(O)c(\C=C/C(C)(C)O)c(O)c1C(=O)\C=C\c2ccc(O)cc2,ridge,4.09691001300806,6.314468556323031
TRAIN1416,CC(C)[C@]1(O)CC[C@@]2(C)[C@H](O)CCC(=C)[C@@H]2[C@H]1O,ridge,2.55284196865778,5.069644281080698
TRAIN1417,Cn1cc(NC(=O)c2cc(NC(=O)CCS(=O)(=O)C)cn2C)cc1C(=O)NCCCC(=O)NCCCCCC[C@@H]3Cc4cc(O)ccc4[C@H]5CC[C@]6(C)[C@@H](O)CC[C@H]6[C@H]35,ridge,8.95467702121334,4.910737254232221
TRAIN1418,Oc1ccc(\C=C\C(=O)OCCc2ccccc2)cc1O,ridge,5.10171372141088,5.910140631265742
TRAIN1419,C[C@]12CC[C@H]3[C@@H](CCc4cc(OC(=O)c5ccccc5)ccc34)[C@@H]1CC[C@@H]2O,ridge,7.18708664335714,5.89204791885011
TRAIN1420,CC(C)(c1ccc(O)cc1)c2ccc(O)cc2,ridge,5.64378286578027,6.266038964987812
TRAIN1421,CCCCCCCCCc1ccc(O)cc1,ridge,6.42365864979421,6.150517500561969
TRAIN1422,CCCCCCCCc1ccc(O)cc1,ridge,4.55792806339697,5.4533053691684295
TRAIN1423,C[C@]12CC[C@H]3[C@@H](CCc4cc(O)ccc34)[C@@H]1C[C@@H](O)[C@@H]2O,ridge,8.77185639240226,6.343174568865613
TRAIN1424,CC[C@]1(O)CC[C@H]2[C@@H]3CCC4=CCCC[C@@H]4[C@H]3CC[C@]12C,ridge,5.95039438740503,5.600032803022521
TRAIN1425,CCN(CC)CCOc1ccc(cc1)\C(=C(\Cl)/c2ccccc2)\c3ccccc3,ridge,8.34065436425382,6.7350397143715375
TRAIN1426,C[C@]12Cc3cnoc3C=C1CC[C@@H]4[C@@H]2CC[C@@]5(C)[C@H]4CC[C@@]5(O)C#C,ridge,4.74982405191608,6.080940752298868
TRAIN1427,C[C@]12CC[C@H]3[C@@H](CCC4=CC(=O)CC[C@H]34)[C@@H]1CC[C@@]2(O)C#C,ridge,6.09258863922541,5.466845575274059
TRAIN1428,COc1ccc2[C@H]3CC[C@@]4(C)[C@@H](CC[C@@]4(O)C#C)[C@@H]3CCc2c1,ridge,7.74472749489669,5.851595554797464
TRAIN1429,C[C@]1(O)CC[C@H]2[C@@H]3CC[C@H]4Cc5n[nH]cc5C[C@]4(C)[C@H]3CC[C@]12C,ridge,6.94692155651658,5.5294849314070875
TRAIN1430,C[C@@H]1CC2=C(CCC(=O)C2)[C@H]3CC[C@@]4(C)[C@@H](CC[C@@]4(O)C#C)[C@H]13,ridge,6.36321131096562,6.237788186310052
TRAIN1431,CCC1=C(c2ccc(O)cc2)c3ccc4cccc1n34,ridge,8.02227639471115,6.852252228242577
TRAIN1432,C[C@H]1CCN(CCOc2ccc(cc2)C(=O)c3c(sc4cc(O)ccc34)c5ccc(O)cc5)C1,ridge,9.22184874961636,7.9995097777831266
TRAIN1433,C[C@H](COc1ccc(cc1)C(=O)c2c(sc3cc(O)ccc23)c4ccc(O)cc4)N5CCCC5,ridge,9.69897000433602,7.98169278561691
TRAIN1434,Cc1cccc(c1)C(=O)Oc2ccc3ccc(O)cc3c2,ridge,4.55129368009492,6.009070309946986
TRAIN1435,COc1ccccc1C(=O)Oc2ccc3ccc(O)cc3c2,ridge,5.36451625318509,5.877594272176895
TRAIN1436,Oc1cccc2c(OC(=O)\C=C\c3ccccc3)cccc12,ridge,5.5016894462104,5.7898556865240955
TRAIN1437,Oc1cccc2c(OC(=O)c3ccc(Br)cc3)cccc12,ridge,5.72353819582676,6.205594223578965
TRAIN1438,Cc1cccc(c1)C(=O)Oc2cccc3c(O)cccc23,ridge,5.64016451766011,5.9532428759896
TRAIN1439,CCOc1ccccc1C(=O)Oc2ccc3ccc(O)cc3c2,ridge,5.48280410205003,6.050897010759632
TRAIN1440,Oc1ccc(cc1)C(=O)OC(c2ccccc2)c3ccccc3,ridge,6.53760200210104,6.702957758854485
TRAIN1441,COc1cccc(c1)C(=O)Oc2cccc(O)c2,ridge,4.54975089168064,5.683886498154383
TRAIN1442,Oc1ccc2ccc(OC(=O)c3ccccc3F)cc2c1,ridge,5.51427857351842,5.901876451247988
TRAIN1443,COc1ccccc1C(=O)Oc2cccc3c(O)cccc23,ridge,4.96657624451305,6.131108572308064
TRAIN1444,Oc1cccc2c(OC(=O)c3ccccc3)cccc12,ridge,5.65169513695184,6.221658835273484
TRAIN1445,Cc1ccc(cc1)S(=O)(=O)Oc2cccc3c(O)cccc23,ridge,5.54211810326601,6.388949128433375
TRAIN1446,Oc1cccc2c(OC(=O)C3CCCCC3)cccc12,ridge,5.70333480973847,5.700380679474995
TRAIN1447,Oc1ccc2ccc(OC(=O)c3ccccc3Cl)cc2c1,ridge,6.0,5.836771561461809
TRAIN1448,Cc1ccccc1S(=O)(=O)Oc2cccc3c(O)cccc23,ridge,6.59345981956604,6.2814488148797585
TRAIN1449,Oc1cccc2c(OC(=O)c3ccccc3Cl)cccc12,ridge,6.20134935455473,5.781156790847528
TRAIN1450,Cc1ccccc1S(=O)(=O)Oc2ccc3ccc(O)cc3c2,ridge,5.05700040663396,6.409989512085379
TRAIN1451,Cc1ccccc1C(=O)Oc2cccc3c(O)cccc23,ridge,6.36653154442041,6.122003961835261
TRAIN1452,CC\C(=C(/c1ccccc1)\c2ccc(OCCN(C)Cc3ccc(cc3)c4cn(CCCCCC(=O)NO)nn4)cc2)\c5ccccc5,ridge,6.60554831917378,8.949420379675319
TRAIN1453,CC\C(=C(/c1ccccc1)\c2ccc(OCCN(C)Cc3ccc(NC(=O)CCCCCCC(=O)NO)cc3)cc2)\c4ccccc4,ridge,6.89619627904404,8.589959766033797
TRAIN1454,CCCCC(CCCC)(c1ccc(O)c(CC)c1)c2ccc(O)c(CC)c2,ridge,5.53760200210104,7.307224733069962
TRAIN1455,Cc1cc(ccc1O)C(C)(C)c2ccc(O)c(C)c2,ridge,5.92081875395237,6.334670673329548
TRAIN1456,Oc1ccc(cc1)C2(CCCCC2)c3ccc(O)cc3,ridge,6.2839966563652,6.423915465255649
TRAIN1457,CCCC(CCC)(c1ccc(O)c(CC)c1)c2ccc(O)c(CC)c2,ridge,6.30980391997149,7.04460114677114
TRAIN1458,CCc1cc(ccc1O)C(CC)(CC)c2ccc(O)c(CC)c2,ridge,6.63827216398241,6.810982995928838
TRAIN1459,Cc1cc(ccc1O)C2(CCCCC2)c3ccc(O)c(C)c3,ridge,6.63827216398241,6.554521098832885
TRAIN1460,Oc1ccc(cc1)C2(CCCC2)c3ccc(O)cc3,ridge,6.76955107862173,6.487112197392942
TRAIN1461,CCC(CC)(c1ccc(O)cc1)c2ccc(O)c(C)c2,ridge,6.95860731484177,6.5697223289022935
TRAIN1462,CCCC(CCC)(c1ccc(O)cc1)c2ccc(O)cc2,ridge,7.00436480540245,6.847871146286294
TRAIN1463,CCC(CC)(c1ccc(N)c(C)c1)c2ccc(O)c(C)c2,ridge,7.0087739243075,6.837547635904324
TRAIN1464,CCC(CC)(c1ccc(O)cc1)c2ccc(O)cc2,ridge,7.06550154875643,6.613378191067923
TRAIN1465,Cc1cc(ccc1O)C2(CCCC2)c3ccc(O)c(C)c3,ridge,7.07572071393812,6.743266056130569
TRAIN1466,CCCCC(CCCC)(c1ccc(O)cc1)c2ccc(O)cc2,ridge,7.10237290870956,6.871411800300409
TRAIN1467,CCC(CC)(c1cc(C)c(O)c(C)c1)c2cc(C)c(O)c(C)c2,ridge,7.13076828026902,6.623515666212891
TRAIN1468,CCC(CC)(c1ccc(O)c(C)c1)c2ccc(O)c(C)c2,ridge,7.60205999132796,6.58972068194632
TRAIN1469,CCCCC(CCCC)(c1ccc(O)c(C)c1)c2ccc(O)c(C)c2,ridge,7.85387196432176,7.025905464900583
TRAIN1470,CCCC(CCC)(c1ccc(O)c(C)c1)c2ccc(O)c(C)c2,ridge,8.30980391997149,6.980491321975353
TRAIN1471,C[C@@H](N1C(=O)O[C@](Cc2ccc(F)cc2)(C(=O)NCc3ccc(Cl)c(Cl)c3)C1=O)c4ccc(F)cc4,ridge,5.13667713987954,6.428144247057142
TRAIN1472,COc1cc(CNC(=O)[C@@]2(Cc3ccccc3)OC(=O)N([C@@H]4CCc5ccccc45)C2=O)cc(OC)c1,ridge,4.76955107862173,6.441871869318688
TRAIN1473,COc1cc(ccc1O)C(=O)CCc2cc3[C@H]4CC[C@]5(C)[C@@H](O)CC[C@H]5[C@@H]4CCc3cc2OC,ridge,4.18770003287361,7.342985149661445
TRAIN1474,COc1cc2CC[C@@H]3[C@H](CC[C@]4(C)[C@H](CC[C@@H]34)OC(=O)C)c2cc1C=O,ridge,4.18770003287361,5.37501856200169
TRAIN1475,COc1ccc2[C@H]3CC[C@]4(C)[C@H](CC[C@H]4[C@@H]3CCc2c1)OC(=O)C,ridge,4.18770003287361,5.5308562523749
TRAIN1476,Oc1ccc(CCC(=O)c2c(O)cc(O)cc2O)cc1,ridge,6.52287874528034,5.899027742394545
TRAIN1477,C[C@]12CC[C@H]3[C@@H](CCc4cc(O)ccc34)[C@@H]1CC=C2CO,ridge,6.83863199776503,6.44873938999119
TRAIN1478,CC1C[C@H](C)C2(CC[C@H]3[C@@H]4CCc5cc(O)ccc5[C@H]4CC[C@]23C)O1,ridge,6.31515463835559,6.968499714360961
TRAIN1479,CCCOC(=O)[C@H]1CC[C@H]2[C@@H]3CCc4cc(O)ccc4[C@H]3CC[C@]12C,ridge,7.03621217265444,6.427404781333607
TRAIN1480,Cc1ccc2c(C(Nc3ccc(Cl)cc3)c4ccccc4Cl)c(C)[nH]c2c1,ridge,4.58169870868025,6.247258273938461
TRAIN1481,CCOC(=O)COc1ccc(cc1CC2CCCCC2)c3ccc(OCCN(C)C)cc3,ridge,4.89619627904404,5.969470542571793
TRAIN1482,CCOC(=O)COc1ccc(cc1Cc2ccc3ccccc3c2)c4ccc(OCCN(C)C)cc4,ridge,5.49485002168009,6.62590573761706
TRAIN1483,CCOC(=O)COc1ccc(cc1)c2ccc(OCCN(C)C)c(Cc3ccc(cc3)c4ccccc4)c2,ridge,5.50863830616573,6.549742616426421
TRAIN1484,CN(C)CCOc1ccc(cc1)C23CC4CC(CC(C4)(C2)c5ccc(O)cc5)C3,ridge,5.97469413473523,7.424847998061652
TRAIN1485,CCOc1ccc2C(=C(CCCc2c1)c3ccccc3)c4ccc(OCCN(C)C)cc4,ridge,8.52287874528034,7.076423652278468
TRAIN1486,CNCCOc1ccc(cc1)C2=C(CCCc3cc(O)ccc23)c4ccccc4,ridge,8.52287874528034,7.651046723959253
TRAIN1487,Oc1ccc(cc1)[C@H]2[C@@H](C(=O)N2c3ccc(O)cc3)c4ccc(O)cc4,ridge,5.85387196432176,6.871025224320791
TRAIN1488,Oc1ccc(cc1)[C@H]2[C@@H](C(=O)N2c3ccc(O)cc3)c4ccccc4,ridge,6.63827216398241,6.908571773595715
TRAIN1489,Oc1ccc(cc1)[C@H]2[C@H](Oc3ccccc3)C(=O)N2c4ccc(O)cc4,ridge,6.85387196432176,6.801644726596614
TRAIN1490,Oc1ccc(cc1)[C@H]2[C@@H](C(=O)N2c3ccc(O)cc3)c4ccc5ccccc5c4,ridge,6.82390874094432,7.415222409755287
TRAIN1491,Oc1ccc(cc1)[C@@H]2N(C(=O)C2(c3ccccc3)c4ccccc4)c5ccc(O)cc5,ridge,7.39794000867204,7.566075181026639
TRAIN1492,COc1cc(cc(OC)c1OC)[C@H]2[C@@H](N(C2=O)c3ccc(O)cc3)c4ccc(O)cc4,ridge,5.83268266525182,6.941762908193562
TRAIN1493,COc1cc(cc(OC)c1OC)[C@H]2[C@@H](C(=O)N2c3ccc(O)cc3)c4ccc(O)cc4,ridge,4.74472749489669,7.13337465519121
TRAIN1494,COc1ccc(cc1)[C@H]2[C@H](C(O)c3ccc(O)cc3)C(=O)N2c4cc(OC)c(OC)c(OC)c4,ridge,8.09691001300806,7.362863078211289
TRAIN1495,Oc1ccc(cc1)[C@H]2CC(=O)N2c3ccc(O)cc3,ridge,4.88605664769316,6.264860955803775
TRAIN1496,OC(=O)\C=C\c1ccc(CC2=C(C(=O)Oc3cc(O)ccc23)c4ccc(F)cc4)cc1,ridge,8.04575749056067,6.834956232541948
TRAIN1497,OC(=O)\C=C\c1ccc(CC2=C(C(=O)Oc3cc(O)ccc23)c4cccc(OC(F)(F)F)c4)cc1,ridge,8.22914798835786,6.874627541774224
TRAIN1498,COc1cccc(c1)C2=C(Cc3ccc(\C=C\C(=O)O)cc3)c4ccc(O)cc4OC2=O,ridge,7.38721614328026,6.790703639143632
TRAIN1499,Cc1cccc(c1)C2=C(Cc3ccc(\C=C\C(=O)O)cc3)c4ccc(O)cc4OC2=O,ridge,7.76955107862173,6.9374285710936965
TRAIN1500,OC(=O)\C=C\c1ccc(CC2=C(C(=O)Oc3cc(O)ccc23)c4ccccc4)cc1,ridge,8.09151498112135,6.858541083170301
TRAIN1501,CC\C(=C(/c1ccc(O)cc1)\c2ccc(\C=C\C(=O)O)cc2)\c3ccccc3,ridge,9.82390874094432,7.140925574258742
TRAIN1502,OC(=O)\C=C\c1ccc(CC2=C(C(=O)Oc3cc(O)ccc23)c4ccc(Cl)cc4)cc1,ridge,8.431798275933,6.926278625928617
TRAIN1503,OC(=O)\C=C\c1ccc(CC2=C(C(=O)Oc3cc(O)ccc23)c4ccc(cc4)C(F)(F)F)cc1,ridge,8.33724216831843,6.97890285319003
TRAIN1504,COc1ccc(cc1)C2=C(Cc3ccc(\C=C\C(=O)O)cc3)c4ccc(O)cc4OC2=O,ridge,8.42021640338319,6.79039488205551
TRAIN1505,OC(=O)\C=C\c1ccc(CC2=C(C(=O)Oc3cc(O)ccc23)c4ccc(OC(F)(F)F)cc4)cc1,ridge,8.79588001734407,6.954468399253641
TRAIN1506,OC(=O)\C=C\c1ccc(CC2=C(C(=O)Oc3cc(O)ccc23)c4ccc(F)cc4F)cc1,ridge,8.52287874528034,7.143623990449807
TRAIN1507,OC(=O)\C=C\c1ccc(CC2=C(C(=O)Oc3cc(O)ccc23)c4ccc(F)cc4Cl)cc1,ridge,8.65757731917779,7.136839287039381
TRAIN1508,COc1cc(F)ccc1C2=C(Cc3ccc(\C=C\C(=O)O)cc3)c4ccc(O)cc4OC2=O,ridge,7.95860731484177,6.863444594349882
TRAIN1509,Cc1cc(F)ccc1C2=C(Cc3ccc(\C=C\C(=O)O)cc3)c4ccc(O)cc4OC2=O,ridge,8.4089353929735,6.889350586455779
TRAIN1510,Cc1cc(Cl)ccc1C2=C(Cc3ccc(\C=C\C(=O)O)cc3)c4ccc(O)cc4OC2=O,ridge,8.82390874094432,6.763608106090939
TRAIN1511,Cc1cc(OC(F)(F)F)ccc1C2=C(Cc3ccc(\C=C\C(=O)O)cc3)c4ccc(O)cc4OC2=O,ridge,9.0,6.9903690049586755
TRAIN1512,Cc1cc(F)ccc1C2=C(c3ccc(\C=C\C(=O)O)cc3)c4ccc(O)cc4OC2=O,ridge,8.23657200643706,7.2152065402769905
TRAIN1513,Cc1cc(F)ccc1C2=C(Oc3ccc(\C=C\C(=O)O)cc3)c4ccc(O)cc4OC2=O,ridge,9.39794000867204,6.922896440054029
TRAIN1514,Cc1cc(OC(F)(F)F)ccc1C2=C(Oc3ccc(\C=C\C(=O)O)cc3)c4ccc(O)cc4OC2=O,ridge,9.30102999566398,6.694087619831667
TRAIN1515,Cc1cc(F)ccc1C2=C(Nc3ccc(\C=C\C(=O)O)cc3)c4ccc(O)cc4OC2=O,ridge,7.60205999132796,6.556420143241116
TRAIN1516,CN(C1=C(C(=O)Oc2cc(O)ccc12)c3ccc(F)cc3C)c4ccc(\C=C\C(=O)O)cc4,ridge,8.00436480540245,7.067948867153387
TRAIN1517,Cc1cc(F)ccc1C2=C(Cc3ccc(\C=C\C(=O)O)cc3)c4c(F)cc(O)cc4OC2=O,ridge,8.88605664769316,6.837787979763381
TRAIN1518,Cc1cc(F)ccc1C2=C(Oc3ccc(\C=C\C(=O)O)cc3)c4cc(F)c(O)cc4OC2=O,ridge,8.13076828026902,7.095536909861235
TRAIN1519,Cc1cc(F)ccc1C2=C(Oc3ccc(\C=C\C(=O)O)cc3)c4ccc(O)c(F)c4OC2=O,ridge,8.49485002168009,6.505707775011664
TRAIN1520,Cc1cc2C(=C(C(=O)Oc2cc1O)c3ccc(OC(F)(F)F)cc3)Cc4ccc(\C=C\C(=O)O)cc4,ridge,8.0,7.258733708356793
TRAIN1521,Cc1c(O)ccc2C(=C(C(=O)Oc12)c3ccc(OC(F)(F)F)cc3)Cc4ccc(\C=C\C(=O)O)cc4,ridge,6.55284196865778,7.258801829205638
TRAIN1522,OC(=O)\C=C\c1ccc(CC2=C(C(=O)Oc3ccccc23)c4ccc(OC(F)(F)F)cc4)cc1,ridge,6.44369749923271,7.201459878745505
TRAIN1523,Cc1cc(F)ccc1C2=C(Cc3ccc(\C=C\C(=O)O)cc3)c4ccc(CO)cc4OC2=O,ridge,7.0,7.101567023315973
TRAIN1524,Cc1cc(F)ccc1C2=C(Cc3ccc(\C=C\C(=O)O)cc3)c4ccc(cc4OC2=O)C(F)F,ridge,6.4089353929735,7.092770661331194
TRAIN1525,COc1ccc2C(=C(C(=O)Oc2c1)c3ccc(OC(F)(F)F)cc3)Cc4ccc(\C=C\C(=O)O)cc4,ridge,5.95860731484177,7.121146643869797
TRAIN1526,OC(=O)\C=C\c1ccc(CC2=C(C(=O)Oc3cc(F)ccc23)c4ccc(OC(F)(F)F)cc4)cc1,ridge,5.23657200643706,7.035392666121556
TRAIN1527,Cc1cc(F)ccc1C2=C(Oc3ccc(\C=C\C(=O)O)cc3)c4ccccc4OC2=O,ridge,7.14266750356873,6.990503257289252
TRAIN1528,Cc1cc(OC(F)(F)F)ccc1C2=C(Oc3ccc(\C=C\C(=O)O)cc3)c4ccccc4OC2=O,ridge,7.82390874094432,6.976474509249656
TRAIN1529,Cc1cc(OC(F)(F)F)ccc1C2=C(Oc3ccc(\C=C\C(=O)O)cc3)c4ccc(cc4OC2=O)C(F)F,ridge,7.30102999566398,6.788234141040681
TRAIN1530,CCOc1ccc2C(=C(C(=O)Oc2c1)c3ccc(OC(F)(F)F)cc3C)Oc4ccc(\C=C\C(=O)O)cc4,ridge,7.30102999566398,7.043061369393229
TRAIN1531,Cc1cc(F)ccc1C2=C(Cc3ccc(\C=C\C(=O)O)cc3)c4ccc(N)cc4OC2=O,ridge,5.86012091359876,7.087191486075648
TRAIN1532,C[C@@H](N1C(=O)O[C@@](Cc2ccccc2)(C1=O)c3nc4cc(Cl)ccc4[nH]3)c5ccc(F)cc5,ridge,5.48148606012211,6.132691031406481
TRAIN1533,C[C@@H](N1C(=O)O[C@@](Cc2ccccc2)(C1=O)c3nc4cc(ccc4[nH]3)C(F)(F)F)c5ccc(F)cc5,ridge,5.52287874528034,6.208380482503521
TRAIN1534,C[C@@H](N1C(=O)O[C@@](Cc2ccccc2)(C1=O)c3nc4cc(NS(=O)(=O)C)ccc4[nH]3)c5ccc(F)cc5,ridge,4.76955107862173,6.109620692635584
TRAIN1535,C[C@@H](N1C(=O)O[C@@](Cc2ccccc2)(C1=O)c3nc4cc(ccc4[nH]3)c5cc[nH]n5)c6ccc(F)cc6,ridge,5.20065945054642,6.184934322192611
TRAIN1536,C[C@@H](N1C(=O)O[C@@](Cc2ccccc2)(C1=O)c3nc4cc(ccc4[nH]3)c5conc5C)c6ccc(F)cc6,ridge,5.30980391997149,5.899203097445041
TRAIN1537,C[C@@H](N1C(=O)O[C@@](Cc2ccccc2)(C1=O)c3nc4cc(ccc4[nH]3)N5CCOCC5)c6ccc(F)cc6,ridge,5.21467016498923,5.838932185966172
TRAIN1538,C[C@@H](N1C(=O)O[C@@](Cc2ccccc2)(C1=O)c3nc4cc(ccc4[nH]3)c5cccnc5)c6ccc(F)cc6,ridge,5.10237290870956,5.679373988996856
TRAIN1539,CC\C(=C(\c1ccc(\C=C\C(=O)O)cc1)/c2ccc3[nH]ncc3c2)\c4ccc(F)cc4Cl,ridge,8.21467016498923,7.526553773299129
TRAIN1540,CCCCCCNCCOc1ccc(cc1)\C(=C(\CC)/c2ccccc2)\c3ccc(O)cc3,ridge,6.82102305270683,7.74098173522919
TRAIN1541,CCCCCCCCNCCOc1ccc(cc1)\C(=C(\CC)/c2ccccc2)\c3ccc(O)cc3,ridge,7.27572413039921,7.56342991468911
TRAIN1542,CCCCCCCCCCNCCOc1ccc(cc1)\C(=C(\CC)/c2ccccc2)\c3ccc(O)cc3,ridge,8.44369749923271,7.467346464741061
TRAIN1543,CCCCCCCCCCCCNCCOc1ccc(cc1)\C(=C(\CC)/c2ccccc2)\c3ccc(O)cc3,ridge,7.85387196432176,7.50885824788986
TRAIN1544,CCCCCCCCCCCCCCNCCOc1ccc(cc1)\C(=C(\CC)/c2ccccc2)\c3ccc(O)cc3,ridge,7.95860731484177,7.718631024025883
TRAIN1545,CCCCCCCCCCCCCCCCNCCOc1ccc(cc1)\C(=C(\CC)/c2ccccc2)\c3ccc(O)cc3,ridge,8.31875876262441,7.4963906381177345
TRAIN1546,CCCCCCCCCCCCCCCCCCNCCOc1ccc(cc1)\C(=C(\CC)/c2ccccc2)\c3ccc(O)cc3,ridge,4.0,7.652579719466558
TRAIN1547,CC\C(=C(/c1ccc(O)cc1)\c2ccc(OCCNCCCCCCCCCCO)cc2)\c3ccccc3,ridge,6.67778070526608,7.738569755221974
TRAIN1548,CC\C(=C(/c1ccc(O)cc1)\c2ccc(OCCNCCCCCCCCCCF)cc2)\c3ccccc3,ridge,8.46852108295774,7.614466121434057
TRAIN1549,Oc1ccc(cc1)C2=C([C@H]3O[C@@H]2C[C@@H]3S(=O)(=O)Oc4ccccc4)c5ccc(O)cc5,ridge,7.85387196432176,7.242701632926946
TRAIN1550,COC(=O)CCCCCCC(=O)Nc1ccc(OS(=O)(=O)C2CC3OC2C(=C3c4ccc(O)cc4)c5ccc(O)cc5)cc1,ridge,4.96657624451305,7.202289371531478
TRAIN1551,OC(=O)CCCCCCC(=O)Nc1ccc(OS(=O)(=O)C2CC3OC2C(=C3c4ccc(O)cc4)c5ccc(O)cc5)cc1,ridge,7.30102999566398,6.798124388440087
TRAIN1552,OC(=O)CCCCCCC(=O)Nc1ccc(cc1)C2=C(C3CC(C2O3)S(=O)(=O)Oc4ccccc4)c5ccc(O)cc5,ridge,5.91721462968355,6.955428365788515
TRAIN1553,Cc1ccc(OS(=O)(=O)C2CC3OC2C(=C3c4ccc(O)cc4)c5ccc(NC(=O)CCCCCCC(=O)O)cc5)cc1,ridge,5.96657624451305,7.387891812538239
TRAIN1554,COc1ccc(OS(=O)(=O)C2CC3OC2C(=C3c4ccc(O)cc4)c5ccc(NC(=O)CCCCCCC(=O)O)cc5)cc1,ridge,3.93704216591549,7.210094596143432
TRAIN1555,Cc1ccccc1OS(=O)(=O)C2CC3OC2C(=C3c4ccc(O)cc4)c5ccc(NC(=O)CCCCCCC(=O)O)cc5,ridge,6.33724216831843,7.40680189831053
TRAIN1556,OC(=O)CCCCCCC(=O)Nc1ccc(cc1)C2=C(C3CC(C2O3)S(=O)(=O)Oc4ccccc4O)c5ccc(O)cc5,ridge,6.85387196432176,7.378117878983032
TRAIN1557,OC(=O)CCCCCCC(=O)Nc1ccc(cc1)C2=C(C3CC(C2O3)S(=O)(=O)Oc4ccc(Br)cc4)c5ccc(O)cc5,ridge,5.76955107862173,7.701895738599238
TRAIN1558,OC(=O)CCCCCCC(=O)Nc1ccc(cc1)C2=C(C3CC(C2O3)S(=O)(=O)Oc4ccc(cc4)C(F)(F)F)c5ccc(O)cc5,ridge,6.10237290870956,7.264572774401603
TRAIN1559,OC(=O)CCCCCCC(=O)Nc1ccc(cc1)C2=C(C3CC(C2O3)S(=O)(=O)Oc4ccccc4C(F)(F)F)c5ccc(O)cc5,ridge,6.19382002601611,7.610899292684179
TRAIN1560,OC(=O)CCCCCCC(=O)Nc1ccc(cc1)C2=C(C3CC(C2O3)S(=O)(=O)Oc4cccc5ccccc45)c6ccc(O)cc6,ridge,6.88605664769316,7.380575550588569
TRAIN1561,OC(=O)CCCCCCC(=O)Nc1ccc(cc1)C2=C(C3CC(C2O3)S(=O)(=O)Oc4ccc5ccccc5c4)c6ccc(O)cc6,ridge,6.03621217265444,7.286188324163707
TRAIN1562,ONC(=O)CCCCCCC(=O)Nc1ccc(cc1)C2=C(C3CC(C2O3)S(=O)(=O)Oc4ccc5ccccc5c4)c6ccc(O)cc6,ridge,6.79588001734407,7.846398303027373
TRAIN1563,CC[C@H](C)[C@@H]1NC(=O)[C@@H](CSSC[C@H](NC(=O)[C@H](CC(C)C)NC1=O)C(=O)N[C@@H](CCCNC(=N)N)C(=O)N[C@@H](CC(C)C)C(=O)N[C@@H](CC(C)C)C(=O)N[C@@H](CCC(=O)N)C(=O)NCC(=O)NCC(=O)NCC(=O)N[C@@H](CCCNC(=N)N)C(=O)N[C@@H](CCCNC(=N)N)C(=O)N[C@@H](CCCNC(=N)N)C(=O)N[C@@H](CCCNC(=N)N)C(=O)N[C@@H](CCCNC(=N)N)C(=O)N[C@@H](CCCNC(=N)N)C(=O)N[C@@H](CCCNC(=N)N)C(=O)N)NC(=O)[C@@H](N)CCCCN,ridge,6.12551818230053,4.640063776286698
TRAIN1564,CC[C@H](C)[C@@H]1NC(=O)[C@@H](C\C=C/C[C@H](NC(=O)[C@H](CC(C)C)NC1=O)C(=O)N[C@@H](CCCNC(=N)N)C(=O)NC(CC(C)(C)C)C(=O)N[C@@H](CC(C)C)C(=O)N[C@@H](CCC(=O)N)C(=O)N)NC(=O)[C@@H](N)CCCNC(=N)N,ridge,6.95860731484177,4.220791080835458
TRAIN1565,CC[C@H](C)[C@@H]1NC(=O)[C@@H](C\C=C\C[C@H](NC(=O)[C@H](CC(C)C)NC1=O)C(=O)N[C@@H](CCCNC(=N)N)C(=O)NC(CC(C)(C)C)C(=O)N[C@@H](CC(C)C)C(=O)N[C@@H](CCC(=O)N)C(=O)N)NC(=O)[C@@H](N)CCCNC(=N)N,ridge,6.4089353929735,4.827979235407773
TRAIN1566,CC[C@H](C)[C@H](NC(=O)C(CC)NC(=O)[C@@H](N)CCCNC(=N)N)C(=O)N[C@@H](CC(C)C)C(=O)NC(CC)C(=O)N[C@@H](CCCNC(=N)N)C(=O)NC(CC(C)(C)C)C(=O)N[C@@H](CC(C)C)C(=O)NCC(=O)N,ridge,6.17392519729917,6.7022723401428665
TRAIN1567,CC[C@H](C)[C@H](NC(=O)[C@H](Cc1cnc[nH]1)NC(=O)[C@@H](N)CCCNC(=N)N)C(=O)N[C@@H](CC(C)C)C(=O)NC(CC)C(=O)N[C@@H](CCCNC(=N)N)C(=O)NC(CC(C)(C)C)C(=O)N[C@@H](CC(C)C)C(=O)N[C@@H](CCC(=O)N)C(=O)N,ridge,6.20760831050175,4.311617471432138
TRAIN1568,CC[C@H](C)[C@@H]1NC(=O)[C@@H](CSSC[C@H](NC(=O)[C@H](CC(C)C)NC1=O)C(=O)N[C@@H](CCCNC(=N)N)C(=O)NC(CC(C)(C)C)C(=O)N[C@@H](CC(C)C)C(=O)N[C@@H](CCC(=O)N)C(=O)N)NC(=O)[C@@H](N)CCCNC(=N)N,ridge,7.88605664769316,4.662377239521539
TRAIN1569,CC[C@H](C)[C@@H]1NC(=O)[C@@H](CSSC[C@H](NC(=O)[C@H](CC(C)C)NC1=O)C(=O)N[C@@H](CCCNC(=N)N)C(=O)N[C@@H](CC(C)C)C(=O)N[C@@H](CC(C)C)C(=O)N[C@@H](CCC(=O)N)C(=O)N)NC(=O)[C@@H](N)CCCCN,ridge,7.45593195564972,5.17744380123493
TRAIN1570,C[C@@H]1Cc2c([nH]c3ccccc23)[C@H](N1CC(C)(C)F)c4c(F)cc(\C=C\C(=O)O)cc4F,ridge,9.86012091359876,7.216870068780372
TRAIN1571,C[C@@H]1Cc2c([nH]c3ccccc23)[C@H](N1CC(C)(C)F)c4ccc(\C=C\C(=O)O)cc4,ridge,9.07001940948449,7.510361172527812
TRAIN1572,CC(C)CN1[C@H](C)Cc2c([nH]c3ccccc23)[C@H]1c4c(F)cc(\C=C\C(=O)O)cc4F,ridge,9.3799681048737,7.726981722726309
TRAIN1573,CC(C)CN1[C@H](C)Cc2c([nH]c3ccccc23)[C@H]1c4ccc(\C=C\C(=O)O)cc4,ridge,8.68006156001969,7.492188249922046
TRAIN1574,C[C@@H](CO)CN1[C@H](C)Cc2c([nH]c3ccccc23)[C@H]1c4ccc(\C=C\C(=O)O)cc4,ridge,7.33998877871067,7.8182457697256105
TRAIN1575,C[C@H](CO)CN1[C@H](C)Cc2c([nH]c3ccccc23)[C@H]1c4ccc(\C=C\C(=O)O)cc4,ridge,7.3300326300915,7.701840381250243
TRAIN1576,C[C@@H]1Cc2c([nH]c3ccccc23)[C@H](N1CCO)c4ccc(\C=C\C(=O)O)cc4,ridge,5.8799989255316,7.506847330059316
TRAIN1577,C[C@@H](CN1[C@H](C)Cc2c([nH]c3ccccc23)[C@H]1c4ccc(Cl)cc4)C(=O)O,ridge,7.51999305704285,7.399711566143516
TRAIN1578,C[C@@H]1Cc2c([nH]c3ccc(O)cc23)[C@H](N1CCO)c4ccc(Cl)cc4,ridge,7.36001575195841,7.382597649488121
TRAIN1579,C[C@@H]1Cc2c([nH]c3ccccc23)[C@H](N1CCC(=O)O)c4ccc(Cl)cc4,ridge,6.10999838681536,7.4949568343666275
TRAIN1580,C[C@@H]1Cc2c([nH]c3ccccc23)[C@H](N1CCO)c4ccc(Cl)cc4,ridge,7.07001940948449,7.403595966422379
TRAIN1581,OC(=O)CCN1CCc2c([nH]c3ccccc23)C1c4ccc(Cl)cc4,ridge,5.43000026779606,7.167387405505572
TRAIN1582,OCCN1CCc2c([nH]c3ccccc23)C1c4ccc(Cl)cc4,ridge,5.92999909619765,7.36119197014313
TRAIN1583,CCN(Cc1ccc(cc1)C(=O)N2CCc3ccc(OS(=O)(=O)N)cc3C2)Cc4ccccn4,ridge,5.50863830616573,5.348594094545442
TRAIN1584,CCN(Cc1ccc(cc1)C(=O)N2CCc3ccc(O)cc3C2)Cc4ccccn4,ridge,4.60906489289662,6.321947233777379
TRAIN1585,Oc1cc(Cc2ccccc2)c3CC(C(=O)Oc3c1)c4ccc(Cl)cc4,ridge,6.92081875395237,6.55417256324745
TRAIN1586,CCCCCC(O)[C@@H]1C2CC3=C(COC(=C3)\C=C\C)C(=O)[C@]2(C)OC1=O,ridge,4.79588001734407,6.10065371633041
TRAIN1587,CCCCN(C)C(=O)CCCCCCCCCC[C@@H]1Cc2cc(O)ccc2[C@H]3CC[C@]4(C)[C@@H](O)CC[C@H]4[C@H]13,ridge,6.46852108295774,7.201931260624142
TRAIN1588,CC\C(=C(/c1ccccc1)\c2ccc(OCCN(C)C)cc2)\c3ccc(O)cc3,ridge,7.15490195998574,7.9233108949453115
TRAIN1589,C[C@]12CC[C@H]3[C@@H]([C@H](CCCCCCCCCCC(=O)NO)Cc4cc(O)ccc34)[C@@H]1CC[C@@H]2O,ridge,6.29242982390206,7.74769920983106
TRAIN1590,C[C@]12CC[C@H]3[C@@H]([C@H](CCCCCCCCCCC(=O)Nc4ccccc4N)Cc5cc(O)ccc35)[C@@H]1CC[C@@H]2O,ridge,6.67778070526608,6.736042255569141
TRAIN1591,CCCCN(O)C(=O)CCCCCCCCCC[C@@H]1Cc2cc(O)ccc2[C@H]3CC[C@]4(C)[C@@H](O)CC[C@H]4[C@H]13,ridge,5.59345981956604,7.017870318876814
TRAIN1592,CCCCN(O)C(=O)c1cccc(NC(=O)CCCCCS[C@@H]2Cc3cc(O)ccc3[C@H]4CC[C@]5(C)[C@@H](O)CC[C@H]5[C@H]24)c1,ridge,7.30102999566398,7.456702983225363
TRAIN1593,CN(C)CCOc1ccc(cc1)\C(=C(/C)\c2ccccc2)\c3ccc(O)cc3,ridge,8.88605664769316,7.694305202166752
TRAIN1594,C\C(=C(\c1ccc(O)cc1)/c2ccc(OCCN3CCCC3)cc2)\c4ccccc4,ridge,9.09691001300806,7.8492753516958755
TRAIN1595,C\C(=C(\c1ccc(O)cc1)/c2ccc(OCCN3CCCCC3)cc2)\c4ccccc4,ridge,9.39794000867204,7.572578856635656
TRAIN1596,CN(C)CCOc1ccc(cc1)\C(=C(\C)/c2ccccc2)\c3ccc(OC(=O)C)cc3,ridge,7.65757731917779,6.681205450796245
TRAIN1597,CCCC(=O)Oc1ccc(cc1)\C(=C(\C)/c2ccccc2)\c3ccc(OCCN(C)C)cc3,ridge,7.46218090492673,6.696802223741998
TRAIN1598,CCCCCCCCCC(=O)Oc1ccc(cc1)\C(=C(\C)/c2ccccc2)\c3ccc(OCCN(C)C)cc3,ridge,7.49620931694282,6.741252509823989
TRAIN1599,CC(=O)Oc1ccc(cc1)\C(=C(\C)/c2ccccc2)\c3ccc(OCCN4CCCC4)cc3,ridge,8.11350927482752,6.750267002108904
TRAIN1600,CCCC(=O)Oc1ccc(cc1)\C(=C(\C)/c2ccccc2)\c3ccc(OCCN4CCCC4)cc3,ridge,7.56703070912559,6.714171947376973
TRAIN1601,CCCCCCCCCC(=O)Oc1ccc(cc1)\C(=C(\C)/c2ccccc2)\c3ccc(OCCN4CCCC4)cc3,ridge,7.31515463835559,6.871661825951251
TRAIN1602,CC(=O)Oc1ccc(cc1)\C(=C(\C)/c2ccccc2)\c3ccc(OCCN4CCCCC4)cc3,ridge,7.90657831483776,6.730132328540082
TRAIN1603,CCCC(=O)Oc1ccc(cc1)\C(=C(\C)/c2ccccc2)\c3ccc(OCCN4CCCCC4)cc3,ridge,7.47755576649368,6.59274955013894
TRAIN1604,CCCCCCCCCC(=O)Oc1ccc(cc1)\C(=C(\C)/c2ccccc2)\c3ccc(OCCN4CCCCC4)cc3,ridge,7.09151498112135,6.542585901847071
TRAIN1605,CC(C)CN1CCc2cc(O)ccc2[C@]1(C)c3ccc(\C=C\C(=O)O)cc3,ridge,6.22914798835786,7.507108011350606
TRAIN1606,CC(C)(F)CN1[C@H](c2ccc(\C=C\C(=O)O)cc2)c3ccc(O)cc3CC1(C)C,ridge,8.18708664335714,7.300969840736637
TRAIN1607,C[C@H](CF)CN1[C@@H](c2ccc(O)cc2CC1(C)C)c3c(F)cc(\C=C\C(=O)O)cc3F,ridge,8.79588001734407,7.445144448495236
TRAIN1608,C[C@H](CF)CN1[C@H](c2ccc(\C=C\C(=O)O)cc2)c3ccc(O)cc3CC1(C)C,ridge,8.88605664769316,7.548120021407903
TRAIN1609,COC[C@H](C)CN1[C@@H](c2ccc(O)cc2CC1(C)C)c3c(F)cc(\C=C\C(=O)O)cc3F,ridge,8.00436480540245,7.466929540859826
TRAIN1610,CC(C)CN1[C@@H](c2ccc(O)cc2CC1(C)C)c3c(F)cc(\C=C\C(=O)O)cc3F,ridge,8.79588001734407,7.473607585023721
TRAIN1611,C[C@@H]1Cc2cc(O)ccc2[C@H](N1c3ccc(OC(F)(F)F)cc3)c4ccc(\C=C\C(=O)O)cc4,ridge,8.21467016498923,7.733155547629729
TRAIN1612,C[C@@H]1Cc2cc(O)ccc2[C@H](N1CC(C)(C)F)c3c(F)cc(\C=C\C(=O)O)cc3F,ridge,9.60205999132796,7.299892853150713
TRAIN1613,C[C@H](CF)CN1[C@H](C)Cc2cc(O)ccc2[C@H]1c3c(F)cc(\C=C\C(=O)O)cc3F,ridge,9.431798275933,7.333865324060323
TRAIN1614,C[C@H](CF)CN1[C@H](C)Cc2cc(O)ccc2[C@H]1c3ccc(\C=C\C(=O)O)cc3,ridge,9.39794000867204,7.486954747109946
TRAIN1615,COC[C@H](C)CN1[C@H](C)Cc2cc(O)ccc2[C@H]1c3c(F)cc(\C=C\C(=O)O)cc3F,ridge,8.92081875395237,7.619482693471974
TRAIN1616,COC[C@H](C)CN1[C@H](C)Cc2cc(O)ccc2[C@H]1c3ccc(\C=C\C(=O)O)cc3,ridge,8.23657200643706,7.6255272034846175
TRAIN1617,COc1ccc2[C@H](N(CC(C)C)[C@H](C)Cc2c1)c3ccc(\C=C\C(=O)O)cc3,ridge,6.79588001734407,7.410392115748643
TRAIN1618,CC(C)CN1[C@H](C)Cc2ccccc2[C@H]1c3ccc(\C=C\C(=O)O)cc3,ridge,7.08618614761628,7.329614335734941
TRAIN1619,CC(C)CN1CCc2cc(O)c(C)cc2[C@H]1c3ccc(\C=C\C(=O)O)cc3,ridge,7.36653154442041,7.3994686705443184
TRAIN1620,CC(C)CN1CCc2c(C)c(O)ccc2[C@H]1c3ccc(\C=C\C(=O)O)cc3,ridge,6.76955107862173,7.368250404959944
TRAIN1621,CC(C)CN1[C@H](c2ccc(\C=C\C(=O)O)cc2)c3ccc(O)cc3CC1(C)C,ridge,8.15490195998574,7.618086728426594
TRAIN1622,CC(C)CN1[C@H](C)Cc2cc(O)ccc2[C@@]1(C)c3ccc(\C=C\C(=O)O)cc3,ridge,8.25963731050576,7.630306142479243
TRAIN1623,CC(C)CN1[C@H](C)Cc2cc(O)ccc2[C@H]1c3ccc(\C=C\C(=O)O)cc3,ridge,8.88605664769316,7.5303825059764105
TRAIN1624,CC(C)CN1CCc2cc(O)ccc2[C@@]1(C)c3ccc(\C=C\C(=O)O)cc3,ridge,7.95860731484177,7.507108011350606
TRAIN1625,CC(C)CN1CCc2cc(O)ccc2[C@@H]1c3ccc(\C=C\C(=O)O)cc3,ridge,7.3767507096021,7.445837281112237
TRAIN1626,CC(C)CN1CCc2cc(O)ccc2[C@H]1c3ccc(\C=C\C(=O)O)cc3,ridge,8.35654732351381,7.445837281112237
TRAIN1627,OC(=O)\C=C\c1ccc(cc1)C2N(CCc3cc(O)ccc23)c4ccc(OC(F)(F)F)cc4,ridge,7.45593195564972,7.599965664580839
TRAIN1628,OC(=O)\C=C\c1ccc(cc1)C2N(Cc3ccccc3)CCc4cc(O)ccc24,ridge,7.04575749056067,7.616653866786155
TRAIN1629,OC(=O)\C=C\c1ccc(cc1)C2N(CCc3cc(O)ccc23)c4ccccc4,ridge,7.14874165128092,7.512199602701834
TRAIN1630,CC(C)CN1[C@@H](c2ccc(\C=C\C(=O)O)cc2)c3ccc(O)cc3CC1(C)C,ridge,6.01772876696043,7.532328870576462
TRAIN1631,CCCCCCNCCOc1ccc(cc1)C(=O)c2c(sc3cc(O)ccc23)c4ccc(O)cc4,ridge,7.21467016498923,7.4759837286380115
TRAIN1632,CCCCCCCCNCCOc1ccc(cc1)C(=O)c2c(sc3cc(O)ccc23)c4ccc(O)cc4,ridge,7.30980391997149,7.468299953896988
TRAIN1633,CCCCCCCCCCNCCOc1ccc(cc1)C(=O)c2c(sc3cc(O)ccc23)c4ccc(O)cc4,ridge,7.39794000867204,7.521035670196477
TRAIN1634,CCCCCCCCCCCCNCCOc1ccc(cc1)C(=O)c2c(sc3cc(O)ccc23)c4ccc(O)cc4,ridge,8.22914798835786,7.596456375730757
TRAIN1635,CCCCCCCCCCCCCCNCCOc1ccc(cc1)C(=O)c2c(sc3cc(O)ccc23)c4ccc(O)cc4,ridge,7.55284196865778,7.3971087371517115
TRAIN1636,CCCCCCCCCCCCCCCCNCCOc1ccc(cc1)C(=O)c2c(sc3cc(O)ccc23)c4ccc(O)cc4,ridge,7.95860731484177,7.393207007585961
TRAIN1637,CCCCCCCCCCCCCCCCCCNCCOc1ccc(cc1)C(=O)c2c(sc3cc(O)ccc23)c4ccc(O)cc4,ridge,8.74472749489669,7.773098917333675
TRAIN1638,CCc1ccc2c(c1)C(Cc3cc(O)cc(C)c23)c4ccc(OCCN5CCOCC5)cc4,ridge,8.04575749056067,7.720788474216537
TRAIN1639,CNCCCCCCCCCCCCn1c(c(C)c2cc(O)ccc12)c3ccc(O)cc3,ridge,6.42021640338319,7.19383830933008
TRAIN1640,Cc1c(c2ccc(O)cc2)n(CCCCn3c(c(C)c4cc(O)ccc34)c5ccc(O)cc5)c6ccc(O)cc16,ridge,6.36051351073141,7.6883939889352995
TRAIN1641,COc1ccc(\C=C(\C(=O)N(C)CCCCCCCCCCCCn2c(c(C)c3cc(O)ccc23)c4ccc(O)cc4)/c5cc(OC)c(OC)c(OC)c5)cc1O,ridge,6.24108810760203,6.399255429786126
TRAIN1642,CN1CCN(CCOc2ccc(cc2)N3C(=O)c4cc(O)ccc4C5=C3c6ccc(O)cc6C5=O)CC1,ridge,4.97469413473523,6.869282287919417
TRAIN1643,Oc1ccc2C3=C(N(C(=O)c2c1)c4ccc(OCCN5CCOCC5)cc4)c6ccc(O)cc6C3=O,ridge,4.70333480973847,6.889170257202251
TRAIN1644,Oc1ccc2C3=C(N(C(=O)c2c1)c4ccc(OCCN5CCCCC5)cc4)c6ccc(O)cc6C3=O,ridge,5.46852108295774,6.969059677069675
TRAIN1645,Oc1ccc2C3=C(N(C(=O)c2c1)c4ccc(OCCN5CCCC5)cc4)c6ccc(O)cc6C3=O,ridge,5.14266750356873,6.627275924734922
TRAIN1646,CCN(CC)CCOc1ccc(cc1)N2C(=O)c3cc(O)ccc3C4=C2c5ccc(O)cc5C4=O,ridge,5.17392519729917,7.031667930177997
TRAIN1647,CN(C)CCOc1ccc(cc1)N2C(=O)c3cc(O)ccc3C4=C2c5ccc(O)cc5C4=O,ridge,5.11918640771921,6.994701046987983
TRAIN1648,COc1ccc2C3=C(N(C(=O)c2c1)c4ccc(OCCCN5CCN(C)CC5)cc4)c6ccc(OC)cc6C3=O,ridge,4.45345733652187,6.027607965671464
TRAIN1649,COc1ccc2C3=C(N(C(=O)c2c1)c4ccc(OCCCN5CCCCC5)cc4)c6ccc(OC)cc6C3=O,ridge,4.41680122603138,6.334389355439831
TRAIN1650,COc1ccc2C3=C(N(C(=O)c2c1)c4ccc(OCCCN5CCCC5)cc4)c6ccc(OC)cc6C3=O,ridge,4.39469495385889,5.8694528183768595
TRAIN1651,CCN(CC)CCCOc1ccc(cc1)N2C(=O)c3cc(OC)ccc3C4=C2c5ccc(OC)cc5C4=O,ridge,4.40011692792631,5.847687300270529
TRAIN1652,COc1ccc2C3=C(N(C(=O)c2c1)c4ccc(OCCCN(C)C)cc4)c5ccc(OC)cc5C3=O,ridge,4.40450377817443,6.524944329302375
TRAIN1653,COc1ccc2C3=C(N(C(=O)c2c1)c4ccc(OCCN5CCN(C)CC5)cc4)c6ccc(OC)cc6C3=O,ridge,4.63264407897398,6.526649414098203
TRAIN1654,COc1ccc2C3=C(N(C(=O)c2c1)c4ccc(OCCN5CCCCC5)cc4)c6ccc(OC)cc6C3=O,ridge,4.60380065290426,5.709567486842775
TRAIN1655,COc1ccc2C3=C(N(C(=O)c2c1)c4ccc(OCCN5CCCC5)cc4)c6ccc(OC)cc6C3=O,ridge,4.75202673363819,5.900171521893574
TRAIN1656,CCN(CC)CCOc1ccc(cc1)N2C(=O)c3cc(OC)ccc3C4=C2c5ccc(OC)cc5C4=O,ridge,4.7281583934635,5.879540467478692
TRAIN1657,COc1ccc2C3=C(N(C(=O)c2c1)c4ccc(OCCN(C)C)cc4)c5ccc(OC)cc5C3=O,ridge,4.61261017366127,5.872825989146801
TRAIN1658,CCN(CC)CCOc1ccc(cc1)\C(=C(\CCCO)/c2ccccc2)\c3ccc(O)cc3,ridge,6.05799194697769,8.15568090913953
TRAIN1659,CN(C)CCCOc1ccc(cc1)\C(=C(\CCCO)/c2ccccc2)\c3ccc(O)cc3,ridge,6.00436480540245,8.129526005822965
TRAIN1660,CNCCOc1ccc(cc1)\C(=C(\CCCO)/c2ccccc2)\c3ccc(O)cc3,ridge,5.47625353318844,7.615708516570146
TRAIN1661,CN(C)CCOc1ccc(cc1)\C(=C(\CCCF)/c2ccccc2)\c3ccc(O)cc3,ridge,7.69897000433602,8.083400251076837
TRAIN1662,CN(C)CCOc1ccc(cc1)\C(=C(\CCC(F)F)/c2ccccc2)\c3ccc(O)cc3,ridge,5.76955107862173,7.982785953043123
TRAIN1663,N#C\C(=C(/c1ccccc1)\c2ccc(OCCN3CCOCC3)cc2)\c4ccccc4,ridge,6.64975198166584,6.913082336531288
TRAIN1664,N#C\C(=C(\c1ccccc1)/c2ccc(OCCN3CCOCC3)cc2)\c4ccccc4,ridge,7.01322826573375,6.913082336531288
TRAIN1665,CN(C)CCOc1ccc(cc1)C(=C(C#N)c2ccccc2)c3ccccc3,ridge,7.06550154875643,6.728816126099861
TRAIN1666,N#CC(=C(c1ccc(OCCN2CCOCC2)cc1)c3ccc(OCCN4CCOCC4)cc3)c5ccccc5,ridge,6.2572748686953,6.963006816211328
TRAIN1667,CC\C(=C(/c1ccccc1)\c2ccc(\C=C\C(=O)O)cc2)\c3ccc(O)cc3,ridge,6.65757731917779,7.44271569031546
TRAIN1668,Cc1c(c2ccc3OCOc3c2)n(Cc4ccc(OCCN5CCCCC5)cc4)c6ccc(O)cc16,ridge,7.15490195998574,7.656411228044835
TRAIN1669,CC(C)Oc1ccc(cc1)c2c(C)c3cc(O)ccc3n2Cc4ccc(OC5C=CC=C5)cc4,ridge,7.09691001300806,7.24423003607677
TRAIN1670,Cc1c(c2ccccc2)n(Cc3ccc(OCCN4CCCCC4)cc3)c5ccccc15,ridge,6.34678748622466,6.510367108362318
TRAIN1671,Cc1c(c2ccc(O)cc2)n(Cc3ccc(OCCN4CCCCC4)cc3)c5ccccc15,ridge,6.92081875395237,7.875093940506386
TRAIN1672,Cc1c(c2ccccc2)n(Cc3ccc(OCCN4CCCCC4)cc3)c5ccc(O)cc15,ridge,7.52287874528034,7.682992967842042
TRAIN1673,COc1ccc2c(c1)c(C)c(c3ccc(O)cc3)n2Cc4ccc(OCCN5CCCCC5)cc4,ridge,6.45593195564972,7.909992564938814
TRAIN1674,COc1ccc(cc1)c2c(C)c3cc(O)ccc3n2Cc4ccc(OCCN5CCCCC5)cc4,ridge,6.52287874528034,7.72747115222631
TRAIN1675,COc1ccc(cc1)c2c(C)c3cc(OC)ccc3n2Cc4ccc(OCCN5CCCCC5)cc4,ridge,6.22184874961636,7.008653342646903
TRAIN1676,COc1ccc(cc1)c2c(C)c3cc(OC)ccc3n2Cc4ccc(OCCN5CCCCCC5)cc4,ridge,6.2839966563652,7.047945845708815
TRAIN1677,CCOc1ccc(cc1)c2c(C)c3cc(O)ccc3n2Cc4ccc(OCCN5CCCCC5)cc4,ridge,7.20760831050175,7.943625557143889
TRAIN1678,CCOc1ccc(cc1)c2c(C)c3cc(O)ccc3n2Cc4ccc(OCCN5CCCCCC5)cc4,ridge,7.04575749056067,7.767205418608311
TRAIN1679,Cc1c(c2ccc(O)cc2)n(Cc3ccc(OCCN4CCCCC4)cc3)c5ccc(F)cc15,ridge,6.69897000433602,7.799468644442945
TRAIN1680,Cc1c(c2ccc(O)cc2)n(Cc3ccc(OCCN4CCCCCCC4)cc3)c5ccc(O)cc15,ridge,7.52287874528034,7.715682124125358
TRAIN1681,CN(C)CCOc1ccc(Cn2c(c(C)c3cc(O)ccc23)c4ccc(O)cc4)cc1,ridge,7.22184874961636,7.865473415593076
TRAIN1682,CCN(CC)CCOc1ccc(Cn2c(c(C)c3cc(O)ccc23)c4ccc(O)cc4)cc1,ridge,7.39794000867204,7.841591866313299
TRAIN1683,CCCN(CCC)CCOc1ccc(Cn2c(c(C)c3cc(O)ccc23)c4ccc(O)cc4)cc1,ridge,7.09691001300806,7.9332105090500065
TRAIN1684,CCCCN(CCCC)CCOc1ccc(Cn2c(c(C)c3cc(O)ccc23)c4ccc(O)cc4)cc1,ridge,6.69897000433602,7.985281004359917
TRAIN1685,CC(C)N(CCOc1ccc(Cn2c(c(C)c3cc(O)ccc23)c4ccc(O)cc4)cc1)C(C)C,ridge,7.0,8.108719497282996
TRAIN1686,CCCCN(C)CCOc1ccc(Cn2c(c(C)c3cc(O)ccc23)c4ccc(O)cc4)cc1,ridge,7.55284196865778,7.971977860398208
TRAIN1687,Cc1c(c2ccc(O)cc2)n(Cc3ccc(OCC[N+](C)(C)C)cc3)c4ccc(O)cc14,ridge,7.0,7.551884574089211
TRAIN1688,CC1CCCCN1CCOc2ccc(Cn3c(c(C)c4cc(O)ccc34)c5ccc(O)cc5)cc2,ridge,7.69897000433602,7.883707115005173
TRAIN1689,CC1CCCN(CCOc2ccc(Cn3c(c(C)c4cc(O)ccc34)c5ccc(O)cc5)cc2)C1,ridge,6.76955107862173,7.840849518544774
TRAIN1690,CC1CCN(CCOc2ccc(Cn3c(c(C)c4cc(O)ccc34)c5ccc(O)cc5)cc2)CC1,ridge,7.43179827593301,7.915149782732426
TRAIN1691,Cc1c(c2ccc(O)cc2)n(Cc3ccc(OCCN4CCCC(C)(C)C4)cc3)c5ccc(O)cc15,ridge,6.82390874094432,7.741439094469879
TRAIN1692,C[C@@H]1CCC[C@H](C)N1CCOc2ccc(Cn3c(c(C)c4cc(O)ccc34)c5ccc(O)cc5)cc2,ridge,7.15490195998574,7.895782456110087
TRAIN1693,Cc1c(c2ccc(O)cc2)n(Cc3ccc(OCCN4CCC(O)CC4)cc3)c5ccc(O)cc15,ridge,7.32790214206428,7.6429914296369645
TRAIN1694,Cc1c(c2ccc(O)cc2)n(Cc3ccc(OCCN4CC5CCC4C5)cc3)c6ccc(O)cc16,ridge,9.0,8.035944206213994
TRAIN1695,Cc1c(c2ccc(O)cc2)n(Cc3ccc(OCCN4CC5(C)CC4C(C)(C)C5)cc3)c6ccc(O)cc16,ridge,6.82390874094432,8.343764421707736
TRAIN1696,Cc1c(c2ccc(F)cc2)n(Cc3ccc(OCCN4CCCCC4)cc3)c5ccc(O)cc15,ridge,7.39794000867204,7.783646177389146
TRAIN1697,Cc1c(c2ccc(F)cc2)n(Cc3ccc(OCCN4CCCCCC4)cc3)c5ccc(O)cc15,ridge,7.0,7.937140175310907
TRAIN1698,CC(C)Oc1ccc(cc1)c2c(C)c3cc(O)ccc3n2Cc4ccc(OCCN5CCCCC5)cc4,ridge,7.0,7.9369635576236846
TRAIN1699,CC(C)Oc1ccc(cc1)c2c(C)c3cc(O)ccc3n2Cc4ccc(OCCN5CCCCCC5)cc4,ridge,7.09691001300806,8.099434350737118
TRAIN1700,Cc1c(c2ccc(cc2)C(F)(F)F)n(Cc3ccc(OCCN4CCCCC4)cc3)c5ccc(O)cc15,ridge,6.76955107862173,7.8190973251474345
TRAIN1701,Cc1ccc(cc1)c2c(C)c3cc(O)ccc3n2Cc4ccc(OCCN5CCCCC5)cc4,ridge,6.95860731484177,7.665681180786345
TRAIN1702,Cc1c(c2ccc(Cl)cc2)n(Cc3ccc(OCCN4CCCCC4)cc3)c5ccc(O)cc15,ridge,6.95860731484177,7.744513590014574
TRAIN1703,Cc1c(c2cccc(O)c2)n(Cc3ccc(OCCN4CCCCC4)cc3)c5ccc(O)cc15,ridge,7.72124639904717,7.737894387825418
TRAIN1704,Cc1c(c2cccc(O)c2)n(Cc3ccc(OCCN4CCCCCC4)cc3)c5ccc(O)cc15,ridge,8.04575749056067,7.818606440041464
TRAIN1705,Cc1c(c2ccc(O)c(F)c2)n(Cc3ccc(OCCN4CCCCC4)cc3)c5ccc(O)cc15,ridge,8.25963731050576,7.700352147047524
TRAIN1706,Cc1c(c2ccc(O)c(F)c2)n(Cc3ccc(OCCN4CCCCCC4)cc3)c5ccc(O)cc15,ridge,7.88605664769316,7.930139102163215
TRAIN1707,COc1cccc(c1)c2c(C)c3cc(O)ccc3n2Cc4ccc(OCCN5CCCCC5)cc4,ridge,6.92081875395237,7.772629955541641
TRAIN1708,Cc1c(c2ccc(OC(F)(F)F)cc2)n(Cc3ccc(OCCN4CCCCC4)cc3)c5ccc(O)cc15,ridge,7.30102999566398,7.899895980269166
TRAIN1709,Oc1ccc(cc1)c2c(Cl)c3cc(O)ccc3n2Cc4ccc(OCCN5CCCC5)cc4,ridge,8.39794000867204,7.782757676540353
TRAIN1710,Oc1ccc(cc1)c2c(Cl)c3cc(O)ccc3n2Cc4ccc(OCCN5CCCCC5)cc4,ridge,7.61978875828839,7.693452932671014
TRAIN1711,Oc1ccc(cc1)c2c(Cl)c3cc(O)ccc3n2Cc4ccc(OCCN5CCCCCC5)cc4,ridge,7.53760200210104,7.882705148655585
TRAIN1712,Cc1cc(O)ccc1c2c(Cl)c3cc(O)ccc3n2Cc4ccc(OCCN5CCCCC5)cc4,ridge,7.88605664769316,7.76337889619435
TRAIN1713,CCc1c(c2ccc(O)cc2)n(Cc3ccc(OCCN4CCCCC4)cc3)c5ccc(O)cc15,ridge,6.82390874094432,7.812809213193541
TRAIN1714,Oc1ccc(cc1)c2c(C#N)c3cc(O)ccc3n2Cc4ccc(OCCN5CCCCC5)cc4,ridge,7.95860731484177,7.5330933408432745
TRAIN1715,Oc1ccc(cc1)c2c(C#N)c3cc(O)ccc3n2Cc4ccc(OCCN5CCCCCC5)cc4,ridge,7.63827216398241,7.777161121883282
TRAIN1716,Cc1c(c2ccc(O)cc2)n(Cc3ccc(OCCCN4CCCCC4)cc3)c5ccc(O)cc15,ridge,7.00436480540245,7.83090831557857
TRAIN1717,COc1cc(Cn2c(c(C)c3cc(O)ccc23)c4ccc(O)cc4)ccc1OCCN5CCCCC5,ridge,7.09691001300806,7.792343090923849
TRAIN1718,COc1cc(Cn2c(c(C)c3cc(O)ccc23)c4ccc(O)cc4)ccc1OCCN5CCCCCC5,ridge,7.24412514432751,8.112999712107415
TRAIN1719,COCCCCCC[C@@H]1C[C@H]2[C@@H]3CC[C@H](O)C3CC[C@@H]2c4ccc(O)cc14,ridge,7.15490195998574,6.774132432430595
TRAIN1720,COC[C@@H]1CC2C(CC[C@]3(C)[C@@H](O)CCC23)c4ccc(O)cc14,ridge,6.30539480106643,6.448595252985602
TRAIN1721,COC[C@@H]1C[C@H]2[C@@H]3CCC(O)C3CC[C@@H]2c4ccc(O)cc14,ridge,5.64781748188864,6.527440872256341
TRAIN1722,Cc1ccccc1C(=O)c2sc3cc(O)ccc3c2Oc4ccc(\C=C\C(=O)O)cc4,ridge,7.77728352885242,7.136610092773209
TRAIN1723,Cc1cc(F)ccc1C(=O)c2sc3cc(O)ccc3c2Oc4ccc(\C=C\C(=O)O)cc4,ridge,8.05551732784983,7.012511468179683
TRAIN1724,Cc1ccc(C(=O)c2sc3cc(O)ccc3c2Oc4ccc(\C=C\C(=O)O)cc4)c(C)c1,ridge,8.34678748622466,7.160338775727008
TRAIN1725,Cc1cccc(C)c1C(=O)c2sc3cc(O)ccc3c2Oc4ccc(\C=C\C(=O)O)cc4,ridge,8.3767507096021,7.060797901005552
TRAIN1726,Cc1cc(F)cc(C)c1C(=O)c2sc3cc(O)ccc3c2Oc4ccc(\C=C\C(=O)O)cc4,ridge,8.50863830616573,7.130758315274933
TRAIN1727,Cc1cc(Cl)cc(C)c1C(=O)c2sc3cc(O)ccc3c2Oc4ccc(\C=C\C(=O)O)cc4,ridge,8.61978875828839,7.07935582875227
TRAIN1728,CC(C)c1cccc(c1)N2CCc3cc(O)ccc3C2(C)c4ccc(\C=C\C(=O)O)cc4,ridge,6.33161408331,7.885094620729862
TRAIN1729,CC(C)c1ccccc1N2CCc3cc(O)ccc3C2(C)c4ccc(\C=C\C(=O)O)cc4,ridge,5.0,8.047717788760256
TRAIN1730,CC1(N(CCc2cc(O)ccc12)c3cccc(F)c3)c4ccc(\C=C\C(=O)O)cc4,ridge,6.29670862188134,7.5625851552595025
TRAIN1731,CC1(N(CCc2cc(O)ccc12)c3ccccc3)c4ccc(\C=C\C(=O)O)cc4,ridge,6.43651891460559,7.557455623962262
TRAIN1732,CC1(N(CCc2cc(O)ccc12)c3ccc(F)cc3)c4ccc(\C=C\c5oc(CO)nn5)cc4,ridge,7.36653154442041,7.755673451215483
TRAIN1733,CCCc1oc(\C=C\c2ccc(cc2)C3(C)N(CCc4cc(O)ccc34)c5ccc(F)cc5)nn1,ridge,7.2518119729938,7.113427517202136
TRAIN1734,Cc1oc(\C=C\c2ccc(cc2)C3(C)N(CCc4cc(O)ccc34)c5ccc(F)cc5)nn1,ridge,6.94692155651658,7.104515242322144
TRAIN1735,Cn1nnnc1\C=C\c2ccc(cc2)C3(C)N(CCc4cc(O)ccc34)c5ccc(F)cc5,ridge,5.85108900689064,7.448293776074833
TRAIN1736,Cn1nnc(\C=C\c2ccc(cc2)C3(C)N(CCc4cc(O)ccc34)c5ccc(F)cc5)n1,ridge,6.94692155651658,7.426190864504288
TRAIN1737,CC1(N(CCc2cc(O)ccc12)c3ccc(F)cc3)c4ccc(\C=C\c5nn[nH]n5)cc4,ridge,5.98716277529483,7.372111681607959
TRAIN1738,Cn1cncc1\C=C\c2ccc(cc2)C3(C)N(CCc4cc(O)ccc34)c5ccc(F)cc5,ridge,7.24412514432751,7.420536481409833
TRAIN1739,CC1(N(CCc2cc(O)ccc12)c3ccc(cc3)C(F)(F)F)c4ccc(\C=C\C(=O)O)cc4,ridge,6.92445303860747,7.508529879172608
TRAIN1740,Cn1cnc(\C=C\c2ccc(cc2)C3(C)N(CCc4cc(O)ccc34)c5ccc(F)cc5)c1,ridge,5.59108197915322,7.512944570070328
TRAIN1741,CC1(N(CCc2cc(O)ccc12)c3ccc(F)cc3)c4ccc(\C=C\c5cnc[nH]5)cc4,ridge,7.25963731050576,7.841838823393229
TRAIN1742,CC1(N(CCc2cc(O)ccc12)c3ccc(F)cc3)c4ccc(\C=C\C(=O)NCCC(F)(F)F)cc4,ridge,7.33724216831843,7.172896345504312
TRAIN1743,CC1(N(CCc2cc(O)ccc12)c3ccc(F)cc3)c4ccc(\C=C\C(=O)NCC(F)F)cc4,ridge,5.9303319030884,7.652857417986342
TRAIN1744,CNC(=O)\C=C\c1ccc(cc1)C2(C)N(CCc3cc(O)ccc23)c4ccc(F)cc4,ridge,6.92081875395237,7.765685792875635
TRAIN1745,CC1(N(CCc2cc(O)ccc12)c3ccc(F)cc3)c4ccc(CCC(=O)O)cc4,ridge,6.65955588515988,7.56782682464469
TRAIN1746,CC1(N(CCc2cc(O)ccc12)c3ccc(F)cc3)c4ccc(\C=C\C(=O)O)cc4,ridge,6.69464863055338,7.601188884392413
TRAIN1747,CC(C)(C)c1ccc(cc1)N2CCc3cc(O)ccc3C2(C)c4ccc(\C=C\C(=O)O)cc4,ridge,6.51999305704285,7.64345009413682
TRAIN1748,Cc1ccc(cc1F)N2CCc3cc(O)ccc3C2(C)c4ccc(\C=C\C(=O)O)cc4,ridge,6.95467702121334,7.620354414089112
TRAIN1749,Cc1ccc(cc1)N2CCc3cc(O)ccc3C2(C)c4ccc(\C=C\C(=O)O)cc4,ridge,6.68402965454308,7.639604578265362
TRAIN1750,CC(C)c1ccc(cc1)N2CCc3cc(O)ccc3C2(C)c4ccc(\C=C\C(=O)O)cc4,ridge,7.52287874528034,7.819088007270764
TRAIN1751,CCCCc1ccc(cc1)N2CCc3cc(O)ccc3C2(C)c4ccc(\C=C\C(=O)O)cc4,ridge,7.63827216398241,8.090744276225479
TRAIN1752,CCCCCc1ccc(cc1)N2CCc3cc(O)ccc3C2(C)c4ccc(\C=C\C(=O)O)cc4,ridge,7.25963731050576,7.811817139765493
TRAIN1753,CC1(N(CCc2cc(O)ccc12)c3ccc(cc3)C4CC4)c5ccc(\C=C\C(=O)O)cc5,ridge,7.4089353929735,7.693546594764242
TRAIN1754,CC1(N(CCc2cc(O)ccc12)c3ccc(cc3)C4CCC4)c5ccc(\C=C\C(=O)O)cc5,ridge,7.27572413039921,8.124772800442408
TRAIN1755,CC(C)Cc1ccc(cc1)N2CCc3cc(O)ccc3C2(C)c4ccc(\C=C\C(=O)O)cc4,ridge,7.95860731484177,8.123660893939467
TRAIN1756,CC1(N(CCc2cc(O)ccc12)c3ccc(CC4CC4)cc3)c5ccc(\C=C\C(=O)O)cc5,ridge,8.18708664335714,7.8054255481301915
TRAIN1757,CC1(N(CCc2cc(O)ccc12)c3ccc(CC(F)(F)F)cc3)c4ccc(\C=C\C(=O)O)cc4,ridge,7.56863623584101,7.662602529182273
TRAIN1758,CC(C)c1ccc(cn1)N2CCc3cc(O)ccc3C2(C)c4ccc(\C=C\C(=O)O)cc4,ridge,5.93629144060858,7.25800909066759
TRAIN1759,CCC(C)c1ccc(cc1)N2CCc3cc(O)ccc3C2(C)c4ccc(\C=C\C(=O)O)cc4,ridge,6.95078197732982,8.069696582653055
TRAIN1760,CC(C)c1ccc(cc1F)N2CCc3cc(O)ccc3C2(C)c4ccc(\C=C\C(=O)O)cc4,ridge,6.96657624451305,7.785611919013505
TRAIN1761,CC(C)c1ccc(N2CCc3cc(O)ccc3C2(C)c4ccc(\C=C\C(=O)O)cc4)c(F)c1,ridge,6.58169870868026,7.823974147199144
TRAIN1762,CC(C)Cc1ccc(N2CCc3cc(O)ccc3C2(C)c4ccc(\C=C\C(=O)O)cc4)c(F)c1,ridge,8.15490195998574,7.8077633862818026
TRAIN1763,CC(C)c1ccc(cc1)N2CCc3cc(O)ccc3C2(c4ccc(\C=C\C(=O)O)cc4)C(F)(F)F,ridge,6.85698519974591,7.5882414007170285
TRAIN1764,CC(C)c1ccc(cc1)N2CCc3cc(O)ccc3[C@]2(c4ccc(\C=C\C(=O)O)cc4)C(F)(F)F,ridge,6.90308998699194,7.500511851685681
TRAIN1765,CC(C)c1ccc(cc1)N2CCc3cc(O)ccc3[C@@]2(c4ccc(\C=C\C(=O)O)cc4)C(F)(F)F,ridge,5.94385773794095,7.713579528040611
TRAIN1766,CC(C)c1ccc(cc1)N2CCc3cc(O)ccc3C2(C(F)F)c4ccc(\C=C\C(=O)O)cc4,ridge,6.95860731484177,7.703273783725709
TRAIN1767,CC(C)c1ccc(cc1)N2CCc3cc(O)ccc3[C@@]2(C(F)F)c4ccc(\C=C\C(=O)O)cc4,ridge,7.11350927482752,7.703273783725709
TRAIN1768,CC(C)c1ccc(cc1)N2CCc3cc(O)ccc3[C@]2(C(F)F)c4ccc(\C=C\C(=O)O)cc4,ridge,4.42596873227228,7.8323992594519565
TRAIN1769,CC(C)c1ccc(cc1)N2CCc3cc(O)ccc3[C@@]2(C)c4ccc(\C=C\C(=O)O)cc4,ridge,7.46852108295774,7.640807453946795
TRAIN1770,CC(C)c1ccc(cc1)N2CCc3cc(O)ccc3[C@]2(C)c4ccc(\C=C\C(=O)O)cc4,ridge,7.56863623584101,7.697928302608067
TRAIN1771,OCCCNC(=O)\C=C\c1ccc(cc1)C(=C2C3CC4CC(CC2C4)C3)c5ccc(O)cc5,ridge,7.30102999566398,7.353720129755432
TRAIN1772,OC(=O)\C=C\c1ccc(cc1)C(=C2C3CC4CC(CC2C4)C3)c5ccc(O)cc5,ridge,6.30102999566398,7.216907402908781
TRAIN1773,OCCN(CCO)C(=O)\C=C\c1ccc(cc1)C(=C2C3CC4CC(CC2C4)C3)c5ccc(O)cc5,ridge,8.67778070526608,7.675723438605742
TRAIN1774,CN(CCO)C(=O)\C=C\c1ccc(cc1)C(=C2C3CC4CC(CC2C4)C3)c5ccc(O)cc5,ridge,8.26760624017703,7.555906089041222
TRAIN1775,CN(C)CCNC(=O)\C=C\c1ccc(cc1)C(=C2C3CC4CC(CC2C4)C3)c5ccc(O)cc5,ridge,8.53760200210104,7.926849450205225
TRAIN1776,NCCCNC(=O)\C=C\c1ccc(cc1)C(=C2C3CC4CC(CC2C4)C3)c5ccc(O)cc5,ridge,7.92081875395237,7.268536092746572
TRAIN1777,NCCNC(=O)\C=C\c1ccc(cc1)C(=C2C3CC4CC(CC2C4)C3)c5ccc(O)cc5,ridge,8.0,7.1024626337466445
TRAIN1778,OCCCCCNC(=O)\C=C\c1ccc(cc1)C(=C2C3CC4CC(CC2C4)C3)c5ccc(O)cc5,ridge,8.0,7.3399861216088
TRAIN1779,OCCCCNC(=O)\C=C\c1ccc(cc1)C(=C2C3CC4CC(CC2C4)C3)c5ccc(O)cc5,ridge,8.36653154442041,7.274613093029785
TRAIN1780,OCCNC(=O)\C=C\c1ccc(cc1)C(=C2C3CC4CC(CC2C4)C3)c5ccc(O)cc5,ridge,8.2518119729938,7.370677709830558
TRAIN1781,CCCCNC(=O)\C=C\c1ccc(cc1)C(=C2C3CC4CC(CC2C4)C3)c5ccc(O)cc5,ridge,8.04095860767891,7.138430269630705
TRAIN1782,CCCC(CCC)(c1ccc(O)c(C)c1)c2cc(C)c(O)c(O)c2,ridge,6.56703070912559,6.784249141249986
TRAIN1783,CCCC(CCC)(c1ccc(O)c(C)c1)c2ccc(OCCN(C)C)c(C)c2,ridge,6.87289520163519,7.729068066115452
TRAIN1784,CCCC(CCC)(c1ccc(OCCN(C)C)c(C)c1)c2ccc(O)c(O)c2,ridge,6.64781748188864,7.616262243309302
TRAIN1785,CCCC(CCC)(c1ccc(O)c(C)c1)c2ccc(O)c(O)c2,ridge,6.80134291304558,6.855281973746726
TRAIN1786,CCCC(CCC)(c1ccc(O)cc1)c2ccc(O)c(O)c2,ridge,7.19928292171761,6.771595111093046
TRAIN1787,CCC(CC)(c1ccc(O)c(C)c1)c2ccc(O)c(O)c2,ridge,6.17783192063198,6.616873908167872
TRAIN1788,CCC(CC)(c1ccc(O)cc1)c2ccc(O)c(O)c2,ridge,6.81247927916354,6.683243643591086
TRAIN1789,OC(=O)\C=C\c1ccc(Oc2c(sc3cc(O)ccc23)c4ccc(O)cc4)cc1,ridge,6.12609840213554,7.041774914432449
TRAIN1790,OC(=O)CCc1ccc(Oc2c(sc3cc(O)ccc23)c4ccc(O)cc4)cc1,ridge,6.34008379993015,7.167219921164226
TRAIN1791,NC(=O)\C=C\c1ccc(Oc2c(sc3cc(O)ccc23)c4ccc(O)cc4)cc1,ridge,7.39794000867204,6.991253599985896
TRAIN1792,OC(=O)\C=C\c1ccc(Oc2c(sc3cc(O)ccc23)c4ccccc4C(F)F)cc1,ridge,7.2839966563652,7.13730034773624
TRAIN1793,COCc1ccccc1c2sc3cc(O)ccc3c2Oc4ccc(\C=C\C(=O)O)cc4,ridge,6.9100948885606,7.338043195146793
TRAIN1794,C[C@H](O)c1ccccc1c2sc3cc(O)ccc3c2Oc4ccc(\C=C\C(=O)O)cc4,ridge,6.74714696902011,7.238438217161421
TRAIN1795,CN(C)c1ccccc1c2sc3cc(O)ccc3c2Oc4ccc(\C=C\C(=O)O)cc4,ridge,6.90657831483776,7.6710287121678915
TRAIN1796,Cc1ncccc1c2sc3cc(O)ccc3c2Oc4ccc(\C=C\C(=O)O)cc4,ridge,6.17457388223218,6.9432021848227805
TRAIN1797,OC(=O)\C=C\c1ccc(Oc2c(sc3cc(O)ccc23)c4ccc(F)cc4C(F)(F)F)cc1,ridge,7.92081875395237,7.225430486396938
TRAIN1798,OC(=O)\C=C\c1ccc(Oc2c(sc3cc(O)ccc23)c4ccccc4C(F)(F)F)cc1,ridge,7.63827216398241,7.214712679577314
TRAIN1799,Cc1cc(F)ccc1c2sc3cc(O)ccc3c2Oc4ccc(\C=C\C(=O)O)cc4,ridge,7.10790539730952,7.245143324414963
TRAIN1800,CC(C)c1ccccc1c2sc3cc(O)ccc3c2Oc4ccc(\C=C\C(=O)O)cc4,ridge,8.22184874961636,7.42086222521423
TRAIN1801,CC(C)(C)c1ccccc1c2sc3cc(O)ccc3c2Oc4ccc(\C=C\C(=O)O)cc4,ridge,7.44369749923271,7.262171426444551
TRAIN1802,CCc1ccccc1c2sc3cc(O)ccc3c2Oc4ccc(\C=C\C(=O)O)cc4,ridge,7.44369749923271,7.517711298026441
TRAIN1803,Cc1ccccc1c2sc3cc(O)ccc3c2Oc4ccc(\C=C\C(=O)O)cc4,ridge,7.05060999335509,7.342430658961503
TRAIN1804,OC(=O)\C=C\c1ccc(Oc2c(sc3cc(O)ccc23)c4ccccc4)cc1,ridge,5.63714069704132,7.04297569042336
TRAIN1805,OC(=O)\C=C\c1ccc(Oc2c(sc3cc(O)ccc23)c4ccc(cc4)C(F)(F)F)cc1,ridge,6.02641037657274,7.175635985493135
TRAIN1806,OC(=O)\C=C\c1ccc(Oc2c(sc3cc(O)ccc23)c4ccc(F)cc4)cc1,ridge,5.73921333134502,7.110967870790154
TRAIN1807,COc1ccc(cc1)c2sc3cc(O)ccc3c2Oc4ccc(\C=C\C(=O)O)cc4,ridge,6.1890957193313,7.196416721949241
TRAIN1808,Cc1cc(ccc1O)c2sc3cc(O)ccc3c2Oc4ccc(\C=C\C(=O)O)cc4,ridge,6.48545224733971,7.163737665574431
TRAIN1809,CC\C(=C/c1ccc(Oc2c(sc3cc(O)ccc23)c4ccc(O)cc4)cc1)\C(=O)O,ridge,6.66554624884907,7.180295849611705
TRAIN1810,C\C(=C/C(=O)O)\c1ccc(Oc2c(sc3cc(O)ccc23)c4ccc(O)cc4)cc1,ridge,6.5003129173816,7.163577168346683
TRAIN1811,C\C(=C/c1ccc(Oc2c(sc3cc(O)ccc23)c4ccc(O)cc4)cc1)\C(=O)O,ridge,6.05256627811295,7.060763080945552
TRAIN1812,COc1cc(Oc2c(sc3cc(O)ccc23)c4ccc(O)cc4)ccc1\C=C\C(=O)O,ridge,5.29929628285498,7.17762401662165
TRAIN1813,Cc1cc(\C=C\C(=O)O)ccc1Oc2c(sc3cc(O)ccc23)c4ccc(O)cc4,ridge,5.98716277529483,7.21831238920559
TRAIN1814,Cc1cc(Oc2c(sc3cc(O)ccc23)c4ccc(O)cc4)ccc1\C=C\C(=O)O,ridge,5.89619627904404,7.204593306108248
TRAIN1815,OC(=O)\C=C\c1ccc(Oc2c(sc3cc(O)ccc23)c4ccc(O)cc4)cn1,ridge,5.11069829749369,6.864158749498255
TRAIN1816,Cn1cnc(\C=C\c2ccc(Oc3c(sc4cc(O)ccc34)c5ccc(O)cc5)cc2)c1,ridge,6.90308998699194,7.230041581522624
TRAIN1817,Oc1ccc(cc1)c2sc3cc(O)ccc3c2Oc4ccc(\C=C\c5c[nH]cn5)cc4,ridge,7.27572413039921,7.120070124553912
TRAIN1818,Cn1nnc(\C=C\c2ccc(Oc3c(sc4cc(O)ccc34)c5ccc(O)cc5)cc2)n1,ridge,8.52287874528034,7.348069127559094
TRAIN1819,Cn1nnnc1\C=C\c2ccc(Oc3c(sc4cc(O)ccc34)c5ccc(O)cc5)cc2,ridge,9.0,7.07462042577649
TRAIN1820,Oc1ccc(cc1)c2sc3cc(O)ccc3c2Oc4ccc(\C=C\c5nnn[nH]5)cc4,ridge,6.65955588515988,7.2115450749454
TRAIN1821,OCCNC(=O)\C=C\c1ccc(Oc2c(sc3cc(O)ccc23)c4ccc(O)cc4)cc1,ridge,7.25963731050576,7.2024952708640555
TRAIN1822,Oc1ccc(cc1)c2sc3cc(O)ccc3c2Oc4ccc(\C=C\C(=O)NCCC(F)(F)F)cc4,ridge,8.0,6.9132065267225755
TRAIN1823,CNC(=O)\C=C\c1ccc(Oc2c(sc3cc(O)ccc23)c4ccc(O)cc4)cc1,ridge,7.27572413039921,7.206310795567051
TRAIN1824,CC(F)c1ccccc1c2sc3cc(O)ccc3c2Oc4ccc(\C=C\C(=O)O)cc4,ridge,7.60205999132796,7.416843766722191
TRAIN1825,CC(F)(F)c1ccccc1c2sc3cc(O)ccc3c2Oc4ccc(\C=C\C(=O)O)cc4,ridge,7.95860731484177,7.3675814575842296
TRAIN1826,CC(F)(F)c1cc(F)ccc1c2sc3cc(O)ccc3c2Oc4ccc(\C=C\C(=O)O)cc4,ridge,8.22184874961636,7.5208919537043695
TRAIN1827,CN(c1ccc(\C=C\C(=O)O)cc1)c2c(sc3cc(O)ccc23)c4ccc(O)cc4,ridge,5.46852108295774,7.6143780243422095
TRAIN1828,CC1=C(C(=O)Oc2cc(O)ccc12)c3ccc(O)cc3C,ridge,6.95078197732982,5.842524743759776
TRAIN1829,CC1=C(C(=O)Oc2cc(O)ccc12)c3ccc(O)cc3Cl,ridge,5.9072793553159,5.881617846291964
TRAIN1830,CCC1=C(C(=O)Oc2cc(O)ccc12)c3ccc(O)cc3F,ridge,7.92081875395237,6.265436929200618
TRAIN1831,Oc1ccc2C(=C(C(=O)Oc2c1)c3ccc(O)c(F)c3)c4ccc(O)c(F)c4,ridge,6.65955588515988,6.8170227164868
TRAIN1832,Oc1ccc(cc1)C2=C(c3ccc(O)cc3)c4ccc(O)cc4OC2=O,ridge,6.65364702554936,6.417265466896977
TRAIN1833,c1ccc(cc1)c2c3ccccc3nc4cc5ccccc5cc24,ridge,6.03857890593355,5.899673622337838
TRAIN1834,FC(F)(F)c1ccc2cc3nc4ccccc4c(c5ccccc5)c3cc2c1,ridge,5.45469288353418,5.8837157229890575
TRAIN1835,Oc1ccc2cc3nc4ccccc4c(c5ccccc5)c3cc2c1,ridge,6.77211329538633,6.8732824232901955
TRAIN1836,FC(F)(F)c1cccc2c(c3ccccc3)c4cc5ccccc5cc4nc12,ridge,5.57675412606319,5.83206645650138
TRAIN1837,Oc1cccc2c(c3ccccc3)c4cc5ccccc5cc4nc12,ridge,5.96537154337468,6.90238086677649
TRAIN1838,Clc1ccc2c(c3ccccc3)c4cc5ccccc5cc4nc2c1,ridge,5.78146449478347,5.949226764557006
TRAIN1839,Oc1ccc2c(c3ccccc3)c4cc5ccccc5cc4nc2c1,ridge,6.53165266958784,6.918524250111744
TRAIN1840,Clc1c2ccccc2cc3c(c4ccccc4)c5ccccc5nc13,ridge,5.77443228656053,5.974911542162933
TRAIN1841,Oc1ccc2c(C(=O)c3ccc(OCCN4CCCCC4)cc3)c(sc2c1)c5ccc(Cl)cc5,ridge,10.3372421683184,7.811246301554969
TRAIN1842,Oc1ccc2Cc3sc4cc(O)ccc4c3C(c5ccc(OCCN6CCCCC6)cc5)c2c1,ridge,9.04575749056067,7.694501719394232
TRAIN1843,CN(C)CCOc1ccc(NC2=C(C(=O)Oc3cc(O)ccc23)c4ccc(O)cc4)cc1,ridge,5.08565684288056,7.18805572932376
TRAIN1844,CCN(CC)CCOc1ccc(NC2=C(C(=O)Oc3cc(O)ccc23)c4ccc(O)cc4)cc1,ridge,5.22402566887063,7.248643879493829
TRAIN1845,Oc1ccc(cc1)C2=C(Nc3ccc(OCCN4CCCC4)cc3)c5ccc(O)cc5OC2=O,ridge,5.19178902707578,7.164230526228646
TRAIN1846,Oc1ccc(cc1)C2=C(Nc3ccc(OCCN4CCCCC4)cc3)c5ccc(O)cc5OC2=O,ridge,5.41793663708829,7.014628717751226
TRAIN1847,Fc1ccc(cc1)C2=C(Nc3ccc(OCCN4CCCCC4)cc3)c5ccccc5OC2=O,ridge,5.10846254232744,6.305086831957676
TRAIN1848,COc1ccc2C(=C(C(=O)Oc2c1)c3ccc(F)cc3)Nc4ccc(OCCN5CCCCC5)cc4,ridge,5.09908693226233,6.238148053583439
TRAIN1849,CN(C)CCOc1ccc(NC2=C(C(=O)Oc3cc(O)ccc23)c4ccc(F)cc4)cc1,ridge,5.1791420105603,7.0578239991354845
TRAIN1850,CCN(CC)CCOc1ccc(NC2=C(C(=O)Oc3cc(O)ccc23)c4ccc(F)cc4)cc1,ridge,5.35951856302958,7.408987172543414
TRAIN1851,Oc1ccc2C(=C(C(=O)Oc2c1)c3ccc(F)cc3)Nc4ccc(OCCN5CCCC5)cc4,ridge,5.34390179798717,7.203825801563149
TRAIN1852,Oc1ccc2C(=C(C(=O)Oc2c1)c3ccc(F)cc3)Nc4ccc(OCCN5CCCCC5)cc4,ridge,5.41341269532824,7.015348416078633
TRAIN1853,COc1ccc(cc1)C2=C(Nc3ccc(OCCN4CCCCC4)cc3)c5ccc(O)cc5OC2=O,ridge,5.17783192063198,7.188737839080832
TRAIN1854,COc1ccc(cc1)C2=C(Oc3ccc(OCCN4CCCCC4)cc3)c5ccc(OC)cc5OC2=O,ridge,5.02594909720712,6.119553547380305
TRAIN1855,COc1ccc2C(=C(C(=O)Oc2c1)c3ccc(F)cc3)Oc4ccc(OCCN(C)C)cc4,ridge,5.04769199033787,6.222144007744269
TRAIN1856,COc1ccc2C(=C(C(=O)Oc2c1)c3ccc(F)cc3)Oc4ccc(OCCN5CCCCC5)cc4,ridge,5.16304326294045,6.188840617717121
TRAIN1857,CN(C)CCOc1ccc(OC2=C(C(=O)Oc3cc(O)ccc23)c4ccc(O)cc4)cc1,ridge,5.07417242537526,7.169571716499307
TRAIN1858,Oc1ccc(cc1)C2=C(Oc3ccc(OCCN4CCCC4)cc3)c5ccc(O)cc5OC2=O,ridge,5.16494389827988,7.227181204670241
TRAIN1859,Oc1ccc(cc1)C2=C(Oc3ccc(OCCN4CCCCC4)cc3)c5ccc(O)cc5OC2=O,ridge,5.58169870868026,6.947648166121315
TRAIN1860,CN(C)CCOc1ccc(OC2=C(C(=O)Oc3cc(O)ccc23)c4ccc(F)cc4)cc1,ridge,5.19178902707578,7.141555634954426
TRAIN1861,CCN(CC)CCOc1ccc(OC2=C(C(=O)Oc3cc(O)ccc23)c4ccc(F)cc4)cc1,ridge,5.44977164694491,7.363414559037245
TRAIN1862,Oc1ccc2C(=C(C(=O)Oc2c1)c3ccc(F)cc3)Oc4ccc(OCCN5CCCC5)cc4,ridge,5.36957212497498,7.341415651830835
TRAIN1863,Oc1ccc2C(=C(C(=O)Oc2c1)c3ccc(F)cc3)Oc4ccc(OCCN5CCCCC5)cc4,ridge,5.65955588515988,6.956599178714271
TRAIN1864,OC1CCC(CC1)C2=C(c3ccc(O[C@H]4CCN(CCCF)C4)cc3)c5ccc(O)cc5CCC2,ridge,9.69897000433602,8.222707983049148
TRAIN1865,Cc1oc2cc(ccc2n1)C3=C(c4ccc(O[C@H]5CCN(CCCF)C5)cc4)c6ccc(O)cc6CCC3,ridge,9.52287874528034,8.269943299443284
TRAIN1866,Oc1ccc2C(=C(CCCc2c1F)c3ccc(OC(F)F)cc3F)c4ccc(O[C@H]5CCN(CCCF)C5)cc4,ridge,9.69897000433602,8.490707425769466
TRAIN1867,COc1ccc(cc1F)C2=C(c3ccc(O[C@H]4CCN(CCCF)C4)cc3)c5ccc(O)cc5CCC2,ridge,9.52287874528034,8.275827489366204
TRAIN1868,COc1ccc(C2=C(c3ccc(O[C@H]4CCN(CCCF)C4)cc3)c5ccc(O)cc5CCC2)c(C)c1,ridge,9.69897000433602,8.44877833482015
TRAIN1869,CN1CCC(=CC1)C2=C(c3ccc(O[C@H]4CCN(CCCF)C4)cc3)c5ccc(O)cc5CCC2,ridge,7.42021640338319,8.31775362725905
TRAIN1870,Oc1cccc(c1)C2=C(c3ccc(O[C@H]4CCN(CCCF)C4)cc3)c5ccc(O)cc5CCC2,ridge,9.15490195998574,8.34006338534199
TRAIN1871,CCCCOC(=O)c1c(F)c(F)c(O)c(F)c1F,ridge,4.53165266958784,5.83177832318175
TRAIN1872,CCCCOC(=O)c1cc(Cl)c(O)c(Cl)c1,ridge,4.2572748686953,5.504921158920057
TRAIN1873,CCCCOC(=O)c1cc(Br)c(O)c(Br)c1,ridge,4.40450377817443,5.836437859682411
TRAIN1874,CCCCOC(=O)c1ccc(O)c(Br)c1,ridge,5.08565684288056,5.881112209223767
TRAIN1875,CCCCOC(=O)c1cc(I)c(O)c(I)c1,ridge,4.46092390120722,6.3834109531246765
TRAIN1876,CCCCOC(=O)c1ccc(O)c(I)c1,ridge,5.09799710864927,6.200205296410182
TRAIN1877,CCCCOC(=O)c1cc(C)c(O)c(C)c1,ridge,4.48811663902113,5.512978569481639
TRAIN1878,CCCCOC(=O)c1cc(O)c(O)c(O)c1,ridge,5.04720755695591,5.676097623462381
TRAIN1879,CCCCCCCCOC(=O)c1cc(I)c(O)c(I)c1,ridge,4.87942606879415,6.498168336638361
TRAIN1880,CCCCOC(=O)c1ccc(O)cc1,ridge,5.84771165561694,5.706005899019517
TRAIN1881,CCCCCCCCOC(=O)c1cc(c(O)c(c1)[N+](=O)[O-])[N+](=O)[O-],ridge,4.21896306137887,5.969947053880982
TRAIN1882,CCCCCCCCOC(=O)c1cc(O)c(O)c(O)c1,ridge,5.0584885673656,5.494399931885231
TRAIN1883,CCCCCCCCOC(=O)c1cc(C)c(O)c(C)c1,ridge,4.79048498545737,5.657201588965081
TRAIN1884,CCCCCCCCCCNCCOc1ccc(cc1C)C(CCC)(CCC)c2ccc(O)c(C)c2,ridge,7.34678748622466,7.690080614613425
TRAIN1885,CCCCCCCCCCCCCCCCNCCOc1ccc(cc1C)C(CCC)(CCC)c2ccc(O)c(C)c2,ridge,7.69897000433602,7.7197267017689635
TRAIN1886,CCCCCCCCCCCCNCCOc1ccc(cc1C)C(CCC)(CCC)c2ccc(O)c(C)c2,ridge,8.30980391997149,7.681703367034128
TRAIN1887,CCCCCCCCNCCOc1ccc(cc1C)C(CCC)(CCC)c2ccc(O)c(C)c2,ridge,8.61978875828839,7.537721168977772
TRAIN1888,CCCCCCNCCOc1ccc(cc1C)C(CCC)(CCC)c2ccc(O)c(C)c2,ridge,7.10790539730952,7.5184717604504625
TRAIN1889,CCCC(CCC)(c1ccc(O)c(C)c1)c2ccc(OCCN)c(C)c2,ridge,7.10790539730952,7.220859825204802
TRAIN1890,CCCCCCCCOc1ccc(cc1C)C(CCC)(CCC)c2ccc(O)c(C)c2,ridge,6.39794000867204,7.440139595650637
TRAIN1891,CCCCCCOc1ccc(cc1C)C(CCC)(CCC)c2ccc(O)c(C)c2,ridge,6.77469071827414,7.297477245823748
TRAIN1892,CCCCOc1ccc(cc1C)C(CCC)(CCC)c2ccc(O)c(C)c2,ridge,7.06048074738138,7.418255175370235
TRAIN1893,CCCC(CCC)(c1ccc(O)c(C)c1)c2ccc(OCC)c(C)c2,ridge,7.39794000867204,7.147927916755797
TRAIN1894,Cc1cccc2[nH]c(nc12)c3cc4ccccc4n3Cc5ccccc5,ridge,6.41187401639687,5.957198656190798
TRAIN1895,Cc1cc(C)c2nc([nH]c2c1)c3cc4ccccc4n3Cc5ccccc5,ridge,7.47977856411804,5.650773984881278
TRAIN1896,C(c1ccccc1)n2c(cc3ccccc23)c4nc5ccccc5[nH]4,ridge,6.58643202872671,5.7847139053314445
TRAIN1897,Brc1cnc2[nH]c(nc2c1)c3cc4ccccc4n3Cc5ccccc5,ridge,6.52225670221405,5.698325494596549
TRAIN1898,Brc1ccc2[nH]c(nc2c1)c3cc4ccccc4n3Cc5ccccc5,ridge,7.13306318226836,5.986206543211811
TRAIN1899,Clc1cc2nc([nH]c2cc1Cl)c3cc4ccccc4n3Cc5ccccc5,ridge,7.11503480179927,5.704913690272089
TRAIN1900,BrC1=CN2NC(=NC2N=C1)c3cc4ccccc4n3Cc5ccccc5,ridge,6.26826622561727,5.768952797540851
TRAIN1901,Cc1cccc2[nH]c(nc12)c3cc4ccccc4[nH]3,ridge,6.7174005426154,4.780708150752207
TRAIN1902,O=C(c1ccccc1)c2ccc3[nH]c(nc3c2)c4cc5ccccc5[nH]4,ridge,7.32901239698997,5.267170961488924
TRAIN1903,Brc1ccc2[nH]c(nc2c1)c3cc4ccccc4[nH]3,ridge,7.09496007192379,4.872722446607275
TRAIN1904,N1C(=Nc2cccc3cccc1c23)c4cc5ccccc5[nH]4,ridge,6.69505731759754,4.924456546963201
TRAIN1905,COc1cc(ccc1O)C2Oc3c(OC)cc(\C=C\CO)cc3C2CO,ridge,7.20823919598709,6.448563944454311
TRAIN1906,C[C@@H](COc1ccc(cc1)C2Oc3ccc(O)cc3C(=C2c4cccc(O)c4)C)N5CC[C@@H](C)C5,ridge,8.29242982390206,7.84665405204525
TRAIN1907,CC1=C(C(Oc2ccc(O)cc12)c3ccc(OCCN4CCC4)cc3)c5cccc(O)c5,ridge,9.52287874528034,7.56217823487598
TRAIN1908,CC1=C(C(Oc2ccc(O)cc12)c3ccc(OCCN4CCCC4)cc3)c5cccc(O)c5,ridge,9.39794000867204,7.6006447531266845
TRAIN1909,CC1=C(C(Oc2ccc(O)cc12)c3ccc(OCCN4CCCCC4)cc3)c5cccc(O)c5,ridge,9.69897000433602,7.526836400747659
TRAIN1910,CC1=C(C(Oc2ccc(O)cc12)c3ccc(OCCN4CCCCCC4)cc3)c5cccc(O)c5,ridge,9.69897000433602,7.6395708982684685
TRAIN1911,CC1CN(CCOc2ccc(cc2)C3Oc4ccc(O)cc4C(=C3c5cccc(O)c5)C)C1,ridge,9.52287874528034,7.699696214244075
TRAIN1912,C[C@@H]1CCN(CCOc2ccc(cc2)C3Oc4ccc(O)cc4C(=C3c5cccc(O)c5)C)C1,ridge,9.39794000867204,7.750344262419165
TRAIN1913,C[C@H]1CCN(CCOc2ccc(cc2)C3Oc4ccc(O)cc4C(=C3c5cccc(O)c5)C)C1,ridge,9.69897000433602,7.750344262419165
TRAIN1914,CC1CCN(CCOc2ccc(cc2)C3Oc4ccc(O)cc4C(=C3c5cccc(O)c5)C)CC1,ridge,9.69897000433602,7.636673783590826
TRAIN1915,C[C@@H](COc1ccc(cc1)C2Oc3ccc(O)cc3C(=C2c4cccc(O)c4)C)N5CCCC5,ridge,9.39794000867204,7.7449844765405516
TRAIN1916,C[C@H](COc1ccc(cc1)C2Oc3ccc(O)cc3C(=C2c4cccc(O)c4)C)N5CCCC5,ridge,9.52287874528034,7.7449844765405516
TRAIN1917,C[C@@H](COc1ccc(cc1)C2Oc3ccc(O)cc3C(=C2c4cccc(O)c4)C)N5CCC5,ridge,9.04575749056067,7.633536749880502
TRAIN1918,C[C@@H](COc1ccc(cc1)C2Oc3ccc(O)cc3C(=C2c4cccc(O)c4)C)N5CCCCC5,ridge,9.69897000433602,7.539203873216192
TRAIN1919,C[C@@H](COc1ccc(cc1)C2Oc3ccc(O)cc3C(=C2c4cccc(O)c4)C)N5CCCCCC5,ridge,9.69897000433602,7.841982822516683
TRAIN1920,C[C@@H](COc1ccc(cc1)[C@@H]2Oc3ccc(O)cc3C(=C2c4cccc(O)c4)C)N5CC[C@@H](C)C5,ridge,10.0,7.84665405204525
TRAIN1921,C[C@@H](COc1ccc(cc1)[C@H]2Oc3ccc(O)cc3C(=C2c4cccc(O)c4)C)N5CC[C@@H](C)C5,ridge,8.01322826573375,7.853287688738088
TRAIN1922,C[C@@H](COc1ccc(cc1)C2Oc3ccc(O)cc3C(=C2c4cccc(O)c4)C)N5CC[C@H](C)C5,ridge,9.69897000433602,7.853287688738088
TRAIN1923,C[C@H](COc1ccc(cc1)C2Oc3ccc(O)cc3C(=C2c4cccc(O)c4)C)N5CC[C@@H](C)C5,ridge,9.52287874528034,7.84665405204525
TRAIN1924,C[C@H](COc1ccc(cc1)C2Oc3ccc(O)cc3C(=C2c4cccc(O)c4)C)N5CC[C@H](C)C5,ridge,9.69897000433602,7.972512359570352
TRAIN1925,C[C@@H](COc1ccc(cc1)C2Oc3cc(O)ccc3C(=C2c4cccc(O)c4)C)N5CC[C@@H](C)C5,ridge,9.69897000433602,7.859370061329235
TRAIN1926,C[C@@H](COc1ccc(cc1)C2Oc3ccc(O)cc3C(=C2c4ccc(O)cc4)C)N5CC[C@@H](C)C5,ridge,10.0,7.838623563606053
TRAIN1927,C[C@@H](COc1ccc(cc1)C2Oc3cc(O)ccc3C(=C2c4ccc(O)cc4)C)N5CC[C@@H](C)C5,ridge,9.52287874528034,7.937571105510351
TRAIN1928,C[C@@H](COc1ccc(cc1)C2Oc3ccc(O)cc3C(=C2c4ccccc4)C)N5CC[C@@H](C)C5,ridge,9.39794000867204,7.8607463097293175
TRAIN1929,C[C@@H](COc1ccc(cc1)C2Oc3ccc(O)cc3C(=C2c4cccc(F)c4)C)N5CC[C@@H](C)C5,ridge,9.30102999566398,7.86294712787345
TRAIN1930,C[C@@H](COc1ccc(cc1)C2Oc3ccc(O)cc3C(=C2c4ccc(F)cc4)C)N5CC[C@@H](C)C5,ridge,9.39794000867204,8.00653268986887
TRAIN1931,C[C@@H](COc1ccc(cc1)C2Oc3ccc(O)cc3C(=C2c4cccc(c4)C#N)C)N5CC[C@@H](C)C5,ridge,9.15490195998574,7.866645011154606
TRAIN1932,C[C@@H](COc1ccc(cc1)C2Oc3ccc(O)cc3C(=C2c4ccc(cc4)C#N)C)N5CC[C@@H](C)C5,ridge,8.82390874094432,8.093991051260723
TRAIN1933,C[C@@H](COc1ccc(cc1)C2Oc3ccc(O)cc3C(=C2c4cccc(c4)S(=O)(=O)C)C)N5CC[C@@H](C)C5,ridge,8.85387196432176,8.062787959209409
TRAIN1934,C[C@@H](COc1ccc(cc1)C2Oc3ccc(O)cc3C(=C2c4ccc(cc4)S(=O)(=O)C)C)N5CC[C@@H](C)C5,ridge,8.24412514432751,8.041069180727801
TRAIN1935,Oc1ccc(\C=C\C(=O)c2ccc(O)cc2O)cc1,ridge,5.7281583934635,5.806370191340051
TRAIN1936,COC(=O)Cc1ccc(OCc2oc(nc2C)c3cccc(OC)c3)cc1,ridge,5.76955107862173,5.086604054702489
TRAIN1937,COC(=O)c1ccc(OCc2oc(nc2C)c3cccc(OC)c3)cc1,ridge,5.32790214206428,5.004880070886264
TRAIN1938,COC(=O)Cc1ccc(OCc2oc(nc2C)c3ccccc3OC)cc1,ridge,5.38721614328026,4.845458211291997
TRAIN1939,COC(=O)c1cccc(OCc2oc(nc2C)c3ccccc3OC)c1,ridge,5.2839966563652,4.731653034418454
TRAIN1940,CC1CC(=O)C2=C(C1)OC3=C(C2c4cc5ccccc5n4Cc6ccccc6)C(=O)CCC3(C)C,ridge,3.44880626256421,6.473230710418844
TRAIN1941,CC1(C)CC(=O)C2=C(C1)OC3=C(C2c4cc5ccccc5n4Cc6ccccc6)C(=O)CCC3(C)C,ridge,3.23122134917816,6.858735559721818
TRAIN1942,CC1CC(=O)C2=C(C1)OC3=C(C2c4cc5ccccc5n4Cc6ccccc6)C(=O)CC(C)(C)C3,ridge,4.57446577950174,6.1194686852567886
TRAIN1943,CC1(C)CC(=O)C2=C(C1)OC3=C(C2c4cc5ccccc5n4Cc6ccccc6)C(=O)CCC3,ridge,4.73494621149599,6.5373471129906555
TRAIN1944,CC1(C)CCC(=O)C2=C1OC3=C(C2c4cc5ccccc5n4Cc6ccccc6)C(=O)CCC3,ridge,4.25963731050576,6.556841230644405
TRAIN1945,CC1CC(=O)C2=C(C1)OC3=C(C2c4cc5ccccc5n4Cc6ccccc6)C(=O)CCC3,ridge,4.78120200188826,6.528947171607864
TRAIN1946,CC1(C)CC(=O)C2=C(C1)OC3=C(C2c4cc5ccccc5n4Cc6ccccc6)C(=O)CC(C)(C)C3,ridge,4.21623930425608,6.017335661880283
TRAIN1947,CC1CC(=O)C2=C(C1)OC3=C(C2c4cc5ccccc5n4Cc6ccccc6)C(=O)CC(C)C3,ridge,3.31668273807812,6.551811446570375
TRAIN1948,O=C1CCC2=C1C(C3=C(CCC3=O)O2)c4cc5ccccc5n4Cc6ccccc6,ridge,4.29081487044975,6.4858786327840985
TRAIN1949,O=C1NC(=O)C2=C(N1)OC3=C(C2c4cc5ccccc5n4Cc6ccccc6)C(=O)NC(=O)N3,ridge,4.21410097161562,5.229220154270023
TRAIN1950,COc1cc(OC)cc(\C=C\c2ccc(cc2)C3=C(C4CC(C3O4)S(=O)(=O)Oc5ccc(Br)cc5)c6ccc(O)cc6)c1,ridge,5.0329202658555,7.944904380385818
TRAIN1951,CCc1ccccc1OS(=O)(=O)C2CC3OC2C(=C3c4ccc(O)cc4)c5ccc(\C=C\c6cc(OC)cc(OC)c6)cc5,ridge,8.52287874528034,7.812304285946256
TRAIN1952,Oc1ccc(cc1)C2=C(C3OC2CC3S(=O)(=O)Oc4ccccc4)c5ccc(\C=C\c6cc(O)cc(O)c6)cc5,ridge,6.36855623098683,7.629335315037708
TRAIN1953,Oc1ccc(cc1)C2=C(C3OC2CC3S(=O)(=O)Oc4ccc(Br)cc4)c5ccc(\C=C\c6cc(O)cc(O)c6)cc5,ridge,7.21467016498923,7.6279800691089115
TRAIN1954,COc1cccc(OS(=O)(=O)C2CC3OC2C(=C3c4ccc(O)cc4)c5ccc(\C=C\c6cc(O)cc(O)c6)cc5)c1,ridge,7.31875876262441,7.59915062117798
TRAIN1955,Oc1ccc(cc1)C2=C(C3OC2CC3S(=O)(=O)Oc4ccc(F)cc4)c5ccc(\C=C\c6cc(O)cc(O)c6)cc5,ridge,8.30102999566398,7.747216496548097
TRAIN1956,Oc1ccc(cc1)C2=C(C3OC2CC3S(=O)(=O)Oc4ccc(Cl)cc4)c5ccc(\C=C\c6cc(O)cc(O)c6)cc5,ridge,7.20760831050175,7.701065281600425
TRAIN1957,Oc1ccc(cc1)C2=C(C3OC2CC3S(=O)(=O)Oc4ccccc4Cl)c5ccc(\C=C\c6cc(O)cc(O)c6)cc5,ridge,6.77989191195995,7.595687247783134
TRAIN1958,Cc1ccccc1OS(=O)(=O)C2CC3OC2C(=C3c4ccc(O)cc4)c5ccc(\C=C\c6cc(O)cc(O)c6)cc5,ridge,8.0,7.489570985275971
TRAIN1959,Oc1ccc(cc1)C2=C(C3OC2CC3S(=O)(=O)Oc4cccc(c4)C(F)(F)F)c5ccc(\C=C\c6cc(O)cc(O)c6)cc5,ridge,7.14266750356873,7.745842726729877
TRAIN1960,Oc1ccc(cc1)C2=C(C3OC2CC3S(=O)(=O)Oc4cccc(Cl)c4)c5ccc(\C=C\c6cc(O)cc(O)c6)cc5,ridge,6.03058408764602,7.584589905589743
TRAIN1961,Oc1ccc(cc1)C2=C(C3OC2CC3S(=O)(=O)Oc4cccc(O)c4)c5ccc(\C=C\c6cc(O)cc(O)c6)cc5,ridge,5.22040350874218,7.359751107029945
TRAIN1962,Cc1cccc(OS(=O)(=O)C2CC3OC2C(=C3c4ccc(O)cc4)c5ccc(\C=C\c6cc(O)cc(O)c6)cc5)c1,ridge,6.02365002099673,7.490810795336187
TRAIN1963,Oc1ccc(OS(=O)(=O)C2CC3OC2C(=C3c4ccc(O)cc4)c5ccc(\C=C\c6cc(O)cc(O)c6)cc5)cc1,ridge,7.26760624017703,7.6526221382883035
TRAIN1964,Oc1ccc(cc1)C2=C(C3OC2CC3S(=O)(=O)Oc4cccc(Br)c4)c5ccc(\C=C\c6cc(O)cc(O)c6)cc5,ridge,5.61618463401957,7.827586003155497
TRAIN1965,Cc1ccc(OS(=O)(=O)C2CC3OC2C(=C3c4ccc(O)cc4)c5ccc(\C=C\c6cc(O)cc(O)c6)cc5)cc1,ridge,8.69897000433602,7.750892021595053
TRAIN1966,Oc1ccc(cc1)C2=C(C3OC2CC3S(=O)(=O)Oc4cccc5ccccc45)c6ccc(\C=C\c7cc(O)cc(O)c7)cc6,ridge,7.30980391997149,7.698702637820062
TRAIN1967,Oc1ccc(cc1)C2=C(C3OC2CC3S(=O)(=O)Oc4ccccc4)c5ccc(\C=C\c6ccccc6)cc5,ridge,5.98716277529483,7.57159390793295
TRAIN1968,COc1cc(OC)cc(\C=C\c2ccc(OS(=O)(=O)C3CC4OC3C(=C4c5ccc(O)cc5)c6ccc(O)cc6)cc2)c1,ridge,8.15490195998574,7.741046750281621
TRAIN1969,Oc1ccc(cc1)C2=C(C3OC2CC3S(=O)(=O)Oc4ccc(\C=C\c5ccccc5)cc4)c6ccc(O)cc6,ridge,6.82681373158773,7.409655186541652
TRAIN1970,COc1cc(OC)cc(\C=C\c2cccc(OS(=O)(=O)C3CC4OC3C(=C4c5ccc(O)cc5)c6ccc(O)cc6)c2)c1,ridge,6.13194363817696,7.709168183998243
TRAIN1971,Oc1ccc(cc1)C2=C(C3OC2CC3S(=O)(=O)Oc4cccc(\C=C\c5cc(O)cc(O)c5)c4)c6ccc(O)cc6,ridge,5.85078088734462,7.540905346273249
TRAIN1972,Oc1ccc(cc1)C2=C(C3OC2CC3S(=O)(=O)Oc4ccc(\C=C\c5cc(O)cc(O)c5)cc4)c6ccc(O)cc6,ridge,7.72124639904717,7.627790495895834
TRAIN1973,Oc1ccc(cc1)C2=C([C@H]3O[C@H]2C[C@@H]3S(=O)(=O)Oc4ccccc4)c5ccc(O)cc5,ridge,7.88605664769316,7.173542270568504
TRAIN1974,COc1cc(OC)cc(\C=C\c2ccc(OS(=O)(=O)[C@H]3C[C@H]4O[C@@H]3C(=C4c5ccc(O)cc5)c6ccc(O)cc6)cc2)c1,ridge,7.56863623584101,7.447099639713457
TRAIN0001,Oc1ccc2O[C@H]([C@H](Sc2c1)C3CCCC3)c4ccc(OCCN5CCCCC5)cc4,extra_trees,8.60205999132796,8.248898299958075
TRAIN0002,Oc1ccc2O[C@H]([C@H](Sc2c1)C3CCCCCC3)c4ccc(OCCN5CCCCC5)cc4,extra_trees,8.1249387366083,8.555473099182267
TRAIN0003,Oc1ccc(cc1)[C@H]2Sc3cc(O)ccc3O[C@H]2c4ccc(OCCN5CCCCC5)cc4,extra_trees,8.50863830616573,8.522878745280353
TRAIN0004,Oc1ccc2O[C@H]([C@@H](CC3CCCCC3)Sc2c1)c4ccc(OCCN5CCCCC5)cc4,extra_trees,8.4089353929735,8.290750840514116
TRAIN0005,Oc1ccc2O[C@H]([C@@H](Cc3ccccc3)Sc2c1)c4ccc(OCCN5CCCCC5)cc4,extra_trees,8.13076828026902,8.136658281155439
TRAIN0006,Oc1ccc2O[C@H]([C@H](Sc2c1)c3ccncc3)c4ccc(OCCN5CCCCC5)cc4,extra_trees,6.30980391997149,8.229789694973956
TRAIN0007,Oc1ccc(cc1)C2=Cc3cc(O)ccc3C24Cc5ccc(OCCN6CCCCC6)cc5C4,extra_trees,9.0,8.092137746610593
TRAIN0008,Oc1ccc2O[C@H]([C@H](Sc2c1)c3occc3)c4ccc(OCCN5CCCCC5)cc4,extra_trees,7.45593195564972,7.918686855767069
TRAIN0009,Oc1ccc(cc1)C2=Cc3cc(O)ccc3C24Cc5ccccc5C4,extra_trees,8.36653154442041,7.457062678533537
TRAIN0010,Oc1ccc(cc1)C2=Cc3cc(O)ccc3C24C(=O)c5ccccc5C4=O,extra_trees,7.04095860767891,6.690619985027011
TRAIN0011,Oc1ccc(cc1)C2=Cc3cc(O)ccc3C24C(=O)c5ccc(OCCN6CCCCC6)cc5C4=O,extra_trees,6.76447155309245,7.90967852354041
TRAIN0012,Oc1cccc(c1)C2=Cc3cc(O)ccc3C24Cc5ccccc5C4,extra_trees,7.45593195564972,7.976631723166902
TRAIN0013,CC(C)(C)[C@H]1Sc2cc(O)ccc2O[C@H]1c3ccc(OCCN4CCCCC4)cc3,extra_trees,7.95860731484177,8.173859960537506
TRAIN0014,Oc1ccc2O[C@H]([C@H](Sc2c1)C3CCCCC3)c4ccc(OCCN5CCCCC5)cc4,extra_trees,8.58502665202918,8.39356195981937
TRAIN0015,Oc1ccc2O[C@H]([C@H](Sc2c1)c3cccnc3)c4ccc(OCCN5CCCCC5)cc4,extra_trees,6.26600071346161,8.212636351943022
TRAIN0016,CC(C)C[C@H]1Sc2cc(O)ccc2O[C@H]1c3ccc(OCCN4CCCCC4)cc3,extra_trees,8.52287874528034,8.19581849908877
TRAIN0017,Oc1ccc(C[C@H]2Sc3cc(O)ccc3O[C@H]2c4ccc(OCCN5CCCCC5)cc4)cc1,extra_trees,8.56863623584101,8.494611325281525
TRAIN0018,CC(C)[C@H]1Sc2cc(O)ccc2O[C@H]1c3ccc(OCCN4CCCCC4)cc3,extra_trees,8.15490195998574,8.211229158520045
TRAIN0019,Oc1cccc(c1)C2=Cc3cc(O)ccc3C24C(=O)c5ccccc5C4=O,extra_trees,6.43651891460559,7.080262462726871
TRAIN0020,Oc1ccc2O[C@H]([C@H](Sc2c1)c3cccs3)c4ccc(OCCN5CCCCC5)cc4,extra_trees,8.05551732784983,7.266355002803475
TRAIN0021,Oc1ccc2O[C@H]([C@@H](CC3CCCC3)Sc2c1)c4ccc(OCCN5CCCCC5)cc4,extra_trees,8.52287874528034,8.430623043022099
TRAIN0022,Oc1ccc(cc1)c2sc3cc(O)ccc3c2C(=O)c4ccc(OCCN5CCCCC5)cc4,extra_trees,8.74472749489669,8.645656922439732
TRAIN0023,Oc1ccc(cc1)[C@H]2Sc3cc(O)ccc3O[C@H]2c4ccc(COCCN5CCCCC5)cc4,extra_trees,8.63827216398241,8.564187919072754
TRAIN0024,Oc1ccc(cc1)[C@H]2Sc3cc(O)ccc3O[C@H]2c4ccc(cc4)C5=CCNCC5,extra_trees,8.85387196432176,7.614609714366648
TRAIN0025,CN1CCN(CC1)c2ccc(cc2)[C@@H]3Oc4ccc(O)cc4S[C@@H]3c5ccc(O)cc5,extra_trees,9.0,8.537058145788194
TRAIN0026,Oc1ccc(cc1)[C@H]2Sc3cc(O)ccc3O[C@H]2CCCN4CCCCC4,extra_trees,9.15490195998574,7.627366053499701
TRAIN0027,Oc1ccc(cc1)[C@H]2Sc3cc(O)ccc3O[C@H]2c4ccc(CCCN5CCCCC5)cc4,extra_trees,8.85387196432176,8.14208366965298
TRAIN0028,CN1CCCN(CC1)c2ccc(cc2)[C@@H]3Oc4ccc(O)cc4S[C@@H]3c5ccc(O)cc5,extra_trees,8.44369749923271,8.735789278584967
TRAIN0029,Oc1ccc(cc1)[C@H]2Sc3cc(O)ccc3O[C@H]2c4ccc(cc4)C5CCNCC5,extra_trees,8.76955107862173,7.518582294093832
TRAIN0030,CCN1CCN(CC1)c2ccc(cc2)[C@@H]3Oc4ccc(O)cc4S[C@@H]3c5ccc(O)cc5,extra_trees,9.0,8.694845146756766
TRAIN0031,Oc1ccc(cc1)[C@H]2Sc3cc(O)ccc3O[C@H]2c4ccc(cc4)N5CCNCC5,extra_trees,8.35654732351381,8.032610748876248
TRAIN0032,Oc1ccc(cc1)[C@H]2Sc3cc(O)ccc3O[C@H]2c4ccc(CN5CCCCC5)cc4,extra_trees,6.80966830182971,8.635936397582393
TRAIN0033,Oc1ccc(cc1)[C@H]2Sc3cc(O)ccc3O[C@H]2c4ccc(cc4)N5CCCNCC5,extra_trees,8.44369749923271,8.54203097770679
TRAIN0034,C[C@]12CC[C@H]3[C@@H](CCc4cc(O)ccc34)[C@@H]1CC[C@@H]2O,extra_trees,8.88605664769316,7.534209879440378
TRAIN0035,CCCCN(C)C(=O)CCCCCCCCCCS[C@@H]1[C@H](O)c2cc(O)ccc2[C@H]3CC[C@]4(C)[C@@H](O)CC[C@H]4[C@H]13,extra_trees,7.49485002168009,7.419902725710503
TRAIN0036,CC\C(=C(/c1ccccc1)\c2ccc(\C=C\C(=O)O)cc2)\c3ccccc3,extra_trees,7.4089353929735,7.119419772359535
TRAIN0037,C[C@]12CC[C@H]3[C@@H]([C@H](Sc4ccc(Br)cc4)C(O)c5cc(O)ccc35)[C@@H]1CC[C@@H]2O,extra_trees,6.40120949323688,6.762822447024118
TRAIN0038,C[C@]12CC[C@H]3[C@@H]([C@@H](Cc4cc(O)ccc34)Sc5ccc(\C=C\C(=O)O)cc5)[C@@H]1CC[C@@H]2O,extra_trees,7.33724216831843,6.79178151877988
TRAIN0039,CN(C)C(=O)\C=C\c1ccc(S[C@@H]2Cc3cc(O)ccc3[C@H]4CC[C@]5(C)[C@@H](O)CC[C@H]5[C@H]24)cc1,extra_trees,7.0268721464003,6.6249503955995435
TRAIN0040,CCCCN(C)C(=O)CCCCCCCCCCS[C@H]1[C@@H]2[C@H](CC[C@]3(C)[C@@H](O)CC[C@@H]23)c4ccc(O)cc4C1=O,extra_trees,7.48148606012211,7.382992222384788
TRAIN0041,C[C@]12CC[C@H]3[C@@H]([C@H](CCCCCCCCCS(=O)CCCC(F)(F)C(F)(F)F)Cc4cc(O)ccc34)[C@@H]1CC[C@@H]2O,extra_trees,8.22184874961636,6.128741150230631
TRAIN0042,CCCCN(C)C(=O)CCCCCCCCCCS[C@@H]1Cc2cc(O)ccc2[C@H]3CC[C@]4(C)[C@@H](O)CC[C@H]4[C@H]13,extra_trees,8.04575749056067,7.007106024973298
TRAIN0043,Oc1ccc(cc1)[C@H]2Sc3cc(O)ccc3S[C@H]2c4ccc(OCCN5CCCC5)cc4,extra_trees,7.74472749489669,8.0115061627641
TRAIN0044,Oc1ccc2O[C@H]([C@H](Sc2c1)c3cccc(O)c3)c4ccc(OCCN5CCCC5)cc4,extra_trees,9.0,8.524263644102707
TRAIN0045,Oc1ccc(cc1)[C@H]2Sc3cc(O)ccc3S[C@H]2c4ccc(OCCN5CCCCC5)cc4,extra_trees,7.67778070526608,7.783805767287009
TRAIN0046,Oc1cccc(c1)[C@H]2Sc3cc(O)ccc3S[C@H]2c4ccc(OCCN5CCCCC5)cc4,extra_trees,7.82390874094432,7.809286486470297
TRAIN0047,Oc1cccc(c1)[C@H]2Sc3cc(O)ccc3S[C@H]2c4ccc(OCCN5CCCCC5)c(Br)c4,extra_trees,8.39794000867204,8.055548250902733
TRAIN0048,Oc1ccc(cc1)[C@H]2Sc3cc(O)ccc3S[C@H]2c4ccc(OCCN5CCCCC5)c(Br)c4,extra_trees,8.30102999566398,8.267327927850983
TRAIN0049,Oc1ccc(cc1)[C@H]2Sc3cc(O)ccc3S[C@H]2c4ccc(OCCN5CCCC5)c(Br)c4,extra_trees,8.39794000867204,7.776724421043366
TRAIN0050,Oc1cccc(c1)[C@H]2Sc3cc(O)ccc3O[C@H]2c4ccc(OCCN5CCCCC5)cc4,extra_trees,8.39794000867204,8.656698368446083
TRAIN0051,CN(CCCc1ccc(Cl)cc1)c2nc(NCCc3ccc(O)cc3)nc(n2)N4CCNCC4,extra_trees,6.95860731484177,6.806747541406162
TRAIN0052,CN(CCCc1ccc(F)cc1)c2nc(NCCc3ccc(O)cc3)nc(n2)N4CCNCC4,extra_trees,6.61978875828839,6.430599623162202
TRAIN0053,CN(C[C@@H]1C[C@@H]1c2ccccc2)c3nc(NCCc4ccc(O)cc4)nc(n3)N5CCNCC5,extra_trees,6.24795155218056,7.068301045960517
TRAIN0054,CN(CCCc1ccc(Cl)cc1)c2nc(NCCc3ccc(O)cc3)nc(n2)N4CCN(Cc5csc(C)n5)CC4,extra_trees,6.82390874094432,6.607807842358485
TRAIN0055,CN(CCCc1ccc(Cl)cc1)c2nc(NCCc3ccc(O)cc3)nc(n2)N4CCN(CCO)CC4,extra_trees,7.52287874528034,6.725198639641929
TRAIN0056,Oc1ccc(CCNc2nc(SCCCc3ccc(Cl)cc3)nc(n2)N4CCNCC4)cc1,extra_trees,7.09691001300806,6.911359028696408
TRAIN0057,COc1cccc2OC(c3ccccc3)c4c(Br)c(NS(=O)(=O)C)ccc4c12,extra_trees,5.64187471472335,5.000842756449275
TRAIN0058,Oc1ccc(cc1)C(=C(CC(F)(F)F)c2ccccc2)c3ccc(O)cc3,extra_trees,8.04575749056067,7.047041373082361
TRAIN0059,Oc1ccc(cc1)C(=Cc2ccccc2)c3ccc(O)cc3,extra_trees,6.82390874094432,6.567824041051419
TRAIN0060,CC\C(=C(/c1ccccc1)\c2ccc(OCCN(C)C)cc2)\c3ccccc3,extra_trees,6.30102999566398,7.652761749883668
TRAIN0061,CCC(=C(c1ccc(O)cc1)c2ccc(O)cc2)c3ccccc3,extra_trees,7.82390874094432,7.66534886378142
TRAIN0062,CCCCC(=C(c1ccc(O)cc1)c2ccc(O)cc2)c3ccccc3,extra_trees,6.30102999566398,7.268480394192109
TRAIN0063,CC(=C(c1ccc(O)cc1)c2ccc(O)cc2)c3ccccc3,extra_trees,7.52287874528034,7.262375154669376
TRAIN0064,CCCC(=C(c1ccc(O)cc1)c2ccc(O)cc2)c3ccccc3,extra_trees,7.30102999566398,7.257342388673081
TRAIN0065,CC\C(=C(/c1ccccc1)\c2ccc(O)cc2)\c3ccccc3,extra_trees,8.15490195998574,7.453859186154129
TRAIN0066,CC\C(=C(\CC)/c1ccc(O)cc1)\c2ccc(O)cc2,extra_trees,9.48148606012211,6.690761362945355
TRAIN0067,CCc1c(oc(c2ccc(O)cc2)c1c3ccc(OCCN4CCCCC4)cc3)c5ccc(O)cc5,extra_trees,7.18708664335714,8.03209760905143
TRAIN0068,Cc1c(c2ccc(O)cc2)n(Cc3ccc(OCCN4CCCCC4)cc3)c5ccc(O)cc15,extra_trees,7.85387196432176,7.420407089642511
TRAIN0069,Cc1c(c2ccc(O)cc2)n(Cc3ccc(OCCN4CCCCCC4)cc3)c5ccc(O)cc15,extra_trees,7.63827216398241,7.676119146386055
TRAIN0070,Cc1c(c2ccc(O)cc2)n(CCCCCCN3CCCC3)c4ccc(O)cc14,extra_trees,7.60205999132796,7.222253465578854
TRAIN0071,Cc1cc(O)c2C(=O)c3c(O[C@@H]4O[C@H](CO)[C@@H](O)[C@H](O)[C@H]4O)cc(O)cc3C(=O)c2c1,extra_trees,4.69897000433602,5.136948790772324
TRAIN0072,Oc1ccc(cc1)C2=COc3cc(O)cc(O)c3C2=O,extra_trees,5.88605664769316,5.381216311006005
TRAIN0073,Oc1ccc(cc1)C2=COc3cc(O)ccc3C2=O,extra_trees,5.20065945054642,6.028533224290846
TRAIN0074,Cc1cc(O)c2C(=O)c3c(O)cc(O)cc3C(=O)c2c1,extra_trees,5.56863623584101,5.486930262580748
TRAIN0075,Oc1ccc2C(=O)c3cc(O)ccc3C(=O)c2c1,extra_trees,5.95860731484177,5.5338208430044995
TRAIN0076,Cc1ccc(cc1)S(=O)(=O)N2CCc3cc(O)ccc3C2c4ccc(OCCN5CCCC5)cc4,extra_trees,7.60554831917378,7.9115604219344915
TRAIN0077,Oc1ccc(cc1)C2CN(Cc3cc(O)ccc23)C(=O)c4ccccc4,extra_trees,6.79588001734407,6.197522632715259
TRAIN0078,Oc1ccc2C(N(CCc2c1)c3ccccc3)c4cccs4,extra_trees,7.30102999566398,6.652195919405438
TRAIN0079,Oc1ccc2C(N(CCc2c1)c3ccc(\C=C\C(=O)N4CCOCC4)cc3)c5ccccc5,extra_trees,8.22914798835786,6.358010651886137
TRAIN0080,Oc1ccc2C(N(CCc2c1)S(=O)(=O)c3cccc4ccccc34)c5ccc(OCCN6CCCC6)cc5,extra_trees,8.2518119729938,7.341979072856868
TRAIN0081,CN(C)C(=O)\C=C\c1ccc(cc1)N2CCc3cc(O)ccc3C2c4ccccc4,extra_trees,8.09691001300806,6.7267911521196995
TRAIN0082,Oc1ccc2C(C(CCc2c1)c3ccccc3)c4ccc(OCCN5CCCC5)cc4,extra_trees,9.30102999566398,8.41675644349582
TRAIN0083,Oc1ccc(cc1)C2CN(Cc3cc(O)ccc23)S(=O)(=O)c4ccccc4,extra_trees,6.92081875395237,5.857105543316701
TRAIN0084,Oc1ccc2C(N(Cc3ccc4OCOc4c3)CCc2c1)c5ccc(OCCN6CCCC6)cc5,extra_trees,8.03621217265444,7.828049822201568
TRAIN0085,Oc1ccc2C(CC3CCCCC3)N(CCc2c1)c4ccccc4,extra_trees,7.27490547891853,7.351526536876423
TRAIN0086,Oc1ccc2C(Cc3ccccc3)N(CCc2c1)c4ccccc4,extra_trees,8.17392519729917,7.380404031168318
TRAIN0087,Oc1ccc2C(N(CCc2c1)C(=O)c3ccccc3)c4ccc(OCCN5CCCC5)cc4,extra_trees,6.25026368443094,7.442424671905064
TRAIN0088,Oc1ccc(cc1)C2CN(Cc3ccccc3)Cc4cc(O)ccc24,extra_trees,7.69680394257951,7.213730038507786
TRAIN0089,Oc1ccc2C(C3CCCCC3)N(CCc2c1)c4ccccc4,extra_trees,7.52578373592374,7.3085487769226845
TRAIN0090,Oc1ccc(cc1)C2CN(Cc3cc(O)ccc23)S(=O)(=O)c4cccc5ccccc45,extra_trees,7.55284196865778,7.550033004074827
TRAIN0091,Oc1ccc2C(N(CCc2c1)C(=O)C(F)(F)F)c3ccc(Br)cc3,extra_trees,6.78251605578609,6.617391940299818
TRAIN0092,Oc1ccc(cc1)C2CN(Cc3cc(O)ccc23)C(=O)C(F)(F)F,extra_trees,6.911155437273,7.044606761637849
TRAIN0093,Oc1ccc2C(N(CCc2c1)S(=O)(=O)c3ccccc3)c4ccc(OCCN5CCCC5)cc4,extra_trees,8.2839966563652,7.659999017239016
TRAIN0094,Oc1ccc(cc1)[C@H]2N(CCc3cc(O)ccc23)C(=O)C(F)(F)F,extra_trees,7.27083521030723,6.705653072939422
TRAIN0095,Oc1ccc2C(N(CCc2c1)S(=O)(=O)c3ccc4ccccc4c3)c5ccc(OCCN6CCCC6)cc5,extra_trees,6.95078197732982,7.3255898271011874
TRAIN0096,Oc1ccc2C(N(CCc2c1)C(=O)C(F)(F)F)c3ccccc3,extra_trees,6.62893213772826,6.37042846538983
TRAIN0097,CCCc1ccc(cc1)S(=O)(=O)N2CCc3cc(O)ccc3C2c4ccc(OCCN5CCCC5)cc4,extra_trees,7.53165266958784,7.600063710949405
TRAIN0098,Oc1ccc2C(N(CCc2c1)c3ccccc3)c4ccccc4,extra_trees,7.51286162452281,7.568142357749773
TRAIN0099,Oc1ccc2C(N(CCc2c1)C(=O)C(F)(F)F)c3cccs3,extra_trees,6.4145392704915,6.05313796031402
TRAIN0100,Oc1ccc2C(N(CCc2c1)c3ccccc3)c4ccc(OCCN5CCCC5)cc4,extra_trees,7.93930215964639,7.97521000465167
TRAIN0101,CC(C)C1N(CCc2cc(O)ccc12)c3ccccc3,extra_trees,7.36957212497498,6.532619401195776
TRAIN0102,Oc1ccc2C(N(Cc3ccccc3)CCc2c1)c4ccc(OCCN5CCCC5)cc4,extra_trees,8.32790214206428,7.893337519196505
TRAIN0103,Oc1ccc2C(N(CCc2c1)C(=O)C(F)(F)F)c3ccc(OCCN4CCCC4)cc3,extra_trees,7.54211810326601,6.754682306744115
TRAIN0104,CCOC(=O)N1CCc2cc(O)ccc2C1c3ccc(OCCN4CCCC4)cc3,extra_trees,7.35359627377693,7.054384905561129
TRAIN0105,Oc1ccc(cc1)[C@@H]2Sc3cc(O)c(F)cc3O[C@@H]2c4ccc(OCCN5CCCCC5)cc4,extra_trees,7.86966623150499,9.07172300979337
TRAIN0106,Oc1ccc(cc1)[C@@H]2Sc3cc(O)ccc3O[C@H]2c4ccc(OCCN5CCCCC5)cc4,extra_trees,8.52287874528034,8.522878745280353
TRAIN0107,Oc1ccc(cc1)C2=Nc3c(O)cc(O)cc3OC2,extra_trees,4.48148606012211,5.840282545422008
TRAIN0108,Cc1ccc(cc1)N2CCc3cc(O)ccc3C2(C)c4ccc(OCCN5CCCCC5)cc4,extra_trees,7.55284196865778,7.353307487006195
TRAIN0109,Oc1ccc(cc1)[C@@H]2Sc3c(Cl)c(O)ccc3O[C@@H]2c4ccc(OCCN5CCCCC5)cc4,extra_trees,8.61978875828839,9.146291210418557
TRAIN0110,CN(C)CCOc1ccc(cc1)[C@@H]2Oc3ccc(O)cc3S[C@@H]2c4cccc(O)c4,extra_trees,8.85387196432176,8.236683110707347
TRAIN0111,CCC1Oc2cc(O)ccc2N=C1c3ccc(O)cc3,extra_trees,6.07058107428571,5.7072021228214656
TRAIN0112,Oc1ccc2[C@H]([C@H](CCc2c1)c3ccccc3)c4ccc(OCCN5CCCC5)cc4,extra_trees,8.39794000867204,8.41675644349582
TRAIN0113,Oc1ccc2C3=Nc4ccc(O)cc4OC3Cc2c1,extra_trees,5.2518119729938,5.874293917128552
TRAIN0114,CC(C)c1ccc(cc1)N2CCc3cc(O)ccc3C2(C)c4ccc(OCCN5CCCCC5)cc4,extra_trees,7.14874165128092,7.336605473985843
TRAIN0115,Cc1cc2S[C@H]([C@H](Oc2cc1O)c3ccc(OCCN4CCCCC4)cc3)c5ccc(O)cc5,extra_trees,7.45717457304082,8.753503045099471
TRAIN0116,CC1(C)Oc2cc(O)ccc2N=C1c3ccc(O)cc3,extra_trees,5.06550154875643,5.764038753234081
TRAIN0117,CCC(=C(c1ccc(O)cc1)c2ccc(OCCN(C)C)cc2)c3ccccc3,extra_trees,7.76955107862173,7.139573125737259
TRAIN0118,Oc1ccc(cc1)[C@@H]2Sc3ccc(O)cc3O[C@@H]2c4ccc(OCCN5CCCCC5)cc4,extra_trees,8.79588001734407,8.475243267574722
TRAIN0119,Oc1cccc(c1)C2Sc3cc(O)ccc3OC2c4ccc(OCCN5CCCCC5)cc4,extra_trees,8.52287874528034,8.656698368446083
TRAIN0120,CC1CCN(CCOc2ccc(cc2)[C@@H]3Oc4ccc(O)cc4S[C@@H]3c5cccc(O)c5)CC1,extra_trees,9.09691001300806,8.57858237021893
TRAIN0121,CCC1Oc2cc(O)cc(C)c2N=C1c3ccc(O)c(Br)c3,extra_trees,6.74472749489669,5.646048834446676
TRAIN0122,CC1Oc2cc(O)cc(O)c2N=C1c3ccc(O)cc3,extra_trees,5.55284196865778,5.784079321025176
TRAIN0123,Oc1ccc(cc1)[C@@H]2Sc3c(F)c(O)ccc3O[C@@H]2c4ccc(OCCN5CCCCC5)cc4,extra_trees,9.09691001300806,9.0
TRAIN0124,Cc1ccc(cc1)N2CCc3cc(O)ccc3C2(C)c4ccc(OCCN5CCCC5)cc4,extra_trees,7.50863830616573,7.703167391589919
TRAIN0125,Oc1ccc(cc1)[C@H]2[C@H](Oc3ccc(O)cc3S2(=O)=O)c4ccc(OCCN5CCCCC5)cc4,extra_trees,5.96257350205938,7.865989688488566
TRAIN0126,CN(C)c1cccc(c1)N2CCc3cc(O)ccc3C2(C)c4ccc(OCCN5CCCCC5)cc4,extra_trees,7.14874165128092,7.19231275729687
TRAIN0127,Cc1cc(O)cc2O[C@@H]([C@@H](Sc12)c3ccc(O)cc3)c4ccc(OCCN5CCCCC5)cc4,extra_trees,8.69897000433602,8.416443527488267
TRAIN0128,Oc1ccc2OC(C(Sc2c1)c3ccccc3)c4ccc(OCCN5CCCCC5)cc4,extra_trees,7.92445303860747,8.207608310501739
TRAIN0129,CCC1Oc2cc(O)cc(O)c2N=C1c3ccc(O)cc3,extra_trees,5.92081875395237,5.756098783947179
TRAIN0130,CC1(N(CCc2cc(O)ccc12)c3ccc(Cl)cc3)c4ccc(OCCN5CCCCC5)cc4,extra_trees,7.45593195564972,7.393428068976315
TRAIN0131,Oc1ccc(cc1)C2=C(Oc3ccc(O)cc3S2)c4ccc(OCCN5CCCCC5)cc4,extra_trees,8.79588001734407,8.127571334244383
TRAIN0132,CC1(N(CCc2cc(O)ccc12)c3ccc(Cl)cc3)c4ccc(OCCN5CCCC5)cc4,extra_trees,7.56863623584101,7.312249774101467
TRAIN0133,CC1(N(CCc2cc(O)ccc12)c3cccc(Cl)c3)c4ccc(OCCN5CCCCC5)cc4,extra_trees,7.30980391997149,7.381902293876737
TRAIN0134,Oc1ccc(cc1)[C@@H]2Sc3cc(O)c(Cl)cc3O[C@@H]2c4ccc(OCCN5CCCCC5)cc4,extra_trees,8.26760624017703,8.902621917719829
TRAIN0135,Cc1cc(O)cc2S[C@H]([C@H](Oc12)c3ccc(OCCN4CCCCC4)cc3)c5ccc(O)cc5,extra_trees,8.27572413039921,8.74445749472312
TRAIN0136,Oc1ccc(cc1)[C@H]2Sc3c(F)c(O)ccc3O[C@H]2c4ccc(OCCN5CCCCC5)cc4,extra_trees,9.0,9.096910013008044
TRAIN0137,Oc1ccc(cc1)[C@@H]2Sc3cc(O)ccc3O[C@@H]2c4ccc(OCCN5CCCCC5)cc4,extra_trees,8.52287874528034,8.515758525723026
TRAIN0138,Oc1ccc(cc1)[C@@H]2Cc3ccc(O)cc3O[C@@H]2c4ccc(OCCN5CCCCC5)cc4,extra_trees,8.17392519729917,7.57698315647568
TRAIN0139,Oc1ccc2O[C@@H]([C@@H](Sc2c1)c3ccccc3)c4ccc(OCCN5CCCCC5)cc4,extra_trees,8.20760831050175,7.924453038607457
TRAIN0140,Oc1ccc(cc1)[C@@H]2Sc3c(Cl)cc(O)cc3O[C@@H]2c4ccc(OCCN5CCCCC5)cc4,extra_trees,9.29242982390206,8.261751285621923
TRAIN0141,CC1(C)Oc2cc(O)cc(O)c2N=C1c3ccc(O)c(Br)c3,extra_trees,5.22184874961636,5.669724044250341
TRAIN0142,CC1(N(CCc2cc(O)ccc12)c3ccccc3)c4ccc(OCCN5CCCCC5)cc4,extra_trees,7.53760200210104,7.454481961682741
TRAIN0143,CC1(N(CCc2cc(O)ccc12)c3ccccc3)c4ccc(OCCN5CCCCCC5)cc4,extra_trees,7.2518119729938,7.42320996873268
TRAIN0144,Oc1ccc(cc1)[C@@H]2Sc3c(O)cc(O)cc3O[C@@H]2c4ccc(OCCN5CCCCC5)cc4,extra_trees,7.60205999132796,8.120175178840023
TRAIN0145,Oc1ccc2C3=Nc4ccc(O)cc4OC3CCc2c1,extra_trees,5.22184874961636,5.971189887135855
TRAIN0146,Oc1ccc2C(N(CCc2c1)c3ccccc3)c4ccc(OCCN5CCCCC5)cc4,extra_trees,7.72124639904717,7.4391028016235925
TRAIN0147,CC(C)c1cccc(c1)N2CCc3cc(O)ccc3C2(C)c4ccc(OCCN5CCCCC5)cc4,extra_trees,7.33724216831843,7.133216723012619
TRAIN0148,Oc1ccc(cc1)[C@@H]2Sc3ccccc3O[C@@H]2c4ccc(OCCN5CCCCC5)cc4,extra_trees,8.0,8.155060034245796
TRAIN0149,C[C@]12CC[C@H]3[C@@H](CCc4cc(O)ccc34)[C@@H]1CCC2=O,extra_trees,6.67778070526608,6.9610066810236235
TRAIN0150,Oc1ccc(cc1)[C@@H]2Sc3c(F)cc(O)cc3O[C@@H]2c4ccc(OCCN5CCCCC5)cc4,extra_trees,9.30102999566398,8.653510756850686
TRAIN0151,Oc1ccc(cc1)C2=Nc3ccc(O)cc3OC2,extra_trees,4.79588001734407,5.100307429306084
TRAIN0152,CCC1Oc2cc(O)cc(O)c2N=C1c3ccc(O)c(Br)c3,extra_trees,5.27572413039921,5.653483428493158
TRAIN0153,CC1Oc2cc(O)cc(C)c2N=C1c3ccc(O)c(Br)c3,extra_trees,6.49485002168009,5.490653138924253
TRAIN0154,Oc1ccc2C(N(CCc2c1)c3ccccc3)c4ccc(F)cc4,extra_trees,6.54515513999149,7.3125127579590385
TRAIN0155,CC(C)c1ccc(cc1)N2CCc3cc(O)ccc3C2(C)c4ccc(OCCN5CCCC5)cc4,extra_trees,7.35654732351381,7.281251118020528
TRAIN0156,CC1(N(CCc2cc(O)ccc12)c3ccc(F)cc3)c4ccc(OCCN5CCCCC5)cc4,extra_trees,7.42021640338319,7.47810106908354
TRAIN0157,CN(C)c1cccc(c1)N2CCc3cc(O)ccc3C2(C)c4ccc(OCCN5CCCC5)cc4,extra_trees,7.0268721464003,7.235858822120685
TRAIN0158,Oc1ccc(cc1)[C@H]2[C@H](Oc3cc(O)ccc3C2=O)c4ccc(OCCN5CCCCC5)cc4,extra_trees,7.4089353929735,6.836208996031006
TRAIN0159,Oc1ccc2O[C@@H]([C@@H](Sc2c1)c3ccccc3O)c4ccc(OCCN5CCCCC5)cc4,extra_trees,8.88605664769316,8.110500509182312
TRAIN0160,CC1(N(CCc2cc(O)ccc12)c3cccc(O)c3)c4ccc(OCCN5CCCCC5)cc4,extra_trees,7.46852108295774,7.447139339296103
TRAIN0161,CCc1cc(O)cc2O[C@@H]([C@@H](Sc12)c3ccc(O)cc3)c4ccc(OCCN5CCCCC5)cc4,extra_trees,7.27327279097343,8.416279845149898
TRAIN0162,Oc1ccc(cc1)[C@@H]2Sc3cc(O)cc(Cl)c3O[C@@H]2c4ccc(OCCN5CCCCC5)cc4,extra_trees,8.27572413039921,9.03366134655479
TRAIN0163,CC1(N(CCc2cc(O)ccc12)c3ccc(F)cc3)c4ccc(OCCN5CCCC5)cc4,extra_trees,7.50863830616573,7.454906749023856
TRAIN0164,COc1ccc(cc1)C2Sc3cc(O)ccc3OC2c4ccc(OCCN5CCCCC5)cc4,extra_trees,7.38615817812393,8.30918525352848
TRAIN0165,CC1CCCC(C)N1CCOc2ccc(cc2)[C@@H]3Oc4ccc(O)cc4S[C@@H]3c5cccc(O)c5,extra_trees,8.46852108295774,8.916700390536272
TRAIN0166,CCCC1Oc2cc(O)ccc2N=C1c3ccc(O)cc3,extra_trees,5.76955107862173,5.969518969903896
TRAIN0167,Oc1ccc(cc1)[C@@H]2Sc3cc(Cl)c(O)cc3O[C@@H]2c4ccc(OCCN5CCCCC5)cc4,extra_trees,7.63638802010786,8.891886618671208
TRAIN0168,CCc1c(O)ccc2S[C@H]([C@H](Oc12)c3ccc(OCCN4CCCCC4)cc3)c5ccc(O)cc5,extra_trees,8.32790214206428,7.476404187077127
TRAIN0169,CC1(N(CCc2cc(O)ccc12)c3ccccc3)c4ccc(OCCN5CCCC5)cc4,extra_trees,7.42021640338319,7.761317008751381
TRAIN0170,CC1(N(CCc2cc(O)ccc12)c3cccc(Cl)c3)c4ccc(OCCN5CCCC5)cc4,extra_trees,7.18045606445813,7.50691465900595
TRAIN0171,Oc1cccc(c1)[C@H]2Sc3cc(O)ccc3O[C@H]2c4ccc(OCCN5CCOCC5)cc4,extra_trees,8.42021640338319,8.54065130700063
TRAIN0172,Cc1c(O)ccc2S[C@H]([C@H](Oc12)c3ccc(OCCN4CCCCC4)cc3)c5ccc(O)cc5,extra_trees,8.92081875395237,7.855408599946296
TRAIN0173,CC1Oc2cc(O)ccc2N=C1c3ccc(O)cc3,extra_trees,5.76955107862173,5.437846132890169
TRAIN0174,CC1(N(CCc2cc(O)ccc12)c3cccc(O)c3)c4ccc(OCCN5CCCC5)cc4,extra_trees,7.50863830616573,7.5788480607955595
TRAIN0175,CC1(N(CCc2cc(O)ccc12)c3cccc(F)c3)c4ccc(OCCN5CCCC5)cc4,extra_trees,7.4089353929735,7.451869423443652
TRAIN0176,Oc1cccc(c1)[C@H]2Sc3cc(O)ccc3O[C@H]2c4ccc(OCCNC5CCCCCC5)cc4,extra_trees,8.92081875395237,7.548460679755921
TRAIN0177,Oc1ccc2OC(C(Sc2c1)c3ccc(F)cc3)c4ccc(OCCN5CCCCC5)cc4,extra_trees,8.42021640338319,8.377158952429003
TRAIN0178,Oc1ccc2C(=O)c3oc4cc(O)ccc4c3Oc2c1,extra_trees,6.25570701687732,6.06285806237611
TRAIN0179,COc1cc(O)c2C(=O)c3c(Oc2c1)oc4cc(O)ccc34,extra_trees,5.56415563401556,6.676818875222831
TRAIN0180,Oc1cc(O)c2C(=O)c3oc4c(cc(O)cc4c3Oc2c1)C#N,extra_trees,5.80966830182971,5.64200930631648
TRAIN0181,Oc1cc(O)c2C(=O)c3sc4ccccc4c3Oc2c1,extra_trees,5.4350973274708,5.696165769508378
TRAIN0182,CC1=C(c2ccc(O)cc2)C3(Cc4ccccc4C3)c5ccc(O)cc15,extra_trees,7.72124639904717,7.505939835782361
TRAIN0183,Oc1ccc(cc1)C2=CC(=O)c3c(O)cc(O)cc3O2,extra_trees,5.90204892900585,5.082156733257252
TRAIN0184,CC1=CC[C@@]2(CO)COC([C@@H]1C2)c3ccc(O)cc3,extra_trees,5.49485002168009,6.141144670425926
TRAIN0185,Oc1ccc2CC3(Cc2c1)C(=Cc4ccccc34)c5ccccc5,extra_trees,7.23657200643706,7.6116227679118165
TRAIN0186,Oc1ccc2Oc3c(oc4cc(O)ccc34)C(=O)c2c1,extra_trees,5.82390874094432,6.171671254080399
TRAIN0187,Oc1ccc2c(C=C(c3ccccc3)C24Cc5ccccc5C4)c1,extra_trees,7.61978875828839,7.268289998528462
TRAIN0188,Oc1ccc2c3C(=O)c4c(O)cc(O)cc4Oc3oc2c1,extra_trees,7.55284196865778,6.328067494407152
TRAIN0189,Oc1cc(O)c2C(=O)c3oc4c(Br)cc(O)cc4c3Oc2c1,extra_trees,5.89962945488244,5.899771511046254
TRAIN0190,Oc1ccc2oc3C(=O)c4c(O)cc(O)cc4Oc3c2c1,extra_trees,5.53003079050004,6.9343927883378385
TRAIN0191,OC[C@]12CC[C@H]([C@H](C1)C=CC2)c3ccc(O)cc3,extra_trees,6.25963731050576,5.828368521950418
TRAIN0192,Oc1cccc(c1)C2=Cc3ccc(O)cc3C24Cc5ccccc5C4,extra_trees,7.50863830616573,7.835258968573787
TRAIN0193,Oc1ccc2c3Oc4cc(O)cc(O)c4C(=O)c3oc2c1,extra_trees,7.16749108729376,6.03663059875088
TRAIN0194,Oc1ccc2Oc3c(oc4ccc(O)cc34)C(=O)c2c1,extra_trees,6.74472749489669,6.158056962796719
TRAIN0195,OC(=O)CCCOc1ccc(cc1)\C(=C\CCc2ccccc2)\c3cccc(O)c3,extra_trees,5.76955107862173,6.7093527270404225
TRAIN0196,CC\C(=C(/c1ccc(O)cc1)\c2ccc(OCC(=O)O)cc2)\c3ccccc3,extra_trees,6.30102999566398,6.182643790792975
TRAIN0197,CC\C(=C(\c1ccc(OCC(=O)O)cc1)/c2cccc(O)c2)\c3ccccc3,extra_trees,5.84163750790475,6.400705472927518
TRAIN0198,OC(=O)CCCOc1ccc(cc1)\C(=C\CCc2ccccc2)\c3ccc(O)cc3,extra_trees,6.62893213772826,6.059728033876461
TRAIN0199,CC[C@@](C)([C@@H](c1ccc(O)cc1)c2ccc(OCCCC(=O)O)cc2)c3ccccc3,extra_trees,5.22184874961636,7.056067752035263
TRAIN0200,O\N=C/1\[C@H]([C@H](Oc2cc(O)ccc12)c3ccc(OCCN4CCCCC4)cc3)c5ccc(O)cc5,extra_trees,5.98296666070122,7.90524953747739
TRAIN0201,C[C@H]1[C@H](Oc2cc(O)ccc2C1=O)c3ccc(OCCN4CCCCC4)cc3,extra_trees,5.44818417764898,6.665687330148811
TRAIN0202,Oc1ccc2C(=O)[C@H]([C@H](Oc2c1)c3ccc(OCCN4CCCCC4)cc3)c5ccccc5,extra_trees,6.27490547891853,7.190690008463169
TRAIN0203,Cc1cc(O)cc2O[C@@H]([C@@H](C(=O)c12)c3ccc(O)cc3)c4ccc(OCCN5CCCCC5)cc4,extra_trees,7.85387196432176,7.346910920940194
TRAIN0204,C[C@@H]1[C@H](Oc2cc(O)ccc2C1=O)c3ccc(OCCN4CCCCC4)cc3,extra_trees,5.84924356013969,6.665687330148811
TRAIN0205,Oc1ccc(cc1)[C@H]2Oc3cc(O)ccc3C(=O)[C@H]2c4ccc(O)cc4,extra_trees,6.30980391997149,6.401532351768705
TRAIN0206,CCc1cc(O)cc2O[C@@H]([C@@H](C(=O)c12)c3ccc(O)cc3)c4ccc(OCCN5CCCCC5)cc4,extra_trees,7.16749108729376,7.013721143806876
TRAIN0207,CCCCCc1cc(O)cc2O[C@@H]([C@@H](C(=O)c12)c3ccc(O)cc3)c4ccc(OCCN5CCCCC5)cc4,extra_trees,7.14874165128092,7.158742695793468
TRAIN0208,COc1cc(ccc1O)[C@H]2[C@H](Oc3cc(O)ccc3C2=O)c4ccc(OCCN5CCCCC5)cc4,extra_trees,6.3840499483436,7.109705066839555
TRAIN0209,Oc1ccc(cc1)[C@@H]2[C@H](Oc3cc(O)ccc3C2=O)c4ccc(OCCN5CCCCC5)cc4,extra_trees,7.30980391997149,6.836208996031006
TRAIN0210,Oc1ccc(cc1)[C@H]2[C@H](Oc3cc(O)cc(Cl)c3C2=O)c4ccc(OCCN5CCCCC5)cc4,extra_trees,7.23657200643706,7.165426625141012
TRAIN0211,COc1cc(O)ccc1[C@H]2[C@H](Oc3cc(O)ccc3C2=O)c4ccc(OCCN5CCCCC5)cc4,extra_trees,6.82681373158773,6.99330911961845
TRAIN0212,CC(C)[C@H]1[C@H](Oc2cc(O)ccc2C1=O)c3ccc(OCCN4CCCCC4)cc3,extra_trees,7.05060999335509,6.962573502059385
TRAIN0213,Oc1ccc(cc1)[C@H]2[C@H](Oc3ccccc3C2=O)c4ccc(OCCN5CCCCC5)cc4,extra_trees,6.74714696902011,6.745843457641658
TRAIN0214,Oc1ccc2c(OC(=O)c3c2oc4cc(O)ccc34)c1,extra_trees,7.95860731484177,6.057854824389751
TRAIN0215,CC(C)[C@@H]1[C@H](Oc2cc(O)ccc2C1=O)c3ccc(OCCN4CCCCC4)cc3,extra_trees,6.96257350205938,7.050609993355094
TRAIN0216,C[C@H]1[C@H](Oc2cc(O)cc(O)c2C1=O)c3ccc(OCCN4CCCCC4)cc3,extra_trees,6.25884840114822,6.275407913091401
TRAIN0217,Oc1ccc(cc1)[C@H]2[C@H](Oc3cc(O)cc(F)c3C2=O)c4ccc(OCCN5CCCCC5)cc4,extra_trees,6.97881070093006,6.796285220197392
TRAIN0218,CCCc1cc(O)cc2O[C@@H]([C@@H](C(=O)c12)c3ccc(O)cc3)c4ccc(OCCN5CCCCC5)cc4,extra_trees,6.18575240426808,7.3542329114478
TRAIN0219,Cc1cc(cc(C)c1O)[C@H]2[C@H](Oc3cc(O)ccc3C2=O)c4ccc(OCCN5CCCCC5)cc4,extra_trees,5.97881070093006,7.433177113430247
TRAIN0220,O[C@@H]1[C@H]([C@H](Oc2cc(O)ccc12)c3ccc(OCCN4CCCCC4)cc3)c5ccc(O)cc5,extra_trees,6.03198428600636,7.1422276653505445
TRAIN0221,C[C@H]1CCN(CCOc2ccc(cc2)[C@@H]3Oc4ccc(O)c(F)c4[C@@H](C)[C@@H]3c5ccc(O)cc5)C1,extra_trees,9.09691001300806,9.096910013008044
TRAIN0222,C[C@@H]1CCN(CCOc2ccc(cc2)[C@@H]3Oc4ccc(O)cc4[C@@H](C)[C@@H]3c5ccc(O)cc5)C1,extra_trees,8.61978875828839,8.886056647693144
TRAIN0223,C[C@@H]1CCN(CCOc2ccc(cc2)[C@@H]3Oc4ccc(O)c(F)c4[C@@H](C)[C@@H]3c5ccc(O)cc5)C1,extra_trees,9.09691001300806,9.096910013008044
TRAIN0224,C[C@@H](COc1ccc(cc1)[C@@H]2Oc3ccc(O)cc3[C@@H](C)[C@@H]2c4ccc(O)cc4)N5CCCC5,extra_trees,8.85387196432176,8.873290133290684
TRAIN0225,Cc1cc(C)nc(n1)N2CCN(CC2)c3ccc(cc3)C(=O)c4c(sc5cc(O)ccc45)c6ccc(O)cc6,extra_trees,8.67366413907125,8.536441261903395
TRAIN0226,CCCN1CCN(CC1)c2ccc(cc2)C(=O)c3c(sc4cc(O)ccc34)c5ccc(O)cc5,extra_trees,8.84466396253494,8.912293053587954
TRAIN0227,C[C@@H](COc1ccc(cc1)[C@@H]2Oc3ccc(O)c(F)c3[C@@H](C)[C@@H]2c4ccc(O)cc4)N5CCCC5,extra_trees,9.30102999566398,9.060985795912691
TRAIN0228,C[C@@H]1[C@@H]([C@@H](Oc2cc(O)ccc12)c3ccc(OCCN4CCCCC4)cc3)c5ccc(O)cc5,extra_trees,7.34678748622466,9.180456064458149
TRAIN0229,C[C@@H]1[C@@H]([C@@H](Oc2ccc(O)cc12)c3ccc(OCCN4CCCCC4)cc3)c5ccc(O)cc5,extra_trees,7.42021640338319,8.85387196432178
TRAIN0230,C[C@H]1[C@@H]([C@@H](Oc2cc(O)ccc12)c3ccc(OCCN4CCCCC4)cc3)c5ccc(O)cc5,extra_trees,9.18045606445813,7.346787486224677
TRAIN0231,CC[C@H]1[C@@H]([C@@H](Oc2ccc(O)cc12)c3ccc(OCCN4CCCCC4)cc3)c5ccc(O)cc5,extra_trees,7.85387196432176,8.282699438174868
TRAIN0232,C[C@H]1[C@@H]([C@@H](Oc2ccc(O)cc12)c3ccc(OCCN4CCCCC4)cc3)c5ccc(O)cc5,extra_trees,8.85387196432176,7.420216403383172
TRAIN0233,Oc1ccc(cc1)c2sc3cc(O)ccc3c2C(=O)c4ccc(cc4)N5CCN(Cc6ccccc6)CC5,extra_trees,9.01322826573375,8.376679632345713
TRAIN0234,Oc1ccc(cc1)c2sc3cc(O)ccc3c2C(=O)c4ccc(cc4)N5CCN(CC5)C(=O)c6ccccc6,extra_trees,9.06550154875643,8.90845880366356
TRAIN0235,Oc1ccc(cc1)c2sc3cc(O)ccc3c2C(=O)c4ccc(cc4)N5CCN(CC5)C(=O)c6occc6,extra_trees,8.57675412606319,7.677701605884904
TRAIN0236,Cc1ccc(cc1)C(=O)N2CCN(CC2)c3ccc(cc3)C(=O)c4c(sc5cc(O)ccc45)c6ccc(O)cc6,extra_trees,8.56224943717961,9.35795484446285
TRAIN0237,Oc1ccc(cc1)c2sc3cc(O)ccc3c2C(=O)c4ccc(cc4)N5CCN(CC5)C(=O)c6cccc(Cl)c6,extra_trees,9.33724216831843,9.203267920394545
TRAIN0238,Oc1ccc(cc1)c2sc3cc(O)ccc3c2C(=O)c4ccc(cc4)N5CCN(CC5)C(=O)c6ccc(Cl)cc6,extra_trees,9.10790539730952,9.297825104837417
TRAIN0239,C[C@H]1[C@@H]([C@@H](Oc2ccc(O)c(F)c12)c3ccc(OCCN4CCCCC4)cc3)c5ccc(O)cc5,extra_trees,9.09691001300806,7.889406582386488
TRAIN0240,Oc1ccc(cc1)c2sc3cc(O)ccc3c2C(=O)c4ccc(cc4)N5CCN(CC5)C(=O)c6cccc(O)c6,extra_trees,8.85698519974591,8.479994395887253
TRAIN0241,Oc1ccc(cc1)c2sc3cc(O)ccc3c2C(=O)c4ccc(cc4)N5CCN(CC5)C(=O)c6ccccc6O,extra_trees,8.51570016065321,8.801597821669713
TRAIN0242,Cc1ccccc1C(=O)N2CCN(CC2)c3ccc(cc3)C(=O)c4c(sc5cc(O)ccc45)c6ccc(O)cc6,extra_trees,8.40450377817443,9.064611343335585
TRAIN0243,Cc1cccc(c1)C(=O)N2CCN(CC2)c3ccc(cc3)C(=O)c4c(sc5cc(O)ccc45)c6ccc(O)cc6,extra_trees,9.56863623584101,8.513148326551605
TRAIN0244,C[C@H]1[C@@H]([C@@H](Oc2ccc(O)cc12)c3ccc(OCCN4CCCC4)cc3)c5ccc(O)cc5,extra_trees,8.82390874094432,8.912573335346115
TRAIN0245,C[C@H]1[C@@H]([C@@H](Oc2ccc(O)c(F)c12)c3ccc(OCCN4CCCC4)cc3)c5ccc(O)cc5,extra_trees,9.04575749056067,8.769934600963776
TRAIN0246,C[C@H]1CCN(CCOc2ccc(cc2)[C@@H]3Oc4ccc(O)cc4[C@@H](C)[C@@H]3c5ccc(O)cc5)C1,extra_trees,8.88605664769316,8.619788758288387
TRAIN0247,Oc1ccc(cc1)c2sc3cc(O)ccc3c2C(=O)c4ccc(cc4)N5CCN(CC5)C(=O)c6ccccc6Cl,extra_trees,8.76447155309245,8.98077526282234
TRAIN0248,Oc1ccc(cc1)c2sc3cc(O)ccc3c2C(=O)c4ccc(cc4)N5CCN(CC5)C(=O)c6ccncc6,extra_trees,7.83983170704149,8.104151054429067
TRAIN0249,Oc1ccc(cc1)c2sc3cc(O)ccc3c2C(=O)c4ccc(cc4)N5CCN(CC5)C(=O)c6ccc(cc6)[N+](=O)[O-],extra_trees,8.66756154008439,8.661421018218014
TRAIN0250,Oc1ccc(cc1)c2sc3cc(O)ccc3c2C(=O)c4ccc(cc4)N5CCN(CC5)c6ccc(Cl)cc6,extra_trees,9.65757731917779,8.792083035346597
TRAIN0251,Oc1ccc(cc1)c2sc3cc(O)ccc3c2C(=O)c4ccc(cc4)N5CCN(CC5)C(=O)c6ccccc6[N+](=O)[O-],extra_trees,8.44611697335613,8.378835646900367
TRAIN0252,Oc1ccc(cc1)c2sc3cc(O)ccc3c2C(=O)c4ccc(cc4)N5CCN(CC5)c6ccc(cc6)[N+](=O)[O-],extra_trees,9.36653154442041,8.603759364978028
TRAIN0253,CC(C)N1CCN(CC1)c2ccc(cc2)C(=O)c3c(sc4cc(O)ccc34)c5ccc(O)cc5,extra_trees,9.55284196865778,8.83272453273058
TRAIN0254,Oc1ccc(cc1)c2sc3cc(O)ccc3c2C(=O)c4ccc(cc4)N5CCN(CC5)C6CCCC6,extra_trees,8.96657624451305,8.377067452814261
TRAIN0255,C[C@@H](COc1ccc(cc1)[C@@H]2Oc3ccc(O)cc3[C@@H](C)[C@@H]2c4ccc(O)cc4)N5CC[C@@H](C)C5,extra_trees,8.88605664769316,9.114506068326373
TRAIN0256,C[C@@H](COc1ccc(cc1)[C@@H]2Oc3ccc(O)c(F)c3[C@@H](C)[C@@H]2c4ccc(O)cc4)N5CC[C@@H](C)C5,extra_trees,9.04575749056067,8.602059991327927
TRAIN0257,C[C@@H](COc1ccc(cc1)[C@@H]2Oc3ccc(O)c(F)c3[C@@H](C)[C@@H]2c4ccc(O)cc4)N5CC[C@H](C)C5,extra_trees,8.60205999132796,9.045757490560637
TRAIN0258,C[C@H](CN1CCCC1)Oc2ccc(cc2)[C@@H]3Oc4ccc(O)cc4[C@@H](C)[C@@H]3c5ccc(O)cc5,extra_trees,8.82390874094432,8.778781435013395
TRAIN0259,C[C@H]1[C@@H]([C@@H](Oc2ccc(O)c(F)c12)c3ccc(OCCN4CCCCCC4)cc3)c5ccc(O)cc5,extra_trees,9.52287874528034,9.138431683201723
TRAIN0260,C[C@@H](COc1ccc(cc1)[C@@H]2Oc3ccc(O)c(F)c3[C@@H](C)[C@@H]2c4ccc(O)cc4)N5CCC[C@H]5C,extra_trees,9.15490195998574,8.923845267968229
TRAIN0261,COc1ccc2[C@H]([C@H](OCc2c1)c3ccccc3)c4ccc(OCCN5CCCC5)cc4,extra_trees,7.4089353929735,7.084784289589749
TRAIN0262,COc1ccc2[C@H]([C@H](SCc2c1)c3ccccc3)c4ccc(OCCN5CCCC5)cc4,extra_trees,7.88605664769316,7.610065329930661
TRAIN0263,Oc1ccc2[C@H]([C@H](OCc2c1)c3ccccc3)c4ccc(OCCN5CCCC5)cc4,extra_trees,8.61978875828839,8.489682144247583
TRAIN0264,Oc1ccc2[C@H]([C@H](SCc2c1)c3ccccc3)c4ccc(OCCN5CCCC5)cc4,extra_trees,9.22184874961636,8.12558894806524
TRAIN0265,C[C@H]1CN(CCOc2ccc(cc2)[C@@H]3Oc4ccc(O)cc4S[C@@H]3c5ccc(O)cc5)C[C@@H]1C,extra_trees,9.30102999566398,9.276420984328904
TRAIN0266,C[C@@H]1CN(CCOc2ccc(cc2)[C@@H]3Oc4ccc(O)cc4S[C@@H]3c5ccc(O)cc5)C[C@H]1C,extra_trees,9.39794000867204,9.227965977824853
TRAIN0267,Oc1ccc(cc1)[C@H]2Sc3cc(O)ccc3O[C@H]2c4ccc(OCCCN5CCCC5)cc4,extra_trees,8.76955107862173,8.911024440488472
TRAIN0268,C[C@H](COc1ccc(cc1)[C@@H]2Oc3ccc(O)cc3S[C@@H]2c4ccc(O)cc4)N5CCCC5,extra_trees,8.88605664769316,8.886056647693144
TRAIN0269,Oc1ccc(cc1)[C@H]2Sc3cc(O)ccc3O[C@H]2c4ccc(OCCN5CC6CC6C5)cc4,extra_trees,9.15490195998574,9.12400445983942
TRAIN0270,Oc1ccc(cc1)[C@H]2Sc3cc(O)ccc3O[C@H]2c4ccc(OCCN5CCCC5)cc4,extra_trees,8.58502665202918,8.836297216459805
TRAIN0271,C[C@@H]1CCN(CCOc2ccc(cc2)[C@@H]3Oc4ccc(O)cc4S[C@@H]3c5ccc(O)cc5)C1,extra_trees,8.52287874528034,9.0
TRAIN0272,C[C@H]1CCN(CCOc2ccc(cc2)[C@@H]3Oc4ccc(O)cc4S[C@@H]3c5ccc(O)cc5)C1,extra_trees,9.0,8.522878745280353
TRAIN0273,C[C@@H]1CCCN1CCOc2ccc(cc2)[C@@H]3Oc4ccc(O)cc4S[C@@H]3c5ccc(O)cc5,extra_trees,9.15490195998574,9.096910013008044
TRAIN0274,C[C@H]1CCCN1CCOc2ccc(cc2)[C@@H]3Oc4ccc(O)cc4S[C@@H]3c5ccc(O)cc5,extra_trees,9.09691001300806,9.154901959985715
TRAIN0275,CC[C@@H]1CCN(CCOc2ccc(cc2)[C@@H]3Oc4ccc(O)cc4S[C@@H]3c5ccc(O)cc5)C1,extra_trees,9.04575749056067,8.95860731484178
TRAIN0276,CC[C@H]1CCN(CCOc2ccc(cc2)[C@@H]3Oc4ccc(O)cc4S[C@@H]3c5ccc(O)cc5)C1,extra_trees,8.95860731484177,9.045757490560637
TRAIN0277,CC(C)[C@@H]1CCN(CCOc2ccc(cc2)[C@@H]3Oc4ccc(O)cc4S[C@@H]3c5ccc(O)cc5)C1,extra_trees,9.39794000867204,9.156290759845351
TRAIN0278,CC(C)[C@H]1CCN(CCOc2ccc(cc2)[C@@H]3Oc4ccc(O)cc4S[C@@H]3c5ccc(O)cc5)C1,extra_trees,9.52287874528034,9.156290759845351
TRAIN0279,CC1(C)CCN(CCOc2ccc(cc2)[C@@H]3Oc4ccc(O)cc4S[C@@H]3c5ccc(O)cc5)C1,extra_trees,9.0,9.172027954592238
TRAIN0280,CC1(C)CCCN1CCOc2ccc(cc2)[C@@H]3Oc4ccc(O)cc4S[C@@H]3c5ccc(O)cc5,extra_trees,9.04575749056067,9.145331601300013
TRAIN0281,C[C@@H]1CN(CCOc2ccc(cc2)[C@@H]3Oc4ccc(O)cc4S[C@@H]3c5ccc(O)cc5)C[C@@H]1C,extra_trees,9.15490195998574,9.349485002167985
TRAIN0282,CN(C)c1cccc(c1)N2CCc3cc(O)ccc3C2c4ccc(OCCN5CCCCC5)cc4,extra_trees,7.14898639317633,7.195816981252231
TRAIN0283,CC[C@@H](COc1ccc(cc1)[C@@H]2Oc3ccc(O)cc3S[C@@H]2c4ccc(O)cc4)N5CCCC5,extra_trees,9.30102999566398,9.154901959985715
TRAIN0284,CC[C@H](COc1ccc(cc1)[C@@H]2Oc3ccc(O)cc3S[C@@H]2c4ccc(O)cc4)N5CCCC5,extra_trees,9.15490195998574,9.301029995663992
TRAIN0285,CC(C)[C@@H](COc1ccc(cc1)[C@@H]2Oc3ccc(O)cc3S[C@@H]2c4ccc(O)cc4)N5CCCC5,extra_trees,9.15490195998574,9.301029995663992
TRAIN0286,CC(C)[C@H](COc1ccc(cc1)[C@@H]2Oc3ccc(O)cc3S[C@@H]2c4ccc(O)cc4)N5CCCC5,extra_trees,9.30102999566398,9.154901959985715
TRAIN0287,CC(C)(COc1ccc(cc1)[C@@H]2Oc3ccc(O)cc3S[C@@H]2c4ccc(O)cc4)N5CCCC5,extra_trees,9.15490195998574,8.983990290882833
TRAIN0288,C[C@@H](CN1CCCC1)Oc2ccc(cc2)[C@@H]3Oc4ccc(O)cc4S[C@@H]3c5ccc(O)cc5,extra_trees,8.60205999132796,8.869776985147245
TRAIN0289,C[C@H](CN1CCCC1)Oc2ccc(cc2)[C@@H]3Oc4ccc(O)cc4S[C@@H]3c5ccc(O)cc5,extra_trees,8.20065945054642,8.869776985147245
TRAIN0290,CC[C@@H](CN1CCCC1)Oc2ccc(cc2)[C@@H]3Oc4ccc(O)cc4S[C@@H]3c5ccc(O)cc5,extra_trees,9.09691001300806,8.920818753952355
TRAIN0291,CC[C@H](CN1CCCC1)Oc2ccc(cc2)[C@@H]3Oc4ccc(O)cc4S[C@@H]3c5ccc(O)cc5,extra_trees,8.92081875395237,9.096910013008044
TRAIN0292,Oc1ccc(cc1)c2oc3ccc(O)cc3c2,extra_trees,6.75448733218585,6.105204204885404
TRAIN0293,Oc1ccc(cc1)c2oc3c(Br)cc(O)cc3c2,extra_trees,8.82390874094432,7.766522321933641
TRAIN0294,Oc1cc(Br)c2oc(cc2c1)c3ccc(O)c(F)c3,extra_trees,7.92081875395237,6.88054625102883
TRAIN0295,COc1cc(O)cc2cc(oc12)c3ccc(O)cc3,extra_trees,6.31605286924849,7.087736703852608
TRAIN0296,COc1cc(O)cc2cc(oc12)c3ccc(O)c(F)c3,extra_trees,6.00436480540245,7.24952859958506
TRAIN0297,COc1cc(O)c(Br)c2cc(oc12)c3ccc(O)cc3,extra_trees,7.67778070526608,6.680994351822487
TRAIN0298,COc1cc(O)c(Br)c2cc(oc12)c3ccc(O)c(F)c3,extra_trees,6.47495519296315,6.569528157232009
TRAIN0299,Oc1ccc(cc1)[C@H]2Sc3cc(O)ccc3O[C@H]2c4ccc(OCCN5C6CCCC5CC6)cc4,extra_trees,9.22184874961636,8.856311914687652
TRAIN0300,Oc1ccc(cc1)[C@H]2Sc3cc(O)ccc3O[C@H]2c4ccc(OCCN5C6CCCC5CCC6)cc4,extra_trees,9.22184874961636,9.03899803513932
TRAIN0301,Oc1ccc(cc1)[C@H]2Sc3cc(O)ccc3O[C@H]2c4ccc(OCCN5C6CCC5CC6)cc4,extra_trees,9.04575749056067,9.109334401449875
TRAIN0302,Oc1ccc(cc1)[C@H]2Sc3cc(O)ccc3O[C@H]2c4ccc(OCCN5CC6CC5CO6)cc4,extra_trees,9.15490195998574,8.780626354865046
TRAIN0303,Oc1ccc(cc1)[C@H]2Sc3cc(O)ccc3O[C@H]2c4ccc(OCCN5CC6CCC5CC6)cc4,extra_trees,8.88605664769316,9.225114326980103
TRAIN0304,Oc1ccc(cc1)[C@H]2Sc3cc(O)ccc3O[C@H]2c4ccc(OCCN5CC6CC7CC(C6)CC5C7)cc4,extra_trees,9.22184874961636,8.582491102883404
TRAIN0305,Oc1ccc(cc1)[C@H]2Sc3cc(O)ccc3O[C@H]2c4ccc(OCCN5CC[C@H]6C[C@@H]56)cc4,extra_trees,9.22184874961636,9.301029995663992
TRAIN0306,Oc1ccc(cc1)[C@H]2Sc3cc(O)ccc3O[C@H]2c4ccc(OCCN5CC[C@@H]6C[C@H]56)cc4,extra_trees,9.30102999566398,9.221848749616358
TRAIN0307,Oc1ccc(cc1)[C@H]2Sc3cc(O)ccc3O[C@H]2c4ccc(OCCN5CC6CCC6C5)cc4,extra_trees,9.09691001300806,9.242423890159177
TRAIN0308,Oc1ccc(cc1)[C@H]2Sc3cc(O)ccc3O[C@H]2c4ccc(OCCN5C[C@H]6CCC[C@H]6C5)cc4,extra_trees,9.52287874528034,9.145830334489071
TRAIN0309,Oc1ccc(cc1)[C@H]2Sc3cc(O)ccc3O[C@H]2c4ccc(OCCN5C[C@H]6CCCC[C@H]6C5)cc4,extra_trees,9.0,8.839102397968343
TRAIN0310,Oc1ccc(cc1)[C@H]2Sc3cc(O)ccc3O[C@H]2c4ccc(OCCN5CCC6(CCCC6)CC5)cc4,extra_trees,8.92081875395237,8.519114644731376
TRAIN0311,Oc1ccc(cc1)[C@H]2Sc3cc(O)ccc3O[C@H]2c4ccc(OCCN5CC6(CCC6)C5)cc4,extra_trees,9.39794000867204,9.004018294202071
TRAIN0312,Oc1ccc(cc1)[C@H]2Sc3cc(O)ccc3O[C@H]2c4ccc(OCCN5CCC(F)(F)CC5)cc4,extra_trees,7.79588001734407,8.438007624295473
TRAIN0313,Oc1ccc(cc1)[C@H]2Sc3cc(O)ccc3O[C@H]2c4ccc(OCCN5CCC6(CC5)OCCO6)cc4,extra_trees,8.69897000433602,8.331301700285863
TRAIN0314,OC1CCN(CCOc2ccc(cc2)[C@@H]3Oc4ccc(O)cc4S[C@@H]3c5ccc(O)cc5)CC1,extra_trees,8.74472749489669,8.530904644655024
TRAIN0315,OCC1CCN(CCOc2ccc(cc2)[C@@H]3Oc4ccc(O)cc4S[C@@H]3c5ccc(O)cc5)CC1,extra_trees,8.65757731917779,8.51074545298047
TRAIN0316,OCCC1CCN(CCOc2ccc(cc2)[C@@H]3Oc4ccc(O)cc4S[C@@H]3c5ccc(O)cc5)CC1,extra_trees,8.13667713987954,8.743943302177652
TRAIN0317,NC(=O)C1CCN(CCOc2ccc(cc2)[C@@H]3Oc4ccc(O)cc4S[C@@H]3c5ccc(O)cc5)CC1,extra_trees,8.65757731917779,8.622372855577293
TRAIN0318,Oc1ccc(cc1)[C@H]2Sc3cc(O)ccc3O[C@H]2c4ccc(OCCN5CC[C@@H](F)C5)cc4,extra_trees,9.30102999566398,8.383947842731867
TRAIN0319,O[C@@H]1CCN(CCOc2ccc(cc2)[C@@H]3Oc4ccc(O)cc4S[C@@H]3c5ccc(O)cc5)C1,extra_trees,8.76955107862173,8.57519142204394
TRAIN0320,OC[C@H]1CCCN1CCOc2ccc(cc2)[C@@H]3Oc4ccc(O)cc4S[C@@H]3c5ccc(O)cc5,extra_trees,8.69897000433602,8.408935392973492
TRAIN0321,OC[C@@H]1CCCN1CCOc2ccc(cc2)[C@@H]3Oc4ccc(O)cc4S[C@@H]3c5ccc(O)cc5,extra_trees,8.4089353929735,8.698970004336012
TRAIN0322,Oc1ccc(cc1)[C@H]2Sc3cc(O)ccc3O[C@H]2c4ccc(OCCN5CCSCC5)cc4,extra_trees,8.82390874094432,8.586671793706124
TRAIN0323,Oc1ccc(cc1)[C@H]2Sc3cc(O)ccc3O[C@H]2c4ccc(OCCN5CCS(=O)(=O)CC5)cc4,extra_trees,8.69897000433602,8.062953824148604
TRAIN0324,Oc1ccc(cc1)[C@H]2Sc3cc(O)ccc3O[C@H]2c4ccc(OCCN5CCC(F)CC5)cc4,extra_trees,8.60205999132796,8.490885477909748
TRAIN0325,Oc1ccc(cc1F)c2oc3c(C=C)c(Br)c(O)c(Br)c3n2,extra_trees,6.09528445472132,5.988905997685384
TRAIN0326,COc1cc(O)c(Br)c2nc(oc12)c3ccc(O)c(F)c3,extra_trees,5.57381417475549,6.3419029332934045
TRAIN0327,COc1c(Br)c(O)c(Br)c2nc(oc12)c3ccc(O)c(F)c3,extra_trees,6.25258819211358,6.006147525013826
TRAIN0328,COc1cc(O)c(Cl)c2cc(oc12)c3ccc(O)cc3,extra_trees,6.94309514866353,7.286603701804282
TRAIN0329,COc1cc(O)c(C#N)c2cc(oc12)c3ccc(O)cc3,extra_trees,5.78251605578609,6.527527221850832
TRAIN0330,Oc1ccc(cc1)c2oc3c(Cl)cc(O)cc3c2,extra_trees,8.16749108729376,7.674221079506188
TRAIN0331,Cc1cc(O)cc2cc(oc12)c3ccc(O)cc3,extra_trees,6.94309514866353,6.741411458761229
TRAIN0332,Cc1cc(O)cc2cc(oc12)c3ccc(O)c(F)c3,extra_trees,6.96257350205938,6.464450372787917
TRAIN0333,Oc1ccc(cc1)c2oc3c(CC#N)cc(O)cc3c2,extra_trees,5.93854752091281,6.659773567568388
TRAIN0334,Oc1cc(CC#N)c2oc(cc2c1)c3ccc(O)c(F)c3,extra_trees,5.97633608180221,6.3651596397605275
TRAIN0335,Oc1ccc(cc1)c2oc3c(CC#N)cc(O)c(Br)c3c2,extra_trees,6.67985371388895,6.575843673953637
TRAIN0336,Oc1ccc(cc1)c2oc3c(CC#N)cc(O)c(Cl)c3c2,extra_trees,6.20411998265593,6.703114863655868
TRAIN0337,CC(=O)c1cc(O)cc2cc(oc12)c3ccc(O)cc3,extra_trees,6.98716277529483,6.37659036523999
TRAIN0338,CCC(=O)c1cc(O)cc2cc(oc12)c3ccc(O)cc3,extra_trees,7.30980391997149,6.473584803509274
TRAIN0339,Oc1ccc(cc1)c2oc3c(C=O)cc(O)cc3c2,extra_trees,6.58004425151024,6.984430932529956
TRAIN0340,Oc1ccc(cc1)c2oc3c(cc(O)cc3c2)C#N,extra_trees,7.33724216831843,6.66678068588333
TRAIN0341,Oc1cc(C#N)c2oc(cc2c1)c3ccc(O)c(F)c3,extra_trees,7.63827216398241,6.615994298657455
TRAIN0342,Oc1ccc2nc(oc2c1)c3ccc4cc(O)ccc4c3,extra_trees,6.10790539730952,6.541163657507104
TRAIN0343,Oc1ccc(c(O)c1)c2oc3cc(O)ccc3n2,extra_trees,7.08618614761628,6.721246399047151
TRAIN0344,Oc1ccc(cc1)c2oc3cc(O)ccc3n2,extra_trees,6.04479346245806,5.508579078304712
TRAIN0345,Oc1ccc2nc(oc2c1)c3cccc(O)c3O,extra_trees,5.62837807282398,5.3004256890952
TRAIN0346,Oc1ccc2nc(oc2c1)c3ccc(O)c(O)c3,extra_trees,5.61798295742513,5.818024670713448
TRAIN0347,Oc1ccc2nc(oc2c1)c3ccc(O)c(F)c3,extra_trees,5.07417242537526,5.731060978031153
TRAIN0348,Oc1ccc2nc(oc2c1)c3ccc(O)c(Cl)c3,extra_trees,5.30102999566398,5.315537026851289
TRAIN0349,Oc1ccc(cc1)c2oc3cc(O)c(Cl)cc3n2,extra_trees,5.55830486435928,5.94809461261549
TRAIN0350,CC(C)(C)c1cc(ccc1O)c2oc3cc(O)ccc3n2,extra_trees,5.30102999566398,5.791757533512451
TRAIN0351,CCCCOc1cc(ccc1O)c2oc3cc(O)ccc3n2,extra_trees,5.20481541031758,6.155217551742523
TRAIN0352,Oc1ccc(cc1)c2oc3ccc(O)cc3n2,extra_trees,5.911155437273,5.50435512194238
TRAIN0353,Oc1ccc2oc(nc2c1)c3ccc(O)c(F)c3,extra_trees,5.80410034759077,5.740404994098513
TRAIN0354,Oc1ccc2oc(nc2c1)c3ccc(O)c(Cl)c3,extra_trees,5.27736607746619,5.310641314369906
TRAIN0355,Oc1ccc(c(Cl)c1)c2oc3ccc(O)cc3n2,extra_trees,6.85698519974591,5.821987448485278
TRAIN0356,Oc1ccc(c(O)c1)c2oc3ccc(O)cc3n2,extra_trees,6.72124639904717,7.077074847148843
TRAIN0357,Oc1ccc(cc1)c2oc3cc(Cl)c(O)cc3n2,extra_trees,6.33348201944512,5.959933352627827
TRAIN0358,Oc1ccc(cc1F)c2oc3cc(Cl)c(O)cc3n2,extra_trees,5.74160219590449,6.634280267868766
TRAIN0359,Oc1ccc(cc1F)c2oc3cc(Br)c(O)cc3n2,extra_trees,5.91721462968355,7.025418057482294
TRAIN0360,Oc1ccc2oc(nc2c1)c3cccc(O)c3O,extra_trees,5.29157909986529,5.624286221859502
TRAIN0361,COc1cc(O)cc2nc(oc12)c3ccc(O)cc3,extra_trees,5.59226927197366,6.13647674440176
TRAIN0362,Oc1ccc(cc1)c2oc3c(Br)cc(O)cc3n2,extra_trees,6.80966830182971,6.634983624873447
TRAIN0363,Oc1cc(Br)c2oc(nc2c1)c3ccc(O)c(F)c3,extra_trees,6.58502665202918,7.282703038020543
TRAIN0364,Oc1cc(Br)c2oc(nc2c1)c3ccc(O)c(c3)C(F)(F)F,extra_trees,5.7281583934635,5.928286806241977
TRAIN0365,Oc1ccc(c(F)c1)c2oc3c(Br)cc(O)cc3n2,extra_trees,7.32790214206428,6.442599049330373
TRAIN0366,Cc1cc(O)ccc1c2oc3c(Br)cc(O)cc3n2,extra_trees,7.35654732351381,5.883421687207364
TRAIN0367,Oc1ccc(cc1)c2oc3c(cc(O)cc3n2)C#N,extra_trees,6.38615817812393,5.893012397739694
TRAIN0368,Oc1cc(C#N)c2oc(nc2c1)c3ccc(O)c(F)c3,extra_trees,5.84314809892999,6.167785164161843
TRAIN0369,Oc1ccc(c(F)c1)c2oc3c(cc(O)cc3n2)C#N,extra_trees,6.86012091359876,6.191605617160333
TRAIN0370,Oc1ccc(cc1)c2oc3c(CBr)cc(O)cc3n2,extra_trees,5.52651302993543,6.317811966791556
TRAIN0371,Oc1ccc(cc1)c2oc3c(C=O)cc(O)cc3n2,extra_trees,5.57872520878965,6.156979244001474
TRAIN0372,CCOC(=O)c1cc(O)cc2nc(oc12)c3ccc(O)cc3,extra_trees,5.10640466618012,5.9222014018793026
TRAIN0373,NC(=O)c1cc(O)cc2nc(oc12)c3ccc(O)cc3,extra_trees,5.01682492796219,6.199677526423655
TRAIN0374,CCc1cc(O)cc2nc(oc12)c3ccc(O)cc3,extra_trees,6.27002571430044,6.090080208304428
TRAIN0375,CCCc1cc(O)cc2nc(oc12)c3ccc(O)cc3,extra_trees,6.4089353929735,5.978834248548762
TRAIN0376,CC(C)c1cc(O)cc2nc(oc12)c3ccc(O)cc3,extra_trees,5.92081875395237,6.07336621780983
TRAIN0377,CCCCc1cc(O)cc2nc(oc12)c3ccc(O)cc3,extra_trees,6.30277065724028,5.942445437129494
TRAIN0378,Oc1ccc(cc1)c2oc3c(cc(O)cc3n2)C#C,extra_trees,6.31785492362617,6.244176174404889
TRAIN0379,Oc1ccc(cc1)c2oc3c(CC=C)cc(O)cc3n2,extra_trees,6.13846558914096,6.104914917416878
TRAIN0380,Oc1cc(CC=C)c2oc(nc2c1)c3ccc(O)c(F)c3,extra_trees,5.95860731484177,6.702976259626709
TRAIN0381,Oc1ccc(c(F)c1)c2oc3c(CC=C)cc(O)cc3n2,extra_trees,7.0087739243075,5.993501538360388
TRAIN0382,Oc1ccc(cc1)c2oc3c(C=C)cc(O)cc3n2,extra_trees,6.34969247686806,6.421318242367628
TRAIN0383,Oc1cc(C=C)c2oc(nc2c1)c3ccc(O)c(F)c3,extra_trees,5.91506642506328,6.540637858649163
TRAIN0384,Oc1cc(\C=C/F)c2oc(nc2c1)c3ccc(O)c(F)c3,extra_trees,6.42481215507234,6.266510188521798
TRAIN0385,C\C=C/c1cc(O)cc2nc(oc12)c3ccc(O)cc3,extra_trees,6.11069829749369,6.163148484045417
TRAIN0386,Oc1ccc(cc1)c2oc3c(\C=C/Br)cc(O)cc3n2,extra_trees,5.33236029394359,6.079694467697275
TRAIN0387,Oc1ccc(c(F)c1)c2oc3c(\C=C/Br)cc(O)cc3n2,extra_trees,6.70774392864352,5.953534492542609
TRAIN0388,C\C=C/c1cc(O)cc2nc(oc12)c3ccc(O)cc3F,extra_trees,6.26841123481326,6.223998514796458
TRAIN0389,Oc1ccc(c(F)c1)c2oc3c(C=C)cc(O)cc3n2,extra_trees,6.64397414280688,6.006159270327549
TRAIN0390,Oc1cc(C=C)c2oc(nc2c1)c3ccc(O)c(F)c3F,extra_trees,6.32422165832591,6.180481579330054
TRAIN0391,Oc1cc(F)c(c(F)c1)c2oc3c(C=C)cc(O)cc3n2,extra_trees,6.60380065290426,6.181980451434077
TRAIN0392,Oc1cc(C=C)c2oc(nc2c1)c3cc(F)c(O)cc3F,extra_trees,5.39361863488939,6.200148165990067
TRAIN0393,Cc1cc(O)ccc1c2oc3c(C=C)cc(O)cc3n2,extra_trees,5.95233580539844,5.825704552817564
TRAIN0394,Oc1ccc(cc1)c2oc3c(cc(O)cc3n2)c4ccccc4,extra_trees,5.88605664769316,6.124129139775187
TRAIN0395,Oc1ccc(cc1)c2oc3c(cc(O)cc3n2)c4occc4,extra_trees,6.09205147838773,5.751780056569585
TRAIN0396,Oc1cc(c2occc2)c3oc(nc3c1)c4ccc(O)c(F)c4,extra_trees,5.70333480973847,6.160241350367807
TRAIN0397,Oc1ccc(cc1)c2oc3c(cc(O)cc3n2)c4cccs4,extra_trees,5.98716277529483,5.971111790681408
TRAIN0398,Oc1ccc(cc1)c2oc3c(cc(O)cc3n2)c4nccs4,extra_trees,5.87289520163519,6.563904236510081
TRAIN0399,Oc1ccc(cc1)c2oc3c(cc(O)cc3n2)C4CCCC4,extra_trees,5.99567862621736,6.321670532985674
TRAIN0400,Oc1ccc(cc1F)c2oc3c(C=C)cc(O)c(Br)c3n2,extra_trees,5.98464024459079,6.162414579099643
TRAIN0401,Oc1ccc(c(O)c1)c2noc3cc(O)ccc23,extra_trees,7.61978875828839,6.874959050818167
TRAIN0402,Oc1ccc(c(O)c1)c2noc3ccccc23,extra_trees,5.21467016498923,5.657777028093222
TRAIN0403,Oc1ccc2c(noc2c1)c3ccccc3O,extra_trees,5.52287874528034,5.395279973039639
TRAIN0404,Oc1ccc(cc1)c2noc3cc(O)ccc23,extra_trees,6.08884239126002,6.04633692503715
TRAIN0405,Oc1ccc(c(O)c1)c2noc3ccc(O)cc23,extra_trees,5.39061905574929,6.847193556267774
TRAIN0406,Oc1ccc(cc1)c2noc3ccc(O)cc23,extra_trees,6.08671609823958,6.074471390945101
TRAIN0407,Oc1ccc2c(noc2c1)c3ccc(O)c(Cl)c3,extra_trees,6.56383735295924,6.607068722518878
TRAIN0408,Oc1ccc(c(c1)C#N)c2noc3cc(O)ccc23,extra_trees,6.57839607313017,6.548011438886254
TRAIN0409,Oc1ccc2c(noc2c1)c3ccc(O)c(Br)c3,extra_trees,6.73754891026957,6.64781432629826
TRAIN0410,Oc1ccc2c(noc2c1)c3ccc(O)c(F)c3,extra_trees,6.79317412396815,6.506978836854822
TRAIN0411,Cc1cc(ccc1O)c2noc3cc(O)ccc23,extra_trees,6.36552272983927,6.357411851968519
TRAIN0412,Cc1cc(O)ccc1c2noc3cc(O)ccc23,extra_trees,6.32330639037513,6.431715936398429
TRAIN0413,CCCc1cc(O)ccc1c2noc3cc(O)ccc23,extra_trees,7.30102999566398,6.934509985684279
TRAIN0414,CCCc1cc(ccc1O)c2noc3cc(O)ccc23,extra_trees,6.67778070526608,6.549228349942247
TRAIN0415,Cc1c(O)ccc(c1O)c2noc3cc(O)ccc23,extra_trees,6.29157909986529,6.98836479505421
TRAIN0416,Oc1ccc(c(CC#N)c1)c2noc3cc(O)ccc23,extra_trees,6.1444808443322,6.3368206563887295
TRAIN0417,O\N=C\c1cc(O)ccc1c2noc3cc(O)ccc23,extra_trees,5.62160209905186,6.507443954936042
TRAIN0418,Oc1ccc2c(noc2c1)c3cc(Br)c(O)cc3O,extra_trees,7.52287874528034,7.212338234717902
TRAIN0419,Oc1ccc2c(noc2c1)c3cc(Cl)c(O)cc3O,extra_trees,7.48148606012211,7.360266039733903
TRAIN0420,Cc1cc(c(O)cc1O)c2noc3cc(O)ccc23,extra_trees,7.18708664335714,6.553279269635435
TRAIN0421,CCCc1cc(c(CC)cc1O)c2noc3cc(O)ccc23,extra_trees,7.88605664769316,6.2925853175188236
TRAIN0422,CCCc1cc(c(CCC)cc1O)c2noc3cc(O)ccc23,extra_trees,7.65757731917779,6.716529433597505
TRAIN0423,Oc1ccc2c(noc2c1)c3ccc4cc(O)ccc4c3,extra_trees,8.09691001300806,7.387570157155849
TRAIN0424,Oc1ccc2c(noc2c1)c3ccc4c(O)cccc4c3,extra_trees,7.61978875828839,6.921489549775494
TRAIN0425,Oc1ccc2c(noc2c1)c3ccc4c(Br)c(O)ccc4c3,extra_trees,6.44369749923271,6.896472645505599
TRAIN0426,Oc1ccc2cc(ccc2c1)c3noc4ccc(O)cc34,extra_trees,6.33441900898205,7.3419857362689935
TRAIN0427,Oc1ccc2c(noc2c1)c3cccc4cc(O)ccc34,extra_trees,7.30980391997149,6.251813962087122
TRAIN0428,Oc1ccc2c(noc2c1)c3cccc4c(O)cccc34,extra_trees,8.22184874961636,7.242050552531265
TRAIN0429,Oc1ccc2c(noc2c1)c3cccc4ccc(O)cc34,extra_trees,5.76270766243254,7.253519522308478
TRAIN0430,Oc1ccc2nc(oc2c1)c3cccc4c(O)cccc34,extra_trees,6.93181413825384,6.104255737463767
TRAIN0431,Oc1ccc2nc(oc2c1)c3cccc4cc(O)ccc34,extra_trees,7.45593195564972,6.784746044162057
TRAIN0432,Oc1ccc2nc(oc2c1)c3ccc(O)c4ccccc34,extra_trees,5.72124639904717,6.851756690205162
TRAIN0433,Oc1ccc2nc(oc2c1)c3cccc4ccccc34,extra_trees,5.72584215073632,6.247301610588817
TRAIN0434,Oc1ccc2nc(oc2c1)c3cccc4c(Br)c(O)ccc34,extra_trees,6.42829116819131,6.272868676801641
TRAIN0435,Oc1ccc2c(cccc2c1)c3oc4cc(O)c(F)cc4n3,extra_trees,6.36251027048749,6.214940048547096
TRAIN0436,Oc1ccc2c(cccc2c1)c3oc4ccc(O)cc4n3,extra_trees,6.8153085691824,7.374204439783838
TRAIN0437,Cc1cc(O)c2cccc(c3oc4cc(O)ccc4n3)c2c1,extra_trees,6.78781239559604,6.136311132866138
TRAIN0438,Oc1ccc2cc(ccc2c1)c3oc4ccc(O)cc4n3,extra_trees,5.42021640338319,6.531391193831054
TRAIN0439,Oc1ccc(cc1)C2=C(Br)c3ccc(O)cc3C2=O,extra_trees,6.53760200210104,8.153008445886828
TRAIN0440,CC1=C(C(=O)c2cc(O)ccc12)c3ccc(O)cc3,extra_trees,7.25963731050576,6.465243786550957
TRAIN0441,CSC1=C(C(=O)c2cc(O)ccc12)c3ccc(O)cc3,extra_trees,7.92081875395237,8.422094176442757
TRAIN0442,CCSC1=C(C(=O)c2cc(O)ccc12)c3ccc(O)cc3,extra_trees,8.0,6.441370709188559
TRAIN0443,Oc1ccc(cc1)C2=C(c3ccccc3)c4ccc(O)cc4C2=O,extra_trees,8.04575749056067,7.875046053666186
TRAIN0444,COc1cc(O)cc2C(=O)C(=C(Br)c12)c3ccc(O)cc3,extra_trees,6.69897000433602,7.400415839422138
TRAIN0445,Oc1ccc(cc1)C2=C(Br)c3c(O)cc(O)cc3C2=O,extra_trees,6.14874165128092,7.606210032787599
TRAIN0446,CSC1=C(C(=O)c2cc(O)cc(O)c12)c3ccc(O)cc3,extra_trees,8.69897000433602,6.469388894777799
TRAIN0447,CCSC1=C(C(=O)c2cc(O)cc(O)c12)c3ccc(O)cc3,extra_trees,6.23657200643706,7.696878514414702
TRAIN0448,Oc1ccc(cc1)C2=C(c3ccccc3)c4c(O)cc(O)cc4C2=O,extra_trees,7.32790214206428,7.969841199469476
TRAIN0449,Oc1ccc(cc1)C2=C(Br)c3cc(O)ccc3C2=O,extra_trees,8.2839966563652,6.615602972113682
TRAIN0450,COc1ccc2C(=O)C(=C(Br)c2c1)c3ccc(O)cc3,extra_trees,5.74472749489669,7.024728422333361
TRAIN0451,CC1=C(C(=O)c2ccc(O)cc12)c3ccc(O)cc3,extra_trees,8.22184874961636,6.5954654673903335
TRAIN0452,CSC1=C(C(=O)c2ccc(O)cc12)c3ccc(O)cc3,extra_trees,8.50863830616573,7.82725056949964
TRAIN0453,CCSC1=C(C(=O)c2ccc(O)cc12)c3ccc(O)cc3,extra_trees,6.31875876262441,7.810830601156168
TRAIN0454,Oc1ccc(cc1)C2=C(c3ccccc3)c4cc(O)ccc4C2=O,extra_trees,8.0,7.902756083200178
TRAIN0455,CC1=C(C(=O)c2c(O)cc(O)cc12)c3ccc(O)cc3,extra_trees,7.50863830616573,6.604194581588265
TRAIN0456,Oc1ccc(cc1)C2=C(c3ccccc3)c4cc(O)cc(O)c4C2=O,extra_trees,8.52287874528034,7.350751801403471
TRAIN0457,Oc1ccc2C(=C(C(=O)Oc2c1)c3ccc(Cl)cc3)Cc4ccccc4,extra_trees,6.92081875395237,6.744329483579241
TRAIN0458,Oc1ccc(C(=O)Cc2oc3ccccc3c2)c(O)c1,extra_trees,4.0670191780768,6.303540081642001
TRAIN0459,O=C(Oc1ccc2C(=CC(=O)Oc2c1)c3ccccc3)c4occc4,extra_trees,5.6345120151091,4.858342777939517
TRAIN0460,Oc1ccc(c(F)c1)c2ccc3c(Cl)c(O)ccc3c2,extra_trees,7.23657200643706,6.929486005579887
TRAIN0461,Oc1ccc2cc(ccc2c1)c3cc(F)c(O)cc3F,extra_trees,7.56863623584101,7.343932345515368
TRAIN0462,Oc1ccc2cc(ccc2c1Cl)c3cc(F)c(O)cc3F,extra_trees,6.92811799269387,6.972487917011655
TRAIN0463,Oc1ccc2cc(ccc2c1)c3c(F)cc(O)cc3F,extra_trees,7.98716277529483,7.299367893692251
TRAIN0464,Oc1cc(F)c(c(F)c1)c2ccc3c(Cl)c(O)ccc3c2,extra_trees,7.45593195564972,6.944417368132626
TRAIN0465,Oc1ccc(c(Cl)c1)c2ccc3cc(O)ccc3c2,extra_trees,8.0,7.118255388582097
TRAIN0466,Oc1ccc(c(Cl)c1)c2ccc3c(Cl)c(O)ccc3c2,extra_trees,7.44369749923271,7.338140902734819
TRAIN0467,COc1cc(O)ccc1c2ccc3cc(O)ccc3c2,extra_trees,6.7594507517174,6.477027269019773
TRAIN0468,Cc1cc(O)ccc1c2ccc3cc(O)ccc3c2,extra_trees,7.39794000867204,6.954791035378037
TRAIN0469,Cc1cc(O)ccc1c2ccc3c(Cl)c(O)ccc3c2,extra_trees,7.39794000867204,6.705084020784009
TRAIN0470,Oc1ccc2cc(ccc2c1)c3ccc(O)c(F)c3,extra_trees,7.03621217265444,7.557673015643575
TRAIN0471,Oc1ccc(cc1F)c2ccc3c(Cl)c(O)ccc3c2,extra_trees,6.84466396253494,7.164711909907174
TRAIN0472,Oc1ccc2cc(ccc2c1)c3ccc(O)c(Cl)c3,extra_trees,6.97061622231479,7.172615392611045
TRAIN0473,Oc1ccc(cc1Cl)c2ccc3c(Cl)c(O)ccc3c2,extra_trees,6.44855000202712,7.1173112889189785
TRAIN0474,Oc1ccc2cc(ccc2c1)c3cc(F)c(O)c(F)c3,extra_trees,7.03621217265444,7.475554555617563
TRAIN0475,Oc1ccc2cc(ccc2c1Cl)c3cc(F)c(O)c(F)c3,extra_trees,6.28483264215154,6.9233939154404265
TRAIN0476,Oc1ccc(cc1)c2cc(F)c3cc(O)ccc3c2,extra_trees,7.65757731917779,7.212663881378252
TRAIN0477,Oc1ccc2cc(cc(F)c2c1)c3ccc(O)c(F)c3,extra_trees,7.67778070526608,7.640482225255918
TRAIN0478,Oc1ccc(cc1)c2cc(F)c3c(Cl)c(O)ccc3c2,extra_trees,7.39794000867204,6.883146075609531
TRAIN0479,Oc1ccc(cc1F)c2cc(F)c3c(Cl)c(O)ccc3c2,extra_trees,6.90308998699194,7.032389007735576
TRAIN0480,Oc1ccc(cc1)c2cc(Cl)c3cc(O)ccc3c2,extra_trees,7.52287874528034,7.037454158096294
TRAIN0481,Oc1ccc(cc1)c2cc(Cl)c3c(Cl)c(O)ccc3c2,extra_trees,7.36653154442041,6.929605191822761
TRAIN0482,Oc1ccc(cc1)c2cc(C#N)c3cc(O)ccc3c2,extra_trees,6.97881070093006,6.466430231657289
TRAIN0483,Oc1ccc2cc(cc(C#N)c2c1)c3ccc(O)c(F)c3,extra_trees,6.67778070526608,7.138397946394461
TRAIN0484,Oc1ccc(cc1)c2cc(C#N)c3c(Br)c(O)ccc3c2,extra_trees,6.88272870434424,6.8896220263354095
TRAIN0485,Oc1ccc(cc1)c2cc(C#N)c3c(Cl)c(O)ccc3c2,extra_trees,6.96257350205938,6.911708030749845
TRAIN0486,Oc1ccc(cc1F)c2cc(C#N)c3c(Cl)c(O)ccc3c2,extra_trees,6.52432881167557,6.786719959787268
TRAIN0487,Oc1ccc(cc1F)c2cc(C#N)c3c(F)c(O)ccc3c2,extra_trees,6.50584540598156,7.089657542617847
TRAIN0488,Oc1ccc2cc(cc(C=O)c2c1)c3ccc(O)c(F)c3,extra_trees,6.63638802010786,7.056545950881992
TRAIN0489,Oc1ccc2cc(cc(C=C)c2c1)c3ccc(O)c(F)c3,extra_trees,6.59516628338006,6.782722620930026
TRAIN0490,CCc1cc(cc2ccc(O)cc12)c3ccc(O)c(F)c3,extra_trees,6.62893213772826,6.836973418036917
TRAIN0491,Oc1ccc2cc(cc(C#C)c2c1)c3ccc(O)c(F)c3,extra_trees,6.60730304674033,6.995864755201838
TRAIN0492,CC#Cc1cc(cc2ccc(O)cc12)c3ccc(O)c(F)c3,extra_trees,6.46470587995723,6.716453396679905
TRAIN0493,Oc1ccc(c(F)c1)c2cc(C#N)c3cc(O)ccc3c2,extra_trees,7.58502665202918,6.870850297807943
TRAIN0494,Oc1ccc2cc(cc(C#N)c2c1)c3cc(F)c(O)cc3F,extra_trees,6.73048705578208,6.7919712902797915
TRAIN0495,Oc1ccc2cc(cc(C#N)c2c1)c3c(F)cc(O)cc3F,extra_trees,7.34678748622466,6.717669917864254
TRAIN0496,Oc1ccc2cc(cc(C#N)c2c1)c3cc(F)c(O)c(F)c3,extra_trees,6.26121944151563,6.840374954639036
TRAIN0497,Oc1ccc(cc1)c2ccc3cc(O)cc(C#N)c3c2,extra_trees,7.07572071393812,6.353434419051025
TRAIN0498,Oc1cc(C#N)c2cc(ccc2c1)c3ccc(O)c(F)c3,extra_trees,7.01772876696043,6.869692377355167
TRAIN0499,Oc1ccc(cc1F)c2ccc3c(Br)c(O)cc(C#N)c3c2,extra_trees,6.93554201077308,7.073259934541144
TRAIN0500,Oc1ccc(cc1F)c2ccc3c(C#N)c(O)cc(C#N)c3c2,extra_trees,6.05700040663396,6.439708005493276
TRAIN0501,Cc1c(O)cc(C#N)c2cc(ccc12)c3ccc(O)c(F)c3,extra_trees,6.39147396642281,6.612522876976963
TRAIN0502,Oc1ccc(cc1)c2ccc3c(Cl)c(O)cc(C#N)c3c2,extra_trees,7.0087739243075,6.995572915868735
TRAIN0503,Oc1ccc(cc1F)c2ccc3c(Cl)c(O)cc(C#N)c3c2,extra_trees,7.25963731050576,6.849043335840056
TRAIN0504,Oc1cc(C#C)c2cc(ccc2c1)c3ccc(O)c(F)c3,extra_trees,7.13667713987954,6.669269231034787
TRAIN0505,CC#Cc1cc(O)cc2ccc(cc12)c3ccc(O)c(F)c3,extra_trees,6.74472749489669,6.58382080871182
TRAIN0506,Oc1cc(C=O)c2cc(ccc2c1)c3ccc(O)c(F)c3,extra_trees,7.13667713987954,6.635950763964526
TRAIN0507,Oc1cc(C=C)c2cc(ccc2c1)c3ccc(O)c(F)c3,extra_trees,6.27818938478745,6.927963764867327
TRAIN0508,CCc1cc(O)cc2ccc(cc12)c3ccc(O)c(F)c3,extra_trees,6.94692155651658,6.60514634208364
TRAIN0509,Oc1ccc(cc1)c2ccc3cc(O)ccc3c2,extra_trees,6.67571754470231,6.477740788283714
TRAIN0510,Oc1cccc(c1)c2ccc3c(O)cccc3c2,extra_trees,5.83803338363593,6.684617952375423
TRAIN0511,Oc1ccc(cc1)c2ccc3c(O)cccc3c2,extra_trees,7.65757731917779,6.229819082251824
TRAIN0512,Oc1cccc(c1)c2ccc3cc(O)ccc3c2,extra_trees,6.63827216398241,6.175727378263921
TRAIN0513,Oc1ccc2cc(ccc2c1)c3ccccc3,extra_trees,5.87127771566157,5.7936257745858155
TRAIN0514,Oc1ccc(cc1)c2ccc3ccc(O)cc3c2,extra_trees,6.35457773065091,6.9081359627555825
TRAIN0515,Oc1cccc(c1)c2ccc3ccc(O)cc3c2,extra_trees,5.57806718672149,6.417949748021732
TRAIN0516,Oc1ccc2ccc(cc2c1)c3ccccc3,extra_trees,5.4678828837512,5.9254105430228
TRAIN0517,Oc1ccc(cc1)c2ccc3ccccc3c2,extra_trees,6.19517932127884,6.081431048394826
TRAIN0518,Oc1ccc(cc1)c2ccc3c(Cl)c(O)ccc3c2,extra_trees,7.04095860767891,6.769828102546093
TRAIN0519,Oc1ccc(cc1)c2ccc3c(Br)c(O)ccc3c2,extra_trees,6.57511836336893,7.09455139328494
TRAIN0520,Oc1ccc(cc1)c2ccc3c(F)c(O)ccc3c2,extra_trees,7.11350927482752,7.384333791221801
TRAIN0521,Oc1ccc(cc1)c2ccc3c(C#N)c(O)ccc3c2,extra_trees,5.85325198636936,6.993652056640729
TRAIN0522,Oc1ccc(cc1)c2ccc3c(c(O)ccc3c2)c4ccccc4,extra_trees,5.90974194706868,6.748280799453904
TRAIN0523,Cc1c(O)ccc2cc(ccc12)c3ccc(O)cc3,extra_trees,6.54975089168064,6.851162428195994
TRAIN0524,COc1c(O)ccc2cc(ccc12)c3ccc(O)cc3,extra_trees,6.05354773498693,6.345611313004218
TRAIN0525,Oc1ccc(cc1)c2ccc3c(c(O)ccc3c2)[N+](=O)[O-],extra_trees,6.14935376481693,6.723383595964984
TRAIN0526,Oc1ccc(c(F)c1)c2ccc3cc(O)ccc3c2,extra_trees,7.61978875828839,7.275446202569479
TRAIN0527,CCC1=N[C@@H]([C@@H](N1)c2ccc(O)cc2)c3ccc(OCCN4CCCCC4)cc3,extra_trees,7.42021640338319,6.8668889429008875
TRAIN0528,Oc1ccc2C(N(CCc2c1)c3ccccc3)c4ccc(cc4)N5CCN6CCCCC6C5,extra_trees,7.20065945054642,7.2925170929693435
TRAIN0529,CC1CN(CCN1C)c2ccc(cc2)C3N(CCc4cc(O)ccc34)c5ccccc5,extra_trees,7.16115090926274,7.175370211795952
TRAIN0530,CCN1CCN(CC1C)c2ccc(cc2)C3N(CCc4cc(O)ccc34)c5ccccc5,extra_trees,7.42021640338319,6.926207997397275
TRAIN0531,CCC1CN(CCN1C)c2ccc(cc2)C3N(CCc4cc(O)ccc34)c5ccccc5,extra_trees,6.79048498545737,7.4009915552331025
TRAIN0532,CN1CCN(CC1)c2ccc(cc2)C3N(CCc4cc(O)ccc34)c5ccccc5,extra_trees,6.73282827159699,7.38514554768763
TRAIN0533,CN1CCC(CC1)c2ccc(cc2)C3N(CCc4cc(O)ccc34)c5ccccc5,extra_trees,6.97469413473523,7.624666380099295
TRAIN0534,CN1CCC(CC1)c2ccc(cc2)C3N(CCc4cc(O)ccc34)c5ccc(F)cc5,extra_trees,7.06048074738138,6.894250327859129
TRAIN0535,CN1CCC(CC1)c2ccc(cc2)C3N(CCc4cc(O)ccc34)c5cccc(F)c5,extra_trees,6.78781239559604,7.072249864879903
TRAIN0536,CN1CCC(CC1)c2ccc(cc2)C3N(CCc4cc(O)ccc34)c5cccc(O)c5,extra_trees,6.96657624451305,7.0844651271931
TRAIN0537,CN1CCN(CC1)c2ccc(cc2)C3N(CCc4cc(O)ccc34)c5cccc(O)c5,extra_trees,6.77211329538633,7.481347263942162
TRAIN0538,CC(C)N1CCN(CC1)c2ccc(cc2)C3N(CCc4cc(O)ccc34)c5cccc(O)c5,extra_trees,7.08092190762393,7.070483542994497
TRAIN0539,CC(C)CN1CCN(CC1)c2ccc(cc2)C3N(CCc4cc(O)ccc34)c5cccc(O)c5,extra_trees,6.92445303860747,7.041921773737481
TRAIN0540,Oc1cccc(c1)N2CCc3cc(O)ccc3C2c4ccc(cc4)N5CCN(CC6CC6)CC5,extra_trees,6.91364016932525,7.096643153505319
TRAIN0541,Oc1cccc(c1)N2CCc3cc(O)ccc3C2c4ccc(cc4)N5CCN(CC5)C6CCCC6,extra_trees,6.9100948885606,7.133906783712677
TRAIN0542,Oc1cccc(c1)N2CCc3cc(O)ccc3C2c4ccc(cc4)N5CCN(CC5)C6CCCCC6,extra_trees,6.75202673363819,7.136797065337886
TRAIN0543,Oc1ccc2c(c1)sc3c4ccccc4n(Cc5ccc(OCCN6CCCCCC6)cc5)c23,extra_trees,7.74472749489669,7.679041828596685
TRAIN0544,Oc1ccc2c(c1)sc3c4cc(O)ccc4n(Cc5ccc(OCCN6CCCCCC6)cc5)c23,extra_trees,8.47625353318844,8.075749934701296
TRAIN0545,CN(C)CCOc1ccc(Cn2c3ccccc3c4sc5cc(O)ccc5c24)cc1,extra_trees,7.28903688100472,7.520941175555417
TRAIN0546,CN(C)CCOc1ccc(Cn2c3ccc(O)cc3c4sc5cc(O)ccc5c24)cc1,extra_trees,7.74472749489669,7.376651528143045
TRAIN0547,CCN(CC)CCOc1ccc(Cn2c3ccccc3c4sc5cc(O)ccc5c24)cc1,extra_trees,7.24108810760203,7.321773355435103
TRAIN0548,CCN(CC)CCOc1ccc(Cn2c3ccc(O)cc3c4sc5cc(O)ccc5c24)cc1,extra_trees,7.50584540598156,7.810482186776373
TRAIN0549,Oc1ccc2c(c1)sc3c4ccccc4n(Cc5ccc(OCCN6CCOCC6)cc5)c23,extra_trees,6.89962945488244,7.585227081064349
TRAIN0550,Oc1ccc2c(c1)sc3c4cc(O)ccc4n(Cc5ccc(OCCN6CCOCC6)cc5)c23,extra_trees,8.0,7.840970608525817
TRAIN0551,Oc1ccc2c(c1)sc3c4ccccc4n(Cc5ccc(OCCN6CCCCC6)cc5)c23,extra_trees,7.4089353929735,7.709469471278179
TRAIN0552,Oc1ccc2c(c1)sc3c4cc(O)ccc4n(Cc5ccc(OCCN6CCCCC6)cc5)c23,extra_trees,8.54668165995296,8.244618140720448
TRAIN0553,Oc1ccc2c(c1)sc3c4ccccc4n(Cc5ccc(OCCN6CCCC6)cc5)c23,extra_trees,7.5654310959658,7.765324042869835
TRAIN0554,Oc1ccc2c(c1)sc3c4cc(O)ccc4n(Cc5ccc(OCCN6CCCC6)cc5)c23,extra_trees,8.22184874961636,8.095890832292259
TRAIN0555,Oc1ccc(cc1)c2ccc3cc(O)ccc3n2,extra_trees,5.75080164260889,5.583765383043612
TRAIN0556,Oc1ccc(cc1)c2ccc3c(Cl)c(O)ccc3n2,extra_trees,6.19928292171761,5.8627466374814485
TRAIN0557,Oc1ccc(cc1)c2ccc3c(Br)c(O)ccc3n2,extra_trees,5.94309514866353,6.270478593451433
TRAIN0558,Oc1ccc(cc1)c2cc(Cl)c3cc(O)ccc3n2,extra_trees,6.67162039656126,5.891828983723757
TRAIN0559,Oc1ccc2nc(cc(Cl)c2c1)c3ccc(O)c(F)c3,extra_trees,6.60906489289662,6.250022904277631
TRAIN0560,Oc1ccc(cc1)c2cc(Br)c3cc(O)ccc3n2,extra_trees,6.67366413907125,5.980497675064797
TRAIN0561,Oc1ccc2nc(cc(Br)c2c1)c3ccc(O)c(F)c3,extra_trees,6.54821356447571,6.445401236735561
TRAIN0562,Oc1ccc2nc(cc(Br)c2c1)c3cc(F)c(O)c(F)c3,extra_trees,6.10623823794206,6.4132483054755935
TRAIN0563,Oc1ccc(cc1)c2cc(C=C)c3cc(O)ccc3n2,extra_trees,6.29756946355447,6.2820257206616095
TRAIN0564,Oc1ccc2nc(cc(C=C)c2c1)c3ccc(O)c(F)c3,extra_trees,6.4145392704915,6.288233845518936
TRAIN0565,CCc1cc(nc2ccc(O)cc12)c3ccc(O)cc3,extra_trees,6.19791074211827,6.24403614047022
TRAIN0566,CCc1cc(nc2ccc(O)cc12)c3ccc(O)c(F)c3,extra_trees,5.75696195131371,6.175485637883961
TRAIN0567,Oc1ccc(cc1)c2cc(C#C)c3cc(O)ccc3n2,extra_trees,5.82390874094432,6.298637408256566
TRAIN0568,Oc1ccc2nc(cc(C#C)c2c1)c3ccc(O)c(F)c3,extra_trees,5.88306035344924,6.224887324068483
TRAIN0569,Oc1ccc2nc(cc(C#C)c2c1)c3cc(F)c(O)c(F)c3,extra_trees,5.31695296176115,6.0968337790126785
TRAIN0570,Oc1ccc(cc1)c2cc(C#N)c3cc(O)ccc3n2,extra_trees,6.34198860334289,5.890630845115301
TRAIN0571,Oc1ccc2nc(cc(C#N)c2c1)c3ccc(O)c(F)c3,extra_trees,5.98005331832116,6.076170507010777
TRAIN0572,CC(=O)c1cc(nc2ccc(O)cc12)c3ccc(O)cc3,extra_trees,5.50334706074908,5.88260003522568
TRAIN0573,CC(=O)c1cc(nc2ccc(O)cc12)c3ccc(O)c(F)c3,extra_trees,5.47237009912866,5.92229811047809
TRAIN0574,Oc1ccc2nc(cc(c3ccccc3)c2c1)c4ccc(O)c(F)c4,extra_trees,5.74112337062787,6.851839819270249
TRAIN0575,COc1cc(nc2ccc(O)cc12)c3ccc(O)cc3,extra_trees,5.17848647159523,6.068119537399995
TRAIN0576,C[C@@H](COc1ccc(cc1)[C@@H]2Oc3ccc(O)cc3S[C@@H]2c4ccc(O)cc4)N5CCCC5,extra_trees,8.88605664769316,8.886056647693144
TRAIN0577,C[C@@H](COc1ccc(cc1)[C@@H]2Oc3ccc(O)cc3S[C@@H]2c4ccc(O)cc4)N5CC[C@@H](C)C5,extra_trees,8.88605664769316,9.210176226388198
TRAIN0578,C[C@@H]1CCN(CCOc2ccc(cc2)C(=O)c3c(sc4cc(O)ccc34)c5ccc(O)cc5)C1,extra_trees,9.22184874961636,9.221848749616358
TRAIN0579,C[C@@H](COc1ccc(cc1)C(=O)c2c(sc3cc(O)ccc23)c4ccc(O)cc4)N5CCCC5,extra_trees,9.69897000433602,9.698970004336003
TRAIN0580,C[C@@H]1CCN(CCOc2ccc(Cn3c(c(C)c4cc(O)ccc34)c5ccc(O)cc5)cc2)C1,extra_trees,9.30102999566398,8.533012591679626
TRAIN0581,C[C@@H](COc1ccc(Cn2c(c(C)c3cc(O)ccc23)c4ccc(O)cc4)cc1)N5CCCC5,extra_trees,9.39794000867204,8.495602470445885
TRAIN0582,C[C@@H]1CCN(CCOc2ccc(cc2)[C@H]3[C@H](CCc4cc(O)ccc34)c5ccccc5)C1,extra_trees,9.30102999566398,8.765109785622048
TRAIN0583,C[C@@H](COc1ccc(cc1)[C@H]2[C@H](CCc3cc(O)ccc23)c4ccccc4)N5CCCC5,extra_trees,9.22184874961636,9.042766329505955
TRAIN0584,Oc1ccc(cc1)c2[nH]c3ccccc3c2c4ccccc4,extra_trees,5.08039897621589,7.516833559506419
TRAIN0585,Oc1ccc(cc1)c2c([nH]c3ccccc23)c4ccccc4,extra_trees,7.61978875828839,5.212012723081711
TRAIN0586,Oc1ccc(cc1)c2[nH]c3ccccc3c2c4ccc(O)cc4,extra_trees,7.02319166266193,7.148228096163732
TRAIN0587,c1ccc(cc1)c2[nH]c3ccccc3c2c4ccccc4,extra_trees,5.15801519540989,6.207248253978999
TRAIN0588,Oc1ccc(cc1)c2[nH]c(nc2c3ccccc3)C(F)(F)F,extra_trees,6.39469495385889,6.5121879697283775
TRAIN0589,Oc1ccc(cc1)c2noc(c2c3ccccc3)C(F)(F)F,extra_trees,8.07058107428571,7.326028668898582
TRAIN0590,Oc1ccc(cc1)n2c(nc3ccccc23)c4ccccc4Cl,extra_trees,5.7619538968712,6.7327988531105065
TRAIN0591,Cc1nocc1c2nc3ccccc3n2c4ccc(O)cc4,extra_trees,5.93554201077308,6.550143809196825
TRAIN0592,Cn1cccc1c2nc3ccccc3n2c4ccc(O)cc4,extra_trees,5.53165266958784,6.792987470310206
TRAIN0593,Oc1ccc(cc1)n2c(nc3ccccc23)c4ccccc4,extra_trees,5.74472749489669,6.215477962400504
TRAIN0594,C[C@]12CCC3C(CC=C4C[C@@H](O)CC[C@]34C=C)C1CC[C@@H]2O,extra_trees,5.65052820078561,5.649751981665848
TRAIN0595,C[C@]12CCC3C(CC=C4C[C@@H](O)CC[C@]34C=C)C1CC[C@@]2(O)C#C,extra_trees,6.83268266525182,6.823908740944343
TRAIN0596,C[C@]1(O)CCC2C3CC=C4C[C@@H](O)CC[C@]4(C=C)C3CC[C@]12C,extra_trees,5.97757162881451,5.978810700930041
TRAIN0597,C[C@]12CCC3C(CC=C4C[C@@H](O)CC[C@]34CO)C1CC[C@@H]2O,extra_trees,5.19900813873983,6.101512504652706
TRAIN0598,C[C@]12CC[C@H]3[C@@H](CC=C4C[C@@H](O)CC[C@]34C)[C@@H]1CC[C@@H]2O,extra_trees,6.67778070526608,5.821575795222477
TRAIN0599,C[C@]12CCC3C(CC=C4C[C@@H](O)CC[C@]34CC#C)C1CC[C@@H]2O,extra_trees,5.33320131633383,5.783057731260757
TRAIN0600,C[C@]12CCC3C(CC=C4C[C@@H](O)CC[C@]34C#C)C1CC[C@@H]2O,extra_trees,6.37161106994969,5.97407263988233
TRAIN0601,CCC[C@]12CC[C@H](O)CC1=CCC3C4CC[C@H](O)[C@@]4(C)CCC23,extra_trees,5.28777133038046,5.661949328922196
TRAIN0602,CC[C@]12CC[C@H](O)CC1=CCC3C4CC[C@H](O)[C@@]4(C)CCC23,extra_trees,5.63283051146532,5.632644078973962
TRAIN0603,C[C@]12CCC3C(CC=C4C[C@@H](O)CC[C@]34CC=C)C1CC[C@@H]2O,extra_trees,5.75995022788735,5.5134699092314445
TRAIN0604,CC\C=C/[C@]12CC[C@H](O)CC1=CCC3C4CC[C@H](O)[C@@]4(C)CCC23,extra_trees,5.51684079028302,5.802682219499266
TRAIN0605,C\C=C\[C@]12CC[C@H](O)CC1=CCC3C4CC[C@H](O)[C@@]4(C)CCC23,extra_trees,5.93404701968613,5.708631149548411
TRAIN0606,C\C=C/[C@]12CC[C@H](O)CC1=CCC3C4CC[C@H](O)[C@@]4(C)CCC23,extra_trees,5.70863114954842,5.821339084617284
TRAIN0607,CO\C=C/[C@]12CC[C@H](O)CC1=CCC3C4CC[C@H](O)[C@@]4(C)CCC23,extra_trees,5.47508485246013,5.5135484576890175
TRAIN0608,C[C@]12CCC3C(CC=C4C[C@@H](O)CC[C@]34\C=C\Br)C1CC[C@@H]2O,extra_trees,5.39968067024834,5.28716361048135
TRAIN0609,C[C@]12CCC3C(CC=C4C[C@@H](O)CC[C@]34\C=C\Cl)C1CC[C@@H]2O,extra_trees,5.2518119729938,5.174573882232162
TRAIN0610,C[C@]12CCC3C(CC=C4C[C@@H](O)CC[C@]34\C=C/Cl)C1CC[C@@H]2O,extra_trees,5.17457388223218,5.251811972993787
TRAIN0611,C[C@]12CCC3C(CC=C4C[C@@H](O)CC[C@]34\C=C\F)C1CC[C@@H]2O,extra_trees,5.38038499425719,5.368556230986849
TRAIN0612,C[C@]12CCC3C(CC=C4C[C@@H](O)CC[C@]34\C=C/F)C1CC[C@@H]2O,extra_trees,5.36855623098683,5.380384994257183
TRAIN0613,CN(C)CCOc1ccc(cc1)\C(=C(\CCCCO)/c2ccccc2)\c3ccc(O)cc3,extra_trees,7.10237290870956,7.100675644855021
TRAIN0614,CN(C)CCOc1ccc(cc1)\C(=C(\CCCO)/c2ccccc2)\c3ccc(O)cc3,extra_trees,6.49485002168009,6.9193175723425515
TRAIN0615,CN(C)CCOc1ccc(cc1)\C(=C(\CCO)/c2ccccc2)\c3ccc(O)cc3,extra_trees,6.60205999132796,8.206647111322841
TRAIN0616,CSCCC\C(=C(/c1ccc(O)cc1)\c2ccc(OCCN(C)C)cc2)\c3ccccc3,extra_trees,8.0,7.0912495616261895
TRAIN0617,CN(C)CCOc1ccc(cc1)\C(=C(\CCCN=[N+]=[N-])/c2ccccc2)\c3ccc(O)cc3,extra_trees,7.88605664769316,7.423231043199172
TRAIN0618,CN(C)CCOc1ccc(cc1)\C(=C(\CCN=[N+]=[N-])/c2ccccc2)\c3ccc(O)cc3,extra_trees,9.0,7.020694398627273
TRAIN0619,CN(C)CCOc1ccc(cc1)\C(=C(\CCCC#N)/c2ccccc2)\c3ccc(O)cc3,extra_trees,7.60205999132796,7.108557880737017
TRAIN0620,CN(C)CCOc1ccc(cc1)\C(=C(\CCC#N)/c2ccccc2)\c3ccc(O)cc3,extra_trees,6.69897000433602,7.56429547193125
TRAIN0621,CN(C)CCOc1ccc(cc1)\C(=C(\CCCCl)/c2ccccc2)\c3ccc(O)cc3,extra_trees,7.0,7.8057232449647955
TRAIN0622,CN(C)CCOc1ccc(cc1)\C(=C(\CCCl)/c2ccccc2)\c3ccc(O)cc3,extra_trees,8.39794000867204,7.626148995201878
TRAIN0623,CCN(c1ccccc1)S(=O)(=O)c2ccc(O)cc2,extra_trees,6.39361863488939,6.35179640280369
TRAIN0624,CCN(c1ccccc1Br)S(=O)(=O)c2ccc(O)cc2,extra_trees,7.04575749056067,6.588080635099693
TRAIN0625,CCN(c1cccc(OC)c1)S(=O)(=O)c2ccc(O)cc2,extra_trees,5.70487291474781,6.213916629268731
TRAIN0626,CCCN(c1ccccc1)S(=O)(=O)c2ccc(O)cc2,extra_trees,6.5185573714977,6.356575923214818
TRAIN0627,CCN(c1ccc(O)cc1)S(=O)(=O)c2ccc(O)cc2,extra_trees,6.5654310959658,6.043469845689737
TRAIN0628,CCN(c1ccccc1)S(=O)(=O)c2ccc(O)c(C)c2,extra_trees,6.48412615628832,6.564893350480534
TRAIN0629,CC(C)N(c1ccccc1)S(=O)(=O)c2ccc(O)cc2,extra_trees,6.05998184499234,6.515131285683514
TRAIN0630,CCN(c1ccccc1OC)S(=O)(=O)c2ccc(O)cc2,extra_trees,6.08092190762393,5.820298915152019
TRAIN0631,CC(C)(C)CN(c1ccccc1)S(=O)(=O)c2ccc(O)cc2,extra_trees,5.86296254521049,6.978068831201119
TRAIN0632,Oc1ccc(cc1)S(=O)(=O)N(Cc2ccccc2)c3ccccc3,extra_trees,6.30102999566398,6.511617475323874
TRAIN0633,Oc1ccc(cc1)S(=O)(=O)N(C2CCCCC2)c3ccccc3,extra_trees,6.06248210798265,6.654101880087788
TRAIN0634,Oc1ccc(cc1)S(=O)(=O)N(c2ccccc2)c3ccccc3,extra_trees,6.38721614328026,6.24654499444202
TRAIN0635,CCCCN(c1ccccc1)S(=O)(=O)c2ccc(O)cc2,extra_trees,6.49894073778225,6.3882956988807145
TRAIN0636,Oc1ccc(cc1)S(=O)(=O)N(CC=C)c2ccccc2,extra_trees,6.62893213772826,6.149759426579051
TRAIN0637,CCCN(c1ccccc1Br)S(=O)(=O)c2ccc(O)c(C)c2,extra_trees,7.39794000867204,7.326494149315674
TRAIN0638,CCCN(c1ccccc1c2ccccc2)S(=O)(=O)c3ccc(O)c(C)c3,extra_trees,6.59687947882418,7.1876062141739805
TRAIN0639,CCCN(c1ccccc1F)S(=O)(=O)c2ccc(O)cc2,extra_trees,7.13076828026902,6.54778353670051
TRAIN0640,CCCN(c1ccccc1Br)S(=O)(=O)c2ccc(O)c(c2)C(F)(F)F,extra_trees,7.22184874961636,7.32044623471359
TRAIN0641,CCCN(c1ccccc1Br)S(=O)(=O)c2ccc(O)cc2,extra_trees,7.58502665202918,7.287669871206174
TRAIN0642,CCCN(c1c(C)cccc1CC)S(=O)(=O)c2ccc(O)c(C)c2,extra_trees,8.15490195998574,7.817125073809798
TRAIN0643,CCCN(c1c(C)cccc1C)S(=O)(=O)c2ccc(O)c(C)c2,extra_trees,7.85387196432176,7.4842815347281215
TRAIN0644,CCCN(c1c(Cl)cccc1Cl)S(=O)(=O)c2ccc(O)c(C)c2,extra_trees,7.79588001734407,7.488676964135183
TRAIN0645,CCCN(c1c(CC)cccc1CC)S(=O)(=O)c2ccc(O)c(C)c2,extra_trees,8.30102999566398,7.759818946578314
TRAIN0646,CCCN(c1c(C)cccc1Cl)S(=O)(=O)c2ccc(O)c(C)c2,extra_trees,7.58502665202918,7.728153833491733
TRAIN0647,CCCN(c1c(C)cccc1Cl)S(=O)(=O)c2ccc(O)cc2,extra_trees,7.61978875828839,7.059250038740084
TRAIN0648,CCCN(c1ccccc1C(F)(F)F)S(=O)(=O)c2ccc(O)cc2,extra_trees,7.26760624017703,7.005720356791636
TRAIN0649,CCCN(c1ccccc1Cl)S(=O)(=O)c2ccc(O)c(C)c2,extra_trees,7.29242982390206,7.358370675651743
TRAIN0650,CCCN(c1ccccc1Cl)S(=O)(=O)c2ccc(O)cc2,extra_trees,7.3767507096021,7.225046335295505
TRAIN0651,CCCN(c1ccccc1C)S(=O)(=O)c2ccc(O)c(C)c2,extra_trees,6.96257350205938,7.011567050582485
TRAIN0652,CC1CCc2ccccc2N1S(=O)(=O)c3ccc(O)cc3,extra_trees,6.31966448658544,6.00235633225983
TRAIN0653,Oc1ccc2c(CCN(c3ccccc3Cl)S2(=O)=O)c1,extra_trees,6.04963514562388,6.053231842013402
TRAIN0654,Cc1c(O)ccc2c1CCc3cc(O)cc(C=C)c23,extra_trees,6.61978875828839,6.245929955621017
TRAIN0655,Cc1cc(O)c(C)c2c1c3ccc(O)c(C)c3OC2(C)CC=C,extra_trees,6.80410034759077,6.156273214332348
TRAIN0656,Cc1c(O)ccc2c1OC(C)(C)c3c(C)c(O)ccc23,extra_trees,6.32975414692588,6.601548208639153
TRAIN0657,CC(C)CC1Oc2c(C)c(O)ccc2c3c(C)cc(O)cc13,extra_trees,6.20273245916928,6.021686172826693
TRAIN0658,CC1Oc2c(C)c(O)ccc2c3c(C)cc(O)c(C)c13,extra_trees,6.6252516539899,6.2958415433250385
TRAIN0659,CCCC1Oc2c(C)c(O)ccc2c3c(C)cc(O)cc13,extra_trees,6.20342566678957,6.300553459394856
TRAIN0660,CCC1Oc2c(C)c(O)ccc2c3c(C)cc(O)cc13,extra_trees,6.36151074304536,6.538719834249138
TRAIN0661,CCC1Oc2c(C)c(O)ccc2c3ccc(O)c(C)c13,extra_trees,6.99567862621736,6.371329901865029
TRAIN0662,CC1Oc2c(C)c(O)ccc2c3ccc(O)c(C)c13,extra_trees,6.47495519296315,5.919832722571694
TRAIN0663,CC1Oc2c(C)c(O)ccc2c3c(C)cc(O)cc13,extra_trees,5.91721462968355,6.341299583974878
TRAIN0664,Cc1cc(O)cc2COc3c(C)c(O)ccc3c12,extra_trees,5.98716277529483,5.502900931826861
TRAIN0665,Cc1c(O)ccc2c1COc3c(C)c(O)ccc23,extra_trees,5.33629907461035,6.024382946192732
TRAIN0666,Cc1c(O)c(Cl)c(C)c2c3ccc(O)c(Cl)c3OC(=O)c12,extra_trees,6.22402566887063,5.722234519825005
TRAIN0667,Cc1c(O)c(Cl)cc2c3ccc(O)c(Cl)c3OC(=O)c12,extra_trees,6.28066871301627,5.714491429470144
TRAIN0668,Oc1ccc2c(OC(=O)c3c(Cl)c(O)c(F)cc23)c1Cl,extra_trees,4.93554201077308,5.944016695136054
TRAIN0669,Cc1cc(O)c(C)c2C(=O)Oc3c(C)c(O)ccc3c12,extra_trees,6.14508697769215,6.067917755027407
TRAIN0670,Cc1cc(O)c(C)c2OC(=O)c3c(C)c(O)ccc3c12,extra_trees,6.10513034325475,6.129190697240473
TRAIN0671,Cc1cc(O)cc2C(=O)Oc3c(C)c(O)ccc3c12,extra_trees,6.23433144524099,5.957523949401739
TRAIN0672,CCc1cc(O)cc2C(=O)Oc3c(C)c(O)ccc3c12,extra_trees,5.74957999769111,6.076152905447385
TRAIN0673,Cc1c(O)ccc2c3ccc(O)c(Br)c3OC(=O)c12,extra_trees,5.71669877129645,5.906769408629422
TRAIN0674,CCc1c(O)ccc2c3ccc(O)c(F)c3OC(=O)c12,extra_trees,6.64206515299955,5.961883234198491
TRAIN0675,Cc1c(O)ccc2c3ccc(O)c(F)c3OC(=O)c12,extra_trees,5.80134291304558,5.9953992410791805
TRAIN0676,CCc1c(O)ccc2c1OC(=O)c3c(C)c(O)ccc23,extra_trees,6.64016451766011,6.218355801119903
TRAIN0677,CCc1c(O)ccc2c3ccc(O)c(C)c3OC(=O)c12,extra_trees,6.31515463835559,6.430748814335459
TRAIN0678,Cc1c(O)ccc2c1OC(=O)c3c(O)c(O)ccc23,extra_trees,5.89279003035213,5.931542871243617
TRAIN0679,Cc1cc(O)c(Cl)c2C(=O)Oc3c(Cl)c(O)ccc3c12,extra_trees,5.59842715432355,5.9770924031176556
TRAIN0680,Cc1cc(O)cc2OC(=O)c3c(C)c(O)ccc3c12,extra_trees,5.73048705578208,6.245011899922886
TRAIN0681,Cc1cc(O)c(C)c2OC(=O)c3cc(O)ccc3c12,extra_trees,6.31158017799729,5.992961726092759
TRAIN0682,Cc1c(O)ccc2c3ccc(O)cc3OC(=O)c12,extra_trees,5.93181413825384,6.062879113883474
TRAIN0683,Cc1c(O)ccc2c1OC(=O)c3cc(O)ccc23,extra_trees,6.18442225167573,5.917936571338921
TRAIN0684,Cc1c(O)ccc2c1OC(=O)c3c(C)c(O)ccc23,extra_trees,6.79860287567955,5.652307769596904
TRAIN0685,COc1c(C)c(Br)c2C(=O)Oc3c(C)c(O)ccc3c2c1C,extra_trees,6.64781748188864,5.957967304548809
TRAIN0686,COc1c(C)cc2C(=O)Oc3c(C)c(O)ccc3c2c1C,extra_trees,5.38090666937326,5.708491239830088
TRAIN0687,CCc1cc(OC)cc2C(=O)Oc3c(C)c(O)ccc3c12,extra_trees,5.00744648216786,5.723029102519094
TRAIN0688,Cc1cc(C=C)c2c(c1)C(=O)Oc3c(C)c(O)ccc23,extra_trees,5.0,5.582744318694958
TRAIN0689,Cc1cc(CC=C)c2c(c1)C(=O)Oc3c(C)c(O)ccc23,extra_trees,5.0,5.3187929920958155
TRAIN0690,Cc1cc(Br)c2c(c1)C(=O)Oc3c(C)c(O)ccc23,extra_trees,5.50584540598156,5.906731996467373
TRAIN0691,Cc1cc(C)c2c(c1)C(=O)Oc3c(C)c(O)ccc23,extra_trees,5.43062609038495,5.636530348732477
TRAIN0692,CC\C=C\c1cc2c(cc1Br)C(=O)Oc3c(C)c(O)ccc23,extra_trees,5.96257350205938,5.811427695381434
TRAIN0693,COc1cc2C(=O)Oc3c(C)c(O)ccc3c2cc1Br,extra_trees,5.0,5.790589058030464
TRAIN0694,Cc1cc2c(cc1Br)C(=O)Oc3c(C)c(O)ccc23,extra_trees,5.16430942850757,5.698546469031805
TRAIN0695,Cc1ccc(C)c2c3ccc(O)c(C)c3OC(=O)c12,extra_trees,5.51229613683627,5.431171699793877
TRAIN0696,Cc1c(O)ccc2c1OC(=O)c3c(Br)cc(Br)cc23,extra_trees,6.22402566887063,5.495561290533405
TRAIN0697,Cc1c(O)ccc2c1OC(=O)c3c(C)c(NS(=O)(=O)C)ccc23,extra_trees,5.3707943428977,5.866543122864095
TRAIN0698,Cc1c(O)ccc2c1OC(=O)c3c(C)c(N)ccc23,extra_trees,4.84466396253494,5.999527542859944
TRAIN0699,COc1ccc2c3ccc(O)c(C)c3OC(=O)c2c1C,extra_trees,6.0,5.351613941741402
TRAIN0700,C\C=C\c1cccc2C(=O)Oc3c(C)c(O)ccc3c12,extra_trees,5.5185573714977,5.767125692412684
TRAIN0701,CCc1c(O)ccc2c1OC(=O)c3cc(Br)ccc23,extra_trees,5.26280735729526,5.821800294236568
TRAIN0702,Cc1cc(C)c2c(c1)C(=O)Oc3cc(O)ccc23,extra_trees,6.23284413391782,6.134123527321586
TRAIN0703,Cc1c(O)ccc2c1OC(=O)c3cc(C=C)ccc23,extra_trees,5.33818731446274,5.077912371290948
TRAIN0704,CCC1Oc2c(C)c(O)ccc2c3c(C)cc(O)c(C)c13,extra_trees,6.88941028970075,6.5151190965259875
TRAIN0705,Oc1ccc(cc1)N2C=Nc3cc(O)cc(O)c3C2=O,extra_trees,4.95479441396494,4.386924098988647
TRAIN0706,Oc1ccc(cc1)N2C=Nc3cc(O)cc(O)c3C2=S,extra_trees,5.57905459407803,5.444179991363903
TRAIN0707,Oc1cc(O)c2C(=O)N(C=Nc2c1)c3ccc(O)c(F)c3,extra_trees,4.3548234418212,4.974972648364586
TRAIN0708,Oc1cc(O)c2C(=O)N(C=Nc2c1)c3ccc(O)c(Cl)c3,extra_trees,4.25951888270466,4.979140372967916
TRAIN0709,Cc1cc(O)ccc1N2C=Nc3cc(O)cc(O)c3C2=O,extra_trees,5.35832762677531,4.665940891016329
TRAIN0710,COc1cc(O)c2C(=O)N(C=Nc2c1)c3ccc(O)cc3,extra_trees,4.58576223451328,4.946728364052725
TRAIN0711,Oc1cc(O)c2C(=O)N(C=Nc2c1)c3ccc(O)nc3,extra_trees,4.17483362774345,4.996840218751354
TRAIN0712,Oc1ccc(nc1)N2C=Nc3cc(O)cc(O)c3C2=O,extra_trees,4.0088537000083,5.3417023726538115
TRAIN0713,Cc1cc(ccc1O)N2C=Nc3cc(O)cc(O)c3C2=O,extra_trees,4.46059767530769,4.954425327192602
TRAIN0714,Oc1ccc(N2C=Nc3cc(O)cc(O)c3C2=O)c(Cl)c1,extra_trees,5.20432849405398,4.573069116496503
TRAIN0715,Oc1ccc(N2C=Nc3cc(O)cc(O)c3C2=O)c(F)c1,extra_trees,5.12580819532093,5.030461540587007
TRAIN0716,CC(C)C1=Nc2cc(O)cc(O)c2C(=O)N1c3ccc(O)cc3,extra_trees,4.15243350985741,5.12321754250835
TRAIN0717,CCCCC1=Nc2cc(O)cc(O)c2C(=O)N1c3ccc(O)cc3,extra_trees,6.74957999769111,5.418902695798673
TRAIN0718,CCCC1=Nc2cc(O)cc(O)c2C(=O)N1c3ccc(O)cc3,extra_trees,5.27043027369803,5.107997845647903
TRAIN0719,CCC1=Nc2cc(O)cc(O)c2C(=O)N1c3ccc(O)cc3,extra_trees,4.71137076533501,4.705680970243335
TRAIN0720,CC1=Nc2cc(O)cc(O)c2C(=O)N1c3ccc(O)cc3,extra_trees,4.47823447412292,4.818122845400066
TRAIN0721,Oc1cc(O)c2C(=O)N(C=Nc2c1)c3ccccc3,extra_trees,4.1215471456025,4.55452878243128
TRAIN0722,Oc1cccc(c1)N2C=Nc3cc(O)cc(O)c3C2=O,extra_trees,4.35838709608849,4.867001813044263
TRAIN0723,Oc1ccc(cc1)N2C=Nc3cc(O)ccc3C2=O,extra_trees,4.27051123082044,4.7591256703687845
TRAIN0724,CCCc1c(O)cc2N=CN(C(=O)c2c1O)c3ccc(O)cc3,extra_trees,4.97269117296445,5.723802675304823
TRAIN0725,Cc1c(O)cc(O)c2C(=O)N(C=Nc12)c3ccc(O)cc3,extra_trees,4.81539373331286,4.685304315483181
TRAIN0726,CC(=C)c1cc(O)cc2N=CN(C(=O)c12)c3ccc(O)cc3,extra_trees,4.35686328895656,5.1716411321252185
TRAIN0727,OCc1cc(O)cc2N=CN(C(=O)c12)c3ccc(O)cc3,extra_trees,6.91721462968355,4.718943401561012
TRAIN0728,Oc1ccc(cc1)N2C=Nc3cc(O)cc(c4ccccc4)c3C2=O,extra_trees,3.9933457329571,5.9462616528955445
TRAIN0729,COC(=O)c1cc(O)cc2N=CN(C(=O)c12)c3ccc(O)cc3,extra_trees,4.08978126831235,5.077266459411613
TRAIN0730,CCc1cc(O)cc2N=CN(C(=O)c12)c3ccc(O)cc3,extra_trees,4.87811201489632,5.760081687783332
TRAIN0731,Cc1cc(O)cc2N=CN(C(=O)c12)c3ccc(O)cc3,extra_trees,5.01614828100853,4.809247833056176
TRAIN0732,Nc1cc(O)cc2N=CN(C(=O)c12)c3ccc(O)cc3,extra_trees,4.80908030108743,5.278519064532029
TRAIN0733,Oc1ccc(cc1)N2C(=O)c3ccc(O)cc3N=C2c4ccc(O)cc4,extra_trees,4.31450010090594,5.595589528044141
TRAIN0734,Oc1ccc(cc1)N2C(=O)Nc3cc(O)cc(O)c3C2=O,extra_trees,4.15318678603921,5.5460197700253175
TRAIN0735,Oc1ccc(cc1)N2C(=S)Nc3cc(O)cc(O)c3C2=O,extra_trees,4.95424685240586,4.902841021885388
TRAIN0736,Oc1ccc(cc1)C2=COc3cc(O)cc(O)c3C2=S,extra_trees,4.25272028744559,6.227647561277802
TRAIN0737,Oc1ccc(nc1)N2C=Nc3cc(O)cc(O)c3C2=S,extra_trees,4.55957898660944,5.375919530785833
TRAIN0738,CCc1cc(O)cc2N=CN(C(=S)c12)c3ccc(O)cc3,extra_trees,5.6458915608526,5.649703736447828
TRAIN0739,Cc1cc(O)cc2N=CN(C(=S)c12)c3ccc(O)cc3,extra_trees,5.75621808390621,5.54105420383776
TRAIN0740,Cc1cc(ccc1O)N2C=Nc3cc(O)cc(O)c3C2=S,extra_trees,5.54454603122137,5.607462963963321
TRAIN0741,Oc1cc(O)c2C(=S)N(C=Nc2c1)c3ccc(O)c(F)c3,extra_trees,5.51144928349956,5.2030021846088195
TRAIN0742,Oc1ccc2C3=C(COc2c1)c4ccc(O)cc4O[C@H]3c5ccc(OCCN6CCCCC6)cc5,extra_trees,9.21467016498923,8.201366137426607
TRAIN0743,Oc1ccc2C3=C(COc2c1)c4ccc(O)cc4O[C@@H]3c5ccc(OCCN6CCCCC6)cc5,extra_trees,7.29242982390206,8.201366137426607
TRAIN0744,C[C@]12CC[C@H]3[C@@H](CCc4cc(O)ccc34)[C@@H]1CC[C@@]2(O)C#C,extra_trees,8.69897000433602,6.92450566533506
TRAIN0745,CC(C)CC12CCC(=O)C(=C1c3ccc(O)cc3C2)C,extra_trees,6.70996538863748,6.280739137400384
TRAIN0746,CCCC[C@]12CCC(=O)C(=C1c3ccc(O)cc3C2)Br,extra_trees,5.39544996742874,6.870095588522666
TRAIN0747,CCCC[C@@]12CCC(=O)C(=C1c3ccc(O)cc3C2)C,extra_trees,6.24641694110709,6.589597821885522
TRAIN0748,CCCC[C@@]12CCC(=O)C(=C1c3ccc(O)cc3C2)Br,extra_trees,6.88941028970075,6.12311542738667
TRAIN0749,Oc1ccc2C3=C(C#N)C(=O)CCC3(Cc2c1)c4ccccc4,extra_trees,6.05551732784983,6.431337705005885
TRAIN0750,Oc1ccc2C3=C(C(=O)CCC3(Cc2c1)c4ccccc4)c5occc5,extra_trees,6.41005039867429,7.059230687458834
TRAIN0751,Oc1ccc2C3=C(Br)C(=O)CCC3(Cc2c1)c4ccccc4,extra_trees,6.94692155651658,6.281709243948779
TRAIN0752,CCCCC12CCC(=O)C(=C1c3ccc(O)cc3C2)I,extra_trees,6.90657831483776,6.9051933992442756
TRAIN0753,CCCCC12CCC(=O)C(=C1c3ccc(O)cc3C2)Cl,extra_trees,6.94309514866353,6.368272231010859
TRAIN0754,CCCCC12CCC(=O)C(=C1c3ccc(O)cc3C2)C(F)(F)F,extra_trees,6.89279003035213,6.61004157639573
TRAIN0755,CCCCC12CCC(=O)C(=C1c3ccc(O)cc3C2)C#N,extra_trees,5.78251605578609,6.497751162800877
TRAIN0756,CCCCC12CCC(=O)C(=C1c3ccc(O)cc3C2)c4ccccc4,extra_trees,7.38721614328026,6.578108966841745
TRAIN0757,CCCCC12CCC(=O)C(=C1c3ccc(O)cc3C2)c4cccs4,extra_trees,7.1518108830086,6.409498547277009
TRAIN0758,CCCCC12CCC(=O)C(=C1c3ccc(O)cc3C2)c4occc4,extra_trees,6.70774392864352,6.61915101388948
TRAIN0759,CCCCC1=C2c3ccc(O)cc3CC2(CCCC)CCC1=O,extra_trees,6.56383735295924,7.208395548557507
TRAIN0760,CCCCC12CCC(=O)C(=C1c3ccc(O)cc3C2)CCC,extra_trees,7.52287874528034,6.6661056193744255
TRAIN0761,CCCCC12CCC(=O)C(=C1c3ccc(O)cc3C2)CC,extra_trees,6.57839607313017,6.829878407985585
TRAIN0762,CCCCC12CCC(=O)C(=C1c3ccc(O)cc3C2)Br,extra_trees,6.85078088734462,6.142430128564768
TRAIN0763,CCCC12CCC(=O)C(=C1c3ccc(O)cc3C2)Br,extra_trees,7.10237290870956,6.4096329327581625
TRAIN0764,CCC12CCC(=O)C(=C1c3ccc(O)cc3C2)Br,extra_trees,6.49620931694282,6.137296395714506
TRAIN0765,CC12CCC(=O)C(=C1c3ccc(O)cc3C2)Br,extra_trees,6.05403929642243,5.897213352079367
TRAIN0766,CC1=C2c3ccc(O)cc3CC2(CCC1=O)c4ccccc4,extra_trees,6.31785492362617,6.34240784644623
TRAIN0767,CCCCC12CCC(=O)C(=C1c3ccc(O)cc3C2)C,extra_trees,6.20065945054642,6.589597821885522
TRAIN0768,CC(C)C12CCC(=O)C(=C1c3ccc(O)cc3C2)C,extra_trees,5.84771165561694,6.415930250310995
TRAIN0769,CCCC12CCC(=O)C(=C1c3ccc(O)cc3C2)C,extra_trees,6.34198860334289,6.341988603342885
TRAIN0770,CCC12CCC(=O)C(=C1c3ccc(O)cc3C2)C,extra_trees,5.91721462968355,5.91721462968357
TRAIN0771,CC1=C2c3ccc(O)cc3CC2(C)CCC1=O,extra_trees,5.92445303860747,5.74008783118107
TRAIN0772,CCCCCC12CCC(=O)C=C1c3ccc(O)cc3C2,extra_trees,5.42712839779952,6.059939066281755
TRAIN0773,CCCCC12CCC(=O)C=C1c3ccc(O)cc3C2,extra_trees,5.19044028536473,5.833598977330704
TRAIN0774,CCCC12CCC(=O)C=C1c3ccc(O)cc3C2,extra_trees,5.59687947882418,5.788745351183746
TRAIN0775,CC12CCC(=O)C=C1c3ccc(O)cc3C2,extra_trees,5.37212230542003,6.1968226684116
TRAIN0776,CCCCC12CCC(=O)C(=C1c3ccc4[nH]ncc4c3C2)Br,extra_trees,5.85078088734462,6.370611581511674
TRAIN0777,CC1=C2c3ccc4[nH]ncc4c3CC2(C)CCC1=O,extra_trees,5.35556141053216,5.532908127327254
TRAIN0778,CC[C@@]12CCC(=O)C(=C1c3ccc4[nH]ncc4c3C2)C,extra_trees,5.86646109162978,6.041265648478723
TRAIN0779,CCCCC12CCC(=O)C(=C1c3ccc4[nH]ncc4c3C2)C,extra_trees,5.97881070093006,6.433722423075236
TRAIN0780,CCC1=C2c3ccc4[nH]ncc4c3CC2(CC)CCC1=O,extra_trees,6.65169513695184,6.0194038762089095
TRAIN0781,CCCC[C@@]12CCC(=O)C(=C1c3ccc4[nH]ncc4c3C2)CC,extra_trees,7.03151705144607,6.334436343216296
TRAIN0782,CC[C@@]12CCC(=O)C(=C1c3ccc4[nH]ncc4c3C2)Cl,extra_trees,6.32790214206428,6.351905937531371
TRAIN0783,CC12CCC(=O)C(=C1c3ccc4[nH]ncc4c3C2)Br,extra_trees,5.70114692359029,5.994902986114151
TRAIN0784,CC[C@@]12CCC(=O)C(=C1c3ccc4[nH]ncc4c3C2)Br,extra_trees,6.60380065290426,6.27683674125103
TRAIN0785,CCCC12CCC(=O)C(=C1c3ccc4[nH]ncc4c3C2)Br,extra_trees,6.17848647159523,6.176212332001907
TRAIN0786,BrC1=C2c3ccc4[nH]ncc4c3C[C@]2(CC5CC5)CCC1=O,extra_trees,6.63827216398241,6.198481147184195
TRAIN0787,CCCCC12CCC(=O)C(=C1c3ccc4[nH]ncc4c3C2)C5CC5,extra_trees,6.37468754903833,6.434706316592374
TRAIN0788,CCCC[C@@]12CCC(=O)C(=C1c3ccc4[nH]ncc4c3C2)C(=O)OC,extra_trees,5.68193666503724,5.877726830750683
TRAIN0789,CC[C@@]12CCC(=O)C(=C1c3ccc4[nH]ncc4c3C2)C5CC5,extra_trees,6.32790214206428,6.373194745901657
TRAIN0790,CCCC12CCC(=O)C(=C1c3ccc4[nH]ncc4c3C2)C,extra_trees,6.01055018233331,6.050061657280232
TRAIN0791,C[C@@]12CCC(=O)C(=C1c3ccc4[nH]ncc4c3C2)C(F)(F)F,extra_trees,5.83032556594119,5.80970988902399
TRAIN0792,BrC1=C2c3ccc4[nH]ncc4c3C[C@]2(CCC5CC5)CCC1=O,extra_trees,6.64016451766011,6.428860526792019
TRAIN0793,CC[C@@]12CCC(=O)C(=C1c3ccc4[nH]ncc4c3C2)C(F)(F)F,extra_trees,6.44369749923271,6.233860547613415
TRAIN0794,CCCC[C@@]12CCC(=O)C(=C1c3ccc4[nH]ncc4c3C2)C(F)(F)F,extra_trees,6.75448733218585,6.432117491671773
TRAIN0795,CC[C@@]12CCC(=O)C(=C1c3ccc4[nH]ncc4c3C2)c5ccccc5,extra_trees,7.33724216831843,6.244195484170648
TRAIN0796,CCC12CCC(=O)C(=C1c3ccc4[nH]ncc4c3C2=O)C,extra_trees,6.20481541031758,6.17067118894894
TRAIN0797,CC[C@@]12CCC(=O)C(=C1c3ccc4[nH]ncc4c3C2=O)Cl,extra_trees,6.85698519974591,6.313527684890449
TRAIN0798,CCC12CCC(=O)C(=C1c3ccc4[nH]ncc4c3C2=O)Br,extra_trees,6.45345733652187,6.724559699256593
TRAIN0799,CC[C@@]12CCC(=O)C(=C1c3ccc4[nH]ncc4c3C2=O)C(F)(F)F,extra_trees,7.23657200643706,6.143305372736217
TRAIN0800,CCCC[C@@]12CCC(=O)C(=C1c3ccc4[nH]ncc4c3C2=O)C(F)(F)F,extra_trees,7.39794000867204,6.1728629947150235
TRAIN0801,CCC12CCC(=O)C(=C1c3ccc4[nH]nc(Cl)c4c3C2)C,extra_trees,5.61618463401957,6.104164701556338
TRAIN0802,CCC12CCC(=O)C(=C1c3ccc4[nH]nc(Br)c4c3C2)C,extra_trees,5.23062267392386,6.127618210068192
TRAIN0803,CC[C@@]12CCC(=O)C(=C1c3ccc4[nH]nc(F)c4c3C2)Cl,extra_trees,7.08618614761628,6.380614087758048
TRAIN0804,CCC12CCC(=O)C(=C1c3ccc4[nH]nc(F)c4c3C2)Br,extra_trees,6.70553377383841,6.8361304015028
TRAIN0805,CC[C@@]12CCC(=O)C(=C1c3ccc4[nH]nc(F)c4c3C2)C(F)(F)F,extra_trees,7.29328221766324,6.819425882522845
TRAIN0806,CCCC[C@@]12CCC(=O)C(=C1c3ccc4[nH]nc(F)c4c3C2)CC,extra_trees,7.63827216398241,6.266174901755322
TRAIN0807,CCCC[C@@]12CCC(=O)C(=C1c3ccc4[nH]nc(F)c4c3C2)C(F)(F)F,extra_trees,7.30803489723264,6.860304608140306
TRAIN0808,CCC[C@@]12CCC(=O)C(=C1c3ccc(O)cc3C2)C,extra_trees,6.34198860334289,6.341988603342885
TRAIN0809,CC1=C2c3ccc(O)cc3C[C@@]24CC[C@H](C4)C1=O,extra_trees,6.1007268126824,6.077641164588331
TRAIN0810,CCC[C@@H]1C[C@@H]2C[C@]13Cc4cc(O)ccc4C3=C(C)C2=O,extra_trees,7.01322826573375,6.67144195593693
TRAIN0811,CC1=C2c3ccc(O)cc3C[C@@]24CCC[C@H](C4)C1=O,extra_trees,6.3829996588791,6.331833884932944
TRAIN0812,CC[C@@H]1CC[C@@H]2C[C@]13Cc4cc(O)ccc4C3=C(C)C2=O,extra_trees,6.83564714421556,6.671332133769399
TRAIN0813,CC[C@H]1CC[C@@H]2C[C@]13Cc4cc(O)ccc4C3=C(C)C2=O,extra_trees,6.50863830616573,6.671332133769399
TRAIN0814,CCC[C@@H]1CC[C@@H]2C[C@]13Cc4cc(O)ccc4C3=C(C)C2=O,extra_trees,7.07572071393812,6.218244625347545
TRAIN0815,CCC[C@H]1CC[C@@H]2C[C@]13Cc4cc(O)ccc4C3=C(C)C2=O,extra_trees,6.21824462534753,7.075720713938134
TRAIN0816,CC[C@@]12CCC(=O)C(=C1c3ccc(O)cc3C2)C,extra_trees,5.91721462968355,5.91721462968357
TRAIN0817,CC1=C2c3ccc(O)cc3CC2(Cc4ccccc4)CCC1=O,extra_trees,5.82390874094432,6.32341559604938
TRAIN0818,CC1=C2c3ccc(O)cc3CC2(Cc4ccc(Cl)cc4)CCC1=O,extra_trees,5.16749108729376,6.452646975042893
TRAIN0819,CC1=C2c3ccc4[nH]ncc4c3CC2(Cc5ccccc5F)CCC1=O,extra_trees,5.46852108295774,6.656305717709304
TRAIN0820,O=C1CCC2(Cc3ccccc3)Cc4c(ccc5[nH]ncc45)C2=C1c6ccc(OCCN7CCCCC7)cc6,extra_trees,6.20760831050175,6.28086408835804
TRAIN0821,Oc1ccc2C3=C(C(=O)CCC3(Cc4ccccc4)Cc2c1)c5ccc(OCCN6CCCCC6)cc5,extra_trees,6.42021640338319,6.367868526297241
TRAIN0822,Oc1ccc(cc1)C2=C3c4ccc(O)cc4CC3(Cc5ccccc5)CCC2=O,extra_trees,6.65757731917779,7.554913437243759
TRAIN0823,CCCCC1=C2c3ccc(O)cc3CC2(Cc4ccccc4)CCC1=O,extra_trees,6.58502665202918,6.724997496200951
TRAIN0824,Oc1ccc2C3=C(C(=O)CCC3(Cc4ccccc4)Cc2c1)c5ccc(OCCN6CCOCC6)cc5,extra_trees,6.14874165128092,6.923624824062918
TRAIN0825,CN(C)CCOc1ccc(cc1)C2=C3c4ccc(O)cc4CC3(Cc5ccccc5)CCC2=O,extra_trees,5.92081875395237,7.621058955745207
TRAIN0826,Oc1ccc2C3=C(C(=O)CCC3(Cc4ccc(Cl)cc4)Cc2c1)c5ccc(OCCN6CCCCC6)cc5,extra_trees,5.95860731484177,7.0301871625164996
TRAIN0827,O=C1CCC2(Cc3ccccc3)Cc4c(ccc5[nH]ncc45)C2=C1,extra_trees,5.4089353929735,6.365564128880577
TRAIN0828,CC1=C2c3ccc4[nH]ncc4c3CC2(Cc5ccccc5)CCC1=O,extra_trees,6.79588001734407,6.377426946290759
TRAIN0829,CC1=C2c3ccc4[nH]ncc4c3CC2(Cc5cccc(F)c5)CCC1=O,extra_trees,6.35654732351381,6.367283654006901
TRAIN0830,CC1=C2c3ccc4[nH]ncc4c3CC2(Cc5ccc(F)cc5)CCC1=O,extra_trees,7.08618614761628,6.262762523599334
TRAIN0831,CC1=C2c3ccc4[nH]nnc4c3CC2(Cc5ccccc5)CCC1=O,extra_trees,5.92081875395237,6.181561603485642
TRAIN0832,CC1=C2c3ccc4[nH]ncc4c3CC2(Cc5ccc6ccccc6c5)CCC1=O,extra_trees,5.25963731050576,5.870468330271569
TRAIN0833,CC1=C2c3ccc4[nH]nnc4c3CC2(Cc5ccc(F)cc5)CCC1=O,extra_trees,6.46852108295774,5.685051535034936
TRAIN0834,CCCCC12CCC(=O)C(=C1c3ccc4[nH]nnc4c3C2)Br,extra_trees,6.85078088734462,5.719877103697709
TRAIN0835,CCCC[C@@]12CCC(=O)C(=C1c3ccc4[nH]nnc4c3C2)c5cccs5,extra_trees,7.46852108295774,5.848047208625335
TRAIN0836,CCCCC12CCC(=O)C(=C1c3ccc4[nH]nnc4c3C2)c5occc5,extra_trees,5.95116991347165,6.4223682513172875
TRAIN0837,CCCC[C@@]12CCC(=O)C(=C1c3ccc4[nH]nnc4c3C2)C(F)(F)F,extra_trees,6.04769199033787,6.5148920152907905
TRAIN0838,CCCC[C@@]12CCC(=O)C(=C1c3ccc4[nH]nnc4c3C2)Br,extra_trees,5.71987710369769,6.850780887344625
TRAIN0839,CCCCC12CCC(=O)C(=C1c3ccc4[nH]nnc4c3C2)CCC,extra_trees,5.90343756162586,6.4062679450871185
TRAIN0840,CCCC[C@@]12CCC(=O)C(=C1c3ccc4[nH]nnc4c3C2)CC,extra_trees,6.65757731917779,6.27769177066619
TRAIN0841,CCCC[C@]12CCC(=O)C(=C1c3ccc4[nH]nnc4c3C2)CC,extra_trees,5.32303218570524,6.27769177066619
TRAIN0842,CCCCC12CCC(=O)C(=C1c3ccc4[nH]nnc4c3C2)C,extra_trees,5.2231535913047,6.115604974638506
TRAIN0843,CCCC12CCC(=O)C(=C1c3ccc4[nH]nnc4c3C2)Br,extra_trees,5.48135447566969,6.247592366049527
TRAIN0844,CCCC1=C2c3ccc4[nH]nnc4c3CC2(CCC)CCC1=O,extra_trees,6.46344155742847,5.998560464245903
TRAIN0845,CCCC12CCC(=O)C(=C1c3ccc4[nH]nnc4c3C2)CC,extra_trees,6.21324857785444,5.672996416832024
TRAIN0846,CCCC12CCC(=O)C(=C1c3ccc4[nH]nnc4c3C2)C,extra_trees,5.20950372303289,5.845570288203117
TRAIN0847,CC[C@@]12CCC(=O)C(=C1c3ccc4[nH]nnc4c3C2)C(F)(F)F,extra_trees,5.77520804350732,5.885201022483589
TRAIN0848,CCC12CCC(=O)C(=C1c3ccc4[nH]nnc4c3C2)Br,extra_trees,5.28650945690606,5.695004012799423
TRAIN0849,CCC12CCC(=O)C(=C1c3ccc4[nH]nnc4c3C2)c5ccc(O)cc5,extra_trees,7.09151498112135,6.124908775523739
TRAIN0850,CCCCC1=C2c3ccc4[nH]nnc4c3CC2(CC)CCC1=O,extra_trees,5.94807608395389,6.074436403625617
TRAIN0851,CCCC1=C2c3ccc4[nH]nnc4c3CC2(CC)CCC1=O,extra_trees,6.45345733652187,5.78991193112523
TRAIN0852,CCC1=C2c3ccc4[nH]nnc4c3C[C@]2(CC)CCC1=O,extra_trees,6.1890957193313,5.878768544850369
TRAIN0853,CCC1=C2c3ccc4[nH]nnc4c3CC2(CC)CCC1=O,extra_trees,5.87876854485038,6.189095719331277
TRAIN0854,CCC12CCC(=O)C(=C1c3ccc4[nH]nnc4c3C2)C,extra_trees,5.72124639904717,5.4274682622086345
TRAIN0855,Oc1ccc(cc1)[C@@H]2CC(=O)c3c(O)cc(O)c(Cc4ccccc4)c3O2,extra_trees,6.29843201494407,5.739755404638793
TRAIN0856,CC(C)(C)Cc1c(O)cc(O)c2C(=O)C[C@H](Oc12)c3ccc(O)cc3,extra_trees,6.66554624884907,5.721520361613919
TRAIN0857,CC(C)Cc1c(O)cc(O)c2C(=O)C[C@H](Oc12)c3ccc(O)cc3,extra_trees,7.09691001300806,6.363186544442619
TRAIN0858,CC(C)CCc1c(O)cc(O)c2C(=O)C[C@H](Oc12)c3ccc(O)cc3,extra_trees,6.85387196432176,6.634461999254
TRAIN0859,CCCCCCCCCCCc1c(O)cc(O)c2C(=O)C[C@H](Oc12)c3ccc(O)cc3,extra_trees,5.99267904707725,5.550070726391067
TRAIN0860,CCCCCCCCCc1c(O)cc(O)c2C(=O)C[C@H](Oc12)c3ccc(O)cc3,extra_trees,6.36051351073141,5.814350122192456
TRAIN0861,CCCCCCCc1c(O)cc(O)c2C(=O)C[C@H](Oc12)c3ccc(O)cc3,extra_trees,6.40671393297954,5.634366341634425
TRAIN0862,CCCCCc1c(O)cc(O)c2C(=O)C[C@H](Oc12)c3ccc(O)cc3,extra_trees,6.41680122603138,6.6692667026683115
TRAIN0863,CCCc1c(O)cc(O)c2C(=O)C[C@H](Oc12)c3ccc(O)cc3,extra_trees,6.80966830182971,6.270486519024454
TRAIN0864,Cc1c(O)cc(O)c2C(=O)C[C@H](Oc12)c3ccc(O)cc3,extra_trees,5.28025450747042,5.51991179695139
TRAIN0865,Oc1ccc(cc1)[C@@H]2CC(=O)c3c(O)cc(O)cc3O2,extra_trees,4.12319348890648,5.77956189635359
TRAIN0866,CC(=CCc1c(O)cc(O)c2C(=O)CC(Oc12)c3ccc(O)cc3)C,extra_trees,7.24412514432751,6.561914117017716
TRAIN0867,CN(C)CCOc1ccc(cc1)c2c(nn3c(cc(nc23)C(F)(F)F)C(F)(F)F)c4ccc(O)cc4,extra_trees,6.0,6.986388582311919
TRAIN0868,Oc1ccc(cc1)c2nn3c(cc(nc3c2c4ccc(OCCN5CCCCC5)cc4)C(F)(F)F)C(F)(F)F,extra_trees,7.04575749056067,6.459240839747973
TRAIN0869,Oc1ccc(cc1)c2nn3c(cc(nc3c2c4ccc(O)cc4)C(F)(F)F)C(F)(F)F,extra_trees,5.22184874961636,6.798069195313573
TRAIN0870,Oc1ccc(c(O)c1)c2n[nH]c3cc(O)ccc23,extra_trees,7.31875876262441,6.863475508793869
TRAIN0871,CC(C)n1nc(c2ccc(O)cc2C)c3cccc(c13)C(F)(F)F,extra_trees,7.69897000433602,7.304664498711044
TRAIN0872,Cc1cc(O)ccc1c2nn(CC=C)c3c(cccc23)C(F)(F)F,extra_trees,7.22914798835786,6.299311130490908
TRAIN0873,Oc1ccc(c(O)c1)c2nn(CC=C)c3c(cccc23)C(F)(F)F,extra_trees,7.03151705144607,6.174248537871961
TRAIN0874,Oc1ccc(cc1)c2nn(C3CCCC3)c4c(F)cccc24,extra_trees,7.74472749489669,7.483752921113617
TRAIN0875,Oc1ccc(cc1)c2nn(C3CCCC3)c4c(Cl)cccc24,extra_trees,7.74472749489669,7.489167532794488
TRAIN0876,Oc1ccc(cc1)c2nn(C3CCCCC3)c4c(Cl)cccc24,extra_trees,7.43179827593301,6.99097496025643
TRAIN0877,CCCn1nc(c2ccc(O)cc2)c3cccc(Cl)c13,extra_trees,7.2839966563652,7.050492249734781
TRAIN0878,CC(C)n1nc(c2ccc(O)cc2)c3cccc(c13)C(F)(F)F,extra_trees,8.52287874528034,6.985412584257847
TRAIN0879,CCCn1nc(c2ccc(O)cc2)c3cccc(C)c13,extra_trees,7.39794000867204,7.505544557548104
TRAIN0880,CCCCn1nc(c2ccc(O)cc2)c3cccc(Cl)c13,extra_trees,7.60205999132796,7.354853351699068
TRAIN0881,OCCn1nc(c2ccc(O)cc2)c3cccc(Cl)c13,extra_trees,6.38721614328026,6.81039451457675
TRAIN0882,OCCn1nc(c2ccc(O)cc2)c3cccc(c13)C(F)(F)F,extra_trees,7.01772876696043,7.0324758331408885
TRAIN0883,Oc1ccc(cc1)c2nn(Cc3ccccc3)c4c(cccc24)C(F)(F)F,extra_trees,6.70774392864352,7.088489216265444
TRAIN0884,Oc1ccc(cc1)c2nn(Cc3ccccc3)c4c(Cl)cccc24,extra_trees,6.97881070093006,6.631134374923706
TRAIN0885,Oc1ccc(c(O)c1)c2nn(c3cc(F)ccc3F)c4cc(O)ccc24,extra_trees,7.50863830616573,7.0586331143878125
TRAIN0886,Oc1ccc(c(O)c1)c2nn(c3cc(Cl)ccc3Cl)c4cc(O)ccc24,extra_trees,7.82390874094432,7.032452147142384
TRAIN0887,Oc1ccc(c(O)c1)c2nn(c3cccc(Cl)c3)c4cc(O)ccc24,extra_trees,7.30102999566398,7.3613467850658365
TRAIN0888,Oc1ccc(c(O)c1)c2nn(c3cccc(F)c3)c4cc(O)ccc24,extra_trees,7.4089353929735,7.089214241491087
TRAIN0889,Cc1ccc(cc1)n2nc(c3ccc(O)cc3O)c4ccc(O)cc24,extra_trees,7.39794000867204,6.971315134897154
TRAIN0890,Oc1ccc(c(O)c1)c2nn(C3CCCCC3)c4cc(O)ccc24,extra_trees,6.35359627377693,6.543579558541543
TRAIN0891,CCCCn1nc(c2ccc(O)cc2O)c3ccc(O)cc13,extra_trees,6.95078197732982,6.306487954405797
TRAIN0892,CCCn1nc(c2ccc(O)cc2O)c3ccc(O)cc13,extra_trees,7.20760831050175,6.417517987296729
TRAIN0893,Oc1ccc(c(O)c1)c2nn(CC(F)(F)F)c3cc(O)ccc23,extra_trees,6.78251605578609,6.719464729976648
TRAIN0894,CCn1nc(c2ccc(O)cc2O)c3ccc(O)cc13,extra_trees,6.51570016065321,6.6784279397413355
TRAIN0895,Cn1nc(c2ccc(O)cc2O)c3ccc(O)cc13,extra_trees,6.20620961530918,6.746217487200009
TRAIN0896,Oc1ccc2c(Oc3ccc(OCCN4CCCCC4)cc3)c(sc2c1)c5ccc(NCCCl)cc5,extra_trees,7.44855000202713,8.01855251215956
TRAIN0897,Oc1ccc2c(Oc3ccc(OCCN4CCCCC4)cc3)c(sc2c1)c5ccc(NC(=O)CCl)cc5,extra_trees,6.1765257708297,7.805048767087618
TRAIN0898,Nc1ccc(cc1)c2sc3cc(O)ccc3c2Oc4ccc(OCCN5CCCCC5)cc4,extra_trees,7.71444269099223,8.02380362561031
TRAIN0899,CS(=O)(=O)c1ccc(cc1)c2sc3cc(O)ccc3c2Oc4ccc(OCCN5CCCCC5)cc4,extra_trees,7.56863623584101,8.275822140094297
TRAIN0900,Oc1ccc2c(Oc3ccc(OCCN4CCCCC4)cc3)c(sc2c1)c5ccccc5,extra_trees,7.96257350205938,7.769658419009405
TRAIN0901,Oc1ccc2c(Oc3ccc(OCCN4CCCCC4)cc3)c(sc2c1)c5ccc(Br)cc5,extra_trees,7.56863623584101,7.832682316339133
TRAIN0902,Oc1ccc2c(Oc3ccc(OCCN4CCCCC4)cc3)c(sc2c1)c5ccc(F)cc5,extra_trees,7.76447155309245,8.010417053666918
TRAIN0903,Oc1ccc(cc1)c2sc3cc(O)ccc3c2Oc4ccc(OCCN5CCCCC5)cc4,extra_trees,8.10790539730952,8.181327364905231
TRAIN0904,COc1ccc(cc1)c2sc3cc(O)ccc3c2Oc4ccc(OCCN5CCCCC5)cc4,extra_trees,7.66756154008439,7.799846341736872
TRAIN0905,CC(C)CCC[C@@H](C)CCC[C@@H](C)CCC[C@@H]1Cc2cc(O)ccc2[C@H]3CC[C@]4(C)[C@@H](O)CC[C@H]4[C@H]13,extra_trees,6.71444269099223,6.488003778182032
TRAIN0906,Oc1ccc(cc1)N2C(=O)c3cc(O)cc(Br)c3C2=O,extra_trees,7.44369749923271,5.8272993632653804
TRAIN0907,Oc1ccc(N2C(=O)c3ccc(O)cc3C2=O)c(F)c1,extra_trees,7.27572413039921,6.177903194808817
TRAIN0908,Cc1cc(O)ccc1N2C(=O)c3ccc(O)cc3C2=O,extra_trees,6.09582563171584,5.94736434951382
TRAIN0909,Oc1ccc2C(=O)N(C(=O)c2c1)c3ccc(O)cc3[N+](=O)[O-],extra_trees,7.67778070526608,5.865598248570315
TRAIN0910,Oc1ccc2C(=O)N(C(=O)c2c1)c3ccc(O)c4ccccc34,extra_trees,5.57839607313017,6.108766055402027
TRAIN0911,Oc1ccc2C(=O)N(C(=O)c2c1)c3cccc4c(O)cccc34,extra_trees,6.09582563171584,5.57939908692887
TRAIN0912,COc1ccc(N2C(=O)c3ccc(O)cc3C2=O)c(OC)c1,extra_trees,5.60730304674033,5.690759581017761
TRAIN0913,COc1ccc(cc1)N2C(=O)c3ccc(O)cc3C2=O,extra_trees,5.48148606012211,5.589969575525459
TRAIN0914,Oc1ccc2C(=O)N(C(=O)c2c1)c3ccccc3,extra_trees,5.56863623584101,5.388373602252075
TRAIN0915,Oc1cccc(c1)N2C(=O)c3ccc(O)cc3C2=O,extra_trees,5.53760200210104,6.829808934027031
TRAIN0916,Oc1ccc(cc1)N2C(=O)c3ccc(O)cc3C2=O,extra_trees,7.07572071393812,5.623415700349654
TRAIN0917,O\N=C\c1ccc(c2ccc(O)cc2)c3ccccc13,extra_trees,7.02227639471115,6.452126911077473
TRAIN0918,O\N=C\c1c(Cl)cc(cc1Cl)c2ccc(O)c(F)c2,extra_trees,6.56863623584101,5.920466781566263
TRAIN0919,Cc1c(\C=N\O)c2ccccc2n1c3ccc(O)c(F)c3,extra_trees,6.52578373592374,6.602511255450366
TRAIN0920,Cc1c(\C=N\O)c2ccccc2n1c3ccc(O)cc3,extra_trees,6.56863623584101,6.385947095608547
TRAIN0921,O\N=C\c1cn(c2ccc(O)cc2)c3ccccc13,extra_trees,5.72010501998836,6.625382407265782
TRAIN0922,O\N=C\c1ccc(c2ccc(O)cc2)c3occc13,extra_trees,5.87614835903291,6.640081802690244
TRAIN0923,O\N=C\c1ccc(c2ccc(O)cc2)c3ccoc13,extra_trees,6.80966830182971,5.9621367021691976
TRAIN0924,O\N=C\c1ccc(c2ccc(O)cc2)c3sccc13,extra_trees,7.43179827593301,7.3147607261136525
TRAIN0925,O\N=C\c1ccc(c2ccc(O)cc2)c3ccsc13,extra_trees,7.69897000433602,7.283561348381175
TRAIN0926,O\N=C\c1ccc(c2ccc(O)c(F)c2)c3ccccc13,extra_trees,6.82973828460504,6.616621737938901
TRAIN0927,CS(=O)(=O)N1CC(Cc2ccc(O)cc12)c3ccc(O)cc3,extra_trees,4.49349496759513,6.071416199058186
TRAIN0928,Oc1ccc(cc1)C2CN(CC3CC3)c4cc(O)ccc4C2,extra_trees,5.78781239559604,6.250964031692506
TRAIN0929,CCCN1CC(Cc2ccc(O)cc12)c3ccc(O)cc3,extra_trees,5.60730304674033,5.964258474615991
TRAIN0930,CCN1CC(Cc2ccc(O)cc12)c3ccc(O)cc3,extra_trees,5.85078088734462,5.609878406994328
TRAIN0931,CN1CC(Cc2ccc(O)cc12)c3ccc(O)cc3,extra_trees,5.53017798402184,5.4072182083013836
TRAIN0932,COc1ccccc1[C@H](c2cccc3ccccc23)[C@@](C)(C#N)C(=O)N4CCC(CC4)c5cccc(c5)C(F)(F)F,extra_trees,5.61439372640169,6.494804366642765
TRAIN0933,COc1cc(ccc1O)C2Nc3ccccc3C(=O)N2Cc4ccccc4,extra_trees,5.95860731484177,6.661235717719616
TRAIN0934,COC(=O)C1=C(N)Oc2cc(O)ccc2C1c3ccc(OCc4ccc(C)cc4)cc3,extra_trees,7.2518119729938,7.219397834671715
TRAIN0935,COC(=O)C1=C(N)Oc2cc(O)ccc2C1c3ccc(OCc4ccccc4F)cc3,extra_trees,7.27572413039921,6.886073915717685
TRAIN0936,OC(=O)CCc1cc(Br)c(OCc2cccc(Br)c2)c(Br)c1,extra_trees,4.53760200210104,6.135157466923644
TRAIN0937,CC(CCc1ccccc1)NC(=O)Cc2c([nH]c3ccccc23)c4ccccc4,extra_trees,7.95860731484177,6.2554750915793
TRAIN0938,C[C@H](CCc1ccc(O)cc1)NC(=O)Cc2c([nH]c3ccccc23)c4ccccc4,extra_trees,9.0,8.215899137966515
TRAIN0939,C[C@@H](CCc1ccc(O)cc1)NC(=O)Cc2c([nH]c3ccccc23)c4ccccc4,extra_trees,7.43179827593301,9.0
TRAIN0940,CC(CCc1ccc(O)cc1)NC(=O)Cc2c([nH]c3ccccc23)c4ccccc4,extra_trees,9.0,8.215899137966515
TRAIN0941,C[C@H](CCc1ccc(O)cc1)NC(=O)Cc2c([nH]c3ccc(OCCCCN4CCCCC4)cc23)c5ccccc5,extra_trees,7.50863830616573,7.790410259224731
TRAIN0942,C[C@H](CCc1ccc(O)cc1)NC(=O)Cc2c([nH]c3ccc(OCCCN4CCCCC4)cc23)c5ccccc5,extra_trees,7.39794000867204,7.150245960206169
TRAIN0943,C[C@H](CCc1ccc(O)cc1)NC(=O)Cc2c([nH]c3ccc(OCCN4CCCCC4)cc23)c5ccccc5,extra_trees,6.42250820016277,7.403967638667957
TRAIN0944,C[C@H](CCc1ccc(O)cc1)NC(=O)Cc2c([nH]c3cccc(OCCN4CCCCC4)c23)c5ccccc5,extra_trees,5.94538694544311,6.69610559725935
TRAIN0945,C[C@H](NC(=O)Cc1c([nH]c2ccccc12)c3ccccc3)c4c(C)c5cc(O)ccc5n4Cc6ccc(OCCN7CCCCC7)cc6,extra_trees,8.69897000433602,7.379935636035418
TRAIN0946,C[C@H](NC(=O)Cc1c([nH]c2ccccc12)c3ccccc3)c4c(C)c5cc(O)ccc5n4Cc6ccc(OCCN7CC[C@H](C)C7)cc6,extra_trees,8.39794000867204,7.331137699145304
TRAIN0947,C[C@H](CCc1ccc(O)cc1)NC(=O)Cc2c(c3ccccc3)n(Cc4ccc(OCCCCN5CCCCC5)cc4)c6ccccc26,extra_trees,8.30980391997149,8.024720363356213
TRAIN0948,C[C@H](CCc1ccc(O)cc1)NC(=O)Cc2c(c3ccccc3)n(Cc4ccc(OCCCN5CCCCC5)cc4)c6ccccc26,extra_trees,8.10790539730952,8.239275865646867
TRAIN0949,C[C@H](CCc1ccc(O)cc1)NC(=O)Cc2c(c3ccccc3)n(C(=O)c4ccc(OCCN5CCCCC5)cc4)c6ccccc26,extra_trees,6.75696195131371,7.561868486813021
TRAIN0950,C[C@H](CCc1ccc(O)cc1)NC(=O)Cc2c(c3ccccc3)n(Cc4ccc(OCCN5CCCCC5)cc4)c6ccccc26,extra_trees,7.69897000433602,8.146017940242626
TRAIN0951,C[C@H](CCc1ccc(O)cc1)NC(=O)Cc2c([nH]c3c(OCCCCCN4CCCCC4)cccc23)c5ccccc5,extra_trees,7.88605664769316,7.582437037480231
TRAIN0952,C[C@H](CCc1ccc(O)cc1)NC(=O)Cc2c([nH]c3c(OCCCCN4CCCCC4)cccc23)c5ccccc5,extra_trees,7.63827216398241,7.473428262054016
TRAIN0953,C[C@H](CCc1ccc(O)cc1)NC(=O)Cc2c([nH]c3c(OCCCN4CCCCC4)cccc23)c5ccccc5,extra_trees,7.16115090926274,7.390103955579124
TRAIN0954,C[C@H](CCc1ccc(O)cc1)NC(=O)Cc2c([nH]c3c(OCCN4CCCCC4)cccc23)c5ccccc5,extra_trees,6.35654732351381,6.910802532505481
TRAIN0955,C[C@H](CCc1ccc(O)cc1)NC(=O)Cc2c([nH]c3cc(OCCCN4CCCC4)ccc23)c5ccccc5,extra_trees,8.04095860767891,7.81948792544964
TRAIN0956,C[C@H](CCc1ccc(O)cc1)NC(=O)Cc2c([nH]c3cc(OCCN4CCCC4)ccc23)c5ccccc5,extra_trees,7.65757731917779,7.799735708572859
TRAIN0957,C[C@H](CCc1ccc(O)cc1)NC(=O)Cc2c([nH]c3cc(OCCCCN4CCCCC4)ccc23)c5ccccc5,extra_trees,7.99567862621736,7.691913466804619
TRAIN0958,C[C@H](CCc1ccc(O)cc1)NC(=O)Cc2c([nH]c3cc(OCCCN4CCCCC4)ccc23)c5ccccc5,extra_trees,7.88605664769316,7.8057032184726225
TRAIN0959,C[C@H](CCc1ccc(O)cc1)NC(=O)Cc2c([nH]c3cc(OCCN4CCCCC4)ccc23)c5ccccc5,extra_trees,8.09691001300806,6.794347592945613
TRAIN0960,C[C@H](CCc1ccc(O)cc1)NC(=O)Cc2c([nH]c3ccc(OCCCCCN4CCCCC4)cc23)c5ccccc5,extra_trees,8.18045606445813,7.594566816168134
TRAIN0961,C[C@]12CC[C@H]3[C@@H](CC=C4C[C@@H](O)CC[C@]34C=C)[C@@H]1CC[C@@H]2O,extra_trees,5.64975198166584,5.650528200785623
TRAIN0962,C[C@]12CC[C@H]3[C@@H](CC=C4[C@H]5CC[C@@]34CC[C@H]5O)[C@@H]1CC[C@@H]2O,extra_trees,5.08964244272712,5.755029338178582
TRAIN0963,C[C@]12CC[C@H]3[C@@H](CC=C4[C@H]5CC[C@@]34CC[C@@H]5O)[C@@H]1CC[C@@H]2O,extra_trees,6.49894073778225,5.755029338178582
TRAIN0964,C[C@]12CC[C@H]3[C@@H](CC[C@H]4[C@H]5CCC[C@@]34CC[C@@H]5O)[C@@H]1CC[C@@H]2O,extra_trees,5.30189945437661,5.743527892977628
TRAIN0965,C[C@]12CC[C@H]3[C@@H](CC=C4[C@H]5CC=C[C@@]34CC[C@@H]5O)[C@@H]1CC[C@@H]2O,extra_trees,5.64975198166584,5.514382823611696
TRAIN0966,C\C=C/[C@]12CC[C@H](O)CC1=CC[C@H]3[C@@H]4CC[C@H](O)[C@@]4(C)CC[C@H]23,extra_trees,5.70863114954842,5.708631149548411
TRAIN0967,CC[C@]12CC[C@H](O)CC1=CC[C@H]3[C@@H]4CC[C@H](O)[C@@]4(C)CC[C@H]23,extra_trees,5.63264407897398,5.632830511465302
TRAIN0968,CC1=CC2=CC[C@H]3[C@@H]4CC[C@H](O)[C@@]4(C)CC[C@@H]3[C@@]2(C)CC1,extra_trees,6.95860731484177,6.034567122421572
TRAIN0969,C[C@]12CC[C@H]3[C@@H](CCC4=CC(=C)CC[C@]34C)[C@@H]1CC[C@@H]2O,extra_trees,6.19382002601611,6.734057742245959
TRAIN0970,C[C@]12CC[C@H]3[C@@H](CC=C4C[C@@H](O)CC[C@]34C=C)[C@@H]1CC[C@@]2(O)C#C,extra_trees,6.82390874094432,6.832682665251819
TRAIN0971,C[C@]1(O)CC[C@H]2[C@@H]3CC=C4C[C@@H](O)CC[C@]4(C=C)[C@H]3CC[C@]12C,extra_trees,5.97881070093006,5.977571628814524
TRAIN0972,CC1=CC2=CC[C@H]3[C@@H]4CC[C@@](O)(C#C)[C@@]4(C)CC[C@@H]3[C@]2(CC1)C=C,extra_trees,5.73282827159699,5.830761090299179
TRAIN0973,CC1=CC2=CC[C@H]3[C@@H]4CC[C@](C)(O)[C@@]4(C)CC[C@@H]3[C@]2(CC1)C=C,extra_trees,5.3585258894959,5.728941185428629
TRAIN0974,C[C@]12CC[C@H]3[C@@H](CC=C4C=C(Cl)CC[C@]34C=C)[C@@H]1CC[C@@H]2O,extra_trees,5.24108810760203,5.912766637375092
TRAIN0975,CCC1=CC2=CC[C@H]3[C@@H]4CC[C@H](O)[C@@]4(C)CC[C@@H]3[C@]2(CC1)C=C,extra_trees,5.50723961097316,5.588477668597725
TRAIN0976,CC1=CC2=CC[C@H]3[C@@H]4CC[C@H](O)[C@@]4(C)CC[C@@H]3[C@]2(CC1)C=C,extra_trees,5.84163750790475,5.865568303472184
TRAIN0977,C[C@]1(O)CC[C@]2(C=C)[C@H]3CC[C@]4(C)[C@@H](O)CC[C@H]4[C@@H]3CC=C2C1,extra_trees,5.27572413039921,5.914635284822287
TRAIN0978,COC[C@@]1(CC[C@H]2[C@@H]3CCC4=CC(=O)CCC4=C3[C@H](C[C@]12C)c5ccc(\C=N\O)cc5)OC,extra_trees,5.72124639904717,6.934145780459387
TRAIN0979,Cc1c(O)c(C)c2OC=C(C(=O)c2c1O)c3ccc(O)cc3,extra_trees,4.99139982823808,5.848080304625993
TRAIN0980,Cc1c(nn(c2ccc(O)cc2)c1c3ccc(CCCN4CCCCC4)cc3)c5ccc(O)cc5,extra_trees,7.69897000433602,7.197110891524398
TRAIN0981,Cc1c(nn(c2ccc(O)cc2)c1c3ccc(\C=C\C(=O)N4CCCCC4)cc3)c5ccc(O)cc5,extra_trees,6.0,6.933309254847461
TRAIN0982,Cc1c(nn(c2ccc(O)cc2)c1c3ccc(OCCN4CCCCC4)cc3)c5ccc(O)cc5,extra_trees,7.09691001300806,7.286689873417947
TRAIN0983,O\N=C\c1ccc(cc1F)c2ccc(O)cc2,extra_trees,6.09963287134353,5.454729722863691
TRAIN0984,CC(C)CNc1cc(\C=C\c2ccccc2)nc(NCC(C)C)n1,extra_trees,5.16115090926274,5.620332869676508
TRAIN0985,CC(C)CCc1cc(NCC(C)C)nc(OCC(C)C)n1,extra_trees,5.16115090926274,5.472735018244951
TRAIN0986,CC(C)CNc1nc(CCc2ccccc2)cc(n1)N(C)CC(C)C,extra_trees,5.25963731050576,5.160297922932945
TRAIN0987,CC(C)CNc1nc(CCc2cccc3ccccc23)cc(n1)N(C)CC(C)C,extra_trees,5.35654732351381,5.716374645724706
TRAIN0988,CC(C)CCc1cc(NCC(C)C)nc(n1)N(C)CC(C)C,extra_trees,5.01322826573375,5.215189890432597
TRAIN0989,CC(C)CNc1cc(NCc2ccccc2)nc(NCC(C)C)n1,extra_trees,5.02227639471115,5.3870899823309575
TRAIN0990,CC(C)CNc1cc(NCC(C)C)nc(NCC(C)C)n1,extra_trees,5.61978875828839,5.129609512669481
TRAIN0991,CC(C)CCc1cc(NCc2cccc3ccccc23)nc(NCC(C)C)n1,extra_trees,5.17392519729917,5.375087820691254
TRAIN0992,CC(C)CCc1cc(NCc2ccccc2)nc(NCC(C)C)n1,extra_trees,5.23657200643706,5.736359146192847
TRAIN0993,CC(C)CCc1cc(NCC(C)C)nc(NCc2cccc3ccccc23)n1,extra_trees,5.38721614328026,5.333282466280761
TRAIN0994,CC(C)CCc1cc(NCC(C)C)nc(NCc2ccccc2)n1,extra_trees,5.74472749489669,5.289440982502734
TRAIN0995,CCc1cc(NCC(C)C)nc(NCC(C)C)n1,extra_trees,5.13667713987954,5.0403820845098934
TRAIN0996,CC(C)CNc1cc(CCc2cccc3ccccc23)nc(NCC(C)C)n1,extra_trees,5.67778070526608,5.413117847895206
TRAIN0997,CC(C)CCc1cc(NCc2ccccc2)nc(NCc3ccccc3)n1,extra_trees,5.08092190762393,5.261300693233382
TRAIN0998,CC(C)CCc1cc(NCC(C)C)nc(NCC(C)C)n1,extra_trees,5.50863830616573,5.095709397326767
TRAIN0999,CCCCc1cc(NCCC)nc(NCCC)n1,extra_trees,4.88605664769316,5.1478415445701415
TRAIN1000,CC(C)CNc1nc(CCc2ccccc2)cc(NCc3ccccc3)n1,extra_trees,5.72124639904717,5.206603458636603
TRAIN1001,CC(C)CNc1cc(CCc2ccccc2)nc(NCc3ccccc3)n1,extra_trees,5.34678748622466,5.216876060985101
TRAIN1002,CC(C)CNc1nc(NCc2ccccc2)cc(\C=C\c3ccccc3)n1,extra_trees,5.0087739243075,4.953225434634
TRAIN1003,CC(C)CNc1cc(\C=C\c2ccccc2)nc(NCc3ccccc3)n1,extra_trees,4.92081875395237,5.041504057699252
TRAIN1004,CC(C)CNc1cc(CCc2ccccc2)nc(NCC(C)C)n1,extra_trees,5.67778070526608,5.288514418764685
TRAIN1005,NC(=N)N\N=C\C1=C(Cl)c2ccccc2CC1,extra_trees,5.25963731050576,4.842633764459566
TRAIN1006,CC#C[C@]1(O)CC[C@H]2[C@@H]3CCC4=CC(=O)CCC4=C3[C@H](C[C@]12C)c5ccc(cc5)N(C)C,extra_trees,5.30102999566398,6.783522449723168
TRAIN1007,CC(C)OC(=O)C1=CN(CC(C)(C)c2c1[nH]c3ccccc23)C(=O)c4ccc(F)c(F)c4,extra_trees,5.0,5.1608050846432345
TRAIN1008,C(CN1CCC1)Oc2ccc(cc2)C3=C(CCOc4ccccc34)c5ccccc5,extra_trees,8.05700040663396,7.291778213393011
TRAIN1009,Oc1ccc(cc1)C2=C(c3ccc(OCCN4CCC4)cc3)c5ccccc5OCC2,extra_trees,8.72124639904717,7.912764161120535
TRAIN1010,COc1ccc2C(=C(CCOc2c1)c3ccc(O)cc3)c4ccc(OCCN5CCC5)cc4,extra_trees,8.17392519729917,8.08535384792862
TRAIN1011,COc1ccc2C(=C(CCOc2c1)c3ccc(O)cc3)c4ccc(OCCN5CCCC5)cc4,extra_trees,7.98716277529483,8.316125571059722
TRAIN1012,Oc1ccc(cc1)C2=C(c3ccc(OCCN4CCCC4)cc3)c5ccc(O)cc5OCC2,extra_trees,8.07572071393812,8.199399895862165
TRAIN1013,Fc1ccc2C(=C(CCOc2c1)c3ccccc3)c4ccc(OCCN5CCCC5)cc4,extra_trees,7.79048498545737,7.339108834003556
TRAIN1014,Oc1ccc(cc1)C2=C(c3ccc(OCCN4CCCC4)cc3)c5ccc(F)cc5OCC2,extra_trees,7.98296666070122,8.246190178919578
TRAIN1015,Oc1cccc(c1)C2=C(c3ccc(OCCN4CCCC4)cc3)c5ccc(F)cc5OCC2,extra_trees,7.85387196432176,8.085125106961053
TRAIN1016,Fc1ccc(cc1)C2=C(c3ccc(OCCN4CCCC4)cc3)c5ccc(F)cc5OCC2,extra_trees,6.89962945488244,6.4911767127302795
TRAIN1017,Oc1ccc(cc1)C2=C(c3ccc(OCCN4CCCCC4)cc3)c5ccc(F)cc5OCC2,extra_trees,8.18708664335714,7.950229260513716
TRAIN1018,Oc1ccc(cc1)C2=C(CCOc3cc(F)ccc23)c4ccc(OCCN5CCCC5)cc4,extra_trees,8.25414480482627,7.99987887019108
TRAIN1019,C\C(=C(\Cl)/c1ccccc1)\C=N\NC(=N)N,extra_trees,4.43179827593301,4.89188203637928
TRAIN1020,NC(=N)N\N=C\C1=C(Cl)c2ccccc2CCC1,extra_trees,4.79588001734407,4.906556152238645
TRAIN1021,COc1cc2oc(cc2cc1O)c3ccc(O)cc3O,extra_trees,7.33724216831843,6.355767741686032
TRAIN1022,COc1cc(O)c2c(C=O)c(oc2c1)c3ccc(O)cc3O,extra_trees,7.36653154442041,6.051536644577201
TRAIN1023,CC(=CCc1c(O)c(CC(O)C(=C)C)c(O)c2C(=O)C(=COc12)c3ccc(O)c(O)c3)C,extra_trees,4.53760200210104,4.752879343157133
TRAIN1024,CC(=CCc1c(O)c2C(=O)C(=COc2c3CC(Oc13)C(C)(C)O)c4ccc(O)c(O)c4)C,extra_trees,4.88605664769316,5.55159617057745
TRAIN1025,CC(=CCc1c(O)c(CC(O)C(=C)C)c2OC=C(C(=O)c2c1O)c3ccc(O)c(O)c3)C,extra_trees,4.74472749489669,4.57025327031395
TRAIN1026,CC[C@@]12C[C@H](O)[C@@](O)(C[C@H]1CCc3cc(O)ccc23)c4ccccc4,extra_trees,5.46852108295774,6.5341680783940745
TRAIN1027,CC[C@@]12CC[C@@](O)(C[C@H]1CCc3cc(OCc4ccncc4)ccc23)C#CC,extra_trees,6.17392519729917,6.102151956799688
TRAIN1028,CC[C@@]12CC[C@@](O)(C[C@H]1CCc3cc(O)ccc23)C#CC,extra_trees,7.05060999335509,7.185661207809427
TRAIN1029,CC#C[C@@]1(O)CC[C@]2(CC=C)[C@H](CCc3cc(O)ccc23)C1,extra_trees,7.03151705144607,6.471513016547789
TRAIN1030,Oc1ccc2C(=C(Cc3ccccc3)C(=O)Oc2c1)C(F)(F)F,extra_trees,6.0,6.751435035224505
TRAIN1031,Cc1cccc(SCC2=CC(=O)Oc3cc(O)ccc23)n1,extra_trees,4.30102999566398,5.857774019656977
TRAIN1032,Cn1cc(nn1)[C@]2(O)CC[C@H]3[C@@H]4CCc5cc(O)ccc5[C@H]4CC[C@]23C,extra_trees,6.39794000867204,6.0316605027056465
TRAIN1033,COc1cc2[C@H]3CC[C@@]4(C)[C@@H](CCC4=O)[C@@H]3CCc2cc1O,extra_trees,4.95860731484177,6.340946818213198
TRAIN1034,C[C@]12CC[C@H]3[C@@H](CCc4cc(O)c(Cl)cc34)[C@@H]1CCCC2=O,extra_trees,6.11350927482752,5.866793606241026
TRAIN1035,COc1cc2[C@H]3CC[C@@]4(C)[C@@H](CCCC4=O)[C@@H]3CCc2cc1O,extra_trees,5.20760831050175,5.63194042394631
TRAIN1036,Oc1ccc2C3=C(CCOc2c1)c4ccc(O)cc4O[C@@H]3c5ccc(OCCN6CCCCC6)cc5,extra_trees,8.95860731484177,8.177288865325426
TRAIN1037,Oc1ccc2C3=C(CCOc2c1)c4ccc(O)cc4O[C@@H]3c5ccc(OCCN6CCCC6)cc5,extra_trees,8.92081875395237,8.602059991327927
TRAIN1038,Oc1ccc2C3=C(CCOc2c1)c4ccc(O)cc4O[C@@H]3c5ccc(OCCN6CCSCC6)cc5,extra_trees,8.92081875395237,6.954677021213333
TRAIN1039,Oc1ccc2C3=C(CCOc2c1)c4ccc(O)cc4O[C@@H]3c5ccc(OCCN6CCOCC6)cc5,extra_trees,8.79588001734407,8.0
TRAIN1040,Oc1ccc2C3=C(CCOc2c1)c4ccc(O)cc4O[C@@H]3c5ccc(OCCN6CCCCCC6)cc5,extra_trees,8.65757731917779,8.619788758288387
TRAIN1041,Oc1ccc2C3=C(CCOc2c1)c4ccc(O)cc4O[C@H]3c5ccc(OCCN6CCCCCC6)cc5,extra_trees,8.61978875828839,8.65757731917779
TRAIN1042,Oc1ccc2C3=C(CCOc2c1)c4ccc(O)cc4O[C@H]3c5ccc(OCCN6CCCC6)cc5,extra_trees,8.60205999132796,8.920818753952355
TRAIN1043,Oc1ccc2C3=C(CCOc2c1)c4ccc(O)cc4O[C@@H]3c5ccc(OCCCN6C(=O)CCC6=O)cc5,extra_trees,8.58004425151024,7.387534036046871
TRAIN1044,CN(C)CCOc1ccc(cc1)[C@H]2Oc3cc(O)ccc3C4=C2c5ccc(O)cc5OCC4,extra_trees,8.48148606012211,7.958607314841771
TRAIN1045,Oc1ccc2C3=C(CCOc2c1)c4ccc(F)cc4O[C@@H]3c5ccc(OCCN6CCCCCC6)cc5,extra_trees,8.48148606012211,8.545614896853241
TRAIN1046,Oc1ccc2C3=C(CCOc2c1)c4ccc(O)cc4O[C@H]3c5ccc(OCCN6CCCCC6)cc5,extra_trees,8.46852108295774,8.422331981267464
TRAIN1047,Oc1ccc2C3=C(CCOc2c1)c4ccccc4O[C@H]3c5ccc(OCCN6CCCCC6)cc5,extra_trees,8.3767507096021,8.236572006437054
TRAIN1048,COc1ccc2C3=C(CCOc2c1)c4ccc(O)cc4O[C@H]3c5ccc(OCCN6CCCCC6)cc5,extra_trees,8.3767507096021,8.236572006437054
TRAIN1049,Oc1ccc2C3=C(CCOc2c1)c4ccccc4O[C@H]3c5ccc(OCCN6CCCCCC6)cc5,extra_trees,8.34678748622466,7.958607314841771
TRAIN1050,Oc1ccc2C3=C(CCOc2c1)c4ccc(O)cc4O[C@@H]3c5ccc(OCCN6C(=O)CCC6=O)cc5,extra_trees,8.31875876262441,8.207608310501739
TRAIN1051,COC(=O)COc1ccc(cc1)C2Oc3cc(O)ccc3C4=C2c5ccc(O)cc5OCC4,extra_trees,8.31875876262441,6.760025644358163
TRAIN1052,CCN(CC)CCOc1ccc(cc1)[C@H]2Oc3ccccc3C4=C2c5ccc(O)cc5OCC4,extra_trees,8.30102999566398,8.400676472562782
TRAIN1053,CCN(CC)CCOc1ccc(cc1)[C@H]2Oc3cc(F)ccc3C4=C2c5ccc(O)cc5OCC4,extra_trees,8.30102999566398,8.154901959985725
TRAIN1054,Oc1ccc2C3=C(CCOc2c1)c4ccc(F)cc4O[C@H]3c5ccc(OCCN6CCCCCC6)cc5,extra_trees,8.30102999566398,8.545614896853241
TRAIN1055,CC(C)N(CCOc1ccc(cc1)[C@H]2Oc3cc(O)ccc3C4=C2c5ccc(O)cc5OCC4)C(C)C,extra_trees,8.26760624017703,8.331959533363163
TRAIN1056,CC(C)N(CCOc1ccc(cc1)[C@@H]2Oc3cc(O)ccc3C4=C2c5ccc(O)cc5OCC4)C(C)C,extra_trees,8.2518119729938,8.331959533363163
TRAIN1057,Oc1ccc2C3=C(CCOc2c1)c4ccccc4O[C@@H]3c5ccc(OCCN6CCCCC6)cc5,extra_trees,8.23657200643706,8.37675070960208
TRAIN1058,COc1ccc2C3=C(CCOc2c1)c4ccc(O)cc4O[C@@H]3c5ccc(OCCN6CCCCC6)cc5,extra_trees,8.23657200643706,8.37675070960208
TRAIN1059,Oc1ccc2C3=C(CCOc2c1)c4ccc(O)cc4O[C@H]3c5ccc(OCCN6C(=O)CCC6=O)cc5,extra_trees,8.20760831050175,8.31875876262439
TRAIN1060,Oc1ccc2C3=C([C@@H](Oc2c1)c4ccc(OCCN5CCCCC5)cc4)c6ccccc6OCC3,extra_trees,8.20065945054642,7.0
TRAIN1061,COc1ccc2C3=C([C@@H](Oc2c1)c4ccc(OCCN5CCCCC5)cc4)c6ccc(O)cc6OCC3,extra_trees,8.20065945054642,8.045757490560641
TRAIN1062,CCN(CC)CCOc1ccc(cc1)[C@@H]2Oc3cc(F)ccc3C4=C2c5ccc(O)cc5OCC4,extra_trees,8.15490195998574,8.301029995663985
TRAIN1063,CN1CCN(CCOc2ccc(cc2)[C@H]3Oc4cc(O)ccc4C5=C3c6ccc(O)cc6OCC5)CC1,extra_trees,8.06048074738138,8.012775793771594
TRAIN1064,CCN(CC)CCOc1ccc(cc1)[C@@H]2Oc3ccccc3C4=C2c5ccc(O)cc5OCC4,extra_trees,8.04575749056067,8.400676472562782
TRAIN1065,COc1ccc2C3=C([C@H](Oc2c1)c4ccc(OCCN5CCCCC5)cc4)c6ccc(O)cc6OCC3,extra_trees,8.04575749056067,8.200659450546414
TRAIN1066,Oc1ccc2C3=C(CCOc2c1)c4ccc(O)cc4O[C@H]3c5ccc(OCCN6CCOCC6)cc5,extra_trees,8.0,8.795880017344043
TRAIN1067,CN(C)CCOc1ccc(cc1)[C@@H]2Oc3cc(O)ccc3C4=C2c5ccc(O)cc5OCC4,extra_trees,7.95860731484177,8.481486060122116
TRAIN1068,Oc1ccc2C3=C(CCOc2c1)c4ccccc4O[C@@H]3c5ccc(OCCN6CCCCCC6)cc5,extra_trees,7.95860731484177,8.34678748622468
TRAIN1069,CN(C)CCOc1ccc(cc1)[C@@H]2Oc3cc(O)ccc3C4=C2c5ccccc5OCC4,extra_trees,7.95467702121334,6.7447274948966776
TRAIN1070,CN(C)CCOc1ccc(cc1)[C@@H]2Oc3ccccc3C4=C2c5ccc(O)cc5OCC4,extra_trees,7.88605664769316,7.795880017344054
TRAIN1071,CN(C)CCOc1ccc(cc1)[C@H]2Oc3ccccc3C4=C2c5ccc(O)cc5OCC4,extra_trees,7.79588001734407,7.886056647693154
TRAIN1072,Oc1ccc2C3=C(CCOc2c1)c4ccc(O)cc4O[C@@H]3c5ccc(OCCCN6CCCCC6)cc5,extra_trees,7.65757731917779,7.259637310505772
TRAIN1073,Oc1ccc2C3=C(CCOc2c1)c4ccc(O)cc4O[C@H]3c5ccc(OCCCN6C(=O)CCC6=O)cc5,extra_trees,7.38753403604686,8.58004425151026
TRAIN1074,Oc1ccc2C3=C(CCOc2c1)c4ccc(O)cc4O[C@H]3c5ccc(OCCCN6CCCCC6)cc5,extra_trees,7.25963731050576,7.65757731917779
TRAIN1075,COc1ccc2C3=C(CCOc2c1)c4ccc(OC)cc4O[C@@H]3c5ccc(OCCN6CCCCC6)cc5,extra_trees,7.19382002601611,5.691291294576897
TRAIN1076,Oc1ccc2C3=C([C@H](Oc2c1)c4ccc(OCCN5CCCCCC5)cc4)c6ccccc6OCC3,extra_trees,7.07058107428571,8.397940008672073
TRAIN1077,Oc1ccc2C3=C([C@H](Oc2c1)c4ccc(OCCN5CCCCC5)cc4)c6ccccc6OCC3,extra_trees,7.0,8.200659450546414
TRAIN1078,Oc1ccc2C3=C(CCOc2c1)c4ccc(O)cc4O[C@H]3c5ccc(OCCN6CCSCC6)cc5,extra_trees,6.95467702121334,8.920818753952355
TRAIN1079,OC(=O)CCOc1ccc(cc1)[C@H]2Oc3cc(O)ccc3C4=C2c5ccc(O)cc5OCC4,extra_trees,6.92081875395237,6.236572006437079
TRAIN1080,Oc1ccc2C3=C(CCOc2c1)c4ccc(O)cc4O[C@@H]3c5cccc(OCCN6CCCCC6)c5,extra_trees,6.82390874094432,8.399686471322786
TRAIN1081,CN(C)CCOc1ccc(cc1)[C@H]2Oc3cc(O)ccc3C4=C2c5ccccc5OCC4,extra_trees,6.74472749489669,7.954677021213319
TRAIN1082,Oc1ccc2C3=C(CCOc2c1)c4ccc(O)cc4O[C@H]3c5cccc(OCCN6CCCCC6)c5,extra_trees,6.72124639904717,8.399686471322786
TRAIN1083,OCCOc1ccc(cc1)C2Oc3cc(O)ccc3C4=C2c5ccc(O)cc5OCC4,extra_trees,6.50863830616573,7.354068817730097
TRAIN1084,CN1CCN(CCOc2ccc(cc2)[C@@H]3Oc4cc(O)ccc4C5=C3c6ccc(O)cc6OCC5)CC1,extra_trees,6.50584540598156,8.012775793771594
TRAIN1085,OCCCOc1ccc(cc1)C2Oc3cc(O)ccc3C4=C2c5ccc(O)cc5OCC4,extra_trees,6.48678239993206,7.461196373978623
TRAIN1086,OC(=O)CCOc1ccc(cc1)[C@@H]2Oc3cc(O)ccc3C4=C2c5ccc(O)cc5OCC4,extra_trees,6.23657200643706,6.920818753952375
TRAIN1087,Oc1ccc2C3=C([C@@H](Oc2c1)c4ccc(OCCN5CCCCCC5)cc4)c6ccccc6OCC3,extra_trees,8.39794000867204,7.070581074285681
TRAIN1088,Oc1ccc2C3=C(CCOc2c1)c4ccc(O)cc4OC3c5ccc(OCCN6CCCCC6)cc5,extra_trees,7.88605664769316,8.713564198899782
TRAIN1089,Oc1ccc2C3=C(CCCOc2c1)c4ccc(O)cc4OC3c5ccc(OCCN6CCCCC6)cc5,extra_trees,7.63827216398241,7.452072948488204
TRAIN1090,C[C@]12CC[C@H]3[C@@H](CCc4cc(O)ccc34)[C@@H]1CC[C@@]2(O)c5ccc6COCc6c5,extra_trees,7.12901118623942,6.67851445232022
TRAIN1091,Cc1ccc(cc1)S(=O)(=O)N2Cc3ccc(cc3C2)[C@]4(O)CC[C@H]5[C@@H]6CCc7cc(O)ccc7[C@H]6CC[C@]45C,extra_trees,6.46700370613424,7.092714672252389
TRAIN1092,CCOC(=O)C1(Cc2ccc(cc2C1)[C@]3(O)CC[C@H]4[C@@H]5CCc6cc(O)ccc6[C@H]5CC[C@]34C)C#N,extra_trees,7.32303218570524,6.599379572622607
TRAIN1093,CCOC(=O)C1(Cc2ccc(cc2C1)[C@]3(O)CC[C@H]4[C@@H]5CCc6cc(O)ccc6[C@H]5CC[C@]34C)C(=O)C,extra_trees,6.61000157739267,6.722116321621276
TRAIN1094,CC(=O)C1(Cc2ccc(cc2C1)[C@]3(O)CC[C@H]4[C@@H]5CCc6cc(O)ccc6[C@H]5CC[C@]34C)C(=O)C,extra_trees,6.61400071586103,6.783111458874953
TRAIN1095,CCOC(=O)C1(Cc2ccc(cc2C1)[C@]3(O)CC[C@H]4[C@@H]5CCc6cc(O)ccc6[C@H]5CC[C@]34C)C(=O)OCC,extra_trees,6.3079995901734,6.70776446336522
TRAIN1096,Oc1cccc2c(OC(=O)c3ccc(Cl)cc3Cl)cccc12,extra_trees,5.92081875395237,5.972632437878813
TRAIN1097,COc1ccc(cc1)C(=O)Oc2cccc3c(O)cccc23,extra_trees,6.09963287134353,5.064907908525392
TRAIN1098,COC(=O)C(C)N1C(=O)S\C(=C\c2ccc(O)c(Cl)c2)\C1=O,extra_trees,5.6345120151091,5.257616284667621
TRAIN1099,Cc1ccc(cc1)C(=O)C2=C(O)C(=O)N(C2c3ccc(Br)cc3)c4ccc(O)cc4,extra_trees,5.21253952548158,6.459685948434246
TRAIN1100,Oc1ccc(cc1)N2C(=O)c3ccc(Br)cc3C2=O,extra_trees,5.09799710864927,6.143824370744193
TRAIN1101,Oc1ccc(\C=C\C(=O)c2ccc(Br)cc2)cc1,extra_trees,5.33161408331,6.106067565594176
TRAIN1102,Cc1ccc(cc1)C(=O)Oc2cccc3c(O)cccc23,extra_trees,4.5003129173816,5.608771439227484
TRAIN1103,COc1ccc(CCCc2ccc(O)cc2)c(O)c1,extra_trees,5.09151498112135,6.295202714921822
TRAIN1104,CC(=CCc1c(O)c(O)cc([C@H]2CCc3ccc(O)cc3O2)c1CC=C(C)C)C,extra_trees,3.82073553566097,6.5605592009134055
TRAIN1105,CC(=CCc1c(O)c(O)ccc1[C@H]2CCc3ccc(O)cc3O2)C,extra_trees,4.24260397120698,6.548887969355401
TRAIN1106,Oc1ccc(cc1)[C@H]2CCc3ccc(O)cc3O2,extra_trees,4.58169870868025,5.671259279615683
TRAIN1107,CC(=O)S[C@@H]1CC2=CC(=O)CC[C@]2(C)[C@H]3CC[C@@]4(C)[C@@H](CC[C@@]45CCC(=O)O5)[C@H]13,extra_trees,5.24397278702656,5.43025605942986
TRAIN1108,OC(=O)\C=C\c1ccc2c(C(=O)c3ccc(OCCN4CCCCC4)cc3)c(sc2c1)c5ccc(O)cc5,extra_trees,7.08618614761628,7.941093459758723
TRAIN1109,Oc1ccc2nc(c3ccccc3)n(Cc4ccc(OCCN5CCCCC5)cc4)c2c1,extra_trees,6.50863830616573,5.662810345671276
TRAIN1110,Oc1ccc(cc1)c2nc3ccccc3n2Cc4ccc(OCCN5CCCCC5)cc4,extra_trees,5.29242982390206,6.771828579192251
TRAIN1111,OCC1=Nc2cc3CCC(N(CC#C)c4ccc(cc4)C(=O)N[C@@H](CCC(=O)N[C@H](CCC(=O)O)C(=O)O)C(=O)O)c3cc2C(=O)N1,extra_trees,9.0,6.268479961012008
TRAIN1112,COc1ccc(cc1)c2oc(SC\C(=C(\C#N)/C(=N)C)\O)nn2,extra_trees,4.52235935025974,4.489387319079723
TRAIN1113,Cc1ccc(cc1)c2nnc(S)n2\N=C\C=C/c3ccccc3[N+](=O)[O-],extra_trees,5.1356900937109,4.911174807607014
TRAIN1114,Oc1c(\C=N\c2cccc3cccnc23)sc4ccccc14,extra_trees,5.28814386287795,5.756727673639409
TRAIN1115,Cc1nn(c2ccccc2)c3sc(cc13)C(=O)OCN4C(=O)c5ccccc5C4=O,extra_trees,5.01085287001103,4.691734742626919
TRAIN1116,CCCCn1c(NC(=O)CC)c(C#N)c2nc3ccccc3nc12,extra_trees,4.63145856480961,5.1738520812667
TRAIN1117,Cn1c(SCC2=CC(=O)N3C=C(Br)C=CC3=N2)nnc1C4COc5ccccc5O4,extra_trees,4.59920617169586,4.847035813973552
TRAIN1118,CC1Cc2ccccc2N1C(=O)CSc3nnc(NC(=O)Cc4cccs4)s3,extra_trees,4.46845083512027,4.711849693275399
TRAIN1119,COC(=O)c1oc2ccc(Br)cc2c1NC(=O)CCCN3C(=O)c4ccccc4C3=O,extra_trees,4.37395747799675,4.874099552849705
TRAIN1120,O=Cc1cn(nc1C2=Cc3c(OC2=O)ccc4ccccc34)c5ccccc5,extra_trees,4.70727000864908,5.595948264507167
TRAIN1121,FC(F)(F)c1cc(nc2c(Br)c(nn12)C(=O)NCc3occc3)c4cccs4,extra_trees,4.43303166134329,4.858056719207857
TRAIN1122,O=C(CSc1nnc(SCC(=O)c2occc2)s1)c3occc3,extra_trees,4.67303691378129,4.804018149288082
TRAIN1123,CC(=O)Nc1ccc2nc(C)cc(O)c2c1,extra_trees,4.6780761259682,5.748170505095343
TRAIN1124,O=C(CN1C(=O)N(Cc2occc2)C(=O)c3c4CCCCCc4sc13)Nc5ccccc5,extra_trees,5.14041022314325,5.417205048600654
TRAIN1125,O=C(N1CCc2ccccc2C1)c3cc(on3)c4occc4,extra_trees,4.48796366068057,4.69265528521114
TRAIN1126,Cc1ccc(cc1C)n2nnnc2SCC(=O)Nc3ccc4C(=O)OCc4c3,extra_trees,4.56721279841171,4.823118126154105
TRAIN1127,CN1C(=O)\C(=C\2/SC(=NC2=O)Nc3cccc(C)c3C)\c4ccccc14,extra_trees,4.48278588582462,4.866145785322491
TRAIN1128,O=C(COC(=O)CCC(=O)c1cccs1)NCc2occc2,extra_trees,4.92331915025674,4.769589934059999
TRAIN1129,Cc1oc(\C=C\2/Sc3nc(nn3C2=O)c4occc4)cc1,extra_trees,4.85758644184401,4.707413218242783
TRAIN1130,OC(=O)c1cc(nc2ccccc12)c3occc3,extra_trees,4.63025440381758,6.034787275142773
TRAIN1131,Cc1occc1C(=O)NCc2cccc(CNC(=O)c3ccoc3C)c2,extra_trees,4.70597556793945,4.840219932401488
TRAIN1132,O=C(Nc1cccc(c1)C(=O)Nc2cccc(c2)c3cnc4ccccc4n3)c5occc5,extra_trees,4.88167474812818,5.73999186745157
TRAIN1133,Cc1oc(cc1)C2CC(=O)N3CN(CSC3=C2C#N)c4cccc(C)c4,extra_trees,5.44991113292255,4.829750287401943
TRAIN1134,CCOC(=O)c1c(C)oc2c3ccccc3c(O)c(\C=N\C4CCS(=O)(=O)C4)c12,extra_trees,4.79556798031009,5.097817928568137
TRAIN1135,C=CCN1C(=O)C(=CC2=C1N=C3C=CC=CN3C2=O)C#N,extra_trees,4.34979683667053,4.819699289999723
TRAIN1136,Cc1ccc(cc1)S(=O)(=O)Cc2oc(cc2)C(=O)NCc3ccc4OCOc4c3,extra_trees,4.42602965358432,4.857938111812594
TRAIN1137,COc1ccc(Cl)cc1NC(=O)c2ocnc2C,extra_trees,4.60293293137304,4.691777877010841
TRAIN1138,COc1ccc(cc1OC)C2CC(=NN2S(=O)(=O)C)c3c(O)nc4ccc(Cl)cc4c3c5ccccc5,extra_trees,4.90520929512123,6.443249900256302
TRAIN1139,COc1ccc(NC(=O)c2occc2)cc1N,extra_trees,4.44253815476181,4.6707958880220755
TRAIN1140,CCCN(CCC)S(=O)(=O)c1ccc(NC(=O)Cc2cccs2)cc1,extra_trees,4.77837323158492,4.75584416288619
TRAIN1141,CCn1c(SCC(=O)c2oc(CNC(=O)C)cc2)nnc1c3cccs3,extra_trees,4.3696347818133,4.821955894368633
TRAIN1142,Cc1ccc2nc(O)c(cc2c1)c3nc4ccccn4c3NCc5occc5,extra_trees,4.59010642123507,5.7404197928939205
TRAIN1143,O\C(=C(/C#N)\c1nc2ccccc2[nH]1)\Nc3ccc(Cl)cc3,extra_trees,4.56769435635878,5.203845075024873
TRAIN1144,CCCNC(=O)c1ccc(s1)c2nc3ccccc3s2,extra_trees,4.51863850471161,4.678079751412019
TRAIN1145,O=C(Nc1cccc(c1)c2cn3cccnc3n2)c4ccc5OCOc5c4,extra_trees,5.1756001326518,4.869670639513822
TRAIN1146,CCCN1N=C(C(=O)OCC(=O)c2ccc3OCC(=O)Nc3c2)c4ccccc4C1=O,extra_trees,4.42114094829303,4.920198900746671
TRAIN1147,Cc1ccc2[nH]c(nc2c1)\C(=C/c3ccc(N4CCCCC4)c(c3)[N+](=O)[O-])\C#N,extra_trees,5.37323888912829,5.211938464202909
TRAIN1148,CCOC(=O)Nc1on[n+](c1)N2CCOCC2,extra_trees,4.60776149568119,4.963917857273651
TRAIN1149,NC(=O)C1(CCN(CC1)c2nc(cs2)c3ccc(Br)cc3)N4CCCCC4,extra_trees,4.42257989913828,5.288827516525579
TRAIN1150,COc1ccc2c(c1)C(=O)Oc3cc(OCC(=O)N4CCC(C)CC4)ccc23,extra_trees,4.93256087551421,4.966097619601319
TRAIN1151,CCc1nnc2SCC(=Nn12)c3oc(cc3)c4cc(Cl)ccc4Cl,extra_trees,4.35672058234574,4.881615701124406
TRAIN1152,Cc1nc2sccn2c1c3nc(cs3)c4oc5ccccc5c4,extra_trees,4.9714901547074,4.974707748530022
TRAIN1153,CCOP(=O)(OCC)C1(NS(=O)(=O)c2ccccc2)C=C(Cl)C(=O)c3ccccc13,extra_trees,4.90000738654018,5.292748161744325
TRAIN1154,Oc1c(Cl)cc(Cl)c(Cl)c1Cc2c(O)c(Cl)cc(Cl)c2Cl,extra_trees,5.66523270493382,5.757064385484579
TRAIN1155,NC(=O)c1c2CCCc2sc1NC(=O)c3oc4ccccc4c3,extra_trees,4.6292730540647,4.845530157166171
TRAIN1156,Cc1cc(c2nn3c(nnc3s2)c4ccccc4)c5ccccc5n1,extra_trees,4.6664985176495,5.004093574433711
TRAIN1157,COC(=O)c1ccc2C(=O)N(CCCCCC(=O)NCc3ccc4OCOc4c3)C(=O)Nc2c1,extra_trees,4.82979521612664,4.711471640857068
TRAIN1158,COCCNC(=O)c1c(N)n(\N=C\c2cccs2)c3nc4ccccc4nc13,extra_trees,4.9508513924415,4.804017689513131
TRAIN1159,CCC1(C)NC(=O)N(CC(=O)Nc2sc3CCCc3c2C(=O)N)C1=O,extra_trees,4.7390466018959,4.705038521957623
TRAIN1160,Cc1onc(c1)C(=O)OCC(=O)c2ccc(Br)s2,extra_trees,4.44123768585093,4.69663823161091
TRAIN1161,CC1=Nc2ccccc2C(=O)N1\N=C\c3c(O)ccc4oc5CCCCc5c34,extra_trees,4.53512893585102,5.1864039136207305
TRAIN1162,CCc1cccc2c(c[nH]c12)C(=O)Cn3nnc(n3)c4ccc(OC)c(OC)c4,extra_trees,4.9875470639767,5.023680500339812
TRAIN1163,CC(C)CN(C1CCS(=O)(=O)C1)C(=O)COC(=O)c2cc3CCCc3s2,extra_trees,5.53053292553511,4.736064092517824
TRAIN1164,CC(=N)\C(=C(\O)/CSc1oc(nn1)c2ccc(OC(F)F)cc2)\C#N,extra_trees,4.33184340659711,4.627920580094663
TRAIN1165,O=C(Cc1cn2ccsc2n1)OCc3nc4ccccc4s3,extra_trees,5.15644271271841,4.761487107812325
TRAIN1166,CCn1c(SCC(=O)Nc2ccc3c(oc4ccccc34)c2)nnc1c5ccc(N)cc5,extra_trees,4.93100754543335,4.970842075183414
TRAIN1167,CCN(c1ccccc1)S(=O)(=O)c2ccc3ncc(C(=O)NCCOC)c(O)c3c2,extra_trees,4.55449729962728,5.217993191088045
TRAIN1168,Cc1ccc(cc1)c2csc(NC(=O)c3oncc3)n2,extra_trees,5.14331218530747,4.799982981026212
TRAIN1169,CCOC(=O)C1=C(C)S\C(=C/N(C)C)\C1=O,extra_trees,4.39471650746975,4.896243201003963
TRAIN1170,CCc1ccc(NC(=O)c2noc3CCCc23)cc1,extra_trees,5.10023474509524,4.776215411481117
TRAIN1171,O=C(Cc1ccc(s1)S(=O)(=O)N2CCOCC2)Nc3nc4CCCCc4s3,extra_trees,5.3286623603728,5.067749828750734
TRAIN1172,CN1C(=O)CSc2ccc(NC(=O)N3CCC(CC3)N4CCCCC4)cc12,extra_trees,4.92773245148766,5.209456042732145
TRAIN1173,CCn1c2ccccc2c3cc(NC(=O)CSc4nnc(c5ccc(OC)cc5)n4N)ccc13,extra_trees,4.91256644090434,5.196624090831974
TRAIN1174,CCCc1nnc2SCC(=Nn12)c3oc(cc3)c4cc(Cl)ccc4Cl,extra_trees,4.87327586223383,4.604277335714869
TRAIN1175,Cc1ccccc1NC(=O)CSc2nnc(c3occc3)c(n2)c4occc4,extra_trees,4.82733286333074,4.8566337022890185
TRAIN1176,O=C(CSc1nc(ccc1C#N)c2cccnc2)Nc3sc4CCCc4c3C#N,extra_trees,4.8246717423819,4.812767646222733
TRAIN1177,NC(=S)N1NC(=C(\N=N\c2ccc(O)cc2)C1=O)c3ccc(cc3)[N+](=O)[O-],extra_trees,4.95781722319597,5.840873142025454
TRAIN1178,Clc1ccc(COc2ccc(cc2)c3oc(NCc4cccnc4)c(n3)C#N)cc1,extra_trees,4.4270110148084,5.521164101128426
TRAIN1179,Cc1ccc(cc1)c2nnc3SCC(=Nn23)c4ccc(Br)cc4,extra_trees,4.37357822287408,5.1743276514182055
TRAIN1180,CCc1cc2C(=O)N(CC=C)C(=Nc2s1)SCC(=O)NC(=O)NCc3occc3,extra_trees,4.99616263968299,4.711164085556634
TRAIN1181,COc1cccc2C=C(C(=O)Oc12)c3cn4ccc(C)cc4n3,extra_trees,5.10505676838404,4.9890980026941065
TRAIN1182,COc1ccc(CN2C(=O)Nc3cc(ccc3C2=O)C(=O)NCc4ccc5OCOc5c4)cc1,extra_trees,4.72401917320842,4.969798267754004
TRAIN1183,CCOP(=O)(OCC)C1(NS(=O)(=O)c2ccccc2)C=C(Br)C(=O)c3ccccc13,extra_trees,5.06106469179672,5.292025734400211
TRAIN1184,[O-][N+](=O)c1ccc(Oc2cccc(\C=N\NC(=O)c3cncc(Br)c3)c2)c(c1)[N+](=O)[O-],extra_trees,4.55514143049076,4.878463001144379
TRAIN1185,O=C1Oc2ccccc2N1CCn3c4ccccc4c5nc6ccccc6nc35,extra_trees,4.74611486666982,5.71523381463686
TRAIN1186,COc1ccc(cc1)C2C=C(Nc3nc(NC(=O)C)nn23)c4ccc(Cl)cc4,extra_trees,4.65986376825642,4.948280535659093
TRAIN1187,CCOC(=O)Cc1cc(O)n2nc(cc2n1)c3ccc(C)cc3,extra_trees,4.85645437276158,5.176833275854051
TRAIN1188,Cc1oc(cc1)c2cc(C(=O)NCc3occc3)c4ccccc4n2,extra_trees,5.16466081024311,5.05541542626623
TRAIN1189,CC(OC(=O)COc1ccc(Cl)cc1C)C(=O)N(C)C,extra_trees,4.43211049327627,4.58855399321698
TRAIN1190,CC1CCN(Cc2c(O)c(Cl)cc3C(=CC(=O)Oc23)C)CC1,extra_trees,4.62473959843782,5.700534470960893
TRAIN1191,COc1cc(NC(=O)CSC2=Nc3ccccc3C(=O)N2C)ccc1NC(=O)c4occc4,extra_trees,4.48756630245776,4.675531369059167
TRAIN1192,FC(F)Oc1ccc(cc1)c2oc(SCC(=O)NC(=O)NCc3occc3)nn2,extra_trees,4.93569741116747,4.672096172079462
TRAIN1193,CCN=C1C=CC(=CC(=C1O)C(=O)\C=C\c2ccccc2Cl)Br,extra_trees,5.50768530563614,5.748822196434256
TRAIN1194,COc1ccc2[nH]c3C4=Nc5ccccc5C(=O)N4CCc3c2c1,extra_trees,4.76488104338268,4.957864966073133
TRAIN1195,CCc1ccc2nc(O)c(cc2c1)C3C(=C(N)Oc4c3ccc5cccnc45)C#N,extra_trees,4.94843114051437,5.357411748052451
TRAIN1196,CC(=O)c1cccc(NC(=O)CN2C(=O)NC3(CCCCCCC3)C2=O)c1,extra_trees,4.31701468642117,4.835694615265711
TRAIN1197,Cc1ccnc(NS(=O)(=O)c2ccc(NC(=O)Cc3cccs3)cc2)n1,extra_trees,4.91336117135942,4.648242320546685
TRAIN1198,Clc1cccc(c1)N2CCN(CC2)C(=O)CCCN3C(=S)Nc4ccccc4C3=O,extra_trees,5.24162260345562,4.78855102385694
TRAIN1199,CNc1nnc(s1)C2=Cc3cc(Cl)ccc3OC2=O,extra_trees,4.95633009106842,4.95012726538677
TRAIN1200,COc1ccc2cc3c(N)nn(C(=O)Cc4ccc(Cl)cc4)c3nc2c1,extra_trees,4.60584086598378,5.027875736239599
TRAIN1201,CC1=CC=CN2C(=O)C3=C(N=C12)N(C(=O)C(=C3)C#N)c4ccc(C)cc4,extra_trees,4.51048672484976,4.9043121965738035
TRAIN1202,NCCNc1nc(NCc2ccccc2)c3CN(Cc4ccccc4)CCc3c1C#N,extra_trees,4.92723851735217,6.316067242926621
TRAIN1203,Cc1onc(NC(=O)CSc2cn(CCNC(=O)c3ccc(Cl)cc3)c4ccccc24)c1,extra_trees,4.60434185229877,4.864978401168779
TRAIN1204,COc1cccc(c1)c2nnc(NC(=O)Cc3cccs3)s2,extra_trees,4.71946169218663,4.747737834459802
TRAIN1205,CCCSc1nc(C)c(cc1C#N)c2csc(n2)C(=C3CCCC3)C#N,extra_trees,5.02952248308969,5.05900905499926
TRAIN1206,O=C(Nc1nc(cs1)c2nc3ccccc3s2)C4COc5ccccc5O4,extra_trees,4.60047649079234,4.905288856079283
TRAIN1207,O=C(CSc1n[nH]c(n1)c2ccc(cc2)S(=O)(=O)N3CCCCC3)Nc4nccs4,extra_trees,4.32621417303019,4.905942896327633
TRAIN1208,Cc1ccc(cc1)S(=O)(=O)Cc2oc(cc2)C(=O)O,extra_trees,4.74182215360085,5.195760066684359
TRAIN1209,O=C(Cc1coc2cc3CCCc3cc12)OCC4=CC(=O)N5C(=N4)Sc6ccccc56,extra_trees,5.31628401497667,5.108756121954402
TRAIN1210,Cc1cccc(N2CCN(CC2)c3nc4ccccc4n5cnnc35)c1C,extra_trees,4.41132131181919,5.425380681696764
TRAIN1211,Cc1ccc(C(=O)CSC2=C(C#N)C(CC(=O)N2)c3occc3)c(C)c1,extra_trees,4.57610513610905,5.014931014203676
TRAIN1212,Cc1snc2sc(C(=O)c3ccc(Br)cc3)c(N)c12,extra_trees,4.54939174624062,4.949928097208959
TRAIN1213,Oc1ccc(\C=N\c2ccc(cc2)N3CCOCC3)c(O)c1,extra_trees,4.51733804364467,5.463334851625175
TRAIN1214,CCOC(=O)c1c(C)c(C)sc1Nc2nc(C)c(s2)C(=O)NC,extra_trees,4.37359023318917,4.951432983153383
TRAIN1215,COc1ccc2c(c1)C(=O)Oc3cc4oc(C)c(C)c4cc23,extra_trees,5.16088600749357,4.935008812390737
TRAIN1216,COc1ccc(OC)c(\C=N\c2oc(c3occc3)c(c4occc4)c2C#N)c1,extra_trees,4.78844564808966,4.980907297195334
TRAIN1217,O=C(Cc1cccs1)Nc2ccccn2,extra_trees,4.87197314332322,4.706197641850965
TRAIN1218,Cc1sc2ncnc(NCc3occc3)c2c1C,extra_trees,4.45246613030073,4.73904220888218
TRAIN1219,Cc1c([nH]c2CC(CC(=O)c12)c3occc3)C(=O)OCC4CCCO4,extra_trees,4.49306305266635,4.8528773542368
TRAIN1220,CCOc1cccc2C=C(C(=O)Oc12)c3nnc(NCc4occc4)s3,extra_trees,4.57207738147755,4.596551249868753
TRAIN1221,Cc1onc(C)c1COc2ccc(cc2)C(=O)OCC(=O)N3c4ccccc4NC(=O)C3(C)C,extra_trees,5.05868041484764,4.98289871980481
TRAIN1222,CCOC(=O)C1=C(O)\C(=C/c2oc(CNC(=O)C(=O)Nc3ccccc3)cc2)\N=C1C,extra_trees,5.2419113230389,4.626109620776914
TRAIN1223,Cc1cc(ccc1n2c(C)ccc2C)C(=O)O,extra_trees,5.12292596536061,4.8137903902705546
TRAIN1224,CCOC(=O)c1[nH]c2CC(CC(=O)c2c1C)c3occc3,extra_trees,4.51859635941899,4.732910937997433
TRAIN1225,CCN1CCc2nc(NC(=O)Cc3ccc4OCCOc4c3)sc2C1,extra_trees,4.54094482461076,4.941973262293845
TRAIN1226,COc1ccccc1NC(=O)c2ccccc2NC(=O)c3cc(Cl)ccc3NC(=O)c4occc4,extra_trees,4.90268055349511,5.008080923437873
TRAIN1227,CC(=O)c1c(C)[nH]c(C(=O)COc2ccc(cc2)C#N)c1C,extra_trees,4.46802945895586,4.880398015575571
TRAIN1228,CCOC(=O)CSC1=NN(C)C(=S)S1,extra_trees,5.09782027033806,4.932402164958025
TRAIN1229,COCCCNC(=O)c1ccc2C(=O)N(Cc3ccc4OCOc4c3)C(=S)Nc2c1,extra_trees,4.37669694313743,4.780411191535973
TRAIN1230,Cn1ccnc1SCC(=O)Nc2ccc3nc(SCC(=O)NC4CC4)sc3c2,extra_trees,4.59048836367724,4.819663805914365
TRAIN1231,Cc1c([nH]c2CC(CC(=O)c12)c3occc3)C(=O)OCc4ccccc4,extra_trees,4.63908070389418,5.059018147335086
TRAIN1232,Cc1ccccc1CSCC(=O)NC(=O)NCc2occc2,extra_trees,5.03309270609331,4.718072699333055
TRAIN1233,C(Oc1ccccc1)c2nnc3sc(nn23)C4COc5ccccc5O4,extra_trees,5.02000390461512,4.764040622524653
TRAIN1234,Brc1oc(cc1)c2nc3cc(ccc3[nH]2)N4C(=O)c5ccccc5C4=O,extra_trees,5.04787330735224,4.733040817362029
TRAIN1235,COc1cc2cc(C(N3CCc4ccccc34)c5nnnn5C6CCCC6)c(O)nc2cc1OC,extra_trees,4.65906911365129,6.494928102193356
TRAIN1236,COC(=O)c1ccc2C(=O)N(CC3CCCO3)C(=Nc2c1)SCC(=O)Nc4ccccc4Cl,extra_trees,4.67891300015487,4.718617947951688
TRAIN1237,O=S(=O)(N1CCCCCC1)c2cccc(c2)c3cn4cccnc4n3,extra_trees,4.65169377369776,4.9970789563350335
TRAIN1238,COc1ccccc1N2CCN(CC2)C(=O)c3cc4CCCc4s3,extra_trees,5.28445290514375,4.870925036024657
TRAIN1239,OC(=O)C1Nc2c(cccc2C(=O)N3CCOCC3)C4C=CCC14,extra_trees,4.79906008145814,5.464679408063963
TRAIN1240,COc1ccc(OCCC(=O)OCC(=O)NCc2occc2)cc1,extra_trees,4.47734323592094,4.726149488765053
TRAIN1241,COC(=O)C1=C(O)\C(=C/c2oc(CNC(=O)C(=O)Nc3ccc(C)c(C)c3)cc2)\N=C1C,extra_trees,4.70769141763853,4.591680988237657
TRAIN1242,CN(CC(=O)NC(=O)NCc1occc1)Cc2nc(O)c3ccccc3n2,extra_trees,4.86198734945631,5.176817995883695
TRAIN1243,OC1=C(C(=O)Nc2ccccc2[N+](=O)[O-])c3nc4ccccc4n3CC1,extra_trees,4.73077434552155,5.405733200260242
TRAIN1244,COC(=O)c1oc(CSc2nc(O)c3cnn(c4ccc(C)c(C)c4)c3n2)cc1,extra_trees,4.41466280817923,4.870506422876685
TRAIN1245,CC1(C)Cc2c(CO1)sc3c4nnnn4c5nnnn5c23,extra_trees,5.38589408904197,5.485245333125213
TRAIN1246,Cc1cccc2cc(C(N(CC3CCCO3)Cc4occc4)c5nnnn5C(C)(C)C)c(O)nc12,extra_trees,4.87563599797108,5.792144400421295
TRAIN1247,COc1ccc(Cn2c(N)c(C(=O)NCc3occc3)c4nc5ccccc5nc24)cc1,extra_trees,4.76196117701313,4.853835137085008
TRAIN1248,Cc1ccc(Nc2nnc(SCC(=O)NCc3occc3)s2)cc1,extra_trees,4.5411194670599,4.761638964755634
TRAIN1249,CCOC(=O)C1=C(O)\C(=C/c2oc(CNC(=O)C(=O)Nc3ccc(C)c(C)c3)cc2)\N=C1C,extra_trees,4.39242274813291,4.892288636912392
TRAIN1250,Clc1ccc(cc1)N2CCN(CC2)C(=O)CCCN3C(=S)Nc4cc5OCOc5cc4C3=O,extra_trees,4.89936310035941,5.17908756044797
TRAIN1251,CCc1ccc2nc(NC(=O)c3ccc4c(O)nc(CN5CCOCC5)nc4c3)sc2c1,extra_trees,5.08461705141423,5.692367972076571
TRAIN1252,Fc1ccc(CNC(=O)C2=CC3=C(N=C4C=CC=CN4C3=O)N(Cc5cccnc5)C2=N)cc1,extra_trees,5.152559376579,5.320890486205846
TRAIN1253,CCOC(=O)C1=C(Nc2ccc(C)cc2)S\C(=C/c3cn(CC(=O)NCC4CCCO4)c5ccccc35)\C1=O,extra_trees,5.11924755611537,5.228157871909847
TRAIN1254,COc1ccc2[nH]c3nc(SCc4oc(nn4)c5ccc(C)cc5)nnc3c2c1,extra_trees,5.1649381839164,4.962580485842062
TRAIN1255,Cc1sc2ncnc(SCC(=O)NC(=O)NCc3occc3)c2c1C,extra_trees,4.93909299337807,4.7113184684464064
TRAIN1256,CCC1=NN2C(=NC(=O)\C(=C\c3oc(SCc4occc4)cc3)\C2=N)S1,extra_trees,4.67752227355247,4.801890085004093
TRAIN1257,CC1CCN(CC1)S(=O)(=O)c2ccc(NC(=O)Cc3cccs3)cc2,extra_trees,5.02258096477287,4.671870431850287
TRAIN1258,CC(=O)c1cccc(NC(=O)Cc2cccs2)c1,extra_trees,4.73179189747043,4.749177851563576
TRAIN1259,Cn1c(SCC(=O)Nc2sccc2C#N)nnc1c3ccccc3,extra_trees,4.76683782277114,4.832449380122634
TRAIN1260,Cc1csc2nc(CCNS(=O)(=O)c3ccc4OCCOc4c3)cn12,extra_trees,4.76800569930525,4.719904032755521
TRAIN1261,Cc1cccc2c(C)cc(SCC(=O)NC(=O)NCc3occc3)nc12,extra_trees,4.49430925471006,4.713511459578497
TRAIN1262,ClC1=CCC2C(C1)C(=O)N(CCCCCCN3C(=O)C4CC=C(Cl)CC4C3=O)C2=O,extra_trees,4.60727386031865,5.209977567688861
TRAIN1263,CC1CC(n2nc(cc2N1)C(=O)O)C(F)(F)C(F)(F)F,extra_trees,4.70062935231933,4.9663126187441655
TRAIN1264,Cc1nnc(Oc2ccccc2F)c3ccccc13,extra_trees,4.52307567008513,5.416746789939278
TRAIN1265,COc1ccc(OC)c(NC(=O)c2cc([nH]n2)c3ccc(C)cc3O)c1,extra_trees,4.65525198639263,5.105063749158323
TRAIN1266,CCN(c1ccccc1)S(=O)(=O)c2cc(ccc2C)C(=O)O,extra_trees,4.88415526543205,6.278525884975155
TRAIN1267,COC(=O)c1cc2ccsc2n1CC(=O)Nc3ccc(cc3)N(C)C,extra_trees,4.32550977471733,4.678543818431403
TRAIN1268,CCOc1ccc(Nc2oc(nc2C#N)c3ccccc3Cl)cc1,extra_trees,5.02042567765862,5.039394072474274
TRAIN1269,Clc1ccc(s1)S(=O)(=O)NCCc2csc(n2)c3cccnc3,extra_trees,4.71622854027023,4.831328452430556
TRAIN1270,Cc1ccc(cc1)C(=O)N\N=C\c2ccc(s2)[N+](=O)[O-],extra_trees,4.67484304449807,4.841267727356092
TRAIN1271,COc1ccc(CNC(=O)c2cc(on2)c3cccs3)cc1,extra_trees,4.55705608184781,4.685763140199979
TRAIN1272,COc1ccccc1\C=C\2/Sc3nc(nn3C2=O)c4occc4,extra_trees,4.75681357203525,4.687032040220198
TRAIN1273,COc1ccc(cc1)N2Cc3cccc(C(=O)O)c3C2=O,extra_trees,4.92143480310854,5.4074760391398815
TRAIN1274,COc1ccc(cc1)N2Cc3cccc(C(=O)N4CCN(CC4)C(=O)c5occc5)c3C2=O,extra_trees,5.00898624870819,5.089865278418373
TRAIN1275,Cc1nc2cc(nn2c(O)c1Cl)c3ccsc3n4c(C)ccc4C,extra_trees,4.56118608454367,5.103185823621936
TRAIN1276,Fc1ccccc1c2oc3ccc(NC(=O)c4cncc(Br)c4)cc3n2,extra_trees,4.8094576500544,4.836181922443127
TRAIN1277,Clc1ccc(Nc2nc(cs2)c3ccncc3)cc1,extra_trees,4.74028693342951,4.832499923562407
TRAIN1278,O=C(Nc1ccc(cc1)n2nncc2c3occc3)C4=Cc5ccccc5OC4=O,extra_trees,4.39168817134633,4.866609063255732
TRAIN1279,Cc1ccc(NC(=O)CN2C(=O)S\C(=C\c3oc(cc3)c4cc(ccc4C)C(=O)O)\C2=O)cc1C,extra_trees,4.74032299679253,6.1775641010211135
TRAIN1280,COc1ccc2c(c1)C(=O)Oc3cc(OCC(=O)NC4CCCCC4)ccc23,extra_trees,4.74727072418482,5.064920238042885
TRAIN1281,Brc1ccc(cc1)C2NC(=O)c3c4CCCc4sc3N2,extra_trees,4.71199616869067,4.941705559964987
TRAIN1282,CN(C)CC(=O)N1c2ccccc2CCc3ccc(NC(=O)c4ccc(N)cc4)cc13,extra_trees,4.80746488301482,5.453914889644054
TRAIN1283,CC(=O)Nc1ccc(cc1)\N=C\c2nc(oc2O)c3ccc(C)cc3,extra_trees,5.08644150308821,5.769603550508734
TRAIN1284,CCOc1cccc2C=C(C(=O)Oc12)c3cn4cc(C)ccc4n3,extra_trees,5.41807990968355,5.045730720213987
TRAIN1285,CN1N=C(SCC(=O)Nc2nc(C)cc(C)n2)SC1=S,extra_trees,5.05715097494662,5.013905981202393
TRAIN1286,COc1cc(cc2OCOc12)C3C(=C(N)OC4=C3C(=O)OC(=C4)C)C#N,extra_trees,4.58183680975872,5.098026793192706
TRAIN1287,CN(\N=C\c1cccnc1)C2=C(Cl)C(=O)N(N=C2)c3ccc(F)c(Cl)c3,extra_trees,4.74793304940716,4.791017661485906
TRAIN1288,CCSc1nnc(NC(=O)C2Cc3ccccc3CN2C(=O)c4occc4)s1,extra_trees,5.1268032508159,4.600260135185669
TRAIN1289,CS(=O)(=O)c1ccc2nc(NC(=O)CCC(=O)c3cccs3)sc2c1,extra_trees,5.14828496475211,4.65780337288334
TRAIN1290,Cc1nnc(NC(=O)Cc2cccs2)s1,extra_trees,4.72027443927624,4.698834189320953
TRAIN1291,Brc1cnc2cc(nn2c1)C(=O)N3CCN(CC3)C(=O)c4occc4,extra_trees,4.74690950641093,4.565563526673566
TRAIN1292,OC1=C(\C=N\c2cc(Cl)ccc2O)C(=O)CC(C1)c3occc3,extra_trees,4.35846045279168,6.035797116761412
TRAIN1293,CCOC(=O)c1ccc(NC(=O)CSc2nc(C)cc(O)n2)cc1,extra_trees,5.51390972181463,5.755333311247268
TRAIN1294,COc1ccc(NC2=NC(=O)S/C/2=C\c3ccc(cc3)N(C)C)cc1,extra_trees,4.47716260152248,5.438944561182506
TRAIN1295,CC1CC2=C(S1)C(=O)N(CCc3ccccc3)C(=N2)SCC(=O)Nc4cc(C)on4,extra_trees,4.47420056548306,4.766751432797994
TRAIN1296,CCN1C(=O)c2ccccc2N=C1SCC(=O)Nc3ccc(NC(=O)c4occc4)c(OC)c3,extra_trees,4.4458976978771,4.6716742527572706
TRAIN1297,CCOCCCNC(=O)c1cnc2ccc(cc2c1O)S(=O)(=O)Nc3cccc(OC)c3,extra_trees,4.45354383389407,5.0157431183437975
TRAIN1298,CCOc1cc(N2CCOCC2)c(OCC)cc1NC(=O)c3cc(nc4ccccc34)c5occc5,extra_trees,4.8320650474416,5.374422930250062
TRAIN1299,OC1C(Sc2ccccc2NC1=O)c3ccccc3,extra_trees,5.52050818833839,6.130236517992289
TRAIN1300,Nc1c(C#N)c(cc(c2ccccc2)c1C#N)c3occc3,extra_trees,4.47559725641642,5.288867395127442
TRAIN1301,O=C(Nc1ccc(cc1)N2CCCC2)C(c3ccccc3)c4ccccc4,extra_trees,5.1492239246649,6.991914649549145
TRAIN1302,CN1N=C(c2c(c(N)n(C3CCCCC3)c2C1=O)c4nc5ccccc5s4)[N+](=O)[O-],extra_trees,5.30251434217388,5.15586629054225
TRAIN1303,CC(=O)c1c(COC(=O)c2occc2)nc3ccccc3[n+]1[O-],extra_trees,4.53406333016282,4.81817968302343
TRAIN1304,NC1=C(C#N)C(C2=C(O1)\C(=C/c3cocc3)\CCC2)c4cocc4,extra_trees,4.99854667930364,5.180608675370716
TRAIN1305,Brc1ccc(cc1)c2nnc(c3cccnc3)c4conc24,extra_trees,5.17906329361928,4.86798987210757
TRAIN1306,Cc1ccc(OCc2ccoc2C(=O)O)cc1C,extra_trees,4.59448613658729,5.207987844002735
TRAIN1307,CCOC(=O)C1=C2N(C(=O)C(S1)c3ccccc3OC)C(=C(N)/C/2=C\c4ccccc4OC)C#N,extra_trees,5.00883597080835,5.162929081698083
TRAIN1308,Fc1ccc(cc1)c2nnc(c3ccccc23)n4nnc5ccccc45,extra_trees,4.58028342701928,5.451559132750613
TRAIN1309,COc1ccc(cc1)c2oc(nn2)C3=Cc4c(OC3=O)ccc5ccccc45,extra_trees,4.69811875336692,5.057091840824198
TRAIN1310,[O-][N+](=O)c1cc(ccc1Cl)C(=O)NNC(=O)c2ccc(SCC3CCCO3)c(c2)[N+](=O)[O-],extra_trees,4.63253020809741,4.95764160513019
TRAIN1311,O=C(Nc1ccc2nn(nc2c1)c3ccccc3)c4ccc5OCOc5c4,extra_trees,5.20067048038761,4.939573811645945
TRAIN1312,CC(C)CNC(=O)c1c(N)n(\N=C\c2ccccn2)c3nc4ccccc4nc13,extra_trees,4.79840980778379,4.979398272373055
TRAIN1313,COc1cc(NC(=O)c2cccs2)c(cc1OC)C(=O)OCC(=O)NCc3occc3,extra_trees,4.83054776528276,4.6944521556900405
TRAIN1314,CCn1nnc(NC(=O)CSc2ccc(Cl)cc2)n1,extra_trees,5.03299663718775,4.6971042379569194
TRAIN1315,NC(=O)c1ccccc1OCC2CC(=NO2)c3ccccc3,extra_trees,4.52385845973953,4.649782345296286
TRAIN1316,COc1ccc(cc1OC)c2nc(C(=O)N)c3nc(O)n(c4cccc(Cl)c4)c3n2,extra_trees,5.20328763025923,4.772403180163492
TRAIN1317,CS(=O)(=O)N(CC(=O)NCc1occc1)c2ccc3OCOc3c2,extra_trees,4.39664914291357,4.762709724806134
TRAIN1318,CCOC(=O)c1c(COC)n(C)c2C(=O)C(=O)c3ccc(Br)cc3c12,extra_trees,5.0520396600903,5.741575937286249
TRAIN1319,Cc1cc(C)c(c(C)c1)S(=O)(=O)\N=C\2/C=CC(=O)C(=C2)Cl,extra_trees,4.98780583832918,5.163692221923222
TRAIN1320,O=S(=O)(NCc1csc(n1)c2cccnc2)c3cccs3,extra_trees,4.74363444946183,4.823839950720638
TRAIN1321,COC(=O)c1cnn2c(cc(nc12)c3occc3)C(F)(F)F,extra_trees,4.37256675104935,4.840304163047112
TRAIN1322,C\C=C\COC(=O)c1[nH]c2CC(CC(=O)c2c1C)c3occc3,extra_trees,4.60771943050859,4.587796756136115
TRAIN1323,CC1CC2=C(S1)C(=O)N(CCc3ccccc3)C(=N2)SCC(=O)Nc4nnc(C)s4,extra_trees,4.75587435189118,4.5951310156243235
TRAIN1324,Cc1ccc(cc1)S(=O)(=O)Cc2oc(cc2)C(=O)N3CCC4(CC3)OCCO4,extra_trees,4.36647387798186,4.873362159201196
TRAIN1325,COCCOC(=O)c1[nH]c2CC(CC(=O)c2c1C)c3occc3,extra_trees,4.70969019995492,4.5566351217002765
TRAIN1326,Clc1ccc2cc3cc(oc3nc2c1)C(=O)NCc4occc4,extra_trees,4.7519308068645,4.808588315866659
TRAIN1327,CSc1ccc(cc1)S(=O)(=O)Nc2cccc(F)c2,extra_trees,4.62549214012227,4.791683641474454
TRAIN1328,CC(C)CC(=O)Nc1ccc(cc1)C(=O)COc2ccc(cc2)c3ocnn3,extra_trees,4.65251269121475,5.0991409437307595
TRAIN1329,Cc1cccc(OCc2nnc(SCC(=O)NC(=O)NCc3occc3)n2CC=C)c1,extra_trees,4.82910286039691,4.790835362217652
TRAIN1330,O=C(NCc1occc1)c2cc3CSCc3s2,extra_trees,5.02625348661083,4.823024495884489
TRAIN1331,CCOc1ccc(NC2=NC(=O)S/C/2=C\c3ccc(OC)cc3)cc1,extra_trees,4.72594588558301,5.277262569023621
TRAIN1332,NC(=O)c1c2CCCCCCc2sc1NC(=O)c3cccs3,extra_trees,4.58732160395108,5.001874544350239
TRAIN1333,CCC\C(=N\Nc1ccc(Cl)cc1)\c2cnnc(n2)c3ccccc3,extra_trees,5.41421451710934,4.9944925271482195
TRAIN1334,O=C(Cc1cccs1)Nc2nnc(COc3ccccc3)s2,extra_trees,4.4288713911395,4.748159608899565
TRAIN1335,COc1cccc2sc(Nc3oc(nn3)c4ccc(F)cc4)nc12,extra_trees,4.60267643190417,4.691671402725151
TRAIN1336,Cc1onc(c1C(=O)OCC(=O)NCc2occc2)c3c(F)cccc3Cl,extra_trees,4.41318177057485,4.711538084410873
TRAIN1337,O=Cc1ccc2OC3=C(C(=O)N4CCCSC4=N3)C(=O)c2c1,extra_trees,4.74956462686628,4.84076256055943
TRAIN1338,CN1C(=O)c2cc(C(=O)Nc3ccc4OCOc4c3)n(C)c2c5ccccc15,extra_trees,4.64658236917103,4.702812744267833
TRAIN1339,O=C(CSc1ncccn1)Nc2oc(c3ccccc3)c(c4ccccc4)c2C#N,extra_trees,5.01858915983411,5.248714411147391
TRAIN1340,Cc1ccc(cc1C)n2nnnc2SCC(=O)Nc3cccc(NC(=O)c4occc4)c3,extra_trees,4.82629725752537,4.941853567761584
TRAIN1341,Clc1ccc(cc1)c2nc(NC(=O)CSc3nnnn3c4ccccc4)ns2,extra_trees,4.68236887776863,4.874113346607389
TRAIN1342,Fc1cccc(c1)C(=O)N2CCN(CC2)C(=O)c3cc4ncc(Br)cn4n3,extra_trees,4.47673516487617,4.752071205123938
TRAIN1343,Cc1ccc(cc1)C(=O)ONc2ccc(cc2)N=NC(=O)c3ccccc3O,extra_trees,5.07374967062203,5.44828710271083
TRAIN1344,COc1ccc(C)cc1n2nnnc2SCC(=O)NC(=O)NCc3occc3,extra_trees,5.02329108533107,4.794487040329779
TRAIN1345,O=C(COC(=O)c1cccc(c1)S(=O)(=O)N2CCc3ccccc3C2)NCc4occc4,extra_trees,4.60273436596132,4.956652821859041
TRAIN1346,OC(=O)c1ccc2N[C@H]([C@H]3CC=C[C@H]3c2c1)c4ccccn4,extra_trees,5.02077450712343,6.539392921469345
TRAIN1347,CC(C)c1c(O)c(O)c(C=O)c2c(O)c(c(C)cc12)c3c(C)cc4c(C(C)C)c(O)c(O)c(C=O)c4c3O,extra_trees,5.59323166201562,6.11123397384379
TRAIN1348,CC1CCc2c(C1)sc(NC(=O)c3oc(Cn4cc(cn4)[N+](=O)[O-])cc3)c2C#N,extra_trees,5.07856637309888,4.703823891263826
TRAIN1349,Cc1[nH]c2ccc(cc2c1C)c3oc(SCC(=O)c4ccccc4F)nn3,extra_trees,4.58473877681157,5.095450396646577
TRAIN1350,COc1cc(\C=C\2/Sc3nc(nn3C2=O)c4ccncc4)ccc1OC(=O)C,extra_trees,4.49951707397422,4.846467838926449
TRAIN1351,O=C(COC(=O)c1ccccc1Oc2ccccc2)NCc3occc3,extra_trees,4.74679530864056,5.068316778116556
TRAIN1352,CCc1ccc2nc(O)c(CN(Cc3ccc4OCOc4c3)C(=O)c5occc5)cc2c1,extra_trees,4.58183680975872,5.775848532968463
TRAIN1353,CSC1=N\C(=C/c2oc(Br)cc2)\C(=O)S1,extra_trees,4.65538434810389,4.674539756225753
TRAIN1354,CC1=C(SCCC#N)S\C(=C\2/SC(=C(SCCC#N)S2)C)\S1,extra_trees,5.29203913465215,4.7348393698782285
TRAIN1355,Cc1ccccc1Nc2nnc(SCC(=O)NC(=O)NCc3occc3)s2,extra_trees,4.76232835483134,4.802971495299674
TRAIN1356,O=C(CSc1n[nH]c(n1)c2occc2)Nc3sc4CCCCc4c3C(=O)Nc5ccccc5,extra_trees,4.39776903887726,4.8202830103029
TRAIN1357,CCOC(=O)C1CCCN(C1)C(=O)c2cc3ncc(Br)cn3n2,extra_trees,4.68442783539546,4.83141027326719
TRAIN1358,CCCc1cc(n2ccnc2)n3c4ccccc4nc3c1C#N,extra_trees,4.52579699813894,5.003655484025293
TRAIN1359,CC(=O)c1ccc(NCC(=O)N2CCN(CC2)c3ccccc3)cc1,extra_trees,5.29943818710162,5.147430764388397
TRAIN1360,Cc1ccc(NS(=O)(=O)c2cccc(c2)C(=O)OCC(=O)NCc3occc3)cc1,extra_trees,4.51418335141008,4.705210178512958
TRAIN1361,O=C(NCc1occc1)C2=Cc3ccccc3C(=O)O2,extra_trees,4.52031832445487,4.739439302960288
TRAIN1362,O=C(Nc1ccc2oc(nc2c1)c3ccc4ccccc4c3)c5cccs5,extra_trees,4.55695961615859,5.812517418867436
TRAIN1363,Cc1ccc(N\C=C/2\C(=O)N(C(=O)c3ccccc23)c4ccc5OCOc5c4)cc1,extra_trees,4.70242943855046,5.042641610735218
TRAIN1364,Clc1cc2C(=O)c3ccccc3C(=O)c2cc1NC(=O)COC(=O)CC4CCCC4,extra_trees,4.65260284501831,4.861846849912187
TRAIN1365,COc1ccc2nc3oc(cc3cc2c1)C(=O)N4CCN(CC4)c5cccc(c5)C(F)(F)F,extra_trees,4.81120365181192,5.173580289081057
TRAIN1366,Cc1nn(c(Cl)c1\C=N\Nc2ccc(cc2[N+](=O)[O-])S(=O)(=O)Nc3ccccc3C(=O)O)c4ccccc4,extra_trees,5.16523288913073,6.529263579483462
TRAIN1367,Cc1ccc2nc(O)c(cc2c1)C3C(=C(N)Oc4c3ccc5cccnc45)C#N,extra_trees,4.70928085669247,5.334005316229759
TRAIN1368,COc1cc(NC(=O)COc2ccc(cc2)n3cnnn3)c(OC)cc1Cl,extra_trees,5.08048103479045,4.85016087396211
TRAIN1369,FC(F)(F)c1cc(nc2c(cnn12)C(=O)Nc3cnn(c3)C45CC6CC(CC(C6)C4)C5)c7occc7,extra_trees,5.4389236725246,5.14037554193685
TRAIN1370,O=S(=O)(\N=C(\Sc1ccccc1)/c2ccccc2)c3ccccc3,extra_trees,4.99129765332127,5.392513519348798
TRAIN1371,Oc1c(Cl)cc(Cl)cc1Sc2cc(Cl)cc(Cl)c2O,extra_trees,5.40440678922252,5.878220183100156
TRAIN1372,O=C(COC(=O)CCOc1ccccc1)NCc2occc2,extra_trees,4.77949311975971,4.576078226309519
TRAIN1373,OC(=O)c1cc(nc2ccc(Br)cc12)c3occc3,extra_trees,4.3220298881035,6.768434892631727
TRAIN1374,O=C(CSC1=Nc2scc(c3occc3)c2C(=O)N1c4ccccc4)NCC5CCCO5,extra_trees,4.52099856208925,4.99023472591996
TRAIN1375,Cc1occc1c2nnc3sc(nn23)c4cc(oc4C)c5ccc(Cl)cc5,extra_trees,5.55760176679497,4.943474856618866
TRAIN1376,Cc1cc(C)n2nc(SCC3=CC(=O)Oc4cc(O)ccc34)nc2n1,extra_trees,4.99433225248268,6.034031048734083
TRAIN1377,CCCCCCc1cc2C=C(C(=O)Oc2cc1O)c3oc(nn3)c4ccccc4,extra_trees,4.45664441041485,5.150138379757912
TRAIN1378,CN(c1ccccc1C(=O)O)S(=O)(=O)c2ccc3NC(=O)c4cccc2c34,extra_trees,4.72849248742571,5.756269797004632
TRAIN1379,CCOc1ccc(NC(=O)c2oc3nc4cc(OC)ccc4cc3c2)cc1,extra_trees,4.32540135160228,4.995288487222242
TRAIN1380,COc1ccccc1C(=O)Nc2nc(c(NC(=O)C)s2)c3cccs3,extra_trees,4.72083447185916,4.729978899456821
TRAIN1381,Clc1ccc(s1)S(=O)(=O)NCc2csc(n2)c3cccnc3,extra_trees,4.86549139909975,4.754555087641257
TRAIN1382,CC(Cc1ccc(O)c(O)c1)C(C)Cc2ccc(O)c(O)c2,extra_trees,4.65377087582302,6.247257520979886
TRAIN1383,COc1ccc(OC)c(c1)N2C(=O)[C@H]3ON=C([C@H]3C2=O)c4ccccc4Cl,extra_trees,5.00944405224017,4.76273387596696
TRAIN1384,CC(=O)OC1CC(C)(C)N(OC(=O)c2ccc(N)cc2)C(C)(C)C1,extra_trees,4.57926602634855,4.912185034944251
TRAIN1385,O=C(Nc1ccc2c(c1)nc3CSCCn23)c4occc4,extra_trees,4.83844065083876,4.7720175162508385
TRAIN1386,COc1ccc(cc1)N2C(=Nc3sc4CN(C)CCc4c3C2=O)SCC(=O)Nc5nccs5,extra_trees,5.07184748226717,5.147790779181846
TRAIN1387,Cc1oc2c(cccc2n1)C(=O)NCc3ccccc3,extra_trees,4.31498570912566,4.7418990753593295
TRAIN1388,CC(=N)\C(=C(\O)/CSc1oc(COc2ccccc2Cl)nn1)\C#N,extra_trees,4.42923868358544,4.657223990595227
TRAIN1389,COC(=O)c1oc(CSc2nc(C)nc3sc(C)c(C)c23)cc1,extra_trees,4.31072915440875,4.7179459965457635
TRAIN1390,Oc1ccc2C=C(C(=O)NCc3occc3)C(=O)Oc2c1,extra_trees,4.84470830535413,5.488420189340061
TRAIN1391,CN(C)S(=O)(=O)N(CC(=O)N(Cc1ccccc1)Cc2ccccc2)c3ccccc3,extra_trees,4.60361337109283,5.895040852106576
TRAIN1392,O=C(CCCCCN1C(=S)Nc2ccccc2C1=O)N3CCC(CC3)Nc4ccccc4,extra_trees,6.74472749489669,6.204839592658677
TRAIN1393,CC(C)(C)OC(=O)[C@@H](CCC(=O)N1CCN(CC1)c2ccc(cc2)C#N)N3C(=S)Nc4ccccc4C3=O,extra_trees,7.09691001300806,5.559903984170861
TRAIN1394,O=C(CCCCCN1C(=S)Nc2ccccc2C1=O)N3CCN(CC3)c4ccccc4C#N,extra_trees,7.04575749056067,6.975580909940798
TRAIN1395,Clc1cccc(c1)N2CCN(CC2)C(=O)CCCCCN3C(=S)Nc4ccccc4C3=O,extra_trees,6.45593195564972,5.993805165878948
TRAIN1396,O=C(CCCCCN1C(=S)Nc2ccccc2C1=O)N3CCN(CC3)c4ccncc4,extra_trees,7.52287874528034,5.673914408247223
TRAIN1397,O=C(CCCN1C(=S)Nc2ccccc2C1=O)N3CCC(CC3)c4ccccc4,extra_trees,7.30102999566398,6.245374438954976
TRAIN1398,O=C(CCCCCN1C(=S)Nc2ccccc2C1=O)N3CCC(CC3)N(Cc4ccccc4)c5ccccc5,extra_trees,6.92081875395237,5.978923345548552
TRAIN1399,Oc1ccccc1N2CCN(CC2)C(=O)CCCN3C(=S)Nc4ccccc4C3=O,extra_trees,7.15490195998574,5.7449016961492045
TRAIN1400,Clc1ccc(cc1)N2CCN(CC2)C(=O)CCCN3C(=S)Nc4ccccc4C3=O,extra_trees,4.70311552446145,5.289088568649995
TRAIN1401,FC(F)(F)c1ccc(cc1)N2CCN(CC2)C(=O)CCCCCN3C(=S)Nc4ccccc4C3=O,extra_trees,4.36825192560343,6.1383329874960255
TRAIN1402,[O-][N+](=O)c1cccc(c1)N2CCN(CC2)C(=O)CCCCCN3C(=S)Nc4ccccc4C3=O,extra_trees,6.07572071393812,5.8366435151204605
TRAIN1403,COc1cc2NC(=S)N(CCCC(=O)N3CCN(CC3)c4cccc(Cl)c4)C(=O)c2cc1OC,extra_trees,5.62708799702989,5.399657548568636
TRAIN1404,OC1(CCN(CC1)C(=O)CCCCCN2C(=S)Nc3ccccc3C2=O)c4ccc(Cl)cc4,extra_trees,7.09691001300806,5.969086039728753
TRAIN1405,Oc1cccc(c1)N2CCN(CC2)C(=O)CCCN3C(=S)Nc4ccccc4C3=O,extra_trees,5.79048498545737,6.656759010729422
TRAIN1406,O=C(CCCCCN1C(=S)Nc2ccccc2C1=O)N3CCN(CC3)c4ncccn4,extra_trees,6.92081875395237,5.032702972255865
TRAIN1407,O=C(CCCN1C(=S)Nc2ccccc2C1=O)N3CCN(Cc4cccc5ccccc45)CC3,extra_trees,6.76955107862173,6.600479593481357
TRAIN1408,O=C(CCCCCN1C(=S)Nc2ccccc2C1=O)N3CCN(CC3)c4cccc(c4)C#N,extra_trees,7.04575749056067,6.9961702974048094
TRAIN1409,COC(=O)c1ccc2C(=O)N(CCCC(=O)N3CCN(CC3)c4cccc(Cl)c4)C(=S)Nc2c1,extra_trees,4.72699872793626,5.537938370102297
TRAIN1410,O=C(CCCN1C(=S)Nc2ccccc2C1=O)N3CCN(CC3)c4cccc5ccccc45,extra_trees,7.15490195998574,6.233243346541071
TRAIN1411,C[C@@H]1CCCCCCCc2cc(OC(=O)C)cc(OC(=O)C)c2C(=O)O1,extra_trees,5.07779372256098,4.969126419051579
TRAIN1412,COc1cc(\C=C\2/SC(=O)NC2=O)ccc1Oc3ccc(cc3C(F)(F)F)C#N,extra_trees,5.65757731917779,4.640798808340898
TRAIN1413,COc1cc(O)c(\C=C/C(C)(C)O)c2O[C@@H](CC(=O)c12)c3ccccc3,extra_trees,2.45593195564972,5.155864123695817
TRAIN1414,COc1cc(O)c(\C=C/C(C)(C)O)c2OC(CC(=O)c12)c3ccc(O)cc3,extra_trees,3.0,5.595235431566972
TRAIN1415,COc1cc(O)c(\C=C/C(C)(C)O)c(O)c1C(=O)\C=C\c2ccc(O)cc2,extra_trees,4.09691001300806,6.262419716279071
TRAIN1416,CC(C)[C@]1(O)CC[C@@]2(C)[C@H](O)CCC(=C)[C@@H]2[C@H]1O,extra_trees,2.55284196865778,5.340506879664913
TRAIN1417,Cn1cc(NC(=O)c2cc(NC(=O)CCS(=O)(=O)C)cn2C)cc1C(=O)NCCCC(=O)NCCCCCC[C@@H]3Cc4cc(O)ccc4[C@H]5CC[C@]6(C)[C@@H](O)CC[C@H]6[C@H]35,extra_trees,8.95467702121334,6.033293767319952
TRAIN1418,Oc1ccc(\C=C\C(=O)OCCc2ccccc2)cc1O,extra_trees,5.10171372141088,5.358237439121942
TRAIN1419,C[C@]12CC[C@H]3[C@@H](CCc4cc(OC(=O)c5ccccc5)ccc34)[C@@H]1CC[C@@H]2O,extra_trees,7.18708664335714,6.090229401959291
TRAIN1420,CC(C)(c1ccc(O)cc1)c2ccc(O)cc2,extra_trees,5.64378286578027,6.220940199709238
TRAIN1421,CCCCCCCCCc1ccc(O)cc1,extra_trees,6.42365864979421,4.914911118337487
TRAIN1422,CCCCCCCCc1ccc(O)cc1,extra_trees,4.55792806339697,6.231523534885306
TRAIN1423,C[C@]12CC[C@H]3[C@@H](CCc4cc(O)ccc34)[C@@H]1C[C@@H](O)[C@@H]2O,extra_trees,8.77185639240226,6.533132383695912
TRAIN1424,CC[C@]1(O)CC[C@H]2[C@@H]3CCC4=CCCC[C@@H]4[C@H]3CC[C@]12C,extra_trees,5.95039438740503,6.044465519660717
TRAIN1425,CCN(CC)CCOc1ccc(cc1)\C(=C(\Cl)/c2ccccc2)\c3ccccc3,extra_trees,8.34065436425382,6.274470496184902
TRAIN1426,C[C@]12Cc3cnoc3C=C1CC[C@@H]4[C@@H]2CC[C@@]5(C)[C@H]4CC[C@@]5(O)C#C,extra_trees,4.74982405191608,6.441920860661002
TRAIN1427,C[C@]12CC[C@H]3[C@@H](CCC4=CC(=O)CC[C@H]34)[C@@H]1CC[C@@]2(O)C#C,extra_trees,6.09258863922541,6.5027256702177265
TRAIN1428,COc1ccc2[C@H]3CC[C@@]4(C)[C@@H](CC[C@@]4(O)C#C)[C@@H]3CCc2c1,extra_trees,7.74472749489669,6.4463395786450235
TRAIN1429,C[C@]1(O)CC[C@H]2[C@@H]3CC[C@H]4Cc5n[nH]cc5C[C@]4(C)[C@H]3CC[C@]12C,extra_trees,6.94692155651658,5.52865615413359
TRAIN1430,C[C@@H]1CC2=C(CCC(=O)C2)[C@H]3CC[C@@]4(C)[C@@H](CC[C@@]4(O)C#C)[C@H]13,extra_trees,6.36321131096562,5.917628214778878
TRAIN1431,CCC1=C(c2ccc(O)cc2)c3ccc4cccc1n34,extra_trees,8.02227639471115,7.375873524886629
TRAIN1432,C[C@H]1CCN(CCOc2ccc(cc2)C(=O)c3c(sc4cc(O)ccc34)c5ccc(O)cc5)C1,extra_trees,9.22184874961636,9.221848749616358
TRAIN1433,C[C@H](COc1ccc(cc1)C(=O)c2c(sc3cc(O)ccc23)c4ccc(O)cc4)N5CCCC5,extra_trees,9.69897000433602,9.698970004336003
TRAIN1434,Cc1cccc(c1)C(=O)Oc2ccc3ccc(O)cc3c2,extra_trees,4.55129368009492,5.4023982240855375
TRAIN1435,COc1ccccc1C(=O)Oc2ccc3ccc(O)cc3c2,extra_trees,5.36451625318509,5.2712614912545295
TRAIN1436,Oc1cccc2c(OC(=O)\C=C\c3ccccc3)cccc12,extra_trees,5.5016894462104,5.79768127442695
TRAIN1437,Oc1cccc2c(OC(=O)c3ccc(Br)cc3)cccc12,extra_trees,5.72353819582676,5.886543805939118
TRAIN1438,Cc1cccc(c1)C(=O)Oc2cccc3c(O)cccc23,extra_trees,5.64016451766011,5.093065041893163
TRAIN1439,CCOc1ccccc1C(=O)Oc2ccc3ccc(O)cc3c2,extra_trees,5.48280410205003,5.507195065661312
TRAIN1440,Oc1ccc(cc1)C(=O)OC(c2ccccc2)c3ccccc3,extra_trees,6.53760200210104,6.230426368857534
TRAIN1441,COc1cccc(c1)C(=O)Oc2cccc(O)c2,extra_trees,4.54975089168064,5.265595539291249
TRAIN1442,Oc1ccc2ccc(OC(=O)c3ccccc3F)cc2c1,extra_trees,5.51427857351842,5.874867796642013
TRAIN1443,COc1ccccc1C(=O)Oc2cccc3c(O)cccc23,extra_trees,4.96657624451305,6.07825734918518
TRAIN1444,Oc1cccc2c(OC(=O)c3ccccc3)cccc12,extra_trees,5.65169513695184,5.713537708872318
TRAIN1445,Cc1ccc(cc1)S(=O)(=O)Oc2cccc3c(O)cccc23,extra_trees,5.54211810326601,6.278814042758744
TRAIN1446,Oc1cccc2c(OC(=O)C3CCCCC3)cccc12,extra_trees,5.70333480973847,5.688397669069213
TRAIN1447,Oc1ccc2ccc(OC(=O)c3ccccc3Cl)cc2c1,extra_trees,6.0,5.648164054829367
TRAIN1448,Cc1ccccc1S(=O)(=O)Oc2cccc3c(O)cccc23,extra_trees,6.59345981956604,5.588084401223559
TRAIN1449,Oc1cccc2c(OC(=O)c3ccccc3Cl)cccc12,extra_trees,6.20134935455473,5.868703730466775
TRAIN1450,Cc1ccccc1S(=O)(=O)Oc2ccc3ccc(O)cc3c2,extra_trees,5.05700040663396,6.196467224584344
TRAIN1451,Cc1ccccc1C(=O)Oc2cccc3c(O)cccc23,extra_trees,6.36653154442041,5.715939439360679
TRAIN1452,CC\C(=C(/c1ccccc1)\c2ccc(OCCN(C)Cc3ccc(cc3)c4cn(CCCCCC(=O)NO)nn4)cc2)\c5ccccc5,extra_trees,6.60554831917378,7.02577164748497
TRAIN1453,CC\C(=C(/c1ccccc1)\c2ccc(OCCN(C)Cc3ccc(NC(=O)CCCCCCC(=O)NO)cc3)cc2)\c4ccccc4,extra_trees,6.89619627904404,6.772051035470463
TRAIN1454,CCCCC(CCCC)(c1ccc(O)c(CC)c1)c2ccc(O)c(CC)c2,extra_trees,5.53760200210104,6.596547705664625
TRAIN1455,Cc1cc(ccc1O)C(C)(C)c2ccc(O)c(C)c2,extra_trees,5.92081875395237,6.815596012724957
TRAIN1456,Oc1ccc(cc1)C2(CCCCC2)c3ccc(O)cc3,extra_trees,6.2839966563652,6.603284994225943
TRAIN1457,CCCC(CCC)(c1ccc(O)c(CC)c1)c2ccc(O)c(CC)c2,extra_trees,6.30980391997149,6.735823211436942
TRAIN1458,CCc1cc(ccc1O)C(CC)(CC)c2ccc(O)c(CC)c2,extra_trees,6.63827216398241,7.01577330933407
TRAIN1459,Cc1cc(ccc1O)C2(CCCCC2)c3ccc(O)c(C)c3,extra_trees,6.63827216398241,6.816261283482573
TRAIN1460,Oc1ccc(cc1)C2(CCCC2)c3ccc(O)cc3,extra_trees,6.76955107862173,6.6649911270664575
TRAIN1461,CCC(CC)(c1ccc(O)cc1)c2ccc(O)c(C)c2,extra_trees,6.95860731484177,7.119586927482328
TRAIN1462,CCCC(CCC)(c1ccc(O)cc1)c2ccc(O)cc2,extra_trees,7.00436480540245,7.084622432938166
TRAIN1463,CCC(CC)(c1ccc(N)c(C)c1)c2ccc(O)c(C)c2,extra_trees,7.0087739243075,7.405243984640653
TRAIN1464,CCC(CC)(c1ccc(O)cc1)c2ccc(O)cc2,extra_trees,7.06550154875643,6.901573904890663
TRAIN1465,Cc1cc(ccc1O)C2(CCCC2)c3ccc(O)c(C)c3,extra_trees,7.07572071393812,7.179280083340944
TRAIN1466,CCCCC(CCCC)(c1ccc(O)cc1)c2ccc(O)cc2,extra_trees,7.10237290870956,7.319799876094019
TRAIN1467,CCC(CC)(c1cc(C)c(O)c(C)c1)c2cc(C)c(O)c(C)c2,extra_trees,7.13076828026902,6.79003313255173
TRAIN1468,CCC(CC)(c1ccc(O)c(C)c1)c2ccc(O)c(C)c2,extra_trees,7.60205999132796,6.960834378664299
TRAIN1469,CCCCC(CCCC)(c1ccc(O)c(C)c1)c2ccc(O)c(C)c2,extra_trees,7.85387196432176,7.0987458915713715
TRAIN1470,CCCC(CCC)(c1ccc(O)c(C)c1)c2ccc(O)c(C)c2,extra_trees,8.30980391997149,7.046849128983062
TRAIN1471,C[C@@H](N1C(=O)O[C@](Cc2ccc(F)cc2)(C(=O)NCc3ccc(Cl)c(Cl)c3)C1=O)c4ccc(F)cc4,extra_trees,5.13667713987954,5.2110189327554695
TRAIN1472,COc1cc(CNC(=O)[C@@]2(Cc3ccccc3)OC(=O)N([C@@H]4CCc5ccccc45)C2=O)cc(OC)c1,extra_trees,4.76955107862173,5.280968321543819
TRAIN1473,COc1cc(ccc1O)C(=O)CCc2cc3[C@H]4CC[C@]5(C)[C@@H](O)CC[C@H]5[C@@H]4CCc3cc2OC,extra_trees,4.18770003287361,6.787309254117504
TRAIN1474,COc1cc2CC[C@@H]3[C@H](CC[C@]4(C)[C@H](CC[C@@H]34)OC(=O)C)c2cc1C=O,extra_trees,4.18770003287361,5.0022604604765135
TRAIN1475,COc1ccc2[C@H]3CC[C@]4(C)[C@H](CC[C@H]4[C@@H]3CCc2c1)OC(=O)C,extra_trees,4.18770003287361,5.044716313550022
TRAIN1476,Oc1ccc(CCC(=O)c2c(O)cc(O)cc2O)cc1,extra_trees,6.52287874528034,6.170796628873059
TRAIN1477,C[C@]12CC[C@H]3[C@@H](CCc4cc(O)ccc34)[C@@H]1CC=C2CO,extra_trees,6.83863199776503,6.676201575943599
TRAIN1478,CC1C[C@H](C)C2(CC[C@H]3[C@@H]4CCc5cc(O)ccc5[C@H]4CC[C@]23C)O1,extra_trees,6.31515463835559,6.7212503945709035
TRAIN1479,CCCOC(=O)[C@H]1CC[C@H]2[C@@H]3CCc4cc(O)ccc4[C@H]3CC[C@]12C,extra_trees,7.03621217265444,6.5500965523791495
TRAIN1480,Cc1ccc2c(C(Nc3ccc(Cl)cc3)c4ccccc4Cl)c(C)[nH]c2c1,extra_trees,4.58169870868025,6.530457451665285
TRAIN1481,CCOC(=O)COc1ccc(cc1CC2CCCCC2)c3ccc(OCCN(C)C)cc3,extra_trees,4.89619627904404,6.067067971046892
TRAIN1482,CCOC(=O)COc1ccc(cc1Cc2ccc3ccccc3c2)c4ccc(OCCN(C)C)cc4,extra_trees,5.49485002168009,6.629553460004348
TRAIN1483,CCOC(=O)COc1ccc(cc1)c2ccc(OCCN(C)C)c(Cc3ccc(cc3)c4ccccc4)c2,extra_trees,5.50863830616573,5.968208054568122
TRAIN1484,CN(C)CCOc1ccc(cc1)C23CC4CC(CC(C4)(C2)c5ccc(O)cc5)C3,extra_trees,5.97469413473523,7.351852982506207
TRAIN1485,CCOc1ccc2C(=C(CCCc2c1)c3ccccc3)c4ccc(OCCN(C)C)cc4,extra_trees,8.52287874528034,7.251029961973242
TRAIN1486,CNCCOc1ccc(cc1)C2=C(CCCc3cc(O)ccc23)c4ccccc4,extra_trees,8.52287874528034,6.974273484985976
TRAIN1487,Oc1ccc(cc1)[C@H]2[C@@H](C(=O)N2c3ccc(O)cc3)c4ccc(O)cc4,extra_trees,5.85387196432176,5.949578926001866
TRAIN1488,Oc1ccc(cc1)[C@H]2[C@@H](C(=O)N2c3ccc(O)cc3)c4ccccc4,extra_trees,6.63827216398241,6.312407101144616
TRAIN1489,Oc1ccc(cc1)[C@H]2[C@H](Oc3ccccc3)C(=O)N2c4ccc(O)cc4,extra_trees,6.85387196432176,6.102512240542585
TRAIN1490,Oc1ccc(cc1)[C@H]2[C@@H](C(=O)N2c3ccc(O)cc3)c4ccc5ccccc5c4,extra_trees,6.82390874094432,6.714980341669762
TRAIN1491,Oc1ccc(cc1)[C@@H]2N(C(=O)C2(c3ccccc3)c4ccccc4)c5ccc(O)cc5,extra_trees,7.39794000867204,7.056143363066629
TRAIN1492,COc1cc(cc(OC)c1OC)[C@H]2[C@@H](N(C2=O)c3ccc(O)cc3)c4ccc(O)cc4,extra_trees,5.83268266525182,5.08909768546174
TRAIN1493,COc1cc(cc(OC)c1OC)[C@H]2[C@@H](C(=O)N2c3ccc(O)cc3)c4ccc(O)cc4,extra_trees,4.74472749489669,6.007958768749145
TRAIN1494,COc1ccc(cc1)[C@H]2[C@H](C(O)c3ccc(O)cc3)C(=O)N2c4cc(OC)c(OC)c(OC)c4,extra_trees,8.09691001300806,5.730736627587659
TRAIN1495,Oc1ccc(cc1)[C@H]2CC(=O)N2c3ccc(O)cc3,extra_trees,4.88605664769316,5.465598416106041
TRAIN1496,OC(=O)\C=C\c1ccc(CC2=C(C(=O)Oc3cc(O)ccc23)c4ccc(F)cc4)cc1,extra_trees,8.04575749056067,8.221229487845083
TRAIN1497,OC(=O)\C=C\c1ccc(CC2=C(C(=O)Oc3cc(O)ccc23)c4cccc(OC(F)(F)F)c4)cc1,extra_trees,8.22914798835786,8.60467027155158
TRAIN1498,COc1cccc(c1)C2=C(Cc3ccc(\C=C\C(=O)O)cc3)c4ccc(O)cc4OC2=O,extra_trees,7.38721614328026,7.926388930304993
TRAIN1499,Cc1cccc(c1)C2=C(Cc3ccc(\C=C\C(=O)O)cc3)c4ccc(O)cc4OC2=O,extra_trees,7.76955107862173,8.094250061278812
TRAIN1500,OC(=O)\C=C\c1ccc(CC2=C(C(=O)Oc3cc(O)ccc23)c4ccccc4)cc1,extra_trees,8.09151498112135,7.9840724160068905
TRAIN1501,CC\C(=C(/c1ccc(O)cc1)\c2ccc(\C=C\C(=O)O)cc2)\c3ccccc3,extra_trees,9.82390874094432,6.635510178172457
TRAIN1502,OC(=O)\C=C\c1ccc(CC2=C(C(=O)Oc3cc(O)ccc23)c4ccc(Cl)cc4)cc1,extra_trees,8.431798275933,7.973714499459147
TRAIN1503,OC(=O)\C=C\c1ccc(CC2=C(C(=O)Oc3cc(O)ccc23)c4ccc(cc4)C(F)(F)F)cc1,extra_trees,8.33724216831843,8.354671739019231
TRAIN1504,COc1ccc(cc1)C2=C(Cc3ccc(\C=C\C(=O)O)cc3)c4ccc(O)cc4OC2=O,extra_trees,8.42021640338319,7.926742056335331
TRAIN1505,OC(=O)\C=C\c1ccc(CC2=C(C(=O)Oc3cc(O)ccc23)c4ccc(OC(F)(F)F)cc4)cc1,extra_trees,8.79588001734407,8.21171182975815
TRAIN1506,OC(=O)\C=C\c1ccc(CC2=C(C(=O)Oc3cc(O)ccc23)c4ccc(F)cc4F)cc1,extra_trees,8.52287874528034,8.188828653753848
TRAIN1507,OC(=O)\C=C\c1ccc(CC2=C(C(=O)Oc3cc(O)ccc23)c4ccc(F)cc4Cl)cc1,extra_trees,8.65757731917779,8.290850790831131
TRAIN1508,COc1cc(F)ccc1C2=C(Cc3ccc(\C=C\C(=O)O)cc3)c4ccc(O)cc4OC2=O,extra_trees,7.95860731484177,8.306176982350644
TRAIN1509,Cc1cc(F)ccc1C2=C(Cc3ccc(\C=C\C(=O)O)cc3)c4ccc(O)cc4OC2=O,extra_trees,8.4089353929735,8.283240317019615
TRAIN1510,Cc1cc(Cl)ccc1C2=C(Cc3ccc(\C=C\C(=O)O)cc3)c4ccc(O)cc4OC2=O,extra_trees,8.82390874094432,7.98816063716283
TRAIN1511,Cc1cc(OC(F)(F)F)ccc1C2=C(Cc3ccc(\C=C\C(=O)O)cc3)c4ccc(O)cc4OC2=O,extra_trees,9.0,7.783728142203235
TRAIN1512,Cc1cc(F)ccc1C2=C(c3ccc(\C=C\C(=O)O)cc3)c4ccc(O)cc4OC2=O,extra_trees,8.23657200643706,7.884618739067919
TRAIN1513,Cc1cc(F)ccc1C2=C(Oc3ccc(\C=C\C(=O)O)cc3)c4ccc(O)cc4OC2=O,extra_trees,9.39794000867204,7.726894344548816
TRAIN1514,Cc1cc(OC(F)(F)F)ccc1C2=C(Oc3ccc(\C=C\C(=O)O)cc3)c4ccc(O)cc4OC2=O,extra_trees,9.30102999566398,8.314211265955946
TRAIN1515,Cc1cc(F)ccc1C2=C(Nc3ccc(\C=C\C(=O)O)cc3)c4ccc(O)cc4OC2=O,extra_trees,7.60205999132796,8.364035269887623
TRAIN1516,CN(C1=C(C(=O)Oc2cc(O)ccc12)c3ccc(F)cc3C)c4ccc(\C=C\C(=O)O)cc4,extra_trees,8.00436480540245,6.911924488782456
TRAIN1517,Cc1cc(F)ccc1C2=C(Cc3ccc(\C=C\C(=O)O)cc3)c4c(F)cc(O)cc4OC2=O,extra_trees,8.88605664769316,8.226312968529747
TRAIN1518,Cc1cc(F)ccc1C2=C(Oc3ccc(\C=C\C(=O)O)cc3)c4cc(F)c(O)cc4OC2=O,extra_trees,8.13076828026902,8.485199464132986
TRAIN1519,Cc1cc(F)ccc1C2=C(Oc3ccc(\C=C\C(=O)O)cc3)c4ccc(O)c(F)c4OC2=O,extra_trees,8.49485002168009,8.107396879897529
TRAIN1520,Cc1cc2C(=C(C(=O)Oc2cc1O)c3ccc(OC(F)(F)F)cc3)Cc4ccc(\C=C\C(=O)O)cc4,extra_trees,8.0,8.521759863529265
TRAIN1521,Cc1c(O)ccc2C(=C(C(=O)Oc12)c3ccc(OC(F)(F)F)cc3)Cc4ccc(\C=C\C(=O)O)cc4,extra_trees,6.55284196865778,8.477399076692228
TRAIN1522,OC(=O)\C=C\c1ccc(CC2=C(C(=O)Oc3ccccc23)c4ccc(OC(F)(F)F)cc4)cc1,extra_trees,6.44369749923271,6.041584419759917
TRAIN1523,Cc1cc(F)ccc1C2=C(Cc3ccc(\C=C\C(=O)O)cc3)c4ccc(CO)cc4OC2=O,extra_trees,7.0,7.515126186423721
TRAIN1524,Cc1cc(F)ccc1C2=C(Cc3ccc(\C=C\C(=O)O)cc3)c4ccc(cc4OC2=O)C(F)F,extra_trees,6.4089353929735,7.241381416555671
TRAIN1525,COc1ccc2C(=C(C(=O)Oc2c1)c3ccc(OC(F)(F)F)cc3)Cc4ccc(\C=C\C(=O)O)cc4,extra_trees,5.95860731484177,6.574047187312362
TRAIN1526,OC(=O)\C=C\c1ccc(CC2=C(C(=O)Oc3cc(F)ccc23)c4ccc(OC(F)(F)F)cc4)cc1,extra_trees,5.23657200643706,7.06459916095409
TRAIN1527,Cc1cc(F)ccc1C2=C(Oc3ccc(\C=C\C(=O)O)cc3)c4ccccc4OC2=O,extra_trees,7.14266750356873,7.104741801910301
TRAIN1528,Cc1cc(OC(F)(F)F)ccc1C2=C(Oc3ccc(\C=C\C(=O)O)cc3)c4ccccc4OC2=O,extra_trees,7.82390874094432,7.060602108707523
TRAIN1529,Cc1cc(OC(F)(F)F)ccc1C2=C(Oc3ccc(\C=C\C(=O)O)cc3)c4ccc(cc4OC2=O)C(F)F,extra_trees,7.30102999566398,7.558122277799896
TRAIN1530,CCOc1ccc2C(=C(C(=O)Oc2c1)c3ccc(OC(F)(F)F)cc3C)Oc4ccc(\C=C\C(=O)O)cc4,extra_trees,7.30102999566398,7.250352536379133
TRAIN1531,Cc1cc(F)ccc1C2=C(Cc3ccc(\C=C\C(=O)O)cc3)c4ccc(N)cc4OC2=O,extra_trees,5.86012091359876,7.404633497359858
TRAIN1532,C[C@@H](N1C(=O)O[C@@](Cc2ccccc2)(C1=O)c3nc4cc(Cl)ccc4[nH]3)c5ccc(F)cc5,extra_trees,5.48148606012211,5.086328856000192
TRAIN1533,C[C@@H](N1C(=O)O[C@@](Cc2ccccc2)(C1=O)c3nc4cc(ccc4[nH]3)C(F)(F)F)c5ccc(F)cc5,extra_trees,5.52287874528034,5.223893261567949
TRAIN1534,C[C@@H](N1C(=O)O[C@@](Cc2ccccc2)(C1=O)c3nc4cc(NS(=O)(=O)C)ccc4[nH]3)c5ccc(F)cc5,extra_trees,4.76955107862173,5.249699230948099
TRAIN1535,C[C@@H](N1C(=O)O[C@@](Cc2ccccc2)(C1=O)c3nc4cc(ccc4[nH]3)c5cc[nH]n5)c6ccc(F)cc6,extra_trees,5.20065945054642,5.273637674673709
TRAIN1536,C[C@@H](N1C(=O)O[C@@](Cc2ccccc2)(C1=O)c3nc4cc(ccc4[nH]3)c5conc5C)c6ccc(F)cc6,extra_trees,5.30980391997149,5.207130239522227
TRAIN1537,C[C@@H](N1C(=O)O[C@@](Cc2ccccc2)(C1=O)c3nc4cc(ccc4[nH]3)N5CCOCC5)c6ccc(F)cc6,extra_trees,5.21467016498923,5.4759608026539865
TRAIN1538,C[C@@H](N1C(=O)O[C@@](Cc2ccccc2)(C1=O)c3nc4cc(ccc4[nH]3)c5cccnc5)c6ccc(F)cc6,extra_trees,5.10237290870956,5.355710949742216
TRAIN1539,CC\C(=C(\c1ccc(\C=C\C(=O)O)cc1)/c2ccc3[nH]ncc3c2)\c4ccc(F)cc4Cl,extra_trees,8.21467016498923,7.190542307122311
TRAIN1540,CCCCCCNCCOc1ccc(cc1)\C(=C(\CC)/c2ccccc2)\c3ccc(O)cc3,extra_trees,6.82102305270683,6.891592022420713
TRAIN1541,CCCCCCCCNCCOc1ccc(cc1)\C(=C(\CC)/c2ccccc2)\c3ccc(O)cc3,extra_trees,7.27572413039921,7.717055002105019
TRAIN1542,CCCCCCCCCCNCCOc1ccc(cc1)\C(=C(\CC)/c2ccccc2)\c3ccc(O)cc3,extra_trees,8.44369749923271,8.18486292585555
TRAIN1543,CCCCCCCCCCCCNCCOc1ccc(cc1)\C(=C(\CC)/c2ccccc2)\c3ccc(O)cc3,extra_trees,7.85387196432176,8.176471619110396
TRAIN1544,CCCCCCCCCCCCCCNCCOc1ccc(cc1)\C(=C(\CC)/c2ccccc2)\c3ccc(O)cc3,extra_trees,7.95860731484177,8.082566780486443
TRAIN1545,CCCCCCCCCCCCCCCCNCCOc1ccc(cc1)\C(=C(\CC)/c2ccccc2)\c3ccc(O)cc3,extra_trees,8.31875876262441,6.4433691552939365
TRAIN1546,CCCCCCCCCCCCCCCCCCNCCOc1ccc(cc1)\C(=C(\CC)/c2ccccc2)\c3ccc(O)cc3,extra_trees,4.0,8.348522712237644
TRAIN1547,CC\C(=C(/c1ccc(O)cc1)\c2ccc(OCCNCCCCCCCCCCO)cc2)\c3ccccc3,extra_trees,6.67778070526608,7.455627291470927
TRAIN1548,CC\C(=C(/c1ccc(O)cc1)\c2ccc(OCCNCCCCCCCCCCF)cc2)\c3ccccc3,extra_trees,8.46852108295774,8.192745967272586
TRAIN1549,Oc1ccc(cc1)C2=C([C@H]3O[C@@H]2C[C@@H]3S(=O)(=O)Oc4ccccc4)c5ccc(O)cc5,extra_trees,7.85387196432176,7.886056647693154
TRAIN1550,COC(=O)CCCCCCC(=O)Nc1ccc(OS(=O)(=O)C2CC3OC2C(=C3c4ccc(O)cc4)c5ccc(O)cc5)cc1,extra_trees,4.96657624451305,6.493972392731401
TRAIN1551,OC(=O)CCCCCCC(=O)Nc1ccc(OS(=O)(=O)C2CC3OC2C(=C3c4ccc(O)cc4)c5ccc(O)cc5)cc1,extra_trees,7.30102999566398,6.30685305206047
TRAIN1552,OC(=O)CCCCCCC(=O)Nc1ccc(cc1)C2=C(C3CC(C2O3)S(=O)(=O)Oc4ccccc4)c5ccc(O)cc5,extra_trees,5.91721462968355,6.30160619228659
TRAIN1553,Cc1ccc(OS(=O)(=O)C2CC3OC2C(=C3c4ccc(O)cc4)c5ccc(NC(=O)CCCCCCC(=O)O)cc5)cc1,extra_trees,5.96657624451305,4.96616979163006
TRAIN1554,COc1ccc(OS(=O)(=O)C2CC3OC2C(=C3c4ccc(O)cc4)c5ccc(NC(=O)CCCCCCC(=O)O)cc5)cc1,extra_trees,3.93704216591549,5.945354349977142
TRAIN1555,Cc1ccccc1OS(=O)(=O)C2CC3OC2C(=C3c4ccc(O)cc4)c5ccc(NC(=O)CCCCCCC(=O)O)cc5,extra_trees,6.33724216831843,5.062621977853523
TRAIN1556,OC(=O)CCCCCCC(=O)Nc1ccc(cc1)C2=C(C3CC(C2O3)S(=O)(=O)Oc4ccccc4O)c5ccc(O)cc5,extra_trees,6.85387196432176,6.201837774754572
TRAIN1557,OC(=O)CCCCCCC(=O)Nc1ccc(cc1)C2=C(C3CC(C2O3)S(=O)(=O)Oc4ccc(Br)cc4)c5ccc(O)cc5,extra_trees,5.76955107862173,5.500303674245614
TRAIN1558,OC(=O)CCCCCCC(=O)Nc1ccc(cc1)C2=C(C3CC(C2O3)S(=O)(=O)Oc4ccc(cc4)C(F)(F)F)c5ccc(O)cc5,extra_trees,6.10237290870956,6.124656663225673
TRAIN1559,OC(=O)CCCCCCC(=O)Nc1ccc(cc1)C2=C(C3CC(C2O3)S(=O)(=O)Oc4ccccc4C(F)(F)F)c5ccc(O)cc5,extra_trees,6.19382002601611,6.204428916153351
TRAIN1560,OC(=O)CCCCCCC(=O)Nc1ccc(cc1)C2=C(C3CC(C2O3)S(=O)(=O)Oc4cccc5ccccc45)c6ccc(O)cc6,extra_trees,6.88605664769316,6.31199798091221
TRAIN1561,OC(=O)CCCCCCC(=O)Nc1ccc(cc1)C2=C(C3CC(C2O3)S(=O)(=O)Oc4ccc5ccccc5c4)c6ccc(O)cc6,extra_trees,6.03621217265444,6.819099847638524
TRAIN1562,ONC(=O)CCCCCCC(=O)Nc1ccc(cc1)C2=C(C3CC(C2O3)S(=O)(=O)Oc4ccc5ccccc5c4)c6ccc(O)cc6,extra_trees,6.79588001734407,6.446237318886799
TRAIN1563,CC[C@H](C)[C@@H]1NC(=O)[C@@H](CSSC[C@H](NC(=O)[C@H](CC(C)C)NC1=O)C(=O)N[C@@H](CCCNC(=N)N)C(=O)N[C@@H](CC(C)C)C(=O)N[C@@H](CC(C)C)C(=O)N[C@@H](CCC(=O)N)C(=O)NCC(=O)NCC(=O)NCC(=O)N[C@@H](CCCNC(=N)N)C(=O)N[C@@H](CCCNC(=N)N)C(=O)N[C@@H](CCCNC(=N)N)C(=O)N[C@@H](CCCNC(=N)N)C(=O)N[C@@H](CCCNC(=N)N)C(=O)N[C@@H](CCCNC(=N)N)C(=O)N[C@@H](CCCNC(=N)N)C(=O)N)NC(=O)[C@@H](N)CCCCN,extra_trees,6.12551818230053,7.470803219917019
TRAIN1564,CC[C@H](C)[C@@H]1NC(=O)[C@@H](C\C=C/C[C@H](NC(=O)[C@H](CC(C)C)NC1=O)C(=O)N[C@@H](CCCNC(=N)N)C(=O)NC(CC(C)(C)C)C(=O)N[C@@H](CC(C)C)C(=O)N[C@@H](CCC(=O)N)C(=O)N)NC(=O)[C@@H](N)CCCNC(=N)N,extra_trees,6.95860731484177,6.408935392973492
TRAIN1565,CC[C@H](C)[C@@H]1NC(=O)[C@@H](C\C=C\C[C@H](NC(=O)[C@H](CC(C)C)NC1=O)C(=O)N[C@@H](CCCNC(=N)N)C(=O)NC(CC(C)(C)C)C(=O)N[C@@H](CC(C)C)C(=O)N[C@@H](CCC(=O)N)C(=O)N)NC(=O)[C@@H](N)CCCNC(=N)N,extra_trees,6.4089353929735,6.958607314841759
TRAIN1566,CC[C@H](C)[C@H](NC(=O)C(CC)NC(=O)[C@@H](N)CCCNC(=N)N)C(=O)N[C@@H](CC(C)C)C(=O)NC(CC)C(=O)N[C@@H](CCCNC(=N)N)C(=O)NC(CC(C)(C)C)C(=O)N[C@@H](CC(C)C)C(=O)NCC(=O)N,extra_trees,6.17392519729917,6.07118072250728
TRAIN1567,CC[C@H](C)[C@H](NC(=O)[C@H](Cc1cnc[nH]1)NC(=O)[C@@H](N)CCCNC(=N)N)C(=O)N[C@@H](CC(C)C)C(=O)NC(CC)C(=O)N[C@@H](CCCNC(=N)N)C(=O)NC(CC(C)(C)C)C(=O)N[C@@H](CC(C)C)C(=O)N[C@@H](CCC(=O)N)C(=O)N,extra_trees,6.20760831050175,6.551756835801305
TRAIN1568,CC[C@H](C)[C@@H]1NC(=O)[C@@H](CSSC[C@H](NC(=O)[C@H](CC(C)C)NC1=O)C(=O)N[C@@H](CCCNC(=N)N)C(=O)NC(CC(C)(C)C)C(=O)N[C@@H](CC(C)C)C(=O)N[C@@H](CCC(=O)N)C(=O)N)NC(=O)[C@@H](N)CCCNC(=N)N,extra_trees,7.88605664769316,7.25444700399675
TRAIN1569,CC[C@H](C)[C@@H]1NC(=O)[C@@H](CSSC[C@H](NC(=O)[C@H](CC(C)C)NC1=O)C(=O)N[C@@H](CCCNC(=N)N)C(=O)N[C@@H](CC(C)C)C(=O)N[C@@H](CC(C)C)C(=O)N[C@@H](CCC(=O)N)C(=O)N)NC(=O)[C@@H](N)CCCCN,extra_trees,7.45593195564972,7.3468893507730275
TRAIN1570,C[C@@H]1Cc2c([nH]c3ccccc23)[C@H](N1CC(C)(C)F)c4c(F)cc(\C=C\C(=O)O)cc4F,extra_trees,9.86012091359876,8.03073309375971
TRAIN1571,C[C@@H]1Cc2c([nH]c3ccccc23)[C@H](N1CC(C)(C)F)c4ccc(\C=C\C(=O)O)cc4,extra_trees,9.07001940948449,7.573159208948854
TRAIN1572,CC(C)CN1[C@H](C)Cc2c([nH]c3ccccc23)[C@H]1c4c(F)cc(\C=C\C(=O)O)cc4F,extra_trees,9.3799681048737,8.60452236749646
TRAIN1573,CC(C)CN1[C@H](C)Cc2c([nH]c3ccccc23)[C@H]1c4ccc(\C=C\C(=O)O)cc4,extra_trees,8.68006156001969,7.892589539861591
TRAIN1574,C[C@@H](CO)CN1[C@H](C)Cc2c([nH]c3ccccc23)[C@H]1c4ccc(\C=C\C(=O)O)cc4,extra_trees,7.33998877871067,7.3300326300915035
TRAIN1575,C[C@H](CO)CN1[C@H](C)Cc2c([nH]c3ccccc23)[C@H]1c4ccc(\C=C\C(=O)O)cc4,extra_trees,7.3300326300915,7.339988778710675
TRAIN1576,C[C@@H]1Cc2c([nH]c3ccccc23)[C@H](N1CCO)c4ccc(\C=C\C(=O)O)cc4,extra_trees,5.8799989255316,7.56447884578626
TRAIN1577,C[C@@H](CN1[C@H](C)Cc2c([nH]c3ccccc23)[C@H]1c4ccc(Cl)cc4)C(=O)O,extra_trees,7.51999305704285,7.159448534976628
TRAIN1578,C[C@@H]1Cc2c([nH]c3ccc(O)cc23)[C@H](N1CCO)c4ccc(Cl)cc4,extra_trees,7.36001575195841,6.64919471314612
TRAIN1579,C[C@@H]1Cc2c([nH]c3ccccc23)[C@H](N1CCC(=O)O)c4ccc(Cl)cc4,extra_trees,6.10999838681536,6.540646430130986
TRAIN1580,C[C@@H]1Cc2c([nH]c3ccccc23)[C@H](N1CCO)c4ccc(Cl)cc4,extra_trees,7.07001940948449,6.9163807407447795
TRAIN1581,OC(=O)CCN1CCc2c([nH]c3ccccc23)C1c4ccc(Cl)cc4,extra_trees,5.43000026779606,6.207259929210524
TRAIN1582,OCCN1CCc2c([nH]c3ccccc23)C1c4ccc(Cl)cc4,extra_trees,5.92999909619765,6.333967576253704
TRAIN1583,CCN(Cc1ccc(cc1)C(=O)N2CCc3ccc(OS(=O)(=O)N)cc3C2)Cc4ccccn4,extra_trees,5.50863830616573,5.658787667919367
TRAIN1584,CCN(Cc1ccc(cc1)C(=O)N2CCc3ccc(O)cc3C2)Cc4ccccn4,extra_trees,4.60906489289662,6.559999067753955
TRAIN1585,Oc1cc(Cc2ccccc2)c3CC(C(=O)Oc3c1)c4ccc(Cl)cc4,extra_trees,6.92081875395237,6.161264017179348
TRAIN1586,CCCCCC(O)[C@@H]1C2CC3=C(COC(=C3)\C=C\C)C(=O)[C@]2(C)OC1=O,extra_trees,4.79588001734407,5.2577383332969285
TRAIN1587,CCCCN(C)C(=O)CCCCCCCCCC[C@@H]1Cc2cc(O)ccc2[C@H]3CC[C@]4(C)[C@@H](O)CC[C@H]4[C@H]13,extra_trees,6.46852108295774,7.206676498260839
TRAIN1588,CC\C(=C(/c1ccccc1)\c2ccc(OCCN(C)C)cc2)\c3ccc(O)cc3,extra_trees,7.15490195998574,7.980517458653381
TRAIN1589,C[C@]12CC[C@H]3[C@@H]([C@H](CCCCCCCCCCC(=O)NO)Cc4cc(O)ccc34)[C@@H]1CC[C@@H]2O,extra_trees,6.29242982390206,7.001961074343446
TRAIN1590,C[C@]12CC[C@H]3[C@@H]([C@H](CCCCCCCCCCC(=O)Nc4ccccc4N)Cc5cc(O)ccc35)[C@@H]1CC[C@@H]2O,extra_trees,6.67778070526608,6.804682719489348
TRAIN1591,CCCCN(O)C(=O)CCCCCCCCCC[C@@H]1Cc2cc(O)ccc2[C@H]3CC[C@]4(C)[C@@H](O)CC[C@H]4[C@H]13,extra_trees,5.59345981956604,6.747575695929129
TRAIN1592,CCCCN(O)C(=O)c1cccc(NC(=O)CCCCCS[C@@H]2Cc3cc(O)ccc3[C@H]4CC[C@]5(C)[C@@H](O)CC[C@H]5[C@H]24)c1,extra_trees,7.30102999566398,6.728732121413105
TRAIN1593,CN(C)CCOc1ccc(cc1)\C(=C(/C)\c2ccccc2)\c3ccc(O)cc3,extra_trees,8.88605664769316,7.111387501502651
TRAIN1594,C\C(=C(\c1ccc(O)cc1)/c2ccc(OCCN3CCCC3)cc2)\c4ccccc4,extra_trees,9.09691001300806,8.26407049303385
TRAIN1595,C\C(=C(\c1ccc(O)cc1)/c2ccc(OCCN3CCCCC3)cc2)\c4ccccc4,extra_trees,9.39794000867204,7.8395655233804025
TRAIN1596,CN(C)CCOc1ccc(cc1)\C(=C(\C)/c2ccccc2)\c3ccc(OC(=O)C)cc3,extra_trees,7.65757731917779,7.083198969609347
TRAIN1597,CCCC(=O)Oc1ccc(cc1)\C(=C(\C)/c2ccccc2)\c3ccc(OCCN(C)C)cc3,extra_trees,7.46218090492673,7.46919613479168
TRAIN1598,CCCCCCCCCC(=O)Oc1ccc(cc1)\C(=C(\C)/c2ccccc2)\c3ccc(OCCN(C)C)cc3,extra_trees,7.49620931694282,7.231839492738915
TRAIN1599,CC(=O)Oc1ccc(cc1)\C(=C(\C)/c2ccccc2)\c3ccc(OCCN4CCCC4)cc3,extra_trees,8.11350927482752,7.506150576719968
TRAIN1600,CCCC(=O)Oc1ccc(cc1)\C(=C(\C)/c2ccccc2)\c3ccc(OCCN4CCCC4)cc3,extra_trees,7.56703070912559,7.344692478386541
TRAIN1601,CCCCCCCCCC(=O)Oc1ccc(cc1)\C(=C(\C)/c2ccccc2)\c3ccc(OCCN4CCCC4)cc3,extra_trees,7.31515463835559,7.272252916188171
TRAIN1602,CC(=O)Oc1ccc(cc1)\C(=C(\C)/c2ccccc2)\c3ccc(OCCN4CCCCC4)cc3,extra_trees,7.90657831483776,7.41472386749943
TRAIN1603,CCCC(=O)Oc1ccc(cc1)\C(=C(\C)/c2ccccc2)\c3ccc(OCCN4CCCCC4)cc3,extra_trees,7.47755576649368,6.941185237113771
TRAIN1604,CCCCCCCCCC(=O)Oc1ccc(cc1)\C(=C(\C)/c2ccccc2)\c3ccc(OCCN4CCCCC4)cc3,extra_trees,7.09151498112135,7.064289343711752
TRAIN1605,CC(C)CN1CCc2cc(O)ccc2[C@]1(C)c3ccc(\C=C\C(=O)O)cc3,extra_trees,6.22914798835786,8.170235444156381
TRAIN1606,CC(C)(F)CN1[C@H](c2ccc(\C=C\C(=O)O)cc2)c3ccc(O)cc3CC1(C)C,extra_trees,8.18708664335714,8.40185019732661
TRAIN1607,C[C@H](CF)CN1[C@@H](c2ccc(O)cc2CC1(C)C)c3c(F)cc(\C=C\C(=O)O)cc3F,extra_trees,8.79588001734407,8.927921620079232
TRAIN1608,C[C@H](CF)CN1[C@H](c2ccc(\C=C\C(=O)O)cc2)c3ccc(O)cc3CC1(C)C,extra_trees,8.88605664769316,7.982623535784978
TRAIN1609,COC[C@H](C)CN1[C@@H](c2ccc(O)cc2CC1(C)C)c3c(F)cc(\C=C\C(=O)O)cc3F,extra_trees,8.00436480540245,8.533051982933811
TRAIN1610,CC(C)CN1[C@@H](c2ccc(O)cc2CC1(C)C)c3c(F)cc(\C=C\C(=O)O)cc3F,extra_trees,8.79588001734407,8.301759649640815
TRAIN1611,C[C@@H]1Cc2cc(O)ccc2[C@H](N1c3ccc(OC(F)(F)F)cc3)c4ccc(\C=C\C(=O)O)cc4,extra_trees,8.21467016498923,6.958824166664973
TRAIN1612,C[C@@H]1Cc2cc(O)ccc2[C@H](N1CC(C)(C)F)c3c(F)cc(\C=C\C(=O)O)cc3F,extra_trees,9.60205999132796,8.59416769362269
TRAIN1613,C[C@H](CF)CN1[C@H](C)Cc2cc(O)ccc2[C@H]1c3c(F)cc(\C=C\C(=O)O)cc3F,extra_trees,9.431798275933,9.068037045768438
TRAIN1614,C[C@H](CF)CN1[C@H](C)Cc2cc(O)ccc2[C@H]1c3ccc(\C=C\C(=O)O)cc3,extra_trees,9.39794000867204,7.9857747698740145
TRAIN1615,COC[C@H](C)CN1[C@H](C)Cc2cc(O)ccc2[C@H]1c3c(F)cc(\C=C\C(=O)O)cc3F,extra_trees,8.92081875395237,8.865048932184713
TRAIN1616,COC[C@H](C)CN1[C@H](C)Cc2cc(O)ccc2[C@H]1c3ccc(\C=C\C(=O)O)cc3,extra_trees,8.23657200643706,7.7312758521931215
TRAIN1617,COc1ccc2[C@H](N(CC(C)C)[C@H](C)Cc2c1)c3ccc(\C=C\C(=O)O)cc3,extra_trees,6.79588001734407,8.195954451299194
TRAIN1618,CC(C)CN1[C@H](C)Cc2ccccc2[C@H]1c3ccc(\C=C\C(=O)O)cc3,extra_trees,7.08618614761628,7.747234288593664
TRAIN1619,CC(C)CN1CCc2cc(O)c(C)cc2[C@H]1c3ccc(\C=C\C(=O)O)cc3,extra_trees,7.36653154442041,6.929752886940311
TRAIN1620,CC(C)CN1CCc2c(C)c(O)ccc2[C@H]1c3ccc(\C=C\C(=O)O)cc3,extra_trees,6.76955107862173,7.398487307787093
TRAIN1621,CC(C)CN1[C@H](c2ccc(\C=C\C(=O)O)cc2)c3ccc(O)cc3CC1(C)C,extra_trees,8.15490195998574,6.01772876696043
TRAIN1622,CC(C)CN1[C@H](C)Cc2cc(O)ccc2[C@@]1(C)c3ccc(\C=C\C(=O)O)cc3,extra_trees,8.25963731050576,7.0857953518994865
TRAIN1623,CC(C)CN1[C@H](C)Cc2cc(O)ccc2[C@H]1c3ccc(\C=C\C(=O)O)cc3,extra_trees,8.88605664769316,7.5982538679303655
TRAIN1624,CC(C)CN1CCc2cc(O)ccc2[C@@]1(C)c3ccc(\C=C\C(=O)O)cc3,extra_trees,7.95860731484177,8.170235444156381
TRAIN1625,CC(C)CN1CCc2cc(O)ccc2[C@@H]1c3ccc(\C=C\C(=O)O)cc3,extra_trees,7.3767507096021,7.521521369119905
TRAIN1626,CC(C)CN1CCc2cc(O)ccc2[C@H]1c3ccc(\C=C\C(=O)O)cc3,extra_trees,8.35654732351381,7.521521369119905
TRAIN1627,OC(=O)\C=C\c1ccc(cc1)C2N(CCc3cc(O)ccc23)c4ccc(OC(F)(F)F)cc4,extra_trees,7.45593195564972,6.903524385590286
TRAIN1628,OC(=O)\C=C\c1ccc(cc1)C2N(Cc3ccccc3)CCc4cc(O)ccc24,extra_trees,7.04575749056067,7.147287843446288
TRAIN1629,OC(=O)\C=C\c1ccc(cc1)C2N(CCc3cc(O)ccc23)c4ccccc4,extra_trees,7.14874165128092,7.143018465992651
TRAIN1630,CC(C)CN1[C@@H](c2ccc(\C=C\C(=O)O)cc2)c3ccc(O)cc3CC1(C)C,extra_trees,6.01772876696043,8.154901959985725
TRAIN1631,CCCCCCNCCOc1ccc(cc1)C(=O)c2c(sc3cc(O)ccc23)c4ccc(O)cc4,extra_trees,7.21467016498923,7.479421302002787
TRAIN1632,CCCCCCCCNCCOc1ccc(cc1)C(=O)c2c(sc3cc(O)ccc23)c4ccc(O)cc4,extra_trees,7.30980391997149,7.660450207485253
TRAIN1633,CCCCCCCCCCNCCOc1ccc(cc1)C(=O)c2c(sc3cc(O)ccc23)c4ccc(O)cc4,extra_trees,7.39794000867204,7.792081666124078
TRAIN1634,CCCCCCCCCCCCNCCOc1ccc(cc1)C(=O)c2c(sc3cc(O)ccc23)c4ccc(O)cc4,extra_trees,8.22914798835786,7.439913154890336
TRAIN1635,CCCCCCCCCCCCCCNCCOc1ccc(cc1)C(=O)c2c(sc3cc(O)ccc23)c4ccc(O)cc4,extra_trees,7.55284196865778,8.334234589088954
TRAIN1636,CCCCCCCCCCCCCCCCNCCOc1ccc(cc1)C(=O)c2c(sc3cc(O)ccc23)c4ccc(O)cc4,extra_trees,7.95860731484177,8.502863103278692
TRAIN1637,CCCCCCCCCCCCCCCCCCNCCOc1ccc(cc1)C(=O)c2c(sc3cc(O)ccc23)c4ccc(O)cc4,extra_trees,8.74472749489669,7.519419806806177
TRAIN1638,CCc1ccc2c(c1)C(Cc3cc(O)cc(C)c23)c4ccc(OCCN5CCOCC5)cc4,extra_trees,8.04575749056067,7.0719679356479075
TRAIN1639,CNCCCCCCCCCCCCn1c(c(C)c2cc(O)ccc12)c3ccc(O)cc3,extra_trees,6.42021640338319,6.778699725113666
TRAIN1640,Cc1c(c2ccc(O)cc2)n(CCCCn3c(c(C)c4cc(O)ccc34)c5ccc(O)cc5)c6ccc(O)cc16,extra_trees,6.36051351073141,6.983274634233831
TRAIN1641,COc1ccc(\C=C(\C(=O)N(C)CCCCCCCCCCCCn2c(c(C)c3cc(O)ccc23)c4ccc(O)cc4)/c5cc(OC)c(OC)c(OC)c5)cc1O,extra_trees,6.24108810760203,7.057382969788793
TRAIN1642,CN1CCN(CCOc2ccc(cc2)N3C(=O)c4cc(O)ccc4C5=C3c6ccc(O)cc6C5=O)CC1,extra_trees,4.97469413473523,6.158647043922647
TRAIN1643,Oc1ccc2C3=C(N(C(=O)c2c1)c4ccc(OCCN5CCOCC5)cc4)c6ccc(O)cc6C3=O,extra_trees,4.70333480973847,5.511434242202388
TRAIN1644,Oc1ccc2C3=C(N(C(=O)c2c1)c4ccc(OCCN5CCCCC5)cc4)c6ccc(O)cc6C3=O,extra_trees,5.46852108295774,5.7712946723775795
TRAIN1645,Oc1ccc2C3=C(N(C(=O)c2c1)c4ccc(OCCN5CCCC5)cc4)c6ccc(O)cc6C3=O,extra_trees,5.14266750356873,5.303876830986681
TRAIN1646,CCN(CC)CCOc1ccc(cc1)N2C(=O)c3cc(O)ccc3C4=C2c5ccc(O)cc5C4=O,extra_trees,5.17392519729917,5.511888306328229
TRAIN1647,CN(C)CCOc1ccc(cc1)N2C(=O)c3cc(O)ccc3C4=C2c5ccc(O)cc5C4=O,extra_trees,5.11918640771921,5.6510592463381
TRAIN1648,COc1ccc2C3=C(N(C(=O)c2c1)c4ccc(OCCCN5CCN(C)CC5)cc4)c6ccc(OC)cc6C3=O,extra_trees,4.45345733652187,4.509135871285491
TRAIN1649,COc1ccc2C3=C(N(C(=O)c2c1)c4ccc(OCCCN5CCCCC5)cc4)c6ccc(OC)cc6C3=O,extra_trees,4.41680122603138,4.633582456366034
TRAIN1650,COc1ccc2C3=C(N(C(=O)c2c1)c4ccc(OCCCN5CCCC5)cc4)c6ccc(OC)cc6C3=O,extra_trees,4.39469495385889,4.615331839087114
TRAIN1651,CCN(CC)CCCOc1ccc(cc1)N2C(=O)c3cc(OC)ccc3C4=C2c5ccc(OC)cc5C4=O,extra_trees,4.40011692792631,5.232901864596644
TRAIN1652,COc1ccc2C3=C(N(C(=O)c2c1)c4ccc(OCCCN(C)C)cc4)c5ccc(OC)cc5C3=O,extra_trees,4.40450377817443,4.686843176463998
TRAIN1653,COc1ccc2C3=C(N(C(=O)c2c1)c4ccc(OCCN5CCN(C)CC5)cc4)c6ccc(OC)cc6C3=O,extra_trees,4.63264407897398,4.613286505969642
TRAIN1654,COc1ccc2C3=C(N(C(=O)c2c1)c4ccc(OCCN5CCCCC5)cc4)c6ccc(OC)cc6C3=O,extra_trees,4.60380065290426,5.040943592406246
TRAIN1655,COc1ccc2C3=C(N(C(=O)c2c1)c4ccc(OCCN5CCCC5)cc4)c6ccc(OC)cc6C3=O,extra_trees,4.75202673363819,4.6742480121152985
TRAIN1656,CCN(CC)CCOc1ccc(cc1)N2C(=O)c3cc(OC)ccc3C4=C2c5ccc(OC)cc5C4=O,extra_trees,4.7281583934635,4.624437929569054
TRAIN1657,COc1ccc2C3=C(N(C(=O)c2c1)c4ccc(OCCN(C)C)cc4)c5ccc(OC)cc5C3=O,extra_trees,4.61261017366127,4.589119082372426
TRAIN1658,CCN(CC)CCOc1ccc(cc1)\C(=C(\CCCO)/c2ccccc2)\c3ccc(O)cc3,extra_trees,6.05799194697769,7.4534763671784505
TRAIN1659,CN(C)CCCOc1ccc(cc1)\C(=C(\CCCO)/c2ccccc2)\c3ccc(O)cc3,extra_trees,6.00436480540245,6.733242384860444
TRAIN1660,CNCCOc1ccc(cc1)\C(=C(\CCCO)/c2ccccc2)\c3ccc(O)cc3,extra_trees,5.47625353318844,7.708267097432824
TRAIN1661,CN(C)CCOc1ccc(cc1)\C(=C(\CCCF)/c2ccccc2)\c3ccc(O)cc3,extra_trees,7.69897000433602,6.6536273946148246
TRAIN1662,CN(C)CCOc1ccc(cc1)\C(=C(\CCC(F)F)/c2ccccc2)\c3ccc(O)cc3,extra_trees,5.76955107862173,7.6939220210922965
TRAIN1663,N#C\C(=C(/c1ccccc1)\c2ccc(OCCN3CCOCC3)cc2)\c4ccccc4,extra_trees,6.64975198166584,7.202410374062788
TRAIN1664,N#C\C(=C(\c1ccccc1)/c2ccc(OCCN3CCOCC3)cc2)\c4ccccc4,extra_trees,7.01322826573375,7.202410374062788
TRAIN1665,CN(C)CCOc1ccc(cc1)C(=C(C#N)c2ccccc2)c3ccccc3,extra_trees,7.06550154875643,6.671837489758721
TRAIN1666,N#CC(=C(c1ccc(OCCN2CCOCC2)cc1)c3ccc(OCCN4CCOCC4)cc3)c5ccccc5,extra_trees,6.2572748686953,6.798123928933204
TRAIN1667,CC\C(=C(/c1ccccc1)\c2ccc(\C=C\C(=O)O)cc2)\c3ccc(O)cc3,extra_trees,6.65757731917779,9.639100574597048
TRAIN1668,Cc1c(c2ccc3OCOc3c2)n(Cc4ccc(OCCN5CCCCC5)cc4)c6ccc(O)cc16,extra_trees,7.15490195998574,7.608865346085705
TRAIN1669,CC(C)Oc1ccc(cc1)c2c(C)c3cc(O)ccc3n2Cc4ccc(OC5C=CC=C5)cc4,extra_trees,7.09691001300806,7.047990783791586
TRAIN1670,Cc1c(c2ccccc2)n(Cc3ccc(OCCN4CCCCC4)cc3)c5ccccc15,extra_trees,6.34678748622466,6.66697147858156
TRAIN1671,Cc1c(c2ccc(O)cc2)n(Cc3ccc(OCCN4CCCCC4)cc3)c5ccccc15,extra_trees,6.92081875395237,7.696414460221571
TRAIN1672,Cc1c(c2ccccc2)n(Cc3ccc(OCCN4CCCCC4)cc3)c5ccc(O)cc15,extra_trees,7.52287874528034,7.219514441818918
TRAIN1673,COc1ccc2c(c1)c(C)c(c3ccc(O)cc3)n2Cc4ccc(OCCN5CCCCC5)cc4,extra_trees,6.45593195564972,7.238350198406957
TRAIN1674,COc1ccc(cc1)c2c(C)c3cc(O)ccc3n2Cc4ccc(OCCN5CCCCC5)cc4,extra_trees,6.52287874528034,6.97751544753815
TRAIN1675,COc1ccc(cc1)c2c(C)c3cc(OC)ccc3n2Cc4ccc(OCCN5CCCCC5)cc4,extra_trees,6.22184874961636,6.537650823632818
TRAIN1676,COc1ccc(cc1)c2c(C)c3cc(OC)ccc3n2Cc4ccc(OCCN5CCCCCC5)cc4,extra_trees,6.2839966563652,6.861578484805785
TRAIN1677,CCOc1ccc(cc1)c2c(C)c3cc(O)ccc3n2Cc4ccc(OCCN5CCCCC5)cc4,extra_trees,7.20760831050175,6.985870244458243
TRAIN1678,CCOc1ccc(cc1)c2c(C)c3cc(O)ccc3n2Cc4ccc(OCCN5CCCCCC5)cc4,extra_trees,7.04575749056067,7.212072996869215
TRAIN1679,Cc1c(c2ccc(O)cc2)n(Cc3ccc(OCCN4CCCCC4)cc3)c5ccc(F)cc15,extra_trees,6.69897000433602,7.612208009714327
TRAIN1680,Cc1c(c2ccc(O)cc2)n(Cc3ccc(OCCN4CCCCCCC4)cc3)c5ccc(O)cc15,extra_trees,7.52287874528034,7.323219694708253
TRAIN1681,CN(C)CCOc1ccc(Cn2c(c(C)c3cc(O)ccc23)c4ccc(O)cc4)cc1,extra_trees,7.22184874961636,7.3960483520183775
TRAIN1682,CCN(CC)CCOc1ccc(Cn2c(c(C)c3cc(O)ccc23)c4ccc(O)cc4)cc1,extra_trees,7.39794000867204,7.660525465518445
TRAIN1683,CCCN(CCC)CCOc1ccc(Cn2c(c(C)c3cc(O)ccc23)c4ccc(O)cc4)cc1,extra_trees,7.09691001300806,7.570584966142438
TRAIN1684,CCCCN(CCCC)CCOc1ccc(Cn2c(c(C)c3cc(O)ccc23)c4ccc(O)cc4)cc1,extra_trees,6.69897000433602,7.205211455319753
TRAIN1685,CC(C)N(CCOc1ccc(Cn2c(c(C)c3cc(O)ccc23)c4ccc(O)cc4)cc1)C(C)C,extra_trees,7.0,7.279768415665265
TRAIN1686,CCCCN(C)CCOc1ccc(Cn2c(c(C)c3cc(O)ccc23)c4ccc(O)cc4)cc1,extra_trees,7.55284196865778,7.589112093568177
TRAIN1687,Cc1c(c2ccc(O)cc2)n(Cc3ccc(OCC[N+](C)(C)C)cc3)c4ccc(O)cc14,extra_trees,7.0,7.465306854104258
TRAIN1688,CC1CCCCN1CCOc2ccc(Cn3c(c(C)c4cc(O)ccc34)c5ccc(O)cc5)cc2,extra_trees,7.69897000433602,7.18769832666339
TRAIN1689,CC1CCCN(CCOc2ccc(Cn3c(c(C)c4cc(O)ccc34)c5ccc(O)cc5)cc2)C1,extra_trees,6.76955107862173,7.542648650901855
TRAIN1690,CC1CCN(CCOc2ccc(Cn3c(c(C)c4cc(O)ccc34)c5ccc(O)cc5)cc2)CC1,extra_trees,7.43179827593301,6.87313313945757
TRAIN1691,Cc1c(c2ccc(O)cc2)n(Cc3ccc(OCCN4CCCC(C)(C)C4)cc3)c5ccc(O)cc15,extra_trees,6.82390874094432,7.108908669267896
TRAIN1692,C[C@@H]1CCC[C@H](C)N1CCOc2ccc(Cn3c(c(C)c4cc(O)ccc34)c5ccc(O)cc5)cc2,extra_trees,7.15490195998574,7.4742106786152025
TRAIN1693,Cc1c(c2ccc(O)cc2)n(Cc3ccc(OCCN4CCC(O)CC4)cc3)c5ccc(O)cc15,extra_trees,7.32790214206428,7.469110172236098
TRAIN1694,Cc1c(c2ccc(O)cc2)n(Cc3ccc(OCCN4CC5CCC4C5)cc3)c6ccc(O)cc16,extra_trees,9.0,7.626036175792573
TRAIN1695,Cc1c(c2ccc(O)cc2)n(Cc3ccc(OCCN4CC5(C)CC4C(C)(C)C5)cc3)c6ccc(O)cc16,extra_trees,6.82390874094432,7.45216403324749
TRAIN1696,Cc1c(c2ccc(F)cc2)n(Cc3ccc(OCCN4CCCCC4)cc3)c5ccc(O)cc15,extra_trees,7.39794000867204,7.143346462784659
TRAIN1697,Cc1c(c2ccc(F)cc2)n(Cc3ccc(OCCN4CCCCCC4)cc3)c5ccc(O)cc15,extra_trees,7.0,7.579941582086583
TRAIN1698,CC(C)Oc1ccc(cc1)c2c(C)c3cc(O)ccc3n2Cc4ccc(OCCN5CCCCC5)cc4,extra_trees,7.0,7.097559034829122
TRAIN1699,CC(C)Oc1ccc(cc1)c2c(C)c3cc(O)ccc3n2Cc4ccc(OCCN5CCCCCC5)cc4,extra_trees,7.09691001300806,7.092451147528275
TRAIN1700,Cc1c(c2ccc(cc2)C(F)(F)F)n(Cc3ccc(OCCN4CCCCC4)cc3)c5ccc(O)cc15,extra_trees,6.76955107862173,7.380423465447102
TRAIN1701,Cc1ccc(cc1)c2c(C)c3cc(O)ccc3n2Cc4ccc(OCCN5CCCCC5)cc4,extra_trees,6.95860731484177,7.04761522672262
TRAIN1702,Cc1c(c2ccc(Cl)cc2)n(Cc3ccc(OCCN4CCCCC4)cc3)c5ccc(O)cc15,extra_trees,6.95860731484177,7.135187168371497
TRAIN1703,Cc1c(c2cccc(O)c2)n(Cc3ccc(OCCN4CCCCC4)cc3)c5ccc(O)cc15,extra_trees,7.72124639904717,7.421441043553567
TRAIN1704,Cc1c(c2cccc(O)c2)n(Cc3ccc(OCCN4CCCCCC4)cc3)c5ccc(O)cc15,extra_trees,8.04575749056067,7.499978711966942
TRAIN1705,Cc1c(c2ccc(O)c(F)c2)n(Cc3ccc(OCCN4CCCCC4)cc3)c5ccc(O)cc15,extra_trees,8.25963731050576,7.420816971328388
TRAIN1706,Cc1c(c2ccc(O)c(F)c2)n(Cc3ccc(OCCN4CCCCCC4)cc3)c5ccc(O)cc15,extra_trees,7.88605664769316,7.529518236899312
TRAIN1707,COc1cccc(c1)c2c(C)c3cc(O)ccc3n2Cc4ccc(OCCN5CCCCC5)cc4,extra_trees,6.92081875395237,6.674063818411689
TRAIN1708,Cc1c(c2ccc(OC(F)(F)F)cc2)n(Cc3ccc(OCCN4CCCCC4)cc3)c5ccc(O)cc15,extra_trees,7.30102999566398,7.28278542078102
TRAIN1709,Oc1ccc(cc1)c2c(Cl)c3cc(O)ccc3n2Cc4ccc(OCCN5CCCC5)cc4,extra_trees,8.39794000867204,7.713410220874863
TRAIN1710,Oc1ccc(cc1)c2c(Cl)c3cc(O)ccc3n2Cc4ccc(OCCN5CCCCC5)cc4,extra_trees,7.61978875828839,7.831582040540202
TRAIN1711,Oc1ccc(cc1)c2c(Cl)c3cc(O)ccc3n2Cc4ccc(OCCN5CCCCCC5)cc4,extra_trees,7.53760200210104,7.831689801138339
TRAIN1712,Cc1cc(O)ccc1c2c(Cl)c3cc(O)ccc3n2Cc4ccc(OCCN5CCCCC5)cc4,extra_trees,7.88605664769316,7.7073418651048256
TRAIN1713,CCc1c(c2ccc(O)cc2)n(Cc3ccc(OCCN4CCCCC4)cc3)c5ccc(O)cc15,extra_trees,6.82390874094432,7.473151362234016
TRAIN1714,Oc1ccc(cc1)c2c(C#N)c3cc(O)ccc3n2Cc4ccc(OCCN5CCCCC5)cc4,extra_trees,7.95860731484177,7.926242002566563
TRAIN1715,Oc1ccc(cc1)c2c(C#N)c3cc(O)ccc3n2Cc4ccc(OCCN5CCCCCC5)cc4,extra_trees,7.63827216398241,8.244150511853235
TRAIN1716,Cc1c(c2ccc(O)cc2)n(Cc3ccc(OCCCN4CCCCC4)cc3)c5ccc(O)cc15,extra_trees,7.00436480540245,7.378632369380791
TRAIN1717,COc1cc(Cn2c(c(C)c3cc(O)ccc23)c4ccc(O)cc4)ccc1OCCN5CCCCC5,extra_trees,7.09691001300806,7.500099019040798
TRAIN1718,COc1cc(Cn2c(c(C)c3cc(O)ccc23)c4ccc(O)cc4)ccc1OCCN5CCCCCC5,extra_trees,7.24412514432751,7.564451578128519
TRAIN1719,COCCCCCC[C@@H]1C[C@H]2[C@@H]3CC[C@H](O)C3CC[C@@H]2c4ccc(O)cc14,extra_trees,7.15490195998574,6.005253999010421
TRAIN1720,COC[C@@H]1CC2C(CC[C@]3(C)[C@@H](O)CCC23)c4ccc(O)cc14,extra_trees,6.30539480106643,6.367630111645567
TRAIN1721,COC[C@@H]1C[C@H]2[C@@H]3CCC(O)C3CC[C@@H]2c4ccc(O)cc14,extra_trees,5.64781748188864,6.845760238142191
TRAIN1722,Cc1ccccc1C(=O)c2sc3cc(O)ccc3c2Oc4ccc(\C=C\C(=O)O)cc4,extra_trees,7.77728352885242,6.9385981632749365
TRAIN1723,Cc1cc(F)ccc1C(=O)c2sc3cc(O)ccc3c2Oc4ccc(\C=C\C(=O)O)cc4,extra_trees,8.05551732784983,7.436381145595196
TRAIN1724,Cc1ccc(C(=O)c2sc3cc(O)ccc3c2Oc4ccc(\C=C\C(=O)O)cc4)c(C)c1,extra_trees,8.34678748622466,8.174036762542041
TRAIN1725,Cc1cccc(C)c1C(=O)c2sc3cc(O)ccc3c2Oc4ccc(\C=C\C(=O)O)cc4,extra_trees,8.3767507096021,8.292538735015464
TRAIN1726,Cc1cc(F)cc(C)c1C(=O)c2sc3cc(O)ccc3c2Oc4ccc(\C=C\C(=O)O)cc4,extra_trees,8.50863830616573,8.065969305418367
TRAIN1727,Cc1cc(Cl)cc(C)c1C(=O)c2sc3cc(O)ccc3c2Oc4ccc(\C=C\C(=O)O)cc4,extra_trees,8.61978875828839,7.922463669460444
TRAIN1728,CC(C)c1cccc(c1)N2CCc3cc(O)ccc3C2(C)c4ccc(\C=C\C(=O)O)cc4,extra_trees,6.33161408331,6.731142307903764
TRAIN1729,CC(C)c1ccccc1N2CCc3cc(O)ccc3C2(C)c4ccc(\C=C\C(=O)O)cc4,extra_trees,5.0,6.745249745430819
TRAIN1730,CC1(N(CCc2cc(O)ccc12)c3cccc(F)c3)c4ccc(\C=C\C(=O)O)cc4,extra_trees,6.29670862188134,6.805029980638947
TRAIN1731,CC1(N(CCc2cc(O)ccc12)c3ccccc3)c4ccc(\C=C\C(=O)O)cc4,extra_trees,6.43651891460559,7.192403186883352
TRAIN1732,CC1(N(CCc2cc(O)ccc12)c3ccc(F)cc3)c4ccc(\C=C\c5oc(CO)nn5)cc4,extra_trees,7.36653154442041,6.916128008025758
TRAIN1733,CCCc1oc(\C=C\c2ccc(cc2)C3(C)N(CCc4cc(O)ccc34)c5ccc(F)cc5)nn1,extra_trees,7.2518119729938,6.526766800033731
TRAIN1734,Cc1oc(\C=C\c2ccc(cc2)C3(C)N(CCc4cc(O)ccc34)c5ccc(F)cc5)nn1,extra_trees,6.94692155651658,7.007017060587865
TRAIN1735,Cn1nnnc1\C=C\c2ccc(cc2)C3(C)N(CCc4cc(O)ccc34)c5ccc(F)cc5,extra_trees,5.85108900689064,7.094372017040603
TRAIN1736,Cn1nnc(\C=C\c2ccc(cc2)C3(C)N(CCc4cc(O)ccc34)c5ccc(F)cc5)n1,extra_trees,6.94692155651658,7.063017466265093
TRAIN1737,CC1(N(CCc2cc(O)ccc12)c3ccc(F)cc3)c4ccc(\C=C\c5nn[nH]n5)cc4,extra_trees,5.98716277529483,6.909369007282801
TRAIN1738,Cn1cncc1\C=C\c2ccc(cc2)C3(C)N(CCc4cc(O)ccc34)c5ccc(F)cc5,extra_trees,7.24412514432751,5.741021440917778
TRAIN1739,CC1(N(CCc2cc(O)ccc12)c3ccc(cc3)C(F)(F)F)c4ccc(\C=C\C(=O)O)cc4,extra_trees,6.92445303860747,6.828919332663688
TRAIN1740,Cn1cnc(\C=C\c2ccc(cc2)C3(C)N(CCc4cc(O)ccc34)c5ccc(F)cc5)c1,extra_trees,5.59108197915322,7.271418636320438
TRAIN1741,CC1(N(CCc2cc(O)ccc12)c3ccc(F)cc3)c4ccc(\C=C\c5cnc[nH]5)cc4,extra_trees,7.25963731050576,6.492512528980191
TRAIN1742,CC1(N(CCc2cc(O)ccc12)c3ccc(F)cc3)c4ccc(\C=C\C(=O)NCCC(F)(F)F)cc4,extra_trees,7.33724216831843,6.251233398026249
TRAIN1743,CC1(N(CCc2cc(O)ccc12)c3ccc(F)cc3)c4ccc(\C=C\C(=O)NCC(F)F)cc4,extra_trees,5.9303319030884,7.028586129642816
TRAIN1744,CNC(=O)\C=C\c1ccc(cc1)C2(C)N(CCc3cc(O)ccc23)c4ccc(F)cc4,extra_trees,6.92081875395237,6.692054297701716
TRAIN1745,CC1(N(CCc2cc(O)ccc12)c3ccc(F)cc3)c4ccc(CCC(=O)O)cc4,extra_trees,6.65955588515988,6.808378626231944
TRAIN1746,CC1(N(CCc2cc(O)ccc12)c3ccc(F)cc3)c4ccc(\C=C\C(=O)O)cc4,extra_trees,6.69464863055338,6.416207275574308
TRAIN1747,CC(C)(C)c1ccc(cc1)N2CCc3cc(O)ccc3C2(C)c4ccc(\C=C\C(=O)O)cc4,extra_trees,6.51999305704285,7.199881806659851
TRAIN1748,Cc1ccc(cc1F)N2CCc3cc(O)ccc3C2(C)c4ccc(\C=C\C(=O)O)cc4,extra_trees,6.95467702121334,6.884825708489133
TRAIN1749,Cc1ccc(cc1)N2CCc3cc(O)ccc3C2(C)c4ccc(\C=C\C(=O)O)cc4,extra_trees,6.68402965454308,7.119800148003884
TRAIN1750,CC(C)c1ccc(cc1)N2CCc3cc(O)ccc3C2(C)c4ccc(\C=C\C(=O)O)cc4,extra_trees,7.52287874528034,7.518578659399374
TRAIN1751,CCCCc1ccc(cc1)N2CCc3cc(O)ccc3C2(C)c4ccc(\C=C\C(=O)O)cc4,extra_trees,7.63827216398241,7.275756999877001
TRAIN1752,CCCCCc1ccc(cc1)N2CCc3cc(O)ccc3C2(C)c4ccc(\C=C\C(=O)O)cc4,extra_trees,7.25963731050576,7.3004384050212305
TRAIN1753,CC1(N(CCc2cc(O)ccc12)c3ccc(cc3)C4CC4)c5ccc(\C=C\C(=O)O)cc5,extra_trees,7.4089353929735,7.334221527276425
TRAIN1754,CC1(N(CCc2cc(O)ccc12)c3ccc(cc3)C4CCC4)c5ccc(\C=C\C(=O)O)cc5,extra_trees,7.27572413039921,8.024725530635198
TRAIN1755,CC(C)Cc1ccc(cc1)N2CCc3cc(O)ccc3C2(C)c4ccc(\C=C\C(=O)O)cc4,extra_trees,7.95860731484177,7.1737270910757385
TRAIN1756,CC1(N(CCc2cc(O)ccc12)c3ccc(CC4CC4)cc3)c5ccc(\C=C\C(=O)O)cc5,extra_trees,8.18708664335714,7.498200717516619
TRAIN1757,CC1(N(CCc2cc(O)ccc12)c3ccc(CC(F)(F)F)cc3)c4ccc(\C=C\C(=O)O)cc4,extra_trees,7.56863623584101,6.936634775320104
TRAIN1758,CC(C)c1ccc(cn1)N2CCc3cc(O)ccc3C2(C)c4ccc(\C=C\C(=O)O)cc4,extra_trees,5.93629144060858,6.919295049546851
TRAIN1759,CCC(C)c1ccc(cc1)N2CCc3cc(O)ccc3C2(C)c4ccc(\C=C\C(=O)O)cc4,extra_trees,6.95078197732982,7.148122644770868
TRAIN1760,CC(C)c1ccc(cc1F)N2CCc3cc(O)ccc3C2(C)c4ccc(\C=C\C(=O)O)cc4,extra_trees,6.96657624451305,6.8844385019494485
TRAIN1761,CC(C)c1ccc(N2CCc3cc(O)ccc3C2(C)c4ccc(\C=C\C(=O)O)cc4)c(F)c1,extra_trees,6.58169870868026,7.308006873862459
TRAIN1762,CC(C)Cc1ccc(N2CCc3cc(O)ccc3C2(C)c4ccc(\C=C\C(=O)O)cc4)c(F)c1,extra_trees,8.15490195998574,7.027715023059272
TRAIN1763,CC(C)c1ccc(cc1)N2CCc3cc(O)ccc3C2(c4ccc(\C=C\C(=O)O)cc4)C(F)(F)F,extra_trees,6.85698519974591,6.423473862466466
TRAIN1764,CC(C)c1ccc(cc1)N2CCc3cc(O)ccc3[C@]2(c4ccc(\C=C\C(=O)O)cc4)C(F)(F)F,extra_trees,6.90308998699194,6.400421468843431
TRAIN1765,CC(C)c1ccc(cc1)N2CCc3cc(O)ccc3[C@@]2(c4ccc(\C=C\C(=O)O)cc4)C(F)(F)F,extra_trees,5.94385773794095,6.880037593368921
TRAIN1766,CC(C)c1ccc(cc1)N2CCc3cc(O)ccc3C2(C(F)F)c4ccc(\C=C\C(=O)O)cc4,extra_trees,6.95860731484177,4.42596873227228
TRAIN1767,CC(C)c1ccc(cc1)N2CCc3cc(O)ccc3[C@@]2(C(F)F)c4ccc(\C=C\C(=O)O)cc4,extra_trees,7.11350927482752,4.42596873227228
TRAIN1768,CC(C)c1ccc(cc1)N2CCc3cc(O)ccc3[C@]2(C(F)F)c4ccc(\C=C\C(=O)O)cc4,extra_trees,4.42596873227228,7.036058294834655
TRAIN1769,CC(C)c1ccc(cc1)N2CCc3cc(O)ccc3[C@@]2(C)c4ccc(\C=C\C(=O)O)cc4,extra_trees,7.46852108295774,7.545757490560642
TRAIN1770,CC(C)c1ccc(cc1)N2CCc3cc(O)ccc3[C@]2(C)c4ccc(\C=C\C(=O)O)cc4,extra_trees,7.56863623584101,7.495699914119063
TRAIN1771,OCCCNC(=O)\C=C\c1ccc(cc1)C(=C2C3CC4CC(CC2C4)C3)c5ccc(O)cc5,extra_trees,7.30102999566398,8.138607473310376
TRAIN1772,OC(=O)\C=C\c1ccc(cc1)C(=C2C3CC4CC(CC2C4)C3)c5ccc(O)cc5,extra_trees,6.30102999566398,7.5829792771601685
TRAIN1773,OCCN(CCO)C(=O)\C=C\c1ccc(cc1)C(=C2C3CC4CC(CC2C4)C3)c5ccc(O)cc5,extra_trees,8.67778070526608,7.89685136943132
TRAIN1774,CN(CCO)C(=O)\C=C\c1ccc(cc1)C(=C2C3CC4CC(CC2C4)C3)c5ccc(O)cc5,extra_trees,8.26760624017703,8.136497930944625
TRAIN1775,CN(C)CCNC(=O)\C=C\c1ccc(cc1)C(=C2C3CC4CC(CC2C4)C3)c5ccc(O)cc5,extra_trees,8.53760200210104,7.767241687538293
TRAIN1776,NCCCNC(=O)\C=C\c1ccc(cc1)C(=C2C3CC4CC(CC2C4)C3)c5ccc(O)cc5,extra_trees,7.92081875395237,7.744051517369469
TRAIN1777,NCCNC(=O)\C=C\c1ccc(cc1)C(=C2C3CC4CC(CC2C4)C3)c5ccc(O)cc5,extra_trees,8.0,7.95823333853276
TRAIN1778,OCCCCCNC(=O)\C=C\c1ccc(cc1)C(=C2C3CC4CC(CC2C4)C3)c5ccc(O)cc5,extra_trees,8.0,8.123044069976107
TRAIN1779,OCCCCNC(=O)\C=C\c1ccc(cc1)C(=C2C3CC4CC(CC2C4)C3)c5ccc(O)cc5,extra_trees,8.36653154442041,7.767203049158185
TRAIN1780,OCCNC(=O)\C=C\c1ccc(cc1)C(=C2C3CC4CC(CC2C4)C3)c5ccc(O)cc5,extra_trees,8.2518119729938,8.006054357862762
TRAIN1781,CCCCNC(=O)\C=C\c1ccc(cc1)C(=C2C3CC4CC(CC2C4)C3)c5ccc(O)cc5,extra_trees,8.04095860767891,7.989464081120042
TRAIN1782,CCCC(CCC)(c1ccc(O)c(C)c1)c2cc(C)c(O)c(O)c2,extra_trees,6.56703070912559,7.365977474499132
TRAIN1783,CCCC(CCC)(c1ccc(O)c(C)c1)c2ccc(OCCN(C)C)c(C)c2,extra_trees,6.87289520163519,6.964496809711589
TRAIN1784,CCCC(CCC)(c1ccc(OCCN(C)C)c(C)c1)c2ccc(O)c(O)c2,extra_trees,6.64781748188864,7.396414752503135
TRAIN1785,CCCC(CCC)(c1ccc(O)c(C)c1)c2ccc(O)c(O)c2,extra_trees,6.80134291304558,7.3281517491940615
TRAIN1786,CCCC(CCC)(c1ccc(O)cc1)c2ccc(O)c(O)c2,extra_trees,7.19928292171761,6.8799636763613465
TRAIN1787,CCC(CC)(c1ccc(O)c(C)c1)c2ccc(O)c(O)c2,extra_trees,6.17783192063198,7.058889639699404
TRAIN1788,CCC(CC)(c1ccc(O)cc1)c2ccc(O)c(O)c2,extra_trees,6.81247927916354,6.3160777259572285
TRAIN1789,OC(=O)\C=C\c1ccc(Oc2c(sc3cc(O)ccc23)c4ccc(O)cc4)cc1,extra_trees,6.12609840213554,6.148482593053909
TRAIN1790,OC(=O)CCc1ccc(Oc2c(sc3cc(O)ccc23)c4ccc(O)cc4)cc1,extra_trees,6.34008379993015,6.180372267029727
TRAIN1791,NC(=O)\C=C\c1ccc(Oc2c(sc3cc(O)ccc23)c4ccc(O)cc4)cc1,extra_trees,7.39794000867204,6.61347262124333
TRAIN1792,OC(=O)\C=C\c1ccc(Oc2c(sc3cc(O)ccc23)c4ccccc4C(F)F)cc1,extra_trees,7.2839966563652,7.055829081648075
TRAIN1793,COCc1ccccc1c2sc3cc(O)ccc3c2Oc4ccc(\C=C\C(=O)O)cc4,extra_trees,6.9100948885606,7.260936408799897
TRAIN1794,C[C@H](O)c1ccccc1c2sc3cc(O)ccc3c2Oc4ccc(\C=C\C(=O)O)cc4,extra_trees,6.74714696902011,6.797025225920852
TRAIN1795,CN(C)c1ccccc1c2sc3cc(O)ccc3c2Oc4ccc(\C=C\C(=O)O)cc4,extra_trees,6.90657831483776,7.257166940254434
TRAIN1796,Cc1ncccc1c2sc3cc(O)ccc3c2Oc4ccc(\C=C\C(=O)O)cc4,extra_trees,6.17457388223218,6.326823541074025
TRAIN1797,OC(=O)\C=C\c1ccc(Oc2c(sc3cc(O)ccc23)c4ccc(F)cc4C(F)(F)F)cc1,extra_trees,7.92081875395237,7.470420412953162
TRAIN1798,OC(=O)\C=C\c1ccc(Oc2c(sc3cc(O)ccc23)c4ccccc4C(F)(F)F)cc1,extra_trees,7.63827216398241,7.1091929497415
TRAIN1799,Cc1cc(F)ccc1c2sc3cc(O)ccc3c2Oc4ccc(\C=C\C(=O)O)cc4,extra_trees,7.10790539730952,6.75276180280453
TRAIN1800,CC(C)c1ccccc1c2sc3cc(O)ccc3c2Oc4ccc(\C=C\C(=O)O)cc4,extra_trees,8.22184874961636,7.436764977736411
TRAIN1801,CC(C)(C)c1ccccc1c2sc3cc(O)ccc3c2Oc4ccc(\C=C\C(=O)O)cc4,extra_trees,7.44369749923271,8.061868532712891
TRAIN1802,CCc1ccccc1c2sc3cc(O)ccc3c2Oc4ccc(\C=C\C(=O)O)cc4,extra_trees,7.44369749923271,7.426666383190079
TRAIN1803,Cc1ccccc1c2sc3cc(O)ccc3c2Oc4ccc(\C=C\C(=O)O)cc4,extra_trees,7.05060999335509,6.888215705822451
TRAIN1804,OC(=O)\C=C\c1ccc(Oc2c(sc3cc(O)ccc23)c4ccccc4)cc1,extra_trees,5.63714069704132,6.22164446964124
TRAIN1805,OC(=O)\C=C\c1ccc(Oc2c(sc3cc(O)ccc23)c4ccc(cc4)C(F)(F)F)cc1,extra_trees,6.02641037657274,7.357041652776251
TRAIN1806,OC(=O)\C=C\c1ccc(Oc2c(sc3cc(O)ccc23)c4ccc(F)cc4)cc1,extra_trees,5.73921333134502,6.1626614069092644
TRAIN1807,COc1ccc(cc1)c2sc3cc(O)ccc3c2Oc4ccc(\C=C\C(=O)O)cc4,extra_trees,6.1890957193313,6.521876719220752
TRAIN1808,Cc1cc(ccc1O)c2sc3cc(O)ccc3c2Oc4ccc(\C=C\C(=O)O)cc4,extra_trees,6.48545224733971,6.568116248998365
TRAIN1809,CC\C(=C/c1ccc(Oc2c(sc3cc(O)ccc23)c4ccc(O)cc4)cc1)\C(=O)O,extra_trees,6.66554624884907,7.266662627972006
TRAIN1810,C\C(=C/C(=O)O)\c1ccc(Oc2c(sc3cc(O)ccc23)c4ccc(O)cc4)cc1,extra_trees,6.5003129173816,5.988604240475533
TRAIN1811,C\C(=C/c1ccc(Oc2c(sc3cc(O)ccc23)c4ccc(O)cc4)cc1)\C(=O)O,extra_trees,6.05256627811295,6.531488110594871
TRAIN1812,COc1cc(Oc2c(sc3cc(O)ccc23)c4ccc(O)cc4)ccc1\C=C\C(=O)O,extra_trees,5.29929628285498,7.008477551654387
TRAIN1813,Cc1cc(\C=C\C(=O)O)ccc1Oc2c(sc3cc(O)ccc23)c4ccc(O)cc4,extra_trees,5.98716277529483,6.3766341331982295
TRAIN1814,Cc1cc(Oc2c(sc3cc(O)ccc23)c4ccc(O)cc4)ccc1\C=C\C(=O)O,extra_trees,5.89619627904404,6.15933283852295
TRAIN1815,OC(=O)\C=C\c1ccc(Oc2c(sc3cc(O)ccc23)c4ccc(O)cc4)cn1,extra_trees,5.11069829749369,6.359558264875253
TRAIN1816,Cn1cnc(\C=C\c2ccc(Oc3c(sc4cc(O)ccc34)c5ccc(O)cc5)cc2)c1,extra_trees,6.90308998699194,7.674976358718501
TRAIN1817,Oc1ccc(cc1)c2sc3cc(O)ccc3c2Oc4ccc(\C=C\c5c[nH]cn5)cc4,extra_trees,7.27572413039921,7.220225853313423
TRAIN1818,Cn1nnc(\C=C\c2ccc(Oc3c(sc4cc(O)ccc34)c5ccc(O)cc5)cc2)n1,extra_trees,8.52287874528034,8.479374569702852
TRAIN1819,Cn1nnnc1\C=C\c2ccc(Oc3c(sc4cc(O)ccc34)c5ccc(O)cc5)cc2,extra_trees,9.0,8.257392350205183
TRAIN1820,Oc1ccc(cc1)c2sc3cc(O)ccc3c2Oc4ccc(\C=C\c5nnn[nH]5)cc4,extra_trees,6.65955588515988,7.7007695580036755
TRAIN1821,OCCNC(=O)\C=C\c1ccc(Oc2c(sc3cc(O)ccc23)c4ccc(O)cc4)cc1,extra_trees,7.25963731050576,7.1092095147269605
TRAIN1822,Oc1ccc(cc1)c2sc3cc(O)ccc3c2Oc4ccc(\C=C\C(=O)NCCC(F)(F)F)cc4,extra_trees,8.0,7.35581043482137
TRAIN1823,CNC(=O)\C=C\c1ccc(Oc2c(sc3cc(O)ccc23)c4ccc(O)cc4)cc1,extra_trees,7.27572413039921,7.054478134029553
TRAIN1824,CC(F)c1ccccc1c2sc3cc(O)ccc3c2Oc4ccc(\C=C\C(=O)O)cc4,extra_trees,7.60205999132796,7.246718400254568
TRAIN1825,CC(F)(F)c1ccccc1c2sc3cc(O)ccc3c2Oc4ccc(\C=C\C(=O)O)cc4,extra_trees,7.95860731484177,7.524913545331019
TRAIN1826,CC(F)(F)c1cc(F)ccc1c2sc3cc(O)ccc3c2Oc4ccc(\C=C\C(=O)O)cc4,extra_trees,8.22184874961636,7.833127279102236
TRAIN1827,CN(c1ccc(\C=C\C(=O)O)cc1)c2c(sc3cc(O)ccc23)c4ccc(O)cc4,extra_trees,5.46852108295774,6.932332977347469
TRAIN1828,CC1=C(C(=O)Oc2cc(O)ccc12)c3ccc(O)cc3C,extra_trees,6.95078197732982,5.896850318177605
TRAIN1829,CC1=C(C(=O)Oc2cc(O)ccc12)c3ccc(O)cc3Cl,extra_trees,5.9072793553159,6.015824445656142
TRAIN1830,CCC1=C(C(=O)Oc2cc(O)ccc12)c3ccc(O)cc3F,extra_trees,7.92081875395237,6.104484221322256
TRAIN1831,Oc1ccc2C(=C(C(=O)Oc2c1)c3ccc(O)c(F)c3)c4ccc(O)c(F)c4,extra_trees,6.65955588515988,6.379155974066834
TRAIN1832,Oc1ccc(cc1)C2=C(c3ccc(O)cc3)c4ccc(O)cc4OC2=O,extra_trees,6.65364702554936,6.504426464866926
TRAIN1833,c1ccc(cc1)c2c3ccccc3nc4cc5ccccc5cc24,extra_trees,6.03857890593355,5.981181688400708
TRAIN1834,FC(F)(F)c1ccc2cc3nc4ccccc4c(c5ccccc5)c3cc2c1,extra_trees,5.45469288353418,5.591623606778868
TRAIN1835,Oc1ccc2cc3nc4ccccc4c(c5ccccc5)c3cc2c1,extra_trees,6.77211329538633,6.535075751132039
TRAIN1836,FC(F)(F)c1cccc2c(c3ccccc3)c4cc5ccccc5cc4nc12,extra_trees,5.57675412606319,5.442444141770503
TRAIN1837,Oc1cccc2c(c3ccccc3)c4cc5ccccc5cc4nc12,extra_trees,5.96537154337468,6.583835025830739
TRAIN1838,Clc1ccc2c(c3ccccc3)c4cc5ccccc5cc4nc2c1,extra_trees,5.78146449478347,5.815203183247507
TRAIN1839,Oc1ccc2c(c3ccccc3)c4cc5ccccc5cc4nc2c1,extra_trees,6.53165266958784,6.732303545645387
TRAIN1840,Clc1c2ccccc2cc3c(c4ccccc4)c5ccccc5nc13,extra_trees,5.77443228656053,5.783650022774678
TRAIN1841,Oc1ccc2c(C(=O)c3ccc(OCCN4CCCCC4)cc3)c(sc2c1)c5ccc(Cl)cc5,extra_trees,10.3372421683184,8.075452430795638
TRAIN1842,Oc1ccc2Cc3sc4cc(O)ccc4c3C(c5ccc(OCCN6CCCCC6)cc5)c2c1,extra_trees,9.04575749056067,7.737868180400817
TRAIN1843,CN(C)CCOc1ccc(NC2=C(C(=O)Oc3cc(O)ccc23)c4ccc(O)cc4)cc1,extra_trees,5.08565684288056,5.5333231425687615
TRAIN1844,CCN(CC)CCOc1ccc(NC2=C(C(=O)Oc3cc(O)ccc23)c4ccc(O)cc4)cc1,extra_trees,5.22402566887063,5.377163904899832
TRAIN1845,Oc1ccc(cc1)C2=C(Nc3ccc(OCCN4CCCC4)cc3)c5ccc(O)cc5OC2=O,extra_trees,5.19178902707578,5.376071757820664
TRAIN1846,Oc1ccc(cc1)C2=C(Nc3ccc(OCCN4CCCCC4)cc3)c5ccc(O)cc5OC2=O,extra_trees,5.41793663708829,5.472496491020099
TRAIN1847,Fc1ccc(cc1)C2=C(Nc3ccc(OCCN4CCCCC4)cc3)c5ccccc5OC2=O,extra_trees,5.10846254232744,5.902739527095533
TRAIN1848,COc1ccc2C(=C(C(=O)Oc2c1)c3ccc(F)cc3)Nc4ccc(OCCN5CCCCC5)cc4,extra_trees,5.09908693226233,5.551573943119265
TRAIN1849,CN(C)CCOc1ccc(NC2=C(C(=O)Oc3cc(O)ccc23)c4ccc(F)cc4)cc1,extra_trees,5.1791420105603,5.398502404779656
TRAIN1850,CCN(CC)CCOc1ccc(NC2=C(C(=O)Oc3cc(O)ccc23)c4ccc(F)cc4)cc1,extra_trees,5.35951856302958,5.491937118284797
TRAIN1851,Oc1ccc2C(=C(C(=O)Oc2c1)c3ccc(F)cc3)Nc4ccc(OCCN5CCCC5)cc4,extra_trees,5.34390179798717,5.362171892103166
TRAIN1852,Oc1ccc2C(=C(C(=O)Oc2c1)c3ccc(F)cc3)Nc4ccc(OCCN5CCCCC5)cc4,extra_trees,5.41341269532824,5.541000137989627
TRAIN1853,COc1ccc(cc1)C2=C(Nc3ccc(OCCN4CCCCC4)cc3)c5ccc(O)cc5OC2=O,extra_trees,5.17783192063198,6.214002922786959
TRAIN1854,COc1ccc(cc1)C2=C(Oc3ccc(OCCN4CCCCC4)cc3)c5ccc(OC)cc5OC2=O,extra_trees,5.02594909720712,5.245197008176465
TRAIN1855,COc1ccc2C(=C(C(=O)Oc2c1)c3ccc(F)cc3)Oc4ccc(OCCN(C)C)cc4,extra_trees,5.04769199033787,5.178896448875392
TRAIN1856,COc1ccc2C(=C(C(=O)Oc2c1)c3ccc(F)cc3)Oc4ccc(OCCN5CCCCC5)cc4,extra_trees,5.16304326294045,5.224770109243215
TRAIN1857,CN(C)CCOc1ccc(OC2=C(C(=O)Oc3cc(O)ccc23)c4ccc(O)cc4)cc1,extra_trees,5.07417242537526,5.49804177057357
TRAIN1858,Oc1ccc(cc1)C2=C(Oc3ccc(OCCN4CCCC4)cc3)c5ccc(O)cc5OC2=O,extra_trees,5.16494389827988,5.577789213666092
TRAIN1859,Oc1ccc(cc1)C2=C(Oc3ccc(OCCN4CCCCC4)cc3)c5ccc(O)cc5OC2=O,extra_trees,5.58169870868026,5.540489660207891
TRAIN1860,CN(C)CCOc1ccc(OC2=C(C(=O)Oc3cc(O)ccc23)c4ccc(F)cc4)cc1,extra_trees,5.19178902707578,5.456011584426655
TRAIN1861,CCN(CC)CCOc1ccc(OC2=C(C(=O)Oc3cc(O)ccc23)c4ccc(F)cc4)cc1,extra_trees,5.44977164694491,5.552762410255998
TRAIN1862,Oc1ccc2C(=C(C(=O)Oc2c1)c3ccc(F)cc3)Oc4ccc(OCCN5CCCC5)cc4,extra_trees,5.36957212497498,5.498286472538051
TRAIN1863,Oc1ccc2C(=C(C(=O)Oc2c1)c3ccc(F)cc3)Oc4ccc(OCCN5CCCCC5)cc4,extra_trees,5.65955588515988,5.576452612534576
TRAIN1864,OC1CCC(CC1)C2=C(c3ccc(O[C@H]4CCN(CCCF)C4)cc3)c5ccc(O)cc5CCC2,extra_trees,9.69897000433602,7.954629352399363
TRAIN1865,Cc1oc2cc(ccc2n1)C3=C(c4ccc(O[C@H]5CCN(CCCF)C5)cc4)c6ccc(O)cc6CCC3,extra_trees,9.52287874528034,7.6732766102589824
TRAIN1866,Oc1ccc2C(=C(CCCc2c1F)c3ccc(OC(F)F)cc3F)c4ccc(O[C@H]5CCN(CCCF)C5)cc4,extra_trees,9.69897000433602,8.522914196717538
TRAIN1867,COc1ccc(cc1F)C2=C(c3ccc(O[C@H]4CCN(CCCF)C4)cc3)c5ccc(O)cc5CCC2,extra_trees,9.52287874528034,8.781940410955226
TRAIN1868,COc1ccc(C2=C(c3ccc(O[C@H]4CCN(CCCF)C4)cc3)c5ccc(O)cc5CCC2)c(C)c1,extra_trees,9.69897000433602,8.681155100624682
TRAIN1869,CN1CCC(=CC1)C2=C(c3ccc(O[C@H]4CCN(CCCF)C4)cc3)c5ccc(O)cc5CCC2,extra_trees,7.42021640338319,9.032217315595073
TRAIN1870,Oc1cccc(c1)C2=C(c3ccc(O[C@H]4CCN(CCCF)C4)cc3)c5ccc(O)cc5CCC2,extra_trees,9.15490195998574,8.806527555948126
TRAIN1871,CCCCOC(=O)c1c(F)c(F)c(O)c(F)c1F,extra_trees,4.53165266958784,5.055613812737172
TRAIN1872,CCCCOC(=O)c1cc(Cl)c(O)c(Cl)c1,extra_trees,4.2572748686953,4.484725799639941
TRAIN1873,CCCCOC(=O)c1cc(Br)c(O)c(Br)c1,extra_trees,4.40450377817443,4.362640571810123
TRAIN1874,CCCCOC(=O)c1ccc(O)c(Br)c1,extra_trees,5.08565684288056,5.125762164646748
TRAIN1875,CCCCOC(=O)c1cc(I)c(O)c(I)c1,extra_trees,4.46092390120722,4.5689160268022055
TRAIN1876,CCCCOC(=O)c1ccc(O)c(I)c1,extra_trees,5.09799710864927,5.003263507146622
TRAIN1877,CCCCOC(=O)c1cc(C)c(O)c(C)c1,extra_trees,4.48811663902113,4.779419346259296
TRAIN1878,CCCCOC(=O)c1cc(O)c(O)c(O)c1,extra_trees,5.04720755695591,5.230877215594658
TRAIN1879,CCCCCCCCOC(=O)c1cc(I)c(O)c(I)c1,extra_trees,4.87942606879415,4.879764632254494
TRAIN1880,CCCCOC(=O)c1ccc(O)cc1,extra_trees,5.84771165561694,4.984547382381451
TRAIN1881,CCCCCCCCOC(=O)c1cc(c(O)c(c1)[N+](=O)[O-])[N+](=O)[O-],extra_trees,4.21896306137887,4.897368363225629
TRAIN1882,CCCCCCCCOC(=O)c1cc(O)c(O)c(O)c1,extra_trees,5.0584885673656,4.699567809154038
TRAIN1883,CCCCCCCCOC(=O)c1cc(C)c(O)c(C)c1,extra_trees,4.79048498545737,5.025269191930692
TRAIN1884,CCCCCCCCCCNCCOc1ccc(cc1C)C(CCC)(CCC)c2ccc(O)c(C)c2,extra_trees,7.34678748622466,8.33920542611131
TRAIN1885,CCCCCCCCCCCCCCCCNCCOc1ccc(cc1C)C(CCC)(CCC)c2ccc(O)c(C)c2,extra_trees,7.69897000433602,7.772878100649926
TRAIN1886,CCCCCCCCCCCCNCCOc1ccc(cc1C)C(CCC)(CCC)c2ccc(O)c(C)c2,extra_trees,8.30980391997149,8.13834520222781
TRAIN1887,CCCCCCCCNCCOc1ccc(cc1C)C(CCC)(CCC)c2ccc(O)c(C)c2,extra_trees,8.61978875828839,6.982625675853671
TRAIN1888,CCCCCCNCCOc1ccc(cc1C)C(CCC)(CCC)c2ccc(O)c(C)c2,extra_trees,7.10790539730952,7.464118898482319
TRAIN1889,CCCC(CCC)(c1ccc(O)c(C)c1)c2ccc(OCCN)c(C)c2,extra_trees,7.10790539730952,7.086862880759116
TRAIN1890,CCCCCCCCOc1ccc(cc1C)C(CCC)(CCC)c2ccc(O)c(C)c2,extra_trees,6.39794000867204,7.520328491712382
TRAIN1891,CCCCCCOc1ccc(cc1C)C(CCC)(CCC)c2ccc(O)c(C)c2,extra_trees,6.77469071827414,6.818738761087983
TRAIN1892,CCCCOc1ccc(cc1C)C(CCC)(CCC)c2ccc(O)c(C)c2,extra_trees,7.06048074738138,6.883632845966133
TRAIN1893,CCCC(CCC)(c1ccc(O)c(C)c1)c2ccc(OCC)c(C)c2,extra_trees,7.39794000867204,7.180372370227407
TRAIN1894,Cc1cccc2[nH]c(nc12)c3cc4ccccc4n3Cc5ccccc5,extra_trees,6.41187401639687,6.783447237612653
TRAIN1895,Cc1cc(C)c2nc([nH]c2c1)c3cc4ccccc4n3Cc5ccccc5,extra_trees,7.47977856411804,6.222870756696193
TRAIN1896,C(c1ccccc1)n2c(cc3ccccc23)c4nc5ccccc5[nH]4,extra_trees,6.58643202872671,6.393601845143009
TRAIN1897,Brc1cnc2[nH]c(nc2c1)c3cc4ccccc4n3Cc5ccccc5,extra_trees,6.52225670221405,6.134150589452833
TRAIN1898,Brc1ccc2[nH]c(nc2c1)c3cc4ccccc4n3Cc5ccccc5,extra_trees,7.13306318226836,6.693005141511696
TRAIN1899,Clc1cc2nc([nH]c2cc1Cl)c3cc4ccccc4n3Cc5ccccc5,extra_trees,7.11503480179927,6.925639436957842
TRAIN1900,BrC1=CN2NC(=NC2N=C1)c3cc4ccccc4n3Cc5ccccc5,extra_trees,6.26826622561727,5.564482352383503
TRAIN1901,Cc1cccc2[nH]c(nc12)c3cc4ccccc4[nH]3,extra_trees,6.7174005426154,5.9002663567975535
TRAIN1902,O=C(c1ccccc1)c2ccc3[nH]c(nc3c2)c4cc5ccccc5[nH]4,extra_trees,7.32901239698997,5.514209039535446
TRAIN1903,Brc1ccc2[nH]c(nc2c1)c3cc4ccccc4[nH]3,extra_trees,7.09496007192379,5.627592152897441
TRAIN1904,N1C(=Nc2cccc3cccc1c23)c4cc5ccccc5[nH]4,extra_trees,6.69505731759754,5.199093106282232
TRAIN1905,COc1cc(ccc1O)C2Oc3c(OC)cc(\C=C\CO)cc3C2CO,extra_trees,7.20823919598709,5.750419303475771
TRAIN1906,C[C@@H](COc1ccc(cc1)C2Oc3ccc(O)cc3C(=C2c4cccc(O)c4)C)N5CC[C@@H](C)C5,extra_trees,8.29242982390206,9.137056091468596
TRAIN1907,CC1=C(C(Oc2ccc(O)cc12)c3ccc(OCCN4CCC4)cc3)c5cccc(O)c5,extra_trees,9.52287874528034,8.622081656749511
TRAIN1908,CC1=C(C(Oc2ccc(O)cc12)c3ccc(OCCN4CCCC4)cc3)c5cccc(O)c5,extra_trees,9.39794000867204,9.254426493377165
TRAIN1909,CC1=C(C(Oc2ccc(O)cc12)c3ccc(OCCN4CCCCC4)cc3)c5cccc(O)c5,extra_trees,9.69897000433602,8.895170142500103
TRAIN1910,CC1=C(C(Oc2ccc(O)cc12)c3ccc(OCCN4CCCCCC4)cc3)c5cccc(O)c5,extra_trees,9.69897000433602,9.142854799142667
TRAIN1911,CC1CN(CCOc2ccc(cc2)C3Oc4ccc(O)cc4C(=C3c5cccc(O)c5)C)C1,extra_trees,9.52287874528034,9.20275283560861
TRAIN1912,C[C@@H]1CCN(CCOc2ccc(cc2)C3Oc4ccc(O)cc4C(=C3c5cccc(O)c5)C)C1,extra_trees,9.39794000867204,9.43696872898115
TRAIN1913,C[C@H]1CCN(CCOc2ccc(cc2)C3Oc4ccc(O)cc4C(=C3c5cccc(O)c5)C)C1,extra_trees,9.69897000433602,9.43696872898115
TRAIN1914,CC1CCN(CCOc2ccc(cc2)C3Oc4ccc(O)cc4C(=C3c5cccc(O)c5)C)CC1,extra_trees,9.69897000433602,9.495863889975173
TRAIN1915,C[C@@H](COc1ccc(cc1)C2Oc3ccc(O)cc3C(=C2c4cccc(O)c4)C)N5CCCC5,extra_trees,9.39794000867204,9.372205495567886
TRAIN1916,C[C@H](COc1ccc(cc1)C2Oc3ccc(O)cc3C(=C2c4cccc(O)c4)C)N5CCCC5,extra_trees,9.52287874528034,9.372205495567886
TRAIN1917,C[C@@H](COc1ccc(cc1)C2Oc3ccc(O)cc3C(=C2c4cccc(O)c4)C)N5CCC5,extra_trees,9.04575749056067,9.39367255143026
TRAIN1918,C[C@@H](COc1ccc(cc1)C2Oc3ccc(O)cc3C(=C2c4cccc(O)c4)C)N5CCCCC5,extra_trees,9.69897000433602,9.36210832606052
TRAIN1919,C[C@@H](COc1ccc(cc1)C2Oc3ccc(O)cc3C(=C2c4cccc(O)c4)C)N5CCCCCC5,extra_trees,9.69897000433602,9.02165314512729
TRAIN1920,C[C@@H](COc1ccc(cc1)[C@@H]2Oc3ccc(O)cc3C(=C2c4cccc(O)c4)C)N5CC[C@@H](C)C5,extra_trees,10.0,9.137056091468596
TRAIN1921,C[C@@H](COc1ccc(cc1)[C@H]2Oc3ccc(O)cc3C(=C2c4cccc(O)c4)C)N5CC[C@@H](C)C5,extra_trees,8.01322826573375,9.37856964337963
TRAIN1922,C[C@@H](COc1ccc(cc1)C2Oc3ccc(O)cc3C(=C2c4cccc(O)c4)C)N5CC[C@H](C)C5,extra_trees,9.69897000433602,9.37856964337963
TRAIN1923,C[C@H](COc1ccc(cc1)C2Oc3ccc(O)cc3C(=C2c4cccc(O)c4)C)N5CC[C@@H](C)C5,extra_trees,9.52287874528034,9.137056091468596
TRAIN1924,C[C@H](COc1ccc(cc1)C2Oc3ccc(O)cc3C(=C2c4cccc(O)c4)C)N5CC[C@H](C)C5,extra_trees,9.69897000433602,9.105501367850426
TRAIN1925,C[C@@H](COc1ccc(cc1)C2Oc3cc(O)ccc3C(=C2c4cccc(O)c4)C)N5CC[C@@H](C)C5,extra_trees,9.69897000433602,9.431898006110796
TRAIN1926,C[C@@H](COc1ccc(cc1)C2Oc3ccc(O)cc3C(=C2c4ccc(O)cc4)C)N5CC[C@@H](C)C5,extra_trees,10.0,9.38631032009408
TRAIN1927,C[C@@H](COc1ccc(cc1)C2Oc3cc(O)ccc3C(=C2c4ccc(O)cc4)C)N5CC[C@@H](C)C5,extra_trees,9.52287874528034,9.805529933444355
TRAIN1928,C[C@@H](COc1ccc(cc1)C2Oc3ccc(O)cc3C(=C2c4ccccc4)C)N5CC[C@@H](C)C5,extra_trees,9.39794000867204,8.567097580186394
TRAIN1929,C[C@@H](COc1ccc(cc1)C2Oc3ccc(O)cc3C(=C2c4cccc(F)c4)C)N5CC[C@@H](C)C5,extra_trees,9.30102999566398,9.332633939125895
TRAIN1930,C[C@@H](COc1ccc(cc1)C2Oc3ccc(O)cc3C(=C2c4ccc(F)cc4)C)N5CC[C@@H](C)C5,extra_trees,9.39794000867204,9.359150781611469
TRAIN1931,C[C@@H](COc1ccc(cc1)C2Oc3ccc(O)cc3C(=C2c4cccc(c4)C#N)C)N5CC[C@@H](C)C5,extra_trees,9.15490195998574,8.789730153717507
TRAIN1932,C[C@@H](COc1ccc(cc1)C2Oc3ccc(O)cc3C(=C2c4ccc(cc4)C#N)C)N5CC[C@@H](C)C5,extra_trees,8.82390874094432,9.159629621576022
TRAIN1933,C[C@@H](COc1ccc(cc1)C2Oc3ccc(O)cc3C(=C2c4cccc(c4)S(=O)(=O)C)C)N5CC[C@@H](C)C5,extra_trees,8.85387196432176,8.367668063269877
TRAIN1934,C[C@@H](COc1ccc(cc1)C2Oc3ccc(O)cc3C(=C2c4ccc(cc4)S(=O)(=O)C)C)N5CC[C@@H](C)C5,extra_trees,8.24412514432751,8.906144133676438
TRAIN1935,Oc1ccc(\C=C\C(=O)c2ccc(O)cc2O)cc1,extra_trees,5.7281583934635,5.989453965057912
TRAIN1936,COC(=O)Cc1ccc(OCc2oc(nc2C)c3cccc(OC)c3)cc1,extra_trees,5.76955107862173,5.346317889494293
TRAIN1937,COC(=O)c1ccc(OCc2oc(nc2C)c3cccc(OC)c3)cc1,extra_trees,5.32790214206428,5.38872136387761
TRAIN1938,COC(=O)Cc1ccc(OCc2oc(nc2C)c3ccccc3OC)cc1,extra_trees,5.38721614328026,5.649845516169611
TRAIN1939,COC(=O)c1cccc(OCc2oc(nc2C)c3ccccc3OC)c1,extra_trees,5.2839966563652,5.2738631869228705
TRAIN1940,CC1CC(=O)C2=C(C1)OC3=C(C2c4cc5ccccc5n4Cc6ccccc6)C(=O)CCC3(C)C,extra_trees,3.44880626256421,3.449539487652154
TRAIN1941,CC1(C)CC(=O)C2=C(C1)OC3=C(C2c4cc5ccccc5n4Cc6ccccc6)C(=O)CCC3(C)C,extra_trees,3.23122134917816,3.715952022568119
TRAIN1942,CC1CC(=O)C2=C(C1)OC3=C(C2c4cc5ccccc5n4Cc6ccccc6)C(=O)CC(C)(C)C3,extra_trees,4.57446577950174,3.5045913861251625
TRAIN1943,CC1(C)CC(=O)C2=C(C1)OC3=C(C2c4cc5ccccc5n4Cc6ccccc6)C(=O)CCC3,extra_trees,4.73494621149599,4.136998097735319
TRAIN1944,CC1(C)CCC(=O)C2=C1OC3=C(C2c4cc5ccccc5n4Cc6ccccc6)C(=O)CCC3,extra_trees,4.25963731050576,4.252493895055686
TRAIN1945,CC1CC(=O)C2=C(C1)OC3=C(C2c4cc5ccccc5n4Cc6ccccc6)C(=O)CCC3,extra_trees,4.78120200188826,4.207487583973771
TRAIN1946,CC1(C)CC(=O)C2=C(C1)OC3=C(C2c4cc5ccccc5n4Cc6ccccc6)C(=O)CC(C)(C)C3,extra_trees,4.21623930425608,3.354529762048606
TRAIN1947,CC1CC(=O)C2=C(C1)OC3=C(C2c4cc5ccccc5n4Cc6ccccc6)C(=O)CC(C)C3,extra_trees,3.31668273807812,4.658231190283052
TRAIN1948,O=C1CCC2=C1C(C3=C(CCC3=O)O2)c4cc5ccccc5n4Cc6ccccc6,extra_trees,4.29081487044975,5.189570208641746
TRAIN1949,O=C1NC(=O)C2=C(N1)OC3=C(C2c4cc5ccccc5n4Cc6ccccc6)C(=O)NC(=O)N3,extra_trees,4.21410097161562,5.148527326975948
TRAIN1950,COc1cc(OC)cc(\C=C\c2ccc(cc2)C3=C(C4CC(C3O4)S(=O)(=O)Oc5ccc(Br)cc5)c6ccc(O)cc6)c1,extra_trees,5.0329202658555,7.717107162306803
TRAIN1951,CCc1ccccc1OS(=O)(=O)C2CC3OC2C(=C3c4ccc(O)cc4)c5ccc(\C=C\c6cc(OC)cc(OC)c6)cc5,extra_trees,8.52287874528034,5.894495149118019
TRAIN1952,Oc1ccc(cc1)C2=C(C3OC2CC3S(=O)(=O)Oc4ccccc4)c5ccc(\C=C\c6cc(O)cc(O)c6)cc5,extra_trees,6.36855623098683,6.440795824756089
TRAIN1953,Oc1ccc(cc1)C2=C(C3OC2CC3S(=O)(=O)Oc4ccc(Br)cc4)c5ccc(\C=C\c6cc(O)cc(O)c6)cc5,extra_trees,7.21467016498923,6.568058482220581
TRAIN1954,COc1cccc(OS(=O)(=O)C2CC3OC2C(=C3c4ccc(O)cc4)c5ccc(\C=C\c6cc(O)cc(O)c6)cc5)c1,extra_trees,7.31875876262441,6.862545521247071
TRAIN1955,Oc1ccc(cc1)C2=C(C3OC2CC3S(=O)(=O)Oc4ccc(F)cc4)c5ccc(\C=C\c6cc(O)cc(O)c6)cc5,extra_trees,8.30102999566398,6.922242718699384
TRAIN1956,Oc1ccc(cc1)C2=C(C3OC2CC3S(=O)(=O)Oc4ccc(Cl)cc4)c5ccc(\C=C\c6cc(O)cc(O)c6)cc5,extra_trees,7.20760831050175,7.158837713401489
TRAIN1957,Oc1ccc(cc1)C2=C(C3OC2CC3S(=O)(=O)Oc4ccccc4Cl)c5ccc(\C=C\c6cc(O)cc(O)c6)cc5,extra_trees,6.77989191195995,6.841330125794701
TRAIN1958,Cc1ccccc1OS(=O)(=O)C2CC3OC2C(=C3c4ccc(O)cc4)c5ccc(\C=C\c6cc(O)cc(O)c6)cc5,extra_trees,8.0,8.005254078269761
TRAIN1959,Oc1ccc(cc1)C2=C(C3OC2CC3S(=O)(=O)Oc4cccc(c4)C(F)(F)F)c5ccc(\C=C\c6cc(O)cc(O)c6)cc5,extra_trees,7.14266750356873,7.474887658413387
TRAIN1960,Oc1ccc(cc1)C2=C(C3OC2CC3S(=O)(=O)Oc4cccc(Cl)c4)c5ccc(\C=C\c6cc(O)cc(O)c6)cc5,extra_trees,6.03058408764602,6.218479484807257
TRAIN1961,Oc1ccc(cc1)C2=C(C3OC2CC3S(=O)(=O)Oc4cccc(O)c4)c5ccc(\C=C\c6cc(O)cc(O)c6)cc5,extra_trees,5.22040350874218,6.70759897507442
TRAIN1962,Cc1cccc(OS(=O)(=O)C2CC3OC2C(=C3c4ccc(O)cc4)c5ccc(\C=C\c6cc(O)cc(O)c6)cc5)c1,extra_trees,6.02365002099673,8.091166102059901
TRAIN1963,Oc1ccc(OS(=O)(=O)C2CC3OC2C(=C3c4ccc(O)cc4)c5ccc(\C=C\c6cc(O)cc(O)c6)cc5)cc1,extra_trees,7.26760624017703,6.424347835347758
TRAIN1964,Oc1ccc(cc1)C2=C(C3OC2CC3S(=O)(=O)Oc4cccc(Br)c4)c5ccc(\C=C\c6cc(O)cc(O)c6)cc5,extra_trees,5.61618463401957,6.5241278956931525
TRAIN1965,Cc1ccc(OS(=O)(=O)C2CC3OC2C(=C3c4ccc(O)cc4)c5ccc(\C=C\c6cc(O)cc(O)c6)cc5)cc1,extra_trees,8.69897000433602,6.939012055805266
TRAIN1966,Oc1ccc(cc1)C2=C(C3OC2CC3S(=O)(=O)Oc4cccc5ccccc45)c6ccc(\C=C\c7cc(O)cc(O)c7)cc6,extra_trees,7.30980391997149,7.3320387654470025
TRAIN1967,Oc1ccc(cc1)C2=C(C3OC2CC3S(=O)(=O)Oc4ccccc4)c5ccc(\C=C\c6ccccc6)cc5,extra_trees,5.98716277529483,6.510923800672113
TRAIN1968,COc1cc(OC)cc(\C=C\c2ccc(OS(=O)(=O)C3CC4OC3C(=C4c5ccc(O)cc5)c6ccc(O)cc6)cc2)c1,extra_trees,8.15490195998574,7.568636235841022
TRAIN1969,Oc1ccc(cc1)C2=C(C3OC2CC3S(=O)(=O)Oc4ccc(\C=C\c5ccccc5)cc4)c6ccc(O)cc6,extra_trees,6.82681373158773,6.667844057326077
TRAIN1970,COc1cc(OC)cc(\C=C\c2cccc(OS(=O)(=O)C3CC4OC3C(=C4c5ccc(O)cc5)c6ccc(O)cc6)c2)c1,extra_trees,6.13194363817696,7.62456228352764
TRAIN1971,Oc1ccc(cc1)C2=C(C3OC2CC3S(=O)(=O)Oc4cccc(\C=C\c5cc(O)cc(O)c5)c4)c6ccc(O)cc6,extra_trees,5.85078088734462,6.823013751955658
TRAIN1972,Oc1ccc(cc1)C2=C(C3OC2CC3S(=O)(=O)Oc4ccc(\C=C\c5cc(O)cc(O)c5)cc4)c6ccc(O)cc6,extra_trees,7.72124639904717,6.3593758392509265
TRAIN1973,Oc1ccc(cc1)C2=C([C@H]3O[C@H]2C[C@@H]3S(=O)(=O)Oc4ccccc4)c5ccc(O)cc5,extra_trees,7.88605664769316,7.853871964321779
TRAIN1974,COc1cc(OC)cc(\C=C\c2ccc(OS(=O)(=O)[C@H]3C[C@H]4O[C@@H]3C(=C4c5ccc(O)cc5)c6ccc(O)cc6)cc2)c1,extra_trees,7.56863623584101,8.154901959985725
