origin,destination,tonnes_per_day,source_cell
1,1,0.0,B2
1,2,0.0,B3
1,3,0.0,B4
1,4,0.0,B5
1,791,504.0,B6
1,792,105.643,B7
1,793,322.829,B8
1,794,38.003,B9
1,795,530.952,B10
1,796,196.649,B11
1,797,646.838,B12
1,798,164.454,B13
1,799,85.362,B14
1,800,145.742,B15
1,801,163.566,B16
1,802,205.439,B17
1,803,111.965,B18
1,804,87.064,B19
1,805,305.89,B20
1,806,112.318,B21
1,807,283.322,B22
1,808,189.642,B23
1,809,144.481,B24
1,810,649.039,B25
1,811,142.092,B26
1,812,210.887,B27
1,813,211.247,B28
1,814,134.783,B29
1,815,379.929,B30
1,816,92.799,B31
1,817,171.849,B32
1,818,335.226,B33
1,819,234.871,B34
1,820,288.801,B35
1,821,419.509,B36
1,822,344.693,B37
1,823,282.286,B38
1,824,26.568,B39
1,825,331.683,B40
1,826,179.398,B41
1,827,112.123,B42
1,828,95.547,B43
1,829,27.607,B44
1,830,171.071,B45
1,831,90.854,B46
1,832,115.541,B47
1,833,123.941,B48
1,834,115.545,B49
1,835,134.93,B50
1,836,7.588,B51
1,837,170.584,B52
1,838,178.296,B53
1,839,208.508,B54
1,840,58.821,B55
1,841,397.006,B56
1,842,172.353,B57
1,843,353.962,B58
1,844,158.736,B59
1,845,159.11,B60
1,846,252.78,B61
1,847,325.196,B62
1,848,261.685,B63
1,849,223.821,B64
1,850,89.566,B65
1,851,93.142,B66
1,852,147.156,B67
1,853,100.632,B68
1,854,242.25,B69
1,855,17.135,B70
1,856,79.214,B71
1,857,36.362,B72
1,858,12.479,B73
1,859,175.199,B74
1,860,168.99,B75
1,861,238.954,B76
1,862,62.588,B77
1,863,283.104,B78
1,864,41.859,B79
1,865,121.289,B80
1,866,31.035,B81
1,867,250.604,B82
1,868,76.704,B83
1,869,104.058,B84
1,870,88.73,B85
1,871,67.267,B86
1,872,34.555,B87
1,873,39.113,B88
1,874,177.143,B89
1,875,77.704,B90
1,876,61.814,B91
1,877,45.234,B92
1,878,45.279,B93
1,879,38.328,B94
1,880,297.531,B95
1,881,30.911,B96
1,882,29.227,B97
1,883,49.323,B98
1,884,22.304,B99
1,885,1.487,B100
1,886,431.537,B101
1,887,29.885,B102
1,888,40.314,B103
1,889,64.532,B104
1,890,140.393,B105
1,891,146.273,B106
1,892,430.34,B107
1,893,140.682,B108
1,894,618.715,B109
1,895,128.22,B110
1,896,63.57,B111
1,897,158.051,B112
1,898,363.002,B113
1,899,117.688,B114
1,900,252.47,B115
2,1,0.0,C2
2,2,0.0,C3
2,3,0.0,C4
2,4,0.0,C5
2,791,792.288,C6
2,792,387.12,C7
2,793,89.758,C8
2,794,451.809,C9
2,795,28.487,C10
2,796,181.753,C11
2,797,76.903,C12
2,798,68.689,C13
2,799,466.786,C14
2,800,176.219,C15
2,801,91.138,C16
2,802,139.519,C17
2,803,152.976,C18
2,804,52.075,C19
2,805,219.373,C20
2,806,130.804,C21
2,807,144.353,C22
2,808,542.167,C23
2,809,51.078,C24
2,810,328.536,C25
2,811,138.59,C26
2,812,780.954,C27
2,813,91.663,C28
2,814,36.886,C29
2,815,113.124,C30
2,816,62.025,C31
2,817,57.311,C32
2,818,103.09,C33
2,819,163.731,C34
2,820,93.034,C35
2,821,228.581,C36
2,822,389.262,C37
2,823,182.124,C38
2,824,184.829,C39
2,825,535.355,C40
2,826,585.995,C41
2,827,215.509,C42
2,828,55.98,C43
2,829,489.818,C44
2,830,76.863,C45
2,831,217.746,C46
2,832,209.061,C47
2,833,2.991,C48
2,834,39.488,C49
2,835,127.425,C50
2,836,292.271,C51
2,837,385.614,C52
2,838,474.058,C53
2,839,170.366,C54
2,840,452.082,C55
2,841,117.301,C56
2,842,112.813,C57
2,843,290.589,C58
2,844,164.86,C59
2,845,98.628,C60
2,846,107.692,C61
2,847,132.065,C62
2,848,1.528,C63
2,849,67.911,C64
2,850,130.524,C65
2,851,71.118,C66
2,852,169.821,C67
2,853,103.284,C68
2,854,134.854,C69
2,855,164.775,C70
2,856,6.068,C71
2,857,31.789,C72
2,858,48.481,C73
2,859,30.223,C74
2,860,54.804,C75
2,861,44.369,C76
2,862,30.509,C77
2,863,9.188,C78
2,864,12.759,C79
2,865,44.52,C80
2,866,15.99,C81
2,867,123.8,C82
2,868,8.072,C83
2,869,61.23,C84
2,870,73.899,C85
2,871,53.622,C86
2,872,52.325,C87
2,873,39.66,C88
2,874,620.495,C89
2,875,63.647,C90
2,876,23.656,C91
2,877,267.17,C92
2,878,26.683,C93
2,879,19.472,C94
2,880,222.414,C95
2,881,69.877,C96
2,882,80.204,C97
2,883,6.16,C98
2,884,239.43,C99
2,885,194.923,C100
2,886,254.747,C101
2,887,112.187,C102
2,888,65.539,C103
2,889,95.271,C104
2,890,250.764,C105
2,891,173.839,C106
2,892,477.612,C107
2,893,277.11,C108
2,894,284.631,C109
2,895,271.89,C110
2,896,23.025,C111
2,897,160.387,C112
2,898,137.706,C113
2,899,145.181,C114
2,900,280.364,C115
3,1,0.0,D2
3,2,0.0,D3
3,3,0.0,D4
3,4,0.0,D5
3,791,212.856,D6
3,792,77.361,D7
3,793,131.578,D8
3,794,100.35,D9
3,795,33.284,D10
3,796,140.599,D11
3,797,90.253,D12
3,798,134.531,D13
3,799,59.682,D14
3,800,2.555,D15
3,801,228.198,D16
3,802,281.663,D17
3,803,126.948,D18
3,804,48.228,D19
3,805,62.192,D20
3,806,36.709,D21
3,807,130.823,D22
3,808,163.923,D23
3,809,78.396,D24
3,810,77.476,D25
3,811,42.149,D26
3,812,161.289,D27
3,813,71.415,D28
3,814,56.864,D29
3,815,138.373,D30
3,816,13.362,D31
3,817,48.038,D32
3,818,7.331,D33
3,819,86.435,D34
3,820,63.932,D35
3,821,65.677,D36
3,822,113.135,D37
3,823,134.288,D38
3,824,48.697,D39
3,825,41.856,D40
3,826,231.96,D41
3,827,123.702,D42
3,828,56.339,D43
3,829,75.072,D44
3,830,138.549,D45
3,831,61.644,D46
3,832,89.996,D47
3,833,65.265,D48
3,834,81.554,D49
3,835,97.925,D50
3,836,39.121,D51
3,837,163.755,D52
3,838,176.595,D53
3,839,354.163,D54
3,840,41.528,D55
3,841,37.56,D56
3,842,49.625,D57
3,843,80.759,D58
3,844,101.175,D59
3,845,53.474,D60
3,846,54.042,D61
3,847,136.442,D62
3,848,101.97,D63
3,849,45.617,D64
3,850,67.25,D65
3,851,31.272,D66
3,852,202.187,D67
3,853,155.192,D68
3,854,131.974,D69
3,855,42.956,D70
3,856,17.644,D71
3,857,62.91,D72
3,858,101.573,D73
3,859,112.452,D74
3,860,31.177,D75
3,861,25.874,D76
3,862,26.468,D77
3,863,53.631,D78
3,864,24.899,D79
3,865,15.495,D80
3,866,13.365,D81
3,867,36.7,D82
3,868,63.321,D83
3,869,34.843,D84
3,870,51.479,D85
3,871,277.796,D86
3,872,179.081,D87
3,873,98.679,D88
3,874,1794.19,D89
3,875,12.087,D90
3,876,246.381,D91
3,877,563.706,D92
3,878,4.332,D93
3,879,68.883,D94
3,880,863.462,D95
3,881,11.521,D96
3,882,197.614,D97
3,883,77.247,D98
3,884,474.143,D99
3,885,197.636,D100
3,886,877.993,D101
3,887,337.051,D102
3,888,133.824,D103
3,889,50.505,D104
3,890,1180.071,D105
3,891,166.999,D106
3,892,378.514,D107
3,893,809.049,D108
3,894,619.862,D109
3,895,134.355,D110
3,896,11.805,D111
3,897,356.918,D112
3,898,691.613,D113
3,899,578.635,D114
3,900,219.926,D115
4,1,0.0,E2
4,2,0.0,E3
4,3,0.0,E4
4,4,0.0,E5
4,791,176.862,E6
4,792,39.086,E7
4,793,100.818,E8
4,794,60.907,E9
4,795,17.799,E10
4,796,134.017,E11
4,797,43.02,E12
4,798,57.524,E13
4,799,33.005,E14
4,800,95.111,E15
4,801,53.692,E16
4,802,6.337,E17
4,803,74.043,E18
4,804,15.326,E19
4,805,36.97,E20
4,806,21.515,E21
4,807,36.461,E22
4,808,130.163,E23
4,809,22.832,E24
4,810,24.124,E25
4,811,21.944,E26
4,812,146.679,E27
4,813,56.118,E28
4,814,31.184,E29
4,815,104.767,E30
4,816,1.516,E31
4,817,11.915,E32
4,818,2.88,E33
4,819,35.808,E34
4,820,25.534,E35
4,821,16.118,E36
4,822,187.792,E37
4,823,62.844,E38
4,824,25.005,E39
4,825,35.861,E40
4,826,120.43,E41
4,827,56.275,E42
4,828,5.643,E43
4,829,38.822,E44
4,830,33.989,E45
4,831,4.886,E46
4,832,82.179,E47
4,833,40.116,E48
4,834,13.404,E49
4,835,22.306,E50
4,836,21.024,E51
4,837,84.526,E52
4,838,70.377,E53
4,839,98.811,E54
4,840,18.457,E55
4,841,15.14,E56
4,842,21.152,E57
4,843,16.971,E58
4,844,30.363,E59
4,845,15.646,E60
4,846,17.683,E61
4,847,13.323,E62
4,848,36.64,E63
4,849,14.751,E64
4,850,94.281,E65
4,851,85.749,E66
4,852,144.286,E67
4,853,55.366,E68
4,854,118.5,E69
4,855,265.186,E70
4,856,198.6,E71
4,857,77.908,E72
4,858,95.24,E73
4,859,289.5,E74
4,860,227.07,E75
4,861,150.834,E76
4,862,76.362,E77
4,863,173.162,E78
4,864,61.203,E79
4,865,279.272,E80
4,866,4.665,E81
4,867,317.435,E82
4,868,136.699,E83
4,869,93.362,E84
4,870,135.2,E85
4,871,123.254,E86
4,872,27.074,E87
4,873,53.49,E88
4,874,107.869,E89
4,875,178.772,E90
4,876,109.969,E91
4,877,82.134,E92
4,878,48.418,E93
4,879,9.315,E94
4,880,316.03,E95
4,881,48.348,E96
4,882,29.923,E97
4,883,75.513,E98
4,884,3.486,E99
4,885,0.447,E100
4,886,46.036,E101
4,887,1.653,E102
4,888,3.514,E103
4,889,11.478,E104
4,890,20.958,E105
4,891,33.539,E106
4,892,301.874,E107
4,893,116.898,E108
4,894,87.84,E109
4,895,83.295,E110
4,896,6.645,E111
4,897,70.015,E112
4,898,530.692,E113
4,899,360.234,E114
4,900,116.594,E115
791,1,487.798,F2
791,2,737.065,F3
791,3,203.361,F4
791,4,166.942,F5
791,791,0.0,F6
791,792,0.0,F7
791,793,0.0,F8
791,794,0.0,F9
791,795,0.0,F10
791,796,0.0,F11
791,797,0.0,F12
791,798,0.0,F13
791,799,0.0,F14
791,800,0.0,F15
791,801,0.0,F16
791,802,0.0,F17
791,803,0.0,F18
791,804,0.0,F19
791,805,0.0,F20
791,806,0.0,F21
791,807,0.0,F22
791,808,0.0,F23
791,809,0.0,F24
791,810,0.0,F25
791,811,0.0,F26
791,812,0.0,F27
791,813,0.035,F28
791,814,0.0,F29
791,815,0.0,F30
791,816,0.0,F31
791,817,0.0,F32
791,818,0.0,F33
791,819,0.073,F34
791,820,0.066,F35
791,821,0.171,F36
791,822,0.136,F37
791,823,0.0,F38
791,824,0.0,F39
791,825,0.0,F40
791,826,0.0,F41
791,827,0.084,F42
791,828,0.0,F43
791,829,0.0,F44
791,830,0.082,F45
791,831,0.057,F46
791,832,0.0,F47
791,833,0.033,F48
791,834,0.052,F49
791,835,0.134,F50
791,836,0.0,F51
791,837,0.0,F52
791,838,0.0,F53
791,839,0.0,F54
791,840,0.0,F55
791,841,0.0,F56
791,842,0.0,F57
791,843,0.0,F58
791,844,0.0,F59
791,845,0.0,F60
791,846,0.0,F61
791,847,0.0,F62
791,848,0.0,F63
791,849,0.0,F64
791,850,0.0,F65
791,851,0.0,F66
791,852,0.0,F67
791,853,0.0,F68
791,854,0.0,F69
791,855,0.0,F70
791,856,0.0,F71
791,857,0.0,F72
791,858,0.0,F73
791,859,0.0,F74
791,860,0.0,F75
791,861,0.0,F76
791,862,0.0,F77
791,863,0.0,F78
791,864,0.0,F79
791,865,0.0,F80
791,866,0.0,F81
791,867,0.0,F82
791,868,0.0,F83
791,869,0.0,F84
791,870,0.0,F85
791,871,0.0,F86
791,872,0.0,F87
791,873,0.0,F88
791,874,0.0,F89
791,875,0.0,F90
791,876,0.0,F91
791,877,0.0,F92
791,878,0.0,F93
791,879,0.0,F94
791,880,0.0,F95
791,881,0.0,F96
791,882,0.0,F97
791,883,0.004,F98
791,884,0.0,F99
791,885,0.0,F100
791,886,0.0,F101
791,887,0.0,F102
791,888,0.0,F103
791,889,0.0,F104
791,890,0.0,F105
791,891,0.0,F106
791,892,0.0,F107
791,893,0.0,F108
791,894,0.0,F109
791,895,0.0,F110
791,896,0.0,F111
791,897,0.0,F112
791,898,0.0,F113
791,899,0.0,F114
791,900,0.0,F115
792,1,101.407,G2
792,2,385.151,G3
792,3,73.941,G4
792,4,37.945,G5
792,791,0.0,G6
792,792,0.0,G7
792,793,1.247,G8
792,794,0.529,G9
792,795,0.443,G10
792,796,0.792,G11
792,797,0.528,G12
792,798,1.058,G13
792,799,2.015,G14
792,800,0.596,G15
792,801,0.702,G16
792,802,0.239,G17
792,803,1.001,G18
792,804,0.429,G19
792,805,0.166,G20
792,806,0.185,G21
792,807,1.475,G22
792,808,2.347,G23
792,809,0.975,G24
792,810,0.233,G25
792,811,0.423,G26
792,812,2.197,G27
792,813,1.286,G28
792,814,0.54,G29
792,815,2.239,G30
792,816,0.768,G31
792,817,0.424,G32
792,818,0.156,G33
792,819,2.484,G34
792,820,4.098,G35
792,821,6.086,G36
792,822,3.366,G37
792,823,1.533,G38
792,824,1.137,G39
792,825,4.452,G40
792,826,2.316,G41
792,827,2.178,G42
792,828,0.896,G43
792,829,0.387,G44
792,830,2.28,G45
792,831,1.158,G46
792,832,0.209,G47
792,833,1.349,G48
792,834,2.078,G49
792,835,6.048,G50
792,836,0.537,G51
792,837,0.766,G52
792,838,0.29,G53
792,839,7.073,G54
792,840,0.93,G55
792,841,0.621,G56
792,842,0.524,G57
792,843,0.539,G58
792,844,0.454,G59
792,845,0.405,G60
792,846,0.32,G61
792,847,0.589,G62
792,848,0.891,G63
792,849,0.215,G64
792,850,0.181,G65
792,851,0.184,G66
792,852,0.409,G67
792,853,0.435,G68
792,854,0.626,G69
792,855,1.162,G70
792,856,0.646,G71
792,857,0.331,G72
792,858,0.319,G73
792,859,0.875,G74
792,860,0.245,G75
792,861,0.76,G76
792,862,0.119,G77
792,863,0.558,G78
792,864,0.04,G79
792,865,0.327,G80
792,866,0.0,G81
792,867,0.227,G82
792,868,0.169,G83
792,869,0.429,G84
792,870,0.155,G85
792,871,0.116,G86
792,872,0.125,G87
792,873,0.116,G88
792,874,0.461,G89
792,875,1.058,G90
792,876,0.099,G91
792,877,0.091,G92
792,878,0.063,G93
792,879,0.233,G94
792,880,1.472,G95
792,881,0.082,G96
792,882,0.075,G97
792,883,0.675,G98
792,884,0.066,G99
792,885,0.0,G100
792,886,7.083,G101
792,887,0.306,G102
792,888,5.511,G103
792,889,7.948,G104
792,890,11.216,G105
792,891,0.199,G106
792,892,15.238,G107
792,893,8.056,G108
792,894,0.399,G109
792,895,0.3,G110
792,896,0.3,G111
792,897,0.1,G112
792,898,0.299,G113
792,899,0.199,G114
792,900,0.266,G115
793,1,311.019,H2
793,2,85.816,H3
793,3,126.224,H4
793,4,92.093,H5
793,791,0.0,H6
793,792,1.603,H7
793,793,0.0,H8
793,794,0.515,H9
793,795,1.252,H10
793,796,4.127,H11
793,797,2.785,H12
793,798,8.79,H13
793,799,1.595,H14
793,800,0.204,H15
793,801,4.197,H16
793,802,0.601,H17
793,803,2.037,H18
793,804,1.712,H19
793,805,0.114,H20
793,806,0.724,H21
793,807,4.081,H22
793,808,4.109,H23
793,809,0.826,H24
793,810,2.683,H25
793,811,1.551,H26
793,812,2.157,H27
793,813,4.855,H28
793,814,6.583,H29
793,815,15.916,H30
793,816,1.415,H31
793,817,1.559,H32
793,818,0.693,H33
793,819,4.405,H34
793,820,5.362,H35
793,821,2.919,H36
793,822,3.554,H37
793,823,4.788,H38
793,824,3.259,H39
793,825,6.571,H40
793,826,1.638,H41
793,827,4.566,H42
793,828,0.581,H43
793,829,0.197,H44
793,830,4.09,H45
793,831,0.613,H46
793,832,0.012,H47
793,833,2.788,H48
793,834,1.428,H49
793,835,2.869,H50
793,836,0.46,H51
793,837,1.954,H52
793,838,0.798,H53
793,839,24.6,H54
793,840,0.482,H55
793,841,0.443,H56
793,842,5.923,H57
793,843,2.973,H58
793,844,7.164,H59
793,845,5.247,H60
793,846,5.275,H61
793,847,2.881,H62
793,848,12.981,H63
793,849,2.108,H64
793,850,1.395,H65
793,851,1.946,H66
793,852,5.375,H67
793,853,3.168,H68
793,854,0.733,H69
793,855,2.656,H70
793,856,1.978,H71
793,857,2.578,H72
793,858,3.481,H73
793,859,7.523,H74
793,860,0.164,H75
793,861,2.798,H76
793,862,4.009,H77
793,863,0.366,H78
793,864,0.234,H79
793,865,1.869,H80
793,866,0.3,H81
793,867,21.253,H82
793,868,4.78,H83
793,869,4.521,H84
793,870,0.436,H85
793,871,0.664,H86
793,872,0.356,H87
793,873,0.332,H88
793,874,1.341,H89
793,875,5.783,H90
793,876,0.397,H91
793,877,0.364,H92
793,878,0.035,H93
793,879,0.886,H94
793,880,3.161,H95
793,881,0.043,H96
793,882,0.225,H97
793,883,1.674,H98
793,884,0.443,H99
793,885,0.095,H100
793,886,21.767,H101
793,887,0.462,H102
793,888,0.08,H103
793,889,0.144,H104
793,890,0.19,H105
793,891,0.854,H106
793,892,0.443,H107
793,893,11.086,H108
793,894,0.177,H109
793,895,0.14,H110
793,896,0.11,H111
793,897,0.38,H112
793,898,1.993,H113
793,899,0.104,H114
793,900,1.139,H115
794,1,37.386,I2
794,2,417.261,I3
794,3,98.344,I4
794,4,58.8,I5
794,791,0.0,I6
794,792,0.423,I7
794,793,0.32,I8
794,794,0.0,I9
794,795,0.813,I10
794,796,0.434,I11
794,797,0.198,I12
794,798,0.26,I13
794,799,0.167,I14
794,800,0.085,I15
794,801,0.338,I16
794,802,0.091,I17
794,803,0.174,I18
794,804,0.19,I19
794,805,0.279,I20
794,806,0.616,I21
794,807,0.542,I22
794,808,0.335,I23
794,809,0.325,I24
794,810,0.09,I25
794,811,0.118,I26
794,812,0.279,I27
794,813,0.419,I28
794,814,0.179,I29
794,815,0.86,I30
794,816,0.169,I31
794,817,0.144,I32
794,818,0.545,I33
794,819,0.916,I34
794,820,1.516,I35
794,821,1.061,I36
794,822,1.635,I37
794,823,0.393,I38
794,824,0.149,I39
794,825,0.813,I40
794,826,0.639,I41
794,827,0.603,I42
794,828,0.338,I43
794,829,1.115,I44
794,830,0.961,I45
794,831,0.443,I46
794,832,0.0,I47
794,833,0.596,I48
794,834,0.802,I49
794,835,2.309,I50
794,836,0.201,I51
794,837,0.301,I52
794,838,0.732,I53
794,839,1.026,I54
794,840,0.307,I55
794,841,0.155,I56
794,842,0.13,I57
794,843,0.159,I58
794,844,0.088,I59
794,845,0.075,I60
794,846,0.061,I61
794,847,0.159,I62
794,848,0.148,I63
794,849,0.46,I64
794,850,0.279,I65
794,851,0.403,I66
794,852,0.089,I67
794,853,0.725,I68
794,854,0.09,I69
794,855,0.289,I70
794,856,0.231,I71
794,857,0.078,I72
794,858,0.07,I73
794,859,0.182,I74
794,860,0.0,I75
794,861,0.156,I76
794,862,0.039,I77
794,863,0.08,I78
794,864,0.0,I79
794,865,0.0,I80
794,866,0.0,I81
794,867,0.0,I82
794,868,0.064,I83
794,869,0.078,I84
794,870,0.496,I85
794,871,0.0,I86
794,872,0.0,I87
794,873,0.0,I88
794,874,0.881,I89
794,875,0.15,I90
794,876,0.0,I91
794,877,0.0,I92
794,878,0.0,I93
794,879,0.0,I94
794,880,0.388,I95
794,881,0.0,I96
794,882,0.0,I97
794,883,0.186,I98
794,884,0.0,I99
794,885,0.0,I100
794,886,0.529,I101
794,887,0.231,I102
794,888,0.485,I103
794,889,0.693,I104
794,890,1.023,I105
794,891,0.0,I106
794,892,1.292,I107
794,893,0.644,I108
794,894,0.0,I109
794,895,0.0,I110
794,896,0.0,I111
794,897,0.0,I112
794,898,0.0,I113
794,899,0.0,I114
794,900,0.0,I115
795,1,524.947,J2
795,2,27.514,J3
795,3,30.671,J4
795,4,16.555,J5
795,791,0.0,J6
795,792,0.304,J7
795,793,0.668,J8
795,794,0.697,J9
795,795,0.0,J10
795,796,0.34,J11
795,797,0.158,J12
795,798,0.559,J13
795,799,0.22,J14
795,800,0.17,J15
795,801,0.305,J16
795,802,0.091,J17
795,803,0.232,J18
795,804,0.225,J19
795,805,0.573,J20
795,806,0.704,J21
795,807,0.573,J22
795,808,0.572,J23
795,809,0.155,J24
795,810,0.202,J25
795,811,0.118,J26
795,812,0.232,J27
795,813,0.783,J28
795,814,0.299,J29
795,815,0.788,J30
795,816,0.138,J31
795,817,0.136,J32
795,818,0.233,J33
795,819,0.564,J34
795,820,0.841,J35
795,821,1.087,J36
795,822,0.884,J37
795,823,0.778,J38
795,824,0.18,J39
795,825,0.636,J40
795,826,0.93,J41
795,827,1.089,J42
795,828,0.236,J43
795,829,0.471,J44
795,830,1.212,J45
795,831,0.21,J46
795,832,0.021,J47
795,833,0.626,J48
795,834,0.493,J49
795,835,1.105,J50
795,836,0.134,J51
795,837,0.128,J52
795,838,0.35,J53
795,839,1.197,J54
795,840,0.187,J55
795,841,0.233,J56
795,842,0.228,J57
795,843,0.265,J58
795,844,0.168,J59
795,845,0.143,J60
795,846,0.083,J61
795,847,0.294,J62
795,848,0.316,J63
795,849,0.084,J64
795,850,0.628,J65
795,851,0.069,J66
795,852,0.124,J67
795,853,0.145,J68
795,854,0.208,J69
795,855,0.253,J70
795,856,0.179,J71
795,857,0.12,J72
795,858,0.122,J73
795,859,0.27,J74
795,860,0.085,J75
795,861,0.135,J76
795,862,0.081,J77
795,863,0.08,J78
795,864,0.0,J79
795,865,0.0,J80
795,866,0.0,J81
795,867,0.477,J82
795,868,0.133,J83
795,869,0.153,J84
795,870,0.255,J85
795,871,0.0,J86
795,872,0.0,J87
795,873,0.0,J88
795,874,1.368,J89
795,875,0.16,J90
795,876,0.0,J91
795,877,0.0,J92
795,878,0.0,J93
795,879,0.0,J94
795,880,0.461,J95
795,881,0.0,J96
795,882,0.0,J97
795,883,0.201,J98
795,884,0.0,J99
795,885,0.0,J100
795,886,0.881,J101
795,887,0.405,J102
795,888,0.684,J103
795,889,0.982,J104
795,890,1.848,J105
795,891,0.0,J106
795,892,2.173,J107
795,893,1.145,J108
795,894,0.0,J109
795,895,0.0,J110
795,896,0.0,J111
795,897,0.0,J112
795,898,0.0,J113
795,899,0.0,J114
795,900,0.0,J115
796,1,195.787,K2
796,2,180.569,K3
796,3,137.436,K4
796,4,123.747,K5
796,791,0.0,K6
796,792,0.543,K7
796,793,2.201,K8
796,794,0.372,K9
796,795,0.34,K10
796,796,0.0,K11
796,797,0.475,K12
796,798,1.724,K13
796,799,0.929,K14
796,800,0.681,K15
796,801,1.553,K16
796,802,0.239,K17
796,803,1.452,K18
796,804,0.53,K19
796,805,0.096,K20
796,806,0.123,K21
796,807,1.279,K22
796,808,1.539,K23
796,809,1.138,K24
796,810,0.445,K25
796,811,0.235,K26
796,812,0.961,K27
796,813,2.323,K28
796,814,0.917,K29
796,815,4.031,K30
796,816,0.479,K31
796,817,0.575,K32
796,818,0.148,K33
796,819,3.049,K34
796,820,4.469,K35
796,821,4.023,K36
796,822,4.735,K37
796,823,2.296,K38
796,824,1.018,K39
796,825,2.785,K40
796,826,2.367,K41
796,827,3.209,K42
796,828,1.165,K43
796,829,0.321,K44
796,830,4.247,K45
796,831,1.368,K46
796,832,0.0,K47
796,833,1.865,K48
796,834,7.349,K49
796,835,7.225,K50
796,836,0.074,K51
796,837,0.939,K52
796,838,0.164,K53
796,839,4.115,K54
796,840,0.914,K55
796,841,0.699,K56
796,842,0.462,K57
796,843,0.761,K58
796,844,0.352,K59
796,845,0.324,K60
796,846,0.276,K61
796,847,0.836,K62
796,848,0.674,K63
796,849,0.161,K64
796,850,0.126,K65
796,851,0.173,K66
796,852,0.391,K67
796,853,0.29,K68
796,854,0.567,K69
796,855,0.994,K70
796,856,0.715,K71
796,857,0.355,K72
796,858,0.32,K73
796,859,0.839,K74
796,860,0.085,K75
796,861,0.547,K76
796,862,0.193,K77
796,863,0.239,K78
796,864,0.0,K79
796,865,0.0,K80
796,866,0.0,K81
796,867,1.082,K82
796,868,0.322,K83
796,869,0.389,K84
796,870,0.119,K85
796,871,0.0,K86
796,872,0.0,K87
796,873,0.0,K88
796,874,0.29,K89
796,875,0.609,K90
796,876,0.0,K91
796,877,0.0,K92
796,878,0.031,K93
796,879,0.123,K94
796,880,1.608,K95
796,881,0.042,K96
796,882,0.0,K97
796,883,0.64,K98
796,884,0.07,K99
796,885,0.0,K100
796,886,2.74,K101
796,887,0.116,K102
796,888,2.053,K103
796,889,2.953,K104
796,890,5.199,K105
796,891,0.105,K106
796,892,6.024,K107
796,893,3.176,K108
796,894,0.141,K109
796,895,0.1,K110
796,896,0.1,K111
796,897,0.0,K112
796,898,0.316,K113
796,899,0.105,K114
796,900,0.141,K115
797,1,610.488,L2
797,2,73.103,L3
797,3,82.983,L4
797,4,39.493,L5
797,791,0.0,L6
797,792,0.362,L7
797,793,1.486,L8
797,794,0.17,L9
797,795,0.158,L10
797,796,0.475,L11
797,797,0.0,L12
797,798,1.276,L13
797,799,0.208,L14
797,800,0.256,L15
797,801,0.942,L16
797,802,0.156,L17
797,803,0.521,L18
797,804,0.361,L19
797,805,0.543,L20
797,806,0.114,L21
797,807,1.122,L22
797,808,0.733,L23
797,809,0.379,L24
797,810,0.282,L25
797,811,0.243,L26
797,812,0.419,L27
797,813,1.827,L28
797,814,0.716,L29
797,815,2.786,L30
797,816,0.271,L31
797,817,0.273,L32
797,818,0.101,L33
797,819,1.495,L34
797,820,2.026,L35
797,821,1.532,L36
797,822,1.556,L37
797,823,1.698,L38
797,824,0.417,L39
797,825,1.154,L40
797,826,0.647,L41
797,827,1.709,L42
797,828,0.291,L43
797,829,0.815,L44
797,830,1.975,L45
797,831,0.306,L46
797,832,0.117,L47
797,833,0.956,L48
797,834,0.716,L49
797,835,1.6,L50
797,836,0.134,L51
797,837,0.317,L52
797,838,0.102,L53
797,839,2.314,L54
797,840,0.136,L55
797,841,0.078,L56
797,842,0.732,L57
797,843,0.669,L58
797,844,0.703,L59
797,845,0.504,L60
797,846,0.497,L61
797,847,0.613,L62
797,848,1.157,L63
797,849,0.23,L64
797,850,0.139,L65
797,851,0.202,L66
797,852,0.59,L67
797,853,0.314,L68
797,854,0.792,L69
797,855,0.491,L70
797,856,0.282,L71
797,857,0.31,L72
797,858,0.386,L73
797,859,0.813,L74
797,860,0.161,L75
797,861,0.362,L76
797,862,0.35,L77
797,863,0.479,L78
797,864,0.04,L79
797,865,0.322,L80
797,866,0.0,L81
797,867,1.779,L82
797,868,0.471,L83
797,869,0.455,L84
797,870,0.724,L85
797,871,0.0,L86
797,872,0.0,L87
797,873,0.0,L88
797,874,0.135,L89
797,875,0.562,L90
797,876,0.0,L91
797,877,0.0,L92
797,878,0.031,L93
797,879,0.114,L94
797,880,1.075,L95
797,881,0.04,L96
797,882,0.0,L97
797,883,0.322,L98
797,884,0.065,L99
797,885,0.0,L100
797,886,1.747,L101
797,887,0.405,L102
797,888,0.0,L103
797,889,0.0,L104
797,890,0.163,L105
797,891,0.098,L106
797,892,0.0,L107
797,893,1.151,L108
797,894,0.131,L109
797,895,0.1,L110
797,896,0.1,L111
797,897,0.0,L112
797,898,0.294,L113
797,899,0.098,L114
797,900,0.131,L115
798,1,159.382,M2
798,2,62.895,M3
798,3,133.034,M4
798,4,56.581,M5
798,791,0.0,M6
798,792,2.177,M7
798,793,14.065,M8
798,794,0.669,M9
798,795,1.677,M10
798,796,5.173,M11
798,797,3.828,M12
798,798,0.0,M13
798,799,1.826,M14
798,800,0.273,M15
798,801,10.355,M16
798,802,1.095,M17
798,803,2.524,M18
798,804,2.194,M19
798,805,0.219,M20
798,806,0.99,M21
798,807,6.576,M22
798,808,5.444,M23
798,809,2.569,M24
798,810,3.602,M25
798,811,2.076,M26
798,812,2.447,M27
798,813,19.175,M28
798,814,9.698,M29
798,815,23.959,M30
798,816,2.207,M31
798,817,2.316,M32
798,818,1.043,M33
798,819,11.36,M34
798,820,15.716,M35
798,821,10.853,M36
798,822,7.388,M37
798,823,8.569,M38
798,824,4.263,M39
798,825,7.452,M40
798,826,3.682,M41
798,827,12.726,M42
798,828,1.981,M43
798,829,0.527,M44
798,830,14.282,M45
798,831,1.566,M46
798,832,0.163,M47
798,833,7.335,M48
798,834,5.009,M49
798,835,10.957,M50
798,836,0.119,M51
798,837,2.95,M52
798,838,1.037,M53
798,839,26.682,M54
798,840,1.027,M55
798,841,0.489,M56
798,842,8.01,M57
798,843,5.514,M58
798,844,8.263,M59
798,845,5.894,M60
798,846,5.887,M61
798,847,5.356,M62
798,848,14.107,M63
798,849,2.499,M64
798,850,1.59,M65
798,851,2.269,M66
798,852,6.453,M67
798,853,3.643,M68
798,854,0.487,M69
798,855,4.191,M70
798,856,2.771,M71
798,857,3.223,M72
798,858,4.148,M73
798,859,8.772,M74
798,860,0.101,M75
798,861,3.615,M76
798,862,4.276,M77
798,863,0.25,M78
798,864,0.117,M79
798,865,0.937,M80
798,866,0.2,M81
798,867,21.026,M82
798,868,5.235,M83
798,869,4.94,M84
798,870,0.609,M85
798,871,0.333,M86
798,872,0.238,M87
798,873,0.222,M88
798,874,1.51,M89
798,875,6.433,M90
798,876,0.298,M91
798,877,0.273,M92
798,878,0.22,M93
798,879,0.666,M94
798,880,15.582,M95
798,881,0.273,M96
798,882,0.15,M97
798,883,2.634,M98
798,884,0.254,M99
798,885,0.095,M100
798,886,22.035,M101
798,887,0.468,M102
798,888,0.08,M103
798,889,0.072,M104
798,890,1.268,M105
798,891,0.571,M106
798,892,0.222,M107
798,893,10.45,M108
798,894,0.127,M109
798,895,0.1,M110
798,896,0.8,M111
798,897,0.285,M112
798,898,1.141,M113
798,899,0.666,M114
798,900,0.761,M115
799,1,78.829,N2
799,2,466.489,N3
799,3,54.162,N4
799,4,32.238,N5
799,791,0.0,N6
799,792,2.015,N7
799,793,1.24,N8
799,794,0.209,N9
799,795,0.321,N10
799,796,1.354,N11
799,797,0.304,N12
799,798,0.888,N13
799,799,0.0,N14
799,800,0.341,N15
799,801,0.617,N16
799,802,0.181,N17
799,803,0.592,N18
799,804,0.642,N19
799,805,0.172,N20
799,806,0.114,N21
799,807,1.122,N22
799,808,3.125,N23
799,809,0.655,N24
799,810,0.186,N25
799,811,0.259,N26
799,812,1.592,N27
799,813,1.099,N28
799,814,0.419,N29
799,815,2.176,N30
799,816,0.696,N31
799,817,0.31,N32
799,818,0.101,N33
799,819,1.796,N34
799,820,2.9,N35
799,821,5.101,N36
799,822,4.279,N37
799,823,1.289,N38
799,824,0.606,N39
799,825,5.482,N40
799,826,3.291,N41
799,827,2.027,N42
799,828,0.676,N43
799,829,0.56,N44
799,830,2.284,N45
799,831,0.8,N46
799,832,0.0,N47
799,833,1.269,N48
799,834,1.595,N49
799,835,4.426,N50
799,836,0.604,N51
799,837,0.966,N52
799,838,0.452,N53
799,839,9.136,N54
799,840,1.398,N55
799,841,0.544,N56
799,842,0.441,N57
799,843,0.486,N58
799,844,0.469,N59
799,845,0.28,N60
799,846,0.342,N61
799,847,0.533,N62
799,848,0.619,N63
799,849,0.153,N64
799,850,0.119,N65
799,851,0.144,N66
799,852,0.444,N67
799,853,0.274,N68
799,854,0.652,N69
799,855,1.045,N70
799,856,0.553,N71
799,857,0.26,N72
799,858,0.243,N73
799,859,0.647,N74
799,860,0.17,N75
799,861,0.639,N76
799,862,0.084,N77
799,863,0.558,N78
799,864,0.04,N79
799,865,0.34,N80
799,866,0.0,N81
799,867,0.227,N82
799,868,0.13,N83
799,869,0.323,N84
799,870,0.127,N85
799,871,0.121,N86
799,872,0.13,N87
799,873,0.121,N88
799,874,0.48,N89
799,875,0.206,N90
799,876,0.198,N91
799,877,0.182,N92
799,878,0.063,N93
799,879,0.363,N94
799,880,1.183,N95
799,881,0.084,N96
799,882,0.075,N97
799,883,0.655,N98
799,884,0.138,N99
799,885,0.0,N100
799,886,6.41,N101
799,887,0.301,N102
799,888,5.993,N103
799,889,8.576,N104
799,890,12.811,N105
799,891,0.311,N106
799,892,16.047,N107
799,893,8.188,N108
799,894,0.83,N109
799,895,0.6,N110
799,896,0.4,N111
799,897,0.104,N112
799,898,0.622,N113
799,899,0.311,N114
799,900,0.415,N115
800,1,143.178,O2
800,2,172.615,O3
800,3,2.439,O4
800,4,90.926,O5
800,791,0.0,O6
800,792,0.613,O7
800,793,0.164,O8
800,794,0.11,O9
800,795,0.256,O10
800,796,1.022,O11
800,797,0.383,O12
800,798,0.136,O13
800,799,0.35,O14
800,800,0.0,O15
800,801,0.065,O16
800,802,0.247,O17
800,803,0.329,O18
800,804,0.341,O19
800,805,0.088,O20
800,806,0.085,O21
800,807,0.133,O22
800,808,0.096,O23
800,809,0.596,O24
800,810,0.256,O25
800,811,0.235,O26
800,812,0.329,O27
800,813,0.187,O28
800,814,0.067,O29
800,815,0.17,O30
800,816,0.281,O31
800,817,0.227,O32
800,818,0.078,O33
800,819,0.139,O34
800,820,0.185,O35
800,821,0.265,O36
800,822,0.169,O37
800,823,0.189,O38
800,824,0.394,O39
800,825,0.986,O40
800,826,0.169,O41
800,827,0.26,O42
800,828,0.562,O43
800,829,0.131,O44
800,830,0.301,O45
800,831,0.511,O46
800,832,0.015,O47
800,833,0.15,O48
800,834,0.118,O49
800,835,0.267,O50
800,836,0.0,O51
800,837,0.263,O52
800,838,0.099,O53
800,839,0.211,O54
800,840,0.35,O55
800,841,0.078,O56
800,842,0.051,O57
800,843,0.596,O58
800,844,0.293,O59
800,845,0.249,O60
800,846,0.166,O61
800,847,0.637,O62
800,848,0.433,O63
800,849,0.153,O64
800,850,0.139,O65
800,851,0.115,O66
800,852,0.256,O67
800,853,0.242,O68
800,854,0.0,O69
800,855,0.545,O70
800,856,0.312,O71
800,857,0.273,O72
800,858,0.234,O73
800,859,0.545,O74
800,860,0.0,O75
800,861,0.284,O76
800,862,0.14,O77
800,863,0.0,O78
800,864,0.0,O79
800,865,0.0,O80
800,866,0.0,O81
800,867,0.083,O82
800,868,0.023,O83
800,869,0.273,O84
800,870,0.078,O85
800,871,0.0,O86
800,872,0.0,O87
800,873,0.0,O88
800,874,0.119,O89
800,875,0.361,O90
800,876,0.0,O91
800,877,0.0,O92
800,878,0.0,O93
800,879,0.0,O94
800,880,0.099,O95
800,881,0.0,O96
800,882,0.0,O97
800,883,0.101,O98
800,884,0.0,O99
800,885,0.0,O100
800,886,1.266,O101
800,887,0.058,O102
800,888,0.099,O103
800,889,0.144,O104
800,890,0.221,O105
800,891,0.0,O106
800,892,0.0,O107
800,893,0.139,O108
800,894,0.0,O109
800,895,0.0,O110
800,896,0.0,O111
800,897,0.0,O112
800,898,0.0,O113
800,899,0.0,O114
800,900,0.0,O115
801,1,152.905,P2
801,2,85.414,P3
801,3,212.319,P4
801,4,50.204,P5
801,791,0.0,P6
801,792,0.902,P7
801,793,4.197,P8
801,794,0.543,P9
801,795,0.572,P10
801,796,2.911,P11
801,797,1.766,P12
801,798,6.472,P13
801,799,0.793,P14
801,800,0.081,P15
801,801,0.0,P16
801,802,0.276,P17
801,803,1.629,P18
801,804,1.226,P19
801,805,0.668,P20
801,806,0.763,P21
801,807,3.273,P22
801,808,3.099,P23
801,809,0.471,P24
801,810,2.225,P25
801,811,1.755,P26
801,812,1.629,P27
801,813,2.046,P28
801,814,6.748,P29
801,815,14.635,P30
801,816,0.902,P31
801,817,1.416,P32
801,818,0.319,P33
801,819,2.58,P34
801,820,2.423,P35
801,821,1.789,P36
801,822,2.63,P37
801,823,4.214,P38
801,824,2.414,P39
801,825,4.02,P40
801,826,1.034,P41
801,827,3.013,P42
801,828,0.366,P43
801,829,0.125,P44
801,830,2.452,P45
801,831,0.363,P46
801,832,0.0,P47
801,833,1.887,P48
801,834,0.838,P49
801,835,1.566,P50
801,836,0.251,P51
801,837,1.478,P52
801,838,0.507,P53
801,839,17.265,P54
801,840,0.301,P55
801,841,0.194,P56
801,842,3.903,P57
801,843,1.892,P58
801,844,5.289,P59
801,845,3.803,P60
801,846,3.691,P61
801,847,1.942,P62
801,848,9.244,P63
801,849,1.526,P64
801,850,1.36,P65
801,851,1.434,P66
801,852,3.719,P67
801,853,3.135,P68
801,854,0.568,P69
801,855,1.7,P70
801,856,1.678,P71
801,857,1.4,P72
801,858,1.949,P73
801,859,5.739,P74
801,860,0.126,P75
801,861,1.74,P76
801,862,2.702,P77
801,863,0.275,P78
801,864,0.148,P79
801,865,1.188,P80
801,866,0.2,P81
801,867,14.611,P82
801,868,3.092,P83
801,869,2.933,P84
801,870,0.252,P85
801,871,0.422,P86
801,872,0.226,P87
801,873,0.317,P88
801,874,0.894,P89
801,875,3.549,P90
801,876,0.298,P91
801,877,0.273,P92
801,878,0.283,P93
801,879,0.633,P94
801,880,2.439,P95
801,881,0.334,P96
801,882,0.15,P97
801,883,1.177,P98
801,884,0.241,P99
801,885,0.0,P100
801,886,14.327,P101
801,887,0.688,P102
801,888,0.08,P103
801,889,0.144,P104
801,890,1.357,P105
801,891,0.633,P106
801,892,0.422,P107
801,893,9.471,P108
801,894,0.121,P109
801,895,0.1,P110
801,896,0.8,P111
801,897,0.271,P112
801,898,1.086,P113
801,899,0.724,P114
801,900,0.845,P115
802,1,202.878,Q2
802,2,138.568,Q3
802,3,266.948,Q4
802,4,5.758,Q5
802,791,0.0,Q6
802,792,0.245,Q7
802,793,0.481,Q8
802,794,0.116,Q9
802,795,0.136,Q10
802,796,0.358,Q11
802,797,0.235,Q12
802,798,0.547,Q13
802,799,0.186,Q14
802,800,0.247,Q15
802,801,0.221,Q16
802,802,0.0,Q17
802,803,0.349,Q18
802,804,0.247,Q19
802,805,0.085,Q20
802,806,0.206,Q21
802,807,0.487,Q22
802,808,0.593,Q23
802,809,0.107,Q24
802,810,0.255,Q25
802,811,0.486,Q26
802,812,0.317,Q27
802,813,0.29,Q28
802,814,0.593,Q29
802,815,2.123,Q30
802,816,0.118,Q31
802,817,0.273,Q32
802,818,0.078,Q33
802,819,0.249,Q34
802,820,0.245,Q35
802,821,0.188,Q36
802,822,0.477,Q37
802,823,0.597,Q38
802,824,0.495,Q39
802,825,0.846,Q40
802,826,0.21,Q41
802,827,0.428,Q42
802,828,0.543,Q43
802,829,0.254,Q44
802,830,0.313,Q45
802,831,0.397,Q46
802,832,0.166,Q47
802,833,0.286,Q48
802,834,0.089,Q49
802,835,0.119,Q50
802,836,0.063,Q51
802,837,0.305,Q52
802,838,0.124,Q53
802,839,3.521,Q54
802,840,0.593,Q55
802,841,0.544,Q56
802,842,0.657,Q57
802,843,0.288,Q58
802,844,0.894,Q59
802,845,0.666,Q60
802,846,0.646,Q61
802,847,0.31,Q62
802,848,1.578,Q63
802,849,0.307,Q64
802,850,0.279,Q65
802,851,0.305,Q66
802,852,0.634,Q67
802,853,0.645,Q68
802,854,0.148,Q69
802,855,0.278,Q70
802,856,0.354,Q71
802,857,0.361,Q72
802,858,0.342,Q73
802,859,1.174,Q74
802,860,0.301,Q75
802,861,0.433,Q76
802,862,0.473,Q77
802,863,0.075,Q78
802,864,0.038,Q79
802,865,0.301,Q80
802,866,0.1,Q81
802,867,2.95,Q82
802,868,0.539,Q83
802,869,0.564,Q84
802,870,0.677,Q85
802,871,0.107,Q86
802,872,0.115,Q87
802,873,0.107,Q88
802,874,0.195,Q89
802,875,0.944,Q90
802,876,0.099,Q91
802,877,0.091,Q92
802,878,0.063,Q93
802,879,0.107,Q94
802,880,0.271,Q95
802,881,0.075,Q96
802,882,0.075,Q97
802,883,0.218,Q98
802,884,0.061,Q99
802,885,0.0,Q100
802,886,3.133,Q101
802,887,0.145,Q102
802,888,0.0,Q103
802,889,0.0,Q104
802,890,0.306,Q105
802,891,0.092,Q106
802,892,0.0,Q107
802,893,2.017,Q108
802,894,0.245,Q109
802,895,0.2,Q110
802,896,0.2,Q111
802,897,0.092,Q112
802,898,0.275,Q113
802,899,0.183,Q114
802,900,0.122,Q115
803,1,102.514,R2
803,2,149.896,R3
803,3,122.605,R4
803,4,73.422,R5
803,791,0.0,R6
803,792,0.801,R7
803,793,1.267,R8
803,794,0.174,R9
803,795,0.271,R10
803,796,1.694,R11
803,797,0.607,R12
803,798,0.982,R13
803,799,0.474,R14
803,800,0.256,R15
803,801,1.013,R16
803,802,0.272,R17
803,803,0.0,R18
803,804,0.714,R19
803,805,0.139,R20
803,806,0.167,R21
803,807,1.617,R22
803,808,1.338,R23
803,809,0.533,R24
803,810,0.262,R25
803,811,0.345,R26
803,812,1.092,R27
803,813,1.147,R28
803,814,0.534,R29
803,815,2.49,R30
803,816,0.636,R31
803,817,0.416,R32
803,818,0.148,R33
803,819,2.712,R34
803,820,4.376,R35
803,821,3.92,R36
803,822,6.592,R37
803,823,1.494,R38
803,824,0.435,R39
803,825,1.986,R40
803,826,3.079,R41
803,827,1.625,R42
803,828,0.556,R43
803,829,0.321,R44
803,830,2.837,R45
803,831,1.3,R46
803,832,0.0,R47
803,833,1.809,R48
803,834,2.384,R49
803,835,6.752,R50
803,836,0.074,R51
803,837,0.957,R52
803,838,0.293,R53
803,839,4.89,R54
803,840,1.059,R55
803,841,0.311,R56
803,842,0.384,R57
803,843,0.416,R58
803,844,0.264,R59
803,845,0.224,R60
803,846,0.182,R61
803,847,0.43,R62
803,848,0.464,R63
803,849,0.13,R64
803,850,0.091,R65
803,851,0.109,R66
803,852,0.258,R67
803,853,0.226,R68
803,854,0.271,R69
803,855,0.818,R70
803,856,0.702,R71
803,857,0.231,R72
803,858,0.206,R73
803,859,0.545,R74
803,860,0.083,R75
803,861,0.597,R76
803,862,0.123,R77
803,863,0.239,R78
803,864,0.0,R79
803,865,0.0,R80
803,866,0.0,R81
803,867,0.076,R82
803,868,0.201,R83
803,869,0.244,R84
803,870,0.149,R85
803,871,0.0,R86
803,872,0.0,R87
803,873,0.0,R88
803,874,0.302,R89
803,875,0.645,R90
803,876,0.0,R91
803,877,0.0,R92
803,878,0.031,R93
803,879,0.117,R94
803,880,1.219,R95
803,881,0.041,R96
803,882,0.0,R97
803,883,0.504,R98
803,884,0.067,R99
803,885,0.0,R100
803,886,1.971,R101
803,887,0.104,R102
803,888,1.95,R103
803,889,2.794,R104
803,890,3.641,R105
803,891,0.101,R106
803,892,4.885,R107
803,893,2.55,R108
803,894,0.134,R109
803,895,0.1,R110
803,896,0.1,R111
803,897,0.0,R112
803,898,0.302,R113
803,899,0.101,R114
803,900,0.134,R115
804,1,83.102,S2
804,2,48.273,S3
804,3,44.595,S4
804,4,14.174,S5
804,791,0.0,S6
804,792,0.442,S7
804,793,1.37,S8
804,794,0.244,S9
804,795,0.338,S10
804,796,0.794,S11
804,797,0.541,S12
804,798,1.097,S13
804,799,0.661,S14
804,800,0.341,S15
804,801,0.981,S16
804,802,0.247,S17
804,803,0.918,S18
804,804,0.0,S19
804,805,0.764,S20
804,806,0.792,S21
804,807,1.373,S22
804,808,1.117,S23
804,809,0.783,S24
804,810,0.307,S25
804,811,0.282,S26
804,812,0.758,S27
804,813,1.522,S28
804,814,0.573,S29
804,815,2.597,S30
804,816,0.35,S31
804,817,0.363,S32
804,818,0.093,S33
804,819,1.913,S34
804,820,2.814,S35
804,821,2.636,S36
804,822,3.236,S37
804,823,1.541,S38
804,824,0.729,S39
804,825,2.206,S40
804,826,1.618,S41
804,827,2.103,S42
804,828,0.875,S43
804,829,0.267,S44
804,830,2.486,S45
804,831,0.959,S46
804,832,0.187,S47
804,833,1.216,S48
804,834,1.704,S49
804,835,5.05,S50
804,836,0.537,S51
804,837,0.693,S52
804,838,0.163,S53
804,839,3.22,S54
804,840,0.676,S55
804,841,0.466,S56
804,842,0.327,S57
804,843,0.513,S58
804,844,0.271,S59
804,845,0.243,S60
804,846,0.199,S61
804,847,0.549,S62
804,848,0.501,S63
804,849,0.115,S64
804,850,0.098,S65
804,851,0.086,S66
804,852,0.284,S67
804,853,0.226,S68
804,854,0.614,S69
804,855,0.725,S70
804,856,0.536,S71
804,857,0.252,S72
804,858,0.218,S73
804,859,0.61,S74
804,860,0.085,S75
804,861,0.405,S76
804,862,0.151,S77
804,863,0.239,S78
804,864,0.0,S79
804,865,0.0,S80
804,866,0.0,S81
804,867,0.848,S82
804,868,0.249,S83
804,869,0.296,S84
804,870,0.093,S85
804,871,0.0,S86
804,872,0.0,S87
804,873,0.0,S88
804,874,0.256,S89
804,875,0.469,S90
804,876,0.0,S91
804,877,0.0,S92
804,878,0.031,S93
804,879,0.133,S94
804,880,1.03,S95
804,881,0.042,S96
804,882,0.0,S97
804,883,0.477,S98
804,884,0.072,S99
804,885,0.0,S100
804,886,2.339,S101
804,887,0.104,S102
804,888,1.783,S103
804,889,2.563,S104
804,890,4.864,S105
804,891,0.114,S106
804,892,5.563,S107
804,893,2.93,S108
804,894,0.152,S109
804,895,0.1,S110
804,896,0.1,S111
804,897,0.0,S112
804,898,0.342,S113
804,899,0.114,S114
804,900,0.152,S115
805,1,278.848,T2
805,2,215.337,T3
805,3,61.361,T4
805,4,33.569,T5
805,791,0.0,T6
805,792,0.166,T7
805,793,0.089,T8
805,794,0.348,T9
805,795,0.836,T10
805,796,0.153,T11
805,797,0.792,T12
805,798,0.107,T13
805,799,0.172,T14
805,800,0.085,T15
805,801,0.52,T16
805,802,0.082,T17
805,803,0.174,T18
805,804,0.743,T19
805,805,0.0,T20
805,806,0.264,T21
805,807,0.094,T22
805,808,0.694,T23
805,809,0.546,T24
805,810,0.371,T25
805,811,0.078,T26
805,812,0.573,T27
805,813,0.083,T28
805,814,0.081,T29
805,815,0.287,T30
805,816,0.715,T31
805,817,0.454,T32
805,818,0.233,T33
805,819,0.169,T34
805,820,0.271,T35
805,821,0.351,T36
805,822,0.486,T37
805,823,0.118,T38
805,824,0.219,T39
805,825,0.871,T40
805,826,0.42,T41
805,827,0.142,T42
805,828,0.613,T43
805,829,0.287,T44
805,830,0.128,T45
805,831,0.062,T46
805,832,0.0,T47
805,833,0.103,T48
805,834,0.114,T49
805,835,0.312,T50
805,836,0.067,T51
805,837,0.201,T52
805,838,0.118,T53
805,839,3.27,T54
805,840,0.124,T55
805,841,0.078,T56
805,842,0.093,T57
805,843,0.531,T58
805,844,0.103,T59
805,845,0.093,T60
805,846,0.072,T61
805,847,0.557,T62
805,848,0.229,T63
805,849,0.46,T64
805,850,0.418,T65
805,851,0.403,T66
805,852,0.8,T67
805,853,0.097,T68
805,854,0.093,T69
805,855,0.143,T70
805,856,0.11,T71
805,857,0.059,T72
805,858,0.059,T73
805,859,0.178,T74
805,860,0.0,T75
805,861,0.128,T76
805,862,0.28,T77
805,863,0.08,T78
805,864,0.0,T79
805,865,0.0,T80
805,866,0.0,T81
805,867,0.0,T82
805,868,0.079,T83
805,869,0.093,T84
805,870,0.17,T85
805,871,0.0,T86
805,872,0.0,T87
805,873,0.0,T88
805,874,0.168,T89
805,875,0.232,T90
805,876,0.0,T91
805,877,0.0,T92
805,878,0.0,T93
805,879,0.0,T94
805,880,0.163,T95
805,881,0.0,T96
805,882,0.0,T97
805,883,0.183,T98
805,884,0.0,T99
805,885,0.0,T100
805,886,2.468,T101
805,887,0.116,T102
805,888,2.439,T103
805,889,3.559,T104
805,890,3.863,T105
805,891,0.0,T106
805,892,5.311,T107
805,893,3.118,T108
805,894,0.0,T109
805,895,0.0,T110
805,896,0.0,T111
805,897,0.0,T112
805,898,0.0,T113
805,899,0.0,T114
805,900,0.0,T115
806,1,106.339,U2
806,2,124.361,U3
806,3,35.992,U4
806,4,20.516,U5
806,791,0.0,U6
806,792,0.19,U7
806,793,0.579,U8
806,794,0.792,U9
806,795,1.056,U10
806,796,0.185,U11
806,797,0.172,U12
806,798,0.495,U13
806,799,0.118,U14
806,800,0.085,U15
806,801,0.611,U16
806,802,0.206,U17
806,803,0.215,U18
806,804,0.792,U19
806,805,0.272,U20
806,806,0.0,U21
806,807,1.185,U22
806,808,0.371,U23
806,809,0.326,U24
806,810,0.132,U25
806,811,0.243,U26
806,812,0.125,U27
806,813,1.043,U28
806,814,0.274,U29
806,815,1.469,U30
806,816,0.165,U31
806,817,0.273,U32
806,818,0.086,U33
806,819,1.48,U34
806,820,2.046,U35
806,821,0.959,U36
806,822,1.108,U37
806,823,0.613,U38
806,824,0.268,U39
806,825,0.34,U40
806,826,0.548,U41
806,827,1.441,U42
806,828,0.174,U43
806,829,0.951,U44
806,830,1.08,U45
806,831,0.352,U46
806,832,0.065,U47
806,833,0.573,U48
806,834,0.773,U49
806,835,1.805,U50
806,836,0.201,U51
806,837,0.29,U52
806,838,0.713,U53
806,839,1.006,U54
806,840,0.118,U55
806,841,0.466,U56
806,842,0.353,U57
806,843,0.387,U58
806,844,0.256,U59
806,845,0.218,U60
806,846,0.177,U61
806,847,0.414,U62
806,848,0.464,U63
806,849,0.13,U64
806,850,0.091,U65
806,851,0.109,U66
806,852,0.229,U67
806,853,0.226,U68
806,854,0.352,U69
806,855,0.41,U70
806,856,0.282,U71
806,857,0.189,U72
806,858,0.149,U73
806,859,0.475,U74
806,860,0.08,U75
806,861,0.256,U76
806,862,0.116,U77
806,863,0.16,U78
806,864,0.0,U79
806,865,0.0,U80
806,866,0.0,U81
806,867,0.658,U82
806,868,0.169,U83
806,869,0.189,U84
806,870,0.563,U85
806,871,0.0,U86
806,872,0.0,U87
806,873,0.0,U88
806,874,0.736,U89
806,875,0.33,U90
806,876,0.0,U91
806,877,0.0,U92
806,878,0.031,U93
806,879,0.0,U94
806,880,0.677,U95
806,881,0.0,U96
806,882,0.0,U97
806,883,0.209,U98
806,884,0.0,U99
806,885,0.0,U100
806,886,0.625,U101
806,887,0.231,U102
806,888,0.0,U103
806,889,0.0,U104
806,890,0.0,U105
806,891,0.0,U106
806,892,0.0,U107
806,893,0.405,U108
806,894,0.131,U109
806,895,0.1,U110
806,896,0.0,U111
806,897,0.0,U112
806,898,0.0,U113
806,899,0.0,U114
806,900,0.0,U115
807,1,275.999,V2
807,2,134.754,V3
807,3,121.571,V4
807,4,35.082,V5
807,791,0.0,V6
807,792,1.518,V7
807,793,3.265,V8
807,794,0.696,V9
807,795,0.859,V10
807,796,1.919,V11
807,797,1.683,V12
807,798,3.288,V13
807,799,1.154,V14
807,800,0.133,V15
807,801,2.618,V16
807,802,0.487,V17
807,803,2.079,V18
807,804,1.373,V19
807,805,0.097,V20
807,806,1.185,V21
807,807,0.0,V22
807,808,3.544,V23
807,809,0.863,V24
807,810,2.033,V25
807,811,2.891,V26
807,812,1.968,V27
807,813,2.948,V28
807,814,4.035,V29
807,815,20.314,V30
807,816,0.82,V31
807,817,1.771,V32
807,818,0.685,V33
807,819,5.636,V34
807,820,6.024,V35
807,821,4.451,V36
807,822,4.218,V37
807,823,5.768,V38
807,824,3.205,V39
807,825,5.317,V40
807,826,1.92,V41
807,827,5.721,V42
807,828,0.82,V43
807,829,0.266,V44
807,830,4.972,V45
807,831,0.999,V46
807,832,0.181,V47
807,833,3.472,V48
807,834,2.133,V49
807,835,4.44,V50
807,836,0.061,V51
807,837,2.252,V52
807,838,0.817,V53
807,839,21.843,V54
807,840,0.5,V55
807,841,0.241,V56
807,842,4.412,V57
807,843,2.449,V58
807,844,5.948,V59
807,845,4.506,V60
807,846,4.127,V61
807,847,2.684,V62
807,848,11.025,V63
807,849,2.277,V64
807,850,1.883,V65
807,851,2.084,V66
807,852,4.128,V67
807,853,4.544,V68
807,854,0.714,V69
807,855,2.045,V70
807,856,2.54,V71
807,857,2.529,V72
807,858,2.095,V73
807,859,8.0,V74
807,860,0.144,V75
807,861,3.054,V76
807,862,2.99,V77
807,863,0.33,V78
807,864,0.144,V79
807,865,1.722,V80
807,866,0.3,V81
807,867,17.924,V82
807,868,3.308,V83
807,869,3.182,V84
807,870,0.474,V85
807,871,0.408,V86
807,872,0.328,V87
807,873,0.306,V88
807,874,1.159,V89
807,875,6.17,V90
807,876,0.397,V91
807,877,0.273,V92
807,878,0.031,V93
807,879,0.714,V94
807,880,3.514,V95
807,881,0.036,V96
807,882,0.219,V97
807,883,1.46,V98
807,884,0.35,V99
807,885,0.087,V100
807,886,18.174,V101
807,887,0.89,V102
807,888,0.08,V103
807,889,0.144,V104
807,890,0.146,V105
807,891,0.612,V106
807,892,0.408,V107
807,893,11.555,V108
807,894,0.128,V109
807,895,0.11,V110
807,896,0.9,V111
807,897,0.262,V112
807,898,1.049,V113
807,899,0.7,V114
807,900,0.816,V115
808,1,181.548,W2
808,2,535.884,W3
808,3,150.608,W4
808,4,121.686,W5
808,791,0.0,W6
808,792,2.347,W7
808,793,3.196,W8
808,794,0.418,W9
808,795,0.835,W10
808,796,2.244,W11
808,797,1.07,W12
808,798,2.646,W13
808,799,3.125,W14
808,800,0.094,W15
808,801,2.41,W16
808,802,0.576,W17
808,803,1.673,W18
808,804,1.086,W19
808,805,0.694,W20
808,806,0.361,W21
808,807,3.445,W22
808,808,0.0,W23
808,809,3.158,W24
808,810,0.566,W25
808,811,0.744,W26
808,812,2.404,W27
808,813,4.219,W28
808,814,1.334,W29
808,815,5.75,W30
808,816,1.405,W31
808,817,0.818,W32
808,818,0.335,W33
808,819,7.263,W34
808,820,12.711,W35
808,821,20.731,W36
808,822,17.159,W37
808,823,4.284,W38
808,824,2.019,W39
808,825,5.419,W40
808,826,19.301,W41
808,827,6.359,W42
808,828,3.02,W43
808,829,2.125,W44
808,830,7.372,W45
808,831,3.224,W46
808,832,0.174,W47
808,833,4.27,W48
808,834,5.095,W49
808,835,18.335,W50
808,836,0.248,W51
808,837,3.702,W52
808,838,1.087,W53
808,839,16.44,W54
808,840,5.142,W55
808,841,0.109,W56
808,842,1.1,W57
808,843,1.415,W58
808,844,0.637,W59
808,845,0.548,W60
808,846,0.381,W61
808,847,1.536,W62
808,848,1.046,W63
808,849,0.337,W64
808,850,0.216,W65
808,851,0.265,W66
808,852,0.578,W67
808,853,0.524,W68
808,854,0.639,W69
808,855,2.769,W70
808,856,1.393,W71
808,857,0.567,W72
808,858,0.471,W73
808,859,1.218,W74
808,860,0.167,W75
808,861,1.406,W76
808,862,0.116,W77
808,863,0.558,W78
808,864,0.04,W79
808,865,0.334,W80
808,866,0.0,W81
808,867,0.227,W82
808,868,0.44,W83
808,869,0.517,W84
808,870,0.309,W85
808,871,0.119,W86
808,872,0.127,W87
808,873,0.119,W88
808,874,1.029,W89
808,875,0.206,W90
808,876,0.198,W91
808,877,0.182,W92
808,878,0.063,W93
808,879,0.356,W94
808,880,3.243,W95
808,881,0.083,W96
808,882,0.075,W97
808,883,1.43,W98
808,884,0.136,W99
808,885,0.0,W100
808,886,4.935,W101
808,887,0.225,W102
808,888,4.763,W103
808,889,6.808,W104
808,890,9.369,W105
808,891,0.305,W106
808,892,12.215,W107
808,893,6.316,W108
808,894,0.542,W109
808,895,0.4,W110
808,896,0.4,W111
808,897,0.102,W112
808,898,0.61,W113
808,899,0.305,W114
808,900,0.271,W115
809,1,135.253,X2
809,2,48.294,X3
809,3,77.911,X4
809,4,21.219,X5
809,791,0.0,X6
809,792,1.003,X7
809,793,0.661,X8
809,794,0.418,X9
809,795,0.232,X10
809,796,1.706,X11
809,797,0.568,X12
809,798,1.285,X13
809,799,0.674,X14
809,800,0.596,X15
809,801,0.377,X16
809,802,0.107,X17
809,803,0.685,X18
809,804,0.783,X19
809,805,0.562,X20
809,806,0.326,X21
809,807,0.863,X22
809,808,3.248,X23
809,809,0.0,X24
809,810,0.655,X25
809,811,0.854,X26
809,812,1.147,X27
809,813,0.395,X28
809,814,1.216,X29
809,815,2.427,X30
809,816,0.641,X31
809,817,0.477,X32
809,818,0.28,X33
809,819,0.623,X34
809,820,0.9,X35
809,821,0.916,X36
809,822,1.223,X37
809,823,1.14,X38
809,824,1.01,X39
809,825,2.808,X40
809,826,0.888,X41
809,827,0.804,X42
809,828,0.26,X43
809,829,0.983,X44
809,830,0.515,X45
809,831,0.148,X46
809,832,4.438,X47
809,833,0.62,X48
809,834,0.374,X49
809,835,0.508,X50
809,836,0.134,X51
809,837,1.185,X52
809,838,0.474,X53
809,839,12.697,X54
809,840,0.197,X55
809,841,0.078,X56
809,842,1.141,X57
809,843,0.486,X58
809,844,1.494,X59
809,845,1.388,X60
809,846,0.822,X61
809,847,0.613,X62
809,848,3.372,X63
809,849,0.644,X64
809,850,0.565,X65
809,851,0.61,X66
809,852,0.951,X67
809,853,1.33,X68
809,854,0.282,X69
809,855,1.381,X70
809,856,1.431,X71
809,857,0.682,X72
809,858,0.878,X73
809,859,2.063,X74
809,860,0.1,X75
809,861,1.541,X76
809,862,0.939,X77
809,863,0.223,X78
809,864,0.121,X79
809,865,0.998,X80
809,866,0.2,X81
809,867,6.592,X82
809,868,1.208,X83
809,869,1.444,X84
809,870,0.258,X85
809,871,0.355,X86
809,872,0.254,X87
809,873,0.237,X88
809,874,0.634,X89
809,875,3.296,X90
809,876,0.198,X91
809,877,0.182,X92
809,878,0.22,X93
809,879,0.473,X94
809,880,0.434,X95
809,881,0.291,X96
809,882,0.15,X97
809,883,0.549,X98
809,884,0.203,X99
809,885,0.097,X100
809,886,12.098,X101
809,887,0.48,X102
809,888,0.04,X103
809,889,0.072,X104
809,890,1.183,X105
809,891,0.406,X106
809,892,0.237,X107
809,893,7.274,X108
809,894,0.946,X109
809,895,0.7,X110
809,896,0.4,X111
809,897,0.203,X112
809,898,0.913,X113
809,899,0.406,X114
809,900,0.406,X115
810,1,645.152,Y2
810,2,312.88,Y3
810,3,74.172,Y4
810,4,22.0,Y5
810,791,0.0,Y6
810,792,0.239,Y7
810,793,2.147,Y8
810,794,0.116,Y9
810,795,0.304,Y10
810,796,0.667,Y11
810,797,0.423,Y12
810,798,1.801,Y13
810,799,0.192,Y14
810,800,0.256,Y15
810,801,1.78,Y16
810,802,0.255,Y17
810,803,0.337,Y18
810,804,0.307,Y19
810,805,0.382,Y20
810,806,0.132,Y21
810,807,2.033,Y22
810,808,0.582,Y23
810,809,0.655,Y24
810,810,0.0,Y25
810,811,0.345,Y26
810,812,0.342,Y27
810,813,3.286,Y28
810,814,1.331,Y29
810,815,4.487,Y30
810,816,0.392,Y31
810,817,0.666,Y32
810,818,0.093,Y33
810,819,2.931,Y34
810,820,2.913,Y35
810,821,3.176,Y36
810,822,1.835,Y37
810,823,2.744,Y38
810,824,0.588,Y39
810,825,0.848,Y40
810,826,0.796,Y41
810,827,3.678,Y42
810,828,0.696,Y43
810,829,0.188,Y44
810,830,2.808,Y45
810,831,0.624,Y46
810,832,0.004,Y47
810,833,2.022,Y48
810,834,1.769,Y49
810,835,3.267,Y50
810,836,0.403,Y51
810,837,0.565,Y52
810,838,0.14,Y53
810,839,2.656,Y54
810,840,0.301,Y55
810,841,0.148,Y56
810,842,1.079,Y57
810,843,1.291,Y58
810,844,0.711,Y59
810,845,0.915,Y60
810,846,0.839,Y61
810,847,1.066,Y62
810,848,2.048,Y63
810,849,0.429,Y64
810,850,0.349,Y65
810,851,0.363,Y66
810,852,1.146,Y67
810,853,0.798,Y68
810,854,0.208,Y69
810,855,0.75,Y70
810,856,0.638,Y71
810,857,0.757,Y72
810,858,0.867,Y73
810,859,1.848,Y74
810,860,0.587,Y75
810,861,0.44,Y76
810,862,0.515,Y77
810,863,0.638,Y78
810,864,0.04,Y79
810,865,0.393,Y80
810,866,0.0,Y81
810,867,2.52,Y82
810,868,0.668,Y83
810,869,0.828,Y84
810,870,0.127,Y85
810,871,0.175,Y86
810,872,0.0,Y87
810,873,0.127,Y88
810,874,0.263,Y89
810,875,0.81,Y90
810,876,0.099,Y91
810,877,0.091,Y92
810,878,0.031,Y93
810,879,0.14,Y94
810,880,2.511,Y95
810,881,0.042,Y96
810,882,0.0,Y97
810,883,0.562,Y98
810,884,0.072,Y99
810,885,0.0,Y100
810,886,1.779,Y101
810,887,0.081,Y102
810,888,0.0,Y103
810,889,0.0,Y104
810,890,0.192,Y105
810,891,0.114,Y106
810,892,0.0,Y107
810,893,0.149,Y108
810,894,0.318,Y109
810,895,0.2,Y110
810,896,0.1,Y111
810,897,0.15,Y112
810,898,0.358,Y113
810,899,0.115,Y114
810,900,0.159,Y115
811,1,128.447,Z2
811,2,135.784,Z3
811,3,41.013,Z4
811,4,20.199,Z5
811,791,0.0,Z6
811,792,0.435,Z7
811,793,1.241,Z8
811,794,0.151,Z9
811,795,0.176,Z10
811,796,0.353,Z11
811,797,0.364,Z12
811,798,1.038,Z13
811,799,0.266,Z14
811,800,0.235,Z15
811,801,1.404,Z16
811,802,0.486,Z17
811,803,0.443,Z18
811,804,0.282,Z19
811,805,0.081,Z20
811,806,0.243,Z21
811,807,2.891,Z22
811,808,0.766,Z23
811,809,0.854,Z24
811,810,0.345,Z25
811,811,0.0,Z26
811,812,0.282,Z27
811,813,2.451,Z28
811,814,0.758,Z29
811,815,4.452,Z30
811,816,0.371,Z31
811,817,0.931,Z32
811,818,0.117,Z33
811,819,2.418,Z34
811,820,7.342,Z35
811,821,2.979,Z36
811,822,2.571,Z37
811,823,1.724,Z38
811,824,0.379,Z39
811,825,0.675,Z40
811,826,1.341,Z41
811,827,3.76,Z42
811,828,0.474,Z43
811,829,0.218,Z44
811,830,3.502,Z45
811,831,0.976,Z46
811,832,0.106,Z47
811,833,1.667,Z48
811,834,1.868,Z49
811,835,4.513,Z50
811,836,0.544,Z51
811,837,0.725,Z52
811,838,0.163,Z53
811,839,2.123,Z54
811,840,0.25,Z55
811,841,0.101,Z56
811,842,0.827,Z57
811,843,0.893,Z58
811,844,0.623,Z59
811,845,0.535,Z60
811,846,0.425,Z61
811,847,1.034,Z62
811,848,1.138,Z63
811,849,0.33,Z64
811,850,0.237,Z65
811,851,0.271,Z66
811,852,0.517,Z67
811,853,0.548,Z68
811,854,0.705,Z69
811,855,0.996,Z70
811,856,0.68,Z71
811,857,0.441,Z72
811,858,0.304,Z73
811,859,1.103,Z74
811,860,0.143,Z75
811,861,0.696,Z76
811,862,0.266,Z77
811,863,0.43,Z78
811,864,0.036,Z79
811,865,0.287,Z80
811,866,0.0,Z81
811,867,1.433,Z82
811,868,0.363,Z83
811,869,0.362,Z84
811,870,0.136,Z85
811,871,0.0,Z86
811,872,0.0,Z87
811,873,0.0,Z88
811,874,0.142,Z89
811,875,0.815,Z90
811,876,0.0,Z91
811,877,0.0,Z92
811,878,0.031,Z93
811,879,0.102,Z94
811,880,2.078,Z95
811,881,0.036,Z96
811,882,0.0,Z97
811,883,0.448,Z98
811,884,0.058,Z99
811,885,0.0,Z100
811,886,1.237,Z101
811,887,0.058,Z102
811,888,0.0,Z103
811,889,0.0,Z104
811,890,0.145,Z105
811,891,0.087,Z106
811,892,0.0,Z107
811,893,0.768,Z108
811,894,0.116,Z109
811,895,0.1,Z110
811,896,0.1,Z111
811,897,0.0,Z112
811,898,0.0,Z113
811,899,0.087,Z114
811,900,0.116,Z115
812,1,194.316,AA2
812,2,763.768,AA3
812,3,155.305,AA4
812,4,135.82,AA5
812,791,0.0,AA6
812,792,1.758,AA7
812,793,1.342,AA8
812,794,0.279,AA9
812,795,0.271,AA10
812,796,1.121,AA11
812,797,0.489,AA12
812,798,0.952,AA13
812,799,1.273,AA14
812,800,0.256,AA15
812,801,1.013,AA16
812,802,0.247,AA17
812,803,1.092,AA18
812,804,0.59,AA19
812,805,0.458,AA20
812,806,0.097,AA21
812,807,1.53,AA22
812,808,1.924,AA23
812,809,0.892,AA24
812,810,0.266,AA25
812,811,0.219,AA26
812,812,0.0,AA27
812,813,1.751,AA28
812,814,0.559,AA29
812,815,2.445,AA30
812,816,0.816,AA31
812,817,0.356,AA32
812,818,0.093,AA33
812,819,2.668,AA34
812,820,4.144,AA35
812,821,5.101,AA36
812,822,11.834,AA37
812,823,1.981,AA38
812,824,0.847,AA39
812,825,5.196,AA40
812,826,7.692,AA41
812,827,3.209,AA42
812,828,1.056,AA43
812,829,1.54,AA44
812,830,3.884,AA45
812,831,2.35,AA46
812,832,3.792,AA47
812,833,2.342,AA48
812,834,2.817,AA49
812,835,7.095,AA50
812,836,0.175,AA51
812,837,2.507,AA52
812,838,0.682,AA53
812,839,9.397,AA54
812,840,2.142,AA55
812,841,0.466,AA56
812,842,0.399,AA57
812,843,0.601,AA58
812,844,0.212,AA59
812,845,0.187,AA60
812,846,0.138,AA61
812,847,0.756,AA62
812,848,0.346,AA63
812,849,0.115,AA64
812,850,0.077,AA65
812,851,0.098,AA66
812,852,0.222,AA67
812,853,0.177,AA68
812,854,0.285,AA69
812,855,1.55,AA70
812,856,0.732,AA71
812,857,0.248,AA72
812,858,0.096,AA73
812,859,0.504,AA74
812,860,0.085,AA75
812,861,0.724,AA76
812,862,0.042,AA77
812,863,0.239,AA78
812,864,0.0,AA79
812,865,0.0,AA80
812,866,0.0,AA81
812,867,0.151,AA82
812,868,0.086,AA83
812,869,0.1,AA84
812,870,0.204,AA85
812,871,0.124,AA86
812,872,0.132,AA87
812,873,0.124,AA88
812,874,0.622,AA89
812,875,0.103,AA90
812,876,0.099,AA91
812,877,0.091,AA92
812,878,0.031,AA93
812,879,0.247,AA94
812,880,1.292,AA95
812,881,0.042,AA96
812,882,0.075,AA97
812,883,0.687,AA98
812,884,0.071,AA99
812,885,0.0,AA100
812,886,2.115,AA101
812,887,0.104,AA102
812,888,1.842,AA103
812,889,2.635,AA104
812,890,4.115,AA105
812,891,0.212,AA106
812,892,11.867,AA107
812,893,2.854,AA108
812,894,0.424,AA109
812,895,0.3,AA110
812,896,0.2,AA111
812,897,0.106,AA112
812,898,0.318,AA113
812,899,0.212,AA114
812,900,0.141,AA115
813,1,200.446,AB2
813,2,85.622,AB3
813,3,68.56,AB4
813,4,50.721,AB5
813,791,0.111,AB6
813,792,3.307,AB7
813,793,9.724,AB8
813,794,1.348,AB9
813,795,2.938,AB10
813,796,8.709,AB11
813,797,6.851,AB12
813,798,23.969,AB13
813,799,2.826,AB14
813,800,0.468,AB15
813,801,4.093,AB16
813,802,0.724,AB17
813,803,3.688,AB18
813,804,3.804,AB19
813,805,0.214,AB20
813,806,2.608,AB21
813,807,7.385,AB22
813,808,10.848,AB23
813,809,0.988,AB24
813,810,8.215,AB25
813,811,6.126,AB26
813,812,5.627,AB27
813,813,0.0,AB28
813,814,21.93,AB29
813,815,43.467,AB30
813,816,2.888,AB31
813,817,4.481,AB32
813,818,1.774,AB33
813,819,7.622,AB34
813,820,9.546,AB35
813,821,3.826,AB36
813,822,5.368,AB37
813,823,18.435,AB38
813,824,8.218,AB39
813,825,15.443,AB40
813,826,3.334,AB41
813,827,13.572,AB42
813,828,0.839,AB43
813,829,0.374,AB44
813,830,7.359,AB45
813,831,0.732,AB46
813,832,0.226,AB47
813,833,6.769,AB48
813,834,2.636,AB49
813,835,3.093,AB50
813,836,0.08,AB51
813,837,4.992,AB52
813,838,2.116,AB53
813,839,64.452,AB54
813,840,1.043,AB55
813,841,1.717,AB56
813,842,14.626,AB57
813,843,9.905,AB58
813,844,33.11,AB59
813,845,25.057,AB60
813,846,22.455,AB61
813,847,6.661,AB62
813,848,61.166,AB63
813,849,9.852,AB64
813,850,14.506,AB65
813,851,9.305,AB66
813,852,27.558,AB67
813,853,20.223,AB68
813,854,3.128,AB69
813,855,8.359,AB70
813,856,8.335,AB71
813,857,19.313,AB72
813,858,24.412,AB73
813,859,36.938,AB74
813,860,13.279,AB75
813,861,8.388,AB76
813,862,19.287,AB77
813,863,1.268,AB78
813,864,0.071,AB79
813,865,0.602,AB80
813,866,0.11,AB81
813,867,82.679,AB82
813,868,23.109,AB83
813,869,15.894,AB84
813,870,1.284,AB85
813,871,0.169,AB86
813,872,1.086,AB87
813,873,0.124,AB88
813,874,4.599,AB89
813,875,17.725,AB90
813,876,0.139,AB91
813,877,0.118,AB92
813,878,0.101,AB93
813,879,0.237,AB94
813,880,13.052,AB95
813,881,0.127,AB96
813,882,0.674,AB97
813,883,5.515,AB98
813,884,0.109,AB99
813,885,0.193,AB100
813,886,58.311,AB101
813,887,1.225,AB102
813,888,0.279,AB103
813,889,0.505,AB104
813,890,0.547,AB105
813,891,0.222,AB106
813,892,1.577,AB107
813,893,0.167,AB108
813,894,0.515,AB109
813,895,0.4,AB110
813,896,0.31,AB111
813,897,0.116,AB112
813,898,0.55,AB113
813,899,0.28,AB114
813,900,0.296,AB115
814,1,129.393,AC2
814,2,33.45,AC3
814,3,55.787,AC4
814,4,30.405,AC5
814,791,0.0,AC6
814,792,1.388,AC7
814,793,13.166,AC8
814,794,0.575,AC9
814,795,1.122,AC10
814,796,3.44,AC11
814,797,2.685,AC12
814,798,12.123,AC13
814,799,1.079,AC14
814,800,0.168,AC15
814,801,13.496,AC16
814,802,1.482,AC17
814,803,1.717,AC18
814,804,1.433,AC19
814,805,0.209,AC20
814,806,0.685,AC21
814,807,10.095,AC22
814,808,3.43,AC23
814,809,3.041,AC24
814,810,3.328,AC25
814,811,1.895,AC26
814,812,1.798,AC27
814,813,21.93,AC28
814,814,0.0,AC29
814,815,46.513,AC30
814,816,1.823,AC31
814,817,3.37,AC32
814,818,0.546,AC33
814,819,14.965,AC34
814,820,14.677,AC35
814,821,16.78,AC36
814,822,7.871,AC37
814,823,23.973,AC38
814,824,3.078,AC39
814,825,4.387,AC40
814,826,3.52,AC41
814,827,18.345,AC42
814,828,2.792,AC43
814,829,0.582,AC44
814,830,13.276,AC45
814,831,3.436,AC46
814,832,0.148,AC47
814,833,10.21,AC48
814,834,8.146,AC49
814,835,15.18,AC50
814,836,0.189,AC51
814,837,2.114,AC52
814,838,0.696,AC53
814,839,19.446,AC54
814,840,1.215,AC55
814,841,0.629,AC56
814,842,4.748,AC57
814,843,6.446,AC58
814,844,7.683,AC59
814,845,6.554,AC60
814,846,6.119,AC61
814,847,4.789,AC62
814,848,14.899,AC63
814,849,2.678,AC64
814,850,2.406,AC65
814,851,2.539,AC66
814,852,6.166,AC67
814,853,4.782,AC68
814,854,0.867,AC69
814,855,3.867,AC70
814,856,2.889,AC71
814,857,3.647,AC72
814,858,4.209,AC73
814,859,9.115,AC74
814,860,0.141,AC75
814,861,2.755,AC76
814,862,3.519,AC77
814,863,0.32,AC78
814,864,0.192,AC79
814,865,1.534,AC80
814,866,0.3,AC81
814,867,16.383,AC82
814,868,3.609,AC83
814,869,3.257,AC84
814,870,0.467,AC85
814,871,0.364,AC86
814,872,0.292,AC87
814,873,0.273,AC88
814,874,0.984,AC89
814,875,4.118,AC90
814,876,0.364,AC91
814,877,0.364,AC92
814,878,0.031,AC93
814,879,0.636,AC94
814,880,17.244,AC95
814,881,0.032,AC96
814,882,0.195,AC97
814,883,2.627,AC98
814,884,0.312,AC99
814,885,0.0,AC100
814,886,11.802,AC101
814,887,0.592,AC102
814,888,0.08,AC103
814,889,0.144,AC104
814,890,0.143,AC105
814,891,0.623,AC106
814,892,0.364,AC107
814,893,7.759,AC108
814,894,0.125,AC109
814,895,0.12,AC110
814,896,0.1,AC111
814,897,0.234,AC112
814,898,1.402,AC113
814,899,0.701,AC114
814,900,0.831,AC115
815,1,367.898,AD2
815,2,105.38,AD3
815,3,135.541,AD4
815,4,96.898,AD5
815,791,0.0,AD6
815,792,1.772,AD7
815,793,9.795,AD8
815,794,0.85,AD9
815,795,0.909,AD10
815,796,4.651,AD11
815,797,3.214,AD12
815,798,9.215,AD13
815,799,1.722,AD14
815,800,0.131,AD15
815,801,9.006,AD16
815,802,1.633,AD17
815,803,2.463,AD18
815,804,1.998,AD19
815,805,0.227,AD20
815,806,1.13,AD21
815,807,15.626,AD22
815,808,4.55,AD23
815,809,1.867,AD24
815,810,3.452,AD25
815,811,3.424,AD26
815,812,2.418,AD27
815,813,13.375,AD28
815,814,14.312,AD29
815,815,0.0,AD30
815,816,2.061,AD31
815,817,5.512,AD32
815,818,0.966,AD33
815,819,20.403,AD34
815,820,19.669,AD35
815,821,15.862,AD36
815,822,9.208,AD37
815,823,21.923,AD38
815,824,4.543,AD39
815,825,6.555,AD40
815,826,3.625,AD41
815,827,17.032,AD42
815,828,2.713,AD43
815,829,0.776,AD44
815,830,15.836,AD45
815,831,3.508,AD46
815,832,0.009,AD47
815,833,5.628,AD48
815,834,7.815,AD49
815,835,14.925,AD50
815,836,0.186,AD51
815,837,3.579,AD52
815,838,0.797,AD53
815,839,28.905,AD54
815,840,1.261,AD55
815,841,0.723,AD56
815,842,5.668,AD57
815,843,6.035,AD58
815,844,10.025,AD59
815,845,8.502,AD60
815,846,8.105,AD61
815,847,4.444,AD62
815,848,19.861,AD63
815,849,3.273,AD64
815,850,3.059,AD65
815,851,3.248,AD66
815,852,7.586,AD67
815,853,6.042,AD68
815,854,0.992,AD69
815,855,3.906,AD70
815,856,3.836,AD71
815,857,4.195,AD72
815,858,5.024,AD73
815,859,11.099,AD74
815,860,0.202,AD75
815,861,4.498,AD76
815,862,4.636,AD77
815,863,0.46,AD78
815,864,0.252,AD79
815,865,2.016,AD80
815,866,0.4,AD81
815,867,22.098,AD82
815,868,4.961,AD83
815,869,4.246,AD84
815,870,0.756,AD85
815,871,0.627,AD86
815,872,0.384,AD87
815,873,0.537,AD88
815,874,1.43,AD89
815,875,7.758,AD90
815,876,0.627,AD91
815,877,0.537,AD92
815,878,0.044,AD93
815,879,0.09,AD94
815,880,16.656,AD95
815,881,0.044,AD96
815,882,0.256,AD97
815,883,2.809,AD98
815,884,0.409,AD99
815,885,0.077,AD100
815,886,19.359,AD101
815,887,0.962,AD102
815,888,0.119,AD103
815,889,0.217,AD104
815,890,0.192,AD105
815,891,0.077,AD106
815,892,0.358,AD107
815,893,12.621,AD108
815,894,0.174,AD109
815,895,0.17,AD110
815,896,0.13,AD111
815,897,0.461,AD112
815,898,1.843,AD113
815,899,0.084,AD114
815,900,0.102,AD115
816,1,83.521,AE2
816,2,58.241,AE3
816,3,12.295,AE4
816,4,1.501,AE5
816,791,0.0,AE6
816,792,0.718,AE7
816,793,1.029,AE8
816,794,0.197,AE9
816,795,0.188,AE10
816,796,0.653,AE11
816,797,0.37,AE12
816,798,1.003,AE13
816,799,0.651,AE14
816,800,0.256,AE15
816,801,0.656,AE16
816,802,0.107,AE17
816,803,0.743,AE18
816,804,0.318,AE19
816,805,0.669,AE20
816,806,0.15,AE21
816,807,0.746,AE22
816,808,1.314,AE23
816,809,0.582,AE24
816,810,0.357,AE25
816,811,0.337,AE26
816,812,0.954,AE27
816,813,1.05,AE28
816,814,0.663,AE29
816,815,2.436,AE30
816,816,0.0,AE31
816,817,0.227,AE32
816,818,0.132,AE33
816,819,1.334,AE34
816,820,2.31,AE35
816,821,3.287,AE36
816,822,2.882,AE37
816,823,1.321,AE38
816,824,0.584,AE39
816,825,2.826,AE40
816,826,0.998,AE41
816,827,1.6,AE42
816,828,0.435,AE43
816,829,0.178,AE44
816,830,1.917,AE45
816,831,0.568,AE46
816,832,0.211,AE47
816,833,1.222,AE48
816,834,0.817,AE49
816,835,1.707,AE50
816,836,0.403,AE51
816,837,0.766,AE52
816,838,0.234,AE53
816,839,4.618,AE54
816,840,0.288,AE55
816,841,0.466,AE56
816,842,0.519,AE57
816,843,0.442,AE58
816,844,0.374,AE59
816,845,0.33,AE60
816,846,0.287,AE61
816,847,0.509,AE62
816,848,0.767,AE63
816,849,0.23,AE64
816,850,0.181,AE65
816,851,0.207,AE66
816,852,0.391,AE67
816,853,0.443,AE68
816,854,0.386,AE69
816,855,1.036,AE70
816,856,0.809,AE71
816,857,0.317,AE72
816,858,0.34,AE73
816,859,0.863,AE74
816,860,0.17,AE75
816,861,0.803,AE76
816,862,0.28,AE77
816,863,0.319,AE78
816,864,0.0,AE79
816,865,0.0,AE80
816,866,0.0,AE81
816,867,1.741,AE82
816,868,0.41,AE83
816,869,0.484,AE84
816,870,0.161,AE85
816,871,0.125,AE86
816,872,0.0,AE87
816,873,0.0,AE88
816,874,0.228,AE89
816,875,1.315,AE90
816,876,0.0,AE91
816,877,0.0,AE92
816,878,0.031,AE93
816,879,0.125,AE94
816,880,0.967,AE95
816,881,0.042,AE96
816,882,0.0,AE97
816,883,0.379,AE98
816,884,0.072,AE99
816,885,0.0,AE100
816,886,3.317,AE101
816,887,0.145,AE102
816,888,0.0,AE103
816,889,0.0,AE104
816,890,0.179,AE105
816,891,0.107,AE106
816,892,0.0,AE107
816,893,2.163,AE108
816,894,0.143,AE109
816,895,0.1,AE110
816,896,0.1,AE111
816,897,0.0,AE112
816,898,0.0,AE113
816,899,0.107,AE114
816,900,0.143,AE115
817,1,161.093,AF2
817,2,53.771,AF3
817,3,45.713,AF4
817,4,11.102,AF5
817,791,0.0,AF6
817,792,0.436,AF7
817,793,1.247,AF8
817,794,0.185,AF9
817,795,0.204,AF10
817,796,0.863,AF11
817,797,0.409,AF12
817,798,1.158,AF13
817,799,0.319,AF14
817,800,0.227,AF15
817,801,1.132,AF16
817,802,0.273,AF17
817,803,0.535,AF18
817,804,0.363,AF19
817,805,0.467,AF20
817,806,0.273,AF21
817,807,1.771,AF22
817,808,0.841,AF23
817,809,0.477,AF24
817,810,0.666,AF25
817,811,0.931,AF26
817,812,0.457,AF27
817,813,1.793,AF28
817,814,1.348,AF29
817,815,7.165,AF30
817,816,0.25,AF31
817,817,0.0,AF32
817,818,0.249,AF33
817,819,3.217,AF34
817,820,4.879,AF35
817,821,2.032,AF36
817,822,2.002,AF37
817,823,2.672,AF38
817,824,0.845,AF39
817,825,1.255,AF40
817,826,0.91,AF41
817,827,2.672,AF42
817,828,0.341,AF43
817,829,0.164,AF44
817,830,3.985,AF45
817,831,0.755,AF46
817,832,0.02,AF47
817,833,1.523,AF48
817,834,1.569,AF49
817,835,3.371,AF50
817,836,0.409,AF51
817,837,0.747,AF52
817,838,0.21,AF53
817,839,4.849,AF54
817,840,0.249,AF55
817,841,0.083,AF56
817,842,1.281,AF57
817,843,0.734,AF58
817,844,1.509,AF59
817,845,1.295,AF60
817,846,1.098,AF61
817,847,0.863,AF62
817,848,2.951,AF63
817,849,0.628,AF64
817,850,0.537,AF65
817,851,0.547,AF66
817,852,1.128,AF67
817,853,1.173,AF68
817,854,0.235,AF69
817,855,1.045,AF70
817,856,0.837,AF71
817,857,0.786,AF72
817,858,0.723,AF73
817,859,2.312,AF74
817,860,0.484,AF75
817,861,0.927,AF76
817,862,0.682,AF77
817,863,0.097,AF78
817,864,0.035,AF79
817,865,0.277,AF80
817,866,0.1,AF81
817,867,4.021,AF82
817,868,0.777,AF83
817,869,1.066,AF84
817,870,0.159,AF85
817,871,0.098,AF86
817,872,0.105,AF87
817,873,0.098,AF88
817,874,0.264,AF89
817,875,1.568,AF90
817,876,0.098,AF91
817,877,0.091,AF92
817,878,0.094,AF93
817,879,0.197,AF94
817,880,2.439,AF95
817,881,0.069,AF96
817,882,0.07,AF97
817,883,0.526,AF98
817,884,0.056,AF99
817,885,0.0,AF100
817,886,3.458,AF101
817,887,0.174,AF102
817,888,0.0,AF103
817,889,0.0,AF104
817,890,0.281,AF105
817,891,0.169,AF106
817,892,0.0,AF107
817,893,0.112,AF108
817,894,0.337,AF109
817,895,0.3,AF110
817,896,0.2,AF111
817,897,0.084,AF112
817,898,0.253,AF113
817,899,0.169,AF114
817,900,0.112,AF115
818,1,330.822,AG2
818,2,93.686,AG3
818,3,7.143,AG4
818,4,2.71,AG5
818,791,0.0,AG6
818,792,0.15,AG7
818,793,0.518,AG8
818,794,0.655,AG9
818,795,0.327,AG10
818,796,0.207,AG11
818,797,0.142,AG12
818,798,0.487,AG13
818,799,0.097,AG14
818,800,0.073,AG15
818,801,0.239,AG16
818,802,0.073,AG17
818,803,0.178,AG18
818,804,0.087,AG19
818,805,0.224,AG20
818,806,0.08,AG21
818,807,0.64,AG22
818,808,0.322,AG23
818,809,0.262,AG24
818,810,0.087,AG25
818,811,0.109,AG26
818,812,0.112,AG27
818,813,0.663,AG28
818,814,0.204,AG29
818,815,1.173,AG30
818,816,0.136,AG31
818,817,0.233,AG32
818,818,0.0,AG33
818,819,0.821,AG34
818,820,3.952,AG35
818,821,1.288,AG36
818,822,0.442,AG37
818,823,0.487,AG38
818,824,0.206,AG39
818,825,0.299,AG40
818,826,0.411,AG41
818,827,1.011,AG42
818,828,0.2,AG43
818,829,0.786,AG44
818,830,0.844,AG45
818,831,0.18,AG46
818,832,0.078,AG47
818,833,0.468,AG48
818,834,0.415,AG49
818,835,0.815,AG50
818,836,0.168,AG51
818,837,0.292,AG52
818,838,0.757,AG53
818,839,1.388,AG54
818,840,0.112,AG55
818,841,0.291,AG56
818,842,0.271,AG57
818,843,0.262,AG58
818,844,0.24,AG59
818,845,0.212,AG60
818,846,0.166,AG61
818,847,0.313,AG62
818,848,0.452,AG63
818,849,0.124,AG64
818,850,0.091,AG65
818,851,0.109,AG66
818,852,0.175,AG67
818,853,0.189,AG68
818,854,0.145,AG69
818,855,0.379,AG70
818,856,0.279,AG71
818,857,0.146,AG72
818,858,0.116,AG73
818,859,0.386,AG74
818,860,0.067,AG75
818,861,0.313,AG76
818,862,0.103,AG77
818,863,0.133,AG78
818,864,0.0,AG79
818,865,0.0,AG80
818,866,0.0,AG81
818,867,0.552,AG82
818,868,0.134,AG83
818,869,0.136,AG84
818,870,0.599,AG85
818,871,0.0,AG86
818,872,0.0,AG87
818,873,0.0,AG88
818,874,0.608,AG89
818,875,0.424,AG90
818,876,0.0,AG91
818,877,0.0,AG92
818,878,0.0,AG93
818,879,0.0,AG94
818,880,0.831,AG95
818,881,0.0,AG96
818,882,0.0,AG97
818,883,0.156,AG98
818,884,0.0,AG99
818,885,0.0,AG100
818,886,0.594,AG101
818,887,0.324,AG102
818,888,0.0,AG103
818,889,0.0,AG104
818,890,0.0,AG105
818,891,0.0,AG106
818,892,0.0,AG107
818,893,0.789,AG108
818,894,0.0,AG109
818,895,0.0,AG110
818,896,0.0,AG111
818,897,0.0,AG112
818,898,0.0,AG113
818,899,0.0,AG114
818,900,0.0,AG115
819,1,212.489,AH2
819,2,152.989,AH3
819,3,82.225,AH4
819,4,33.89,AH5
819,791,0.088,AH6
819,792,2.388,AH7
819,793,3.288,AH8
819,794,1.101,AH9
819,795,0.791,AH10
819,796,4.274,AH11
819,797,2.096,AH12
819,798,5.308,AH13
819,799,1.726,AH14
819,800,0.13,AH15
819,801,1.923,AH16
819,802,0.233,AH17
819,803,3.258,AH18
819,804,1.788,AH19
819,805,0.162,AH20
819,806,1.384,AH21
819,807,5.267,AH22
819,808,6.982,AH23
819,809,0.582,AH24
819,810,2.74,AH25
819,811,2.26,AH26
819,812,3.205,AH27
819,813,2.844,AH28
819,814,5.594,AH29
819,815,24.789,AH30
819,816,1.356,AH31
819,817,3.007,AH32
819,818,0.821,AH33
819,819,0.0,AH34
819,820,8.633,AH35
819,821,3.835,AH36
819,822,5.26,AH37
819,823,5.397,AH38
819,824,3.146,AH39
819,825,7.855,AH40
819,826,2.422,AH41
819,827,5.603,AH42
819,828,0.746,AH43
819,829,0.306,AH44
819,830,4.39,AH45
819,831,1.025,AH46
819,832,0.184,AH47
819,833,3.255,AH48
819,834,1.712,AH49
819,835,4.033,AH50
819,836,0.063,AH51
819,837,3.621,AH52
819,838,1.339,AH53
819,839,32.465,AH54
819,840,0.542,AH55
819,841,0.274,AH56
819,842,5.951,AH57
819,843,2.116,AH58
819,844,9.219,AH59
819,845,9.099,AH60
819,846,7.366,AH61
819,847,2.829,AH62
819,848,21.971,AH63
819,849,3.658,AH64
819,850,3.705,AH65
819,851,3.616,AH66
819,852,5.794,AH67
819,853,7.411,AH68
819,854,1.151,AH69
819,855,4.271,AH70
819,856,4.258,AH71
819,857,4.202,AH72
819,858,4.208,AH73
819,859,13.908,AH74
819,860,0.25,AH75
819,861,5.21,AH76
819,862,4.694,AH77
819,863,0.557,AH78
819,864,0.282,AH79
819,865,2.254,AH80
819,866,0.6,AH81
819,867,29.194,AH82
819,868,4.93,AH83
819,869,6.794,AH84
819,870,0.745,AH85
819,871,0.712,AH86
819,872,0.382,AH87
819,873,0.534,AH88
819,874,1.784,AH89
819,875,11.277,AH90
819,876,0.623,AH91
819,877,0.534,AH92
819,878,0.053,AH93
819,879,0.089,AH94
819,880,5.284,AH95
819,881,0.053,AH96
819,882,0.254,AH97
819,883,2.004,AH98
819,884,0.407,AH99
819,885,0.153,AH100
819,886,33.53,AH101
819,887,1.47,AH102
819,888,0.119,AH103
819,889,0.217,AH104
819,890,0.191,AH105
819,891,0.076,AH106
819,892,0.356,AH107
819,893,19.212,AH108
819,894,0.153,AH109
819,895,0.15,AH110
819,896,0.12,AH111
819,897,0.305,AH112
819,898,1.603,AH113
819,899,0.084,AH114
819,900,0.916,AH115
820,1,282.474,AI2
820,2,86.419,AI3
820,3,63.127,AI4
820,4,23.211,AI5
820,791,0.08,AI6
820,792,3.939,AI7
820,793,4.009,AI8
820,794,1.822,AI9
820,795,1.179,AI10
820,796,6.264,AI11
820,797,2.84,AI12
820,798,7.344,AI13
820,799,2.787,AI14
820,800,0.173,AI15
820,801,1.812,AI16
820,802,0.229,AI17
820,803,5.258,AI18
820,804,2.63,AI19
820,805,0.261,AI20
820,806,1.912,AI21
820,807,5.63,AI22
820,808,12.219,AI23
820,809,0.841,AI24
820,810,2.722,AI25
820,811,6.862,AI26
820,812,4.98,AI27
820,813,3.566,AI28
820,814,5.487,AI29
820,815,23.889,AI30
820,816,2.375,AI31
820,817,4.554,AI32
820,818,3.952,AI33
820,819,8.62,AI34
820,820,0.0,AI35
820,821,3.77,AI36
820,822,7.595,AI37
820,823,6.039,AI38
820,824,6.163,AI39
820,825,13.014,AI40
820,826,3.876,AI41
820,827,4.708,AI42
820,828,0.613,AI43
820,829,0.401,AI44
820,830,3.474,AI45
820,831,1.289,AI46
820,832,0.032,AI47
820,833,4.759,AI48
820,834,2.695,AI49
820,835,3.417,AI50
820,836,0.091,AI51
820,837,6.065,AI52
820,838,2.298,AI53
820,839,75.768,AI54
820,840,1.005,AI55
820,841,0.631,AI56
820,842,7.948,AI57
820,843,3.285,AI58
820,844,11.347,AI59
820,845,12.343,AI60
820,846,10.185,AI61
820,847,4.312,AI62
820,848,29.964,AI63
820,849,4.95,AI64
820,850,4.882,AI65
820,851,5.643,AI66
820,852,7.579,AI67
820,853,9.868,AI68
820,854,0.903,AI69
820,855,7.224,AI70
820,856,7.162,AI71
820,857,5.283,AI72
820,858,4.296,AI73
820,859,17.191,AI74
820,860,0.26,AI75
820,861,9.554,AI76
820,862,6.324,AI77
820,863,0.594,AI78
820,864,0.031,AI79
820,865,0.249,AI80
820,866,0.7,AI81
820,867,40.05,AI82
820,868,6.764,AI83
820,869,6.737,AI84
820,870,1.295,AI85
820,871,0.088,AI86
820,872,0.603,AI87
820,873,0.643,AI88
820,874,2.663,AI89
820,875,20.946,AI90
820,876,0.724,AI91
820,877,0.643,AI92
820,878,0.068,AI93
820,879,0.113,AI94
820,880,7.204,AI95
820,881,0.062,AI96
820,882,0.345,AI97
820,883,2.78,AI98
820,884,0.046,AI99
820,885,0.276,AI100
820,886,58.624,AI101
820,887,2.588,AI102
820,888,0.159,AI103
820,889,0.207,AI104
820,890,0.23,AI105
820,891,0.083,AI106
820,892,0.483,AI107
820,893,32.789,AI108
820,894,0.184,AI109
820,895,0.2,AI110
820,896,0.15,AI111
820,897,0.414,AI112
820,898,1.861,AI113
820,899,0.09,AI114
820,900,0.101,AI115
821,1,416.335,AJ2
821,2,213.782,AJ3
821,3,65.193,AJ4
821,4,15.653,AJ5
821,791,0.2,AJ6
821,792,5.691,AJ7
821,793,2.123,AJ8
821,794,1.241,AJ9
821,795,1.482,AJ10
821,796,5.486,AJ11
821,797,2.089,AJ12
821,798,4.933,AJ13
821,799,4.77,AJ14
821,800,0.241,AJ15
821,801,1.301,AJ16
821,802,0.171,AJ17
821,803,4.582,AJ18
821,804,2.397,AJ19
821,805,0.328,AJ20
821,806,0.872,AJ21
821,807,4.046,AJ22
821,808,19.385,AJ23
821,809,0.833,AJ24
821,810,2.887,AJ25
821,811,2.708,AJ26
821,812,5.963,AJ27
821,813,1.391,AJ28
821,814,6.102,AJ29
821,815,18.747,AJ30
821,816,3.287,AJ31
821,817,1.847,AJ32
821,818,1.253,AJ33
821,819,3.73,AJ34
821,820,3.668,AJ35
821,821,0.0,AJ36
821,822,7.285,AJ37
821,823,5.322,AJ38
821,824,10.105,AJ39
821,825,20.509,AJ40
821,826,4.875,AJ41
821,827,3.074,AJ42
821,828,0.317,AJ43
821,829,0.468,AJ44
821,830,1.412,AJ45
821,831,1.01,AJ46
821,832,0.146,AJ47
821,833,3.349,AJ48
821,834,2.327,AJ49
821,835,3.197,AJ50
821,836,0.09,AJ51
821,837,6.883,AJ52
821,838,3.043,AJ53
821,839,95.662,AJ54
821,840,1.105,AJ55
821,841,0.365,AJ56
821,842,5.103,AJ57
821,843,1.938,AJ58
821,844,5.589,AJ59
821,845,5.153,AJ60
821,846,4.59,AJ61
821,847,2.762,AJ62
821,848,12.931,AJ63
821,849,3.228,AJ64
821,850,2.929,AJ65
821,851,3.063,AJ66
821,852,4.809,AJ67
821,853,6.606,AJ68
821,854,0.778,AJ69
821,855,9.099,AJ70
821,856,4.824,AJ71
821,857,3.372,AJ72
821,858,3.934,AJ73
821,859,9.775,AJ74
821,860,0.306,AJ75
821,861,11.826,AJ76
821,862,4.893,AJ77
821,863,0.697,AJ78
821,864,0.036,AJ79
821,865,0.313,AJ80
821,866,0.7,AJ81
821,867,0.256,AJ82
821,868,5.391,AJ83
821,869,6.495,AJ84
821,870,1.551,AJ85
821,871,0.172,AJ86
821,872,0.975,AJ87
821,873,0.111,AJ88
821,874,4.498,AJ89
821,875,25.623,AJ90
821,876,0.119,AJ91
821,877,0.1,AJ92
821,878,0.113,AJ93
821,879,0.202,AJ94
821,880,2.484,AJ95
821,881,0.121,AJ96
821,882,0.578,AJ97
821,883,2.568,AJ98
821,884,0.081,AJ99
821,885,0.347,AJ100
821,886,69.77,AJ101
821,887,3.798,AJ102
821,888,0.239,AJ103
821,889,0.289,AJ104
821,890,0.405,AJ105
821,891,0.147,AJ106
821,892,0.607,AJ107
821,893,92.972,AJ108
821,894,0.289,AJ109
821,895,0.25,AJ110
821,896,0.21,AJ111
821,897,0.607,AJ112
821,898,0.286,AJ113
821,899,0.147,AJ114
821,900,0.162,AJ115
822,1,323.386,AK2
822,2,374.104,AK3
822,3,103.856,AK4
822,4,186.279,AK5
822,791,0.124,AK6
822,792,2.448,AK7
822,793,2.01,AK8
822,794,1.487,AK9
822,795,0.937,AK10
822,796,5.022,AK11
822,797,1.651,AK12
822,798,2.612,AK13
822,799,3.112,AK14
822,800,0.119,AK15
822,801,1.488,AK16
822,802,0.329,AK17
822,803,5.993,AK18
822,804,2.288,AK19
822,805,0.353,AK20
822,806,0.783,AK21
822,807,2.982,AK22
822,808,12.48,AK23
822,809,0.865,AK24
822,810,1.298,AK25
822,811,1.818,AK26
822,812,10.758,AK27
822,813,1.518,AK28
822,814,2.226,AK29
822,815,8.464,AK30
822,816,2.242,AK31
822,817,1.416,AK32
822,818,0.335,AK33
822,819,3.98,AK34
822,820,5.753,AK35
822,821,5.666,AK36
822,822,0.0,AK37
822,823,2.901,AK38
822,824,2.77,AK39
822,825,19.393,AK40
822,826,6.661,AK41
822,827,2.337,AK42
822,828,0.931,AK43
822,829,0.638,AK44
822,830,3.076,AK45
822,831,1.51,AK46
822,832,0.148,AK47
822,833,2.785,AK48
822,834,2.711,AK49
822,835,7.122,AK50
822,836,0.114,AK51
822,837,3.692,AK52
822,838,2.058,AK53
822,839,58.697,AK54
822,840,2.185,AK55
822,841,0.132,AK56
822,842,1.889,AK57
822,843,0.973,AK58
822,844,2.329,AK59
822,845,2.141,AK60
822,846,1.754,AK61
822,847,1.058,AK62
822,848,5.154,AK63
822,849,0.981,AK64
822,850,0.886,AK65
822,851,0.881,AK66
822,852,1.955,AK67
822,853,2.055,AK68
822,854,0.529,AK69
822,855,2.671,AK70
822,856,3.43,AK71
822,857,1.476,AK72
822,858,1.608,AK73
822,859,4.638,AK74
822,860,0.187,AK75
822,861,3.296,AK76
822,862,1.528,AK77
822,863,0.415,AK78
822,864,0.243,AK79
822,865,2.461,AK80
822,866,0.3,AK81
822,867,0.167,AK82
822,868,2.083,AK83
822,869,2.545,AK84
822,870,0.637,AK85
822,871,1.0,AK86
822,872,1.071,AK87
822,873,0.875,AK88
822,874,3.334,AK89
822,875,6.696,AK90
822,876,0.893,AK91
822,877,0.727,AK92
822,878,0.057,AK93
822,879,0.187,AK94
822,880,2.565,AK95
822,881,0.071,AK96
822,882,0.524,AK97
822,883,2.931,AK98
822,884,0.086,AK99
822,885,0.292,AK100
822,886,43.312,AK101
822,887,2.006,AK102
822,888,44.672,AK103
822,889,63.969,AK104
822,890,87.572,AK105
822,891,0.15,AK106
822,892,119.752,AK107
822,893,61.674,AK108
822,894,0.329,AK109
822,895,0.23,AK110
822,896,0.19,AK111
822,897,0.75,AK112
822,898,0.321,AK113
822,899,0.161,AK114
822,900,0.186,AK115
823,1,271.246,AL2
823,2,180.072,AL3
823,3,122.973,AL4
823,4,57.338,AL5
823,791,0.0,AL6
823,792,1.577,AL7
823,793,3.83,AL8
823,794,0.505,AL9
823,795,1.167,AL10
823,796,3.443,AL11
823,797,2.547,AL12
823,798,4.284,AL13
823,799,1.326,AL14
823,800,0.189,AL15
823,801,3.377,AL16
823,802,0.597,AL17
823,803,1.92,AL18
823,804,1.541,AL19
823,805,0.121,AL20
823,806,0.613,AL21
823,807,5.768,AL22
823,808,4.407,AL23
823,809,1.14,AL24
823,810,2.744,AL25
823,811,1.724,AL26
823,812,2.547,AL27
823,813,7.374,AL28
823,814,9.589,AL29
823,815,28.5,AL30
823,816,1.453,AL31
823,817,2.672,AL32
823,818,0.521,AL33
823,819,5.775,AL34
823,820,6.468,AL35
823,821,5.855,AL36
823,822,4.103,AL37
823,823,0.0,AL38
823,824,3.639,AL39
823,825,6.246,AL40
823,826,1.912,AL41
823,827,7.751,AL42
823,828,1.046,AL43
823,829,0.279,AL44
823,830,7.099,AL45
823,831,1.158,AL46
823,832,0.108,AL47
823,833,5.333,AL48
823,834,3.37,AL49
823,835,5.462,AL50
823,836,0.085,AL51
823,837,2.701,AL52
823,838,0.864,AL53
823,839,28.775,AL54
823,840,0.679,AL55
823,841,0.994,AL56
823,842,7.528,AL57
823,843,5.393,AL58
823,844,8.197,AL59
823,845,9.665,AL60
823,846,5.457,AL61
823,847,4.457,AL62
823,848,23.554,AL63
823,849,4.056,AL64
823,850,3.752,AL65
823,851,3.541,AL66
823,852,9.308,AL67
823,853,8.294,AL68
823,854,1.989,AL69
823,855,3.249,AL70
823,856,3.881,AL71
823,857,5.56,AL72
823,858,6.645,AL73
823,859,15.827,AL74
823,860,5.98,AL75
823,861,4.659,AL76
823,862,6.179,AL77
823,863,0.697,AL78
823,864,0.036,AL79
823,865,0.316,AL80
823,866,0.7,AL81
823,867,32.085,AL82
823,868,8.11,AL83
823,869,7.658,AL84
823,870,0.733,AL85
823,871,0.92,AL86
823,872,0.438,AL87
823,873,0.715,AL88
823,874,1.599,AL89
823,875,9.311,AL90
823,876,0.793,AL91
823,877,0.636,AL92
823,878,0.06,AL93
823,879,0.112,AL94
823,880,7.443,AL95
823,881,0.068,AL96
823,882,0.438,AL97
823,883,2.347,AL98
823,884,0.526,AL99
823,885,0.088,AL100
823,886,23.564,AL101
823,887,1.162,AL102
823,888,0.119,AL103
823,889,0.217,AL104
823,890,0.263,AL105
823,891,0.105,AL106
823,892,0.613,AL107
823,893,0.818,AL108
823,894,0.234,AL109
823,895,0.2,AL110
823,896,0.15,AL111
823,897,0.526,AL112
823,898,2.365,AL113
823,899,0.123,AL114
823,900,0.128,AL115
824,1,26.37,AM2
824,2,183.487,AM3
824,3,46.877,AM4
824,4,22.926,AM5
824,791,0.0,AM6
824,792,2.274,AM7
824,793,5.07,AM8
824,794,0.373,AM9
824,795,0.525,AM10
824,796,2.971,AM11
824,797,1.216,AM12
824,798,4.144,AM13
824,799,1.212,AM14
824,800,0.767,AM15
824,801,3.755,AM16
824,802,0.963,AM17
824,803,1.087,AM18
824,804,1.417,AM19
824,805,0.439,AM20
824,806,0.521,AM21
824,807,6.231,AM22
824,808,4.039,AM23
824,809,1.963,AM24
824,810,1.144,AM25
824,811,0.736,AM26
824,812,2.118,AM27
824,813,6.392,AM28
824,814,2.394,AM29
824,815,11.483,AM30
824,816,1.249,AM31
824,817,1.643,AM32
824,818,0.428,AM33
824,819,6.545,AM34
824,820,12.83,AM35
824,821,21.613,AM36
824,822,7.618,AM37
824,823,7.075,AM38
824,824,0.0,AM39
824,825,6.19,AM40
824,826,7.002,AM41
824,827,10.33,AM42
824,828,3.671,AM43
824,829,1.356,AM44
824,830,13.606,AM45
824,831,7.304,AM46
824,832,0.127,AM47
824,833,8.131,AM48
824,834,6.691,AM49
824,835,22.819,AM50
824,836,0.342,AM51
824,837,3.898,AM52
824,838,0.672,AM53
824,839,19.348,AM54
824,840,2.88,AM55
824,841,0.202,AM56
824,842,1.89,AM57
824,843,2.322,AM58
824,844,1.047,AM59
824,845,0.902,AM60
824,846,0.811,AM61
824,847,2.69,AM62
824,848,2.017,AM63
824,849,0.475,AM64
824,850,0.37,AM65
824,851,0.553,AM66
824,852,1.135,AM67
824,853,0.862,AM68
824,854,0.154,AM69
824,855,5.596,AM70
824,856,3.27,AM71
824,857,1.015,AM72
824,858,0.925,AM73
824,859,2.326,AM74
824,860,0.624,AM75
824,861,3.438,AM76
824,862,0.603,AM77
824,863,0.14,AM78
824,864,0.078,AM79
824,865,0.624,AM80
824,866,0.1,AM81
824,867,0.53,AM82
824,868,0.927,AM83
824,869,1.108,AM84
824,870,0.78,AM85
824,871,0.333,AM86
824,872,0.357,AM87
824,873,0.222,AM88
824,874,1.141,AM89
824,875,3.781,AM90
824,876,0.298,AM91
824,877,0.273,AM92
824,878,0.22,AM93
824,879,0.666,AM94
824,880,5.736,AM95
824,881,0.234,AM96
824,882,0.15,AM97
824,883,1.662,AM98
824,884,0.254,AM99
824,885,0.095,AM100
824,886,7.942,AM101
824,887,0.353,AM102
824,888,0.04,AM103
824,889,0.072,AM104
824,890,1.268,AM105
824,891,0.38,AM106
824,892,0.222,AM107
824,893,10.07,AM108
824,894,0.888,AM109
824,895,0.7,AM110
824,896,0.6,AM111
824,897,0.19,AM112
824,898,0.571,AM113
824,899,0.38,AM114
824,900,0.38,AM115
825,1,317.441,AN2
825,2,518.12,AN3
825,3,41.846,AN4
825,4,34.245,AN5
825,791,0.0,AN6
825,792,3.562,AN7
825,793,4.089,AN8
825,794,0.813,AN9
825,795,0.742,AN10
825,796,3.249,AN11
825,797,1.347,AN12
825,798,2.898,AN13
825,799,4.385,AN14
825,800,0.767,AN15
825,801,2.501,AN16
825,802,0.658,AN17
825,803,1.986,AN18
825,804,1.716,AN19
825,805,0.697,AN20
825,806,0.264,AN21
825,807,4.136,AN22
825,808,4.335,AN23
825,809,2.184,AN24
825,810,0.659,AN25
825,811,0.525,AN26
825,812,5.196,AN27
825,813,4.804,AN28
825,814,1.365,AN29
825,815,6.628,AN30
825,816,2.418,AN31
825,817,0.976,AN32
825,818,0.249,AN33
825,819,6.537,AN34
825,820,10.831,AN35
825,821,17.547,AN36
825,822,21.333,AN37
825,823,4.858,AN38
825,824,2.476,AN39
825,825,0.0,AN40
825,826,26.524,AN41
825,827,8.68,AN42
825,828,3.551,AN43
825,829,2.348,AN44
825,830,10.55,AN45
825,831,6.799,AN46
825,832,0.203,AN47
825,833,5.749,AN48
825,834,7.027,AN49
825,835,17.916,AN50
825,836,0.53,AN51
825,837,6.975,AN52
825,838,1.066,AN53
825,839,26.26,AN54
825,840,4.816,AN55
825,841,0.117,AN56
825,842,1.09,AN57
825,843,1.645,AN58
825,844,0.564,AN59
825,845,0.517,AN60
825,846,0.381,AN61
825,847,2.037,AN62
825,848,0.947,AN63
825,849,0.33,AN64
825,850,0.209,AN65
825,851,0.253,AN66
825,852,0.604,AN67
825,853,0.492,AN68
825,854,0.107,AN69
825,855,4.204,AN70
825,856,1.932,AN71
825,857,0.672,AN72
825,858,0.562,AN73
825,859,1.377,AN74
825,860,0.34,AN75
825,861,1.967,AN76
825,862,0.119,AN77
825,863,0.08,AN78
825,864,0.04,AN79
825,865,0.355,AN80
825,866,0.1,AN81
825,867,0.303,AN82
825,868,0.236,AN83
825,869,0.58,AN84
825,870,0.535,AN85
825,871,0.378,AN86
825,872,0.405,AN87
825,873,0.378,AN88
825,874,1.782,AN89
825,875,0.413,AN90
825,876,0.298,AN91
825,877,0.273,AN92
825,878,0.094,AN93
825,879,0.882,AN94
825,880,3.965,AN95
825,881,0.126,AN96
825,882,0.15,AN97
825,883,1.848,AN98
825,884,0.288,AN99
825,885,0.0,AN100
825,886,6.313,AN101
825,887,0.272,AN102
825,888,5.718,AN103
825,889,8.179,AN104
825,890,11.865,AN105
825,891,0.648,AN106
825,892,36.373,AN107
825,893,9.938,AN108
825,894,1.152,AN109
825,895,0.8,AN110
825,896,0.7,AN111
825,897,0.216,AN112
825,898,0.972,AN113
825,899,0.648,AN114
825,900,0.576,AN115
826,1,170.404,AO2
826,2,584.352,AO3
826,3,212.815,AO4
826,4,111.141,AO5
826,791,0.0,AO6
826,792,1.684,AO7
826,793,0.927,AO8
826,794,0.581,AO9
826,795,0.987,AO10
826,796,2.511,AO11
826,797,0.687,AO12
826,798,1.302,AO13
826,799,2.394,AO14
826,800,0.119,AO15
826,801,0.585,AO16
826,802,0.148,AO17
826,803,2.799,AO18
826,804,1.144,AO19
826,805,0.306,AO20
826,806,0.387,AO21
826,807,1.358,AO22
826,808,14.037,AO23
826,809,0.628,AO24
826,810,0.563,AO25
826,811,0.948,AO26
826,812,6.993,AO27
826,813,0.943,AO28
826,814,0.996,AO29
826,815,3.332,AO30
826,816,0.776,AO31
826,817,0.643,AO32
826,818,0.311,AO33
826,819,1.832,AO34
826,820,2.933,AO35
826,821,3.8,AO36
826,822,6.661,AO37
826,823,1.352,AO38
826,824,2.546,AO39
826,825,24.113,AO40
826,826,0.0,AO41
826,827,1.223,AO42
826,828,0.64,AO43
826,829,0.824,AO44
826,830,1.229,AO45
826,831,0.908,AO46
826,832,0.098,AO47
826,833,0.966,AO48
826,834,1.175,AO49
826,835,2.652,AO50
826,836,0.094,AO51
826,837,3.647,AO52
826,838,0.993,AO53
826,839,31.421,AO54
826,840,2.158,AO55
826,841,0.078,AO56
826,842,1.022,AO57
826,843,0.584,AO58
826,844,1.355,AO59
826,845,0.902,AO60
826,846,1.026,AO61
826,847,0.533,AO62
826,848,2.172,AO63
826,849,0.422,AO64
826,850,0.377,AO65
826,851,0.432,AO66
826,852,1.031,AO67
826,853,0.871,AO68
826,854,0.381,AO69
826,855,1.744,AO70
826,856,1.209,AO71
826,857,0.62,AO72
826,858,0.68,AO73
826,859,1.944,AO74
826,860,0.128,AO75
826,861,1.463,AO76
826,862,0.312,AO77
826,863,0.287,AO78
826,864,0.162,AO79
826,865,1.395,AO80
826,866,0.2,AO81
826,867,0.129,AO82
826,868,0.432,AO83
826,869,1.072,AO84
826,870,0.391,AO85
826,871,0.136,AO86
826,872,0.173,AO87
826,873,0.149,AO88
826,874,3.506,AO89
826,875,0.144,AO90
826,876,0.139,AO91
826,877,0.118,AO92
826,878,0.041,AO93
826,879,0.322,AO94
826,880,1.861,AO95
826,881,0.055,AO96
826,882,0.082,AO97
826,883,2.371,AO98
826,884,0.127,AO99
826,885,0.194,AO100
826,886,47.911,AO101
826,887,1.728,AO102
826,888,38.544,AO103
826,889,55.356,AO104
826,890,93.847,AO105
826,891,0.202,AO106
826,892,231.758,AO107
826,893,63.915,AO108
826,894,0.411,AO109
826,895,0.29,AO110
826,896,0.23,AO111
826,897,0.85,AO112
826,898,0.382,AO113
826,899,0.191,AO114
826,900,0.198,AO115
827,1,104.871,AP2
827,2,207.66,AP3
827,3,116.196,AP4
827,4,51.179,AP5
827,791,0.108,AP6
827,792,2.241,AP7
827,793,3.653,AP8
827,794,0.776,AP9
827,795,1.634,AP10
827,796,4.813,AP11
827,797,2.564,AP12
827,798,6.363,AP13
827,799,2.085,AP14
827,800,0.26,AP15
827,801,2.41,AP16
827,802,0.428,AP17
827,803,2.09,AP18
827,804,2.103,AP19
827,805,0.146,AP20
827,806,1.441,AP21
827,807,5.721,AP22
827,808,6.541,AP23
827,809,0.804,AP24
827,810,3.678,AP25
827,811,3.76,AP26
827,812,4.126,AP27
827,813,5.429,AP28
827,814,7.341,AP29
827,815,22.141,AP30
827,816,1.76,AP31
827,817,2.68,AP32
827,818,1.082,AP33
827,819,6.01,AP34
827,820,5.038,AP35
827,821,3.39,AP36
827,822,3.306,AP37
827,823,7.751,AP38
827,824,5.313,AP39
827,825,11.16,AP40
827,826,1.742,AP41
827,827,0.0,AP42
827,828,0.802,AP43
827,829,0.271,AP44
827,830,6.498,AP45
827,831,0.868,AP46
827,832,0.163,AP47
827,833,6.082,AP48
827,834,3.534,AP49
827,835,5.373,AP50
827,836,0.11,AP51
827,837,5.248,AP52
827,838,2.007,AP53
827,839,52.781,AP54
827,840,0.819,AP55
827,841,0.52,AP56
827,842,10.717,AP57
827,843,4.08,AP58
827,844,14.614,AP59
827,845,8.838,AP60
827,846,12.541,AP61
827,847,6.892,AP62
827,848,36.331,AP63
827,849,4.861,AP64
827,850,3.85,AP65
827,851,5.01,AP66
827,852,13.648,AP67
827,853,9.431,AP68
827,854,4.717,AP69
827,855,7.974,AP70
827,856,7.867,AP71
827,857,9.966,AP72
827,858,10.08,AP73
827,859,30.318,AP74
827,860,12.654,AP75
827,861,9.084,AP76
827,862,9.431,AP77
827,863,1.356,AP78
827,864,0.069,AP79
827,865,0.552,AP80
827,866,0.1,AP81
827,867,58.763,AP82
827,868,9.024,AP83
827,869,16.538,AP84
827,870,1.394,AP85
827,871,0.163,AP86
827,872,0.934,AP87
827,873,0.12,AP88
827,874,3.151,AP89
827,875,18.669,AP90
827,876,0.119,AP91
827,877,0.1,AP92
827,878,0.104,AP93
827,879,0.196,AP94
827,880,5.835,AP95
827,881,0.123,AP96
827,882,0.599,AP97
827,883,3.328,AP98
827,884,0.087,AP99
827,885,0.28,AP100
827,886,49.976,AP101
827,887,2.289,AP102
827,888,0.239,AP103
827,889,0.433,AP104
827,890,0.436,AP105
827,891,0.168,AP106
827,892,0.871,AP107
827,893,0.124,AP108
827,894,0.361,AP109
827,895,0.29,AP110
827,896,0.23,AP111
827,897,0.84,AP112
827,898,0.364,AP113
827,899,0.187,AP114
827,900,0.212,AP115
828,1,86.899,AQ2
828,2,54.107,AQ3
828,3,51.29,AQ4
828,4,5.141,AQ5
828,791,0.0,AQ6
828,792,0.837,AQ7
828,793,0.422,AQ8
828,794,0.395,AQ9
828,795,0.321,AQ10
828,796,1.589,AQ11
828,797,0.396,AQ12
828,798,0.901,AQ13
828,799,0.632,AQ14
828,800,0.511,AQ15
828,801,0.266,AQ16
828,802,0.494,AQ17
828,803,0.65,AQ18
828,804,0.795,AQ19
828,805,0.573,AQ20
828,806,0.158,AQ21
828,807,0.746,AQ22
828,808,2.824,AQ23
828,809,0.237,AQ24
828,810,0.632,AQ25
828,811,0.431,AQ26
828,812,1.235,AQ27
828,813,0.305,AQ28
828,814,1.015,AQ29
828,815,3.207,AQ30
828,816,0.435,AQ31
828,817,0.31,AQ32
828,818,0.195,AQ33
828,819,0.726,AQ34
828,820,0.596,AQ35
828,821,0.317,AQ36
828,822,1.196,AQ37
828,823,0.951,AQ38
828,824,1.716,AQ39
828,825,4.151,AQ40
828,826,0.823,AQ41
828,827,0.729,AQ42
828,828,0.0,AQ43
828,829,0.157,AQ44
828,830,0.536,AQ45
828,831,0.25,AQ46
828,832,3.283,AQ47
828,833,0.7,AQ48
828,834,0.231,AQ49
828,835,0.232,AQ50
828,836,0.403,AQ51
828,837,1.413,AQ52
828,838,0.676,AQ53
828,839,16.893,AQ54
828,840,0.27,AQ55
828,841,0.621,AQ56
828,842,0.96,AQ57
828,843,0.398,AQ58
828,844,0.945,AQ59
828,845,1.257,AQ60
828,846,0.822,AQ61
828,847,0.557,AQ62
828,848,3.056,AQ63
828,849,0.583,AQ64
828,850,0.53,AQ65
828,851,0.553,AQ66
828,852,0.915,AQ67
828,853,1.225,AQ68
828,854,0.337,AQ69
828,855,2.14,AQ70
828,856,1.455,AQ71
828,857,0.702,AQ72
828,858,0.85,AQ73
828,859,2.049,AQ74
828,860,0.119,AQ75
828,861,2.216,AQ76
828,862,0.859,AQ77
828,863,0.263,AQ78
828,864,0.121,AQ79
828,865,1.119,AQ80
828,866,0.2,AQ81
828,867,0.083,AQ82
828,868,1.188,AQ83
828,869,1.395,AQ84
828,870,0.28,AQ85
828,871,0.795,AQ86
828,872,0.405,AQ87
828,873,0.381,AQ88
828,874,1.136,AQ89
828,875,2.569,AQ90
828,876,0.397,AQ91
828,877,0.273,AQ92
828,878,0.041,AQ93
828,879,0.928,AQ94
828,880,0.416,AQ95
828,881,0.05,AQ96
828,882,0.15,AQ97
828,883,0.539,AQ98
828,884,0.288,AQ99
828,885,0.097,AQ100
828,886,14.037,AQ101
828,887,0.682,AQ102
828,888,0.04,AQ103
828,889,0.072,AQ104
828,890,1.705,AQ105
828,891,0.682,AQ106
828,892,0.259,AQ107
828,893,0.297,AQ108
828,894,1.212,AQ109
828,895,0.8,AQ110
828,896,0.7,AQ111
828,897,0.227,AQ112
828,898,1.023,AQ113
828,899,0.682,AQ114
828,900,0.606,AQ115
829,1,25.897,AR2
829,2,471.175,AR3
829,3,68.171,AR4
829,4,35.61,AR5
829,791,0.0,AR6
829,792,0.258,AR7
829,793,0.102,AR8
829,794,0.929,AR9
829,795,0.458,AR10
829,796,0.312,AR11
829,797,0.792,AR12
829,798,0.171,AR13
829,799,0.373,AR14
829,800,0.085,AR15
829,801,0.065,AR16
829,802,0.165,AR17
829,803,0.267,AR18
829,804,0.173,AR19
829,805,0.191,AR20
829,806,0.616,AR21
829,807,0.173,AR22
829,808,1.417,AR23
829,809,0.637,AR24
829,810,0.122,AR25
829,811,0.141,AR26
829,812,1.284,AR27
829,813,0.09,AR28
829,814,0.151,AR29
829,815,0.654,AR30
829,816,0.127,AR31
829,817,0.106,AR32
829,818,0.545,AR33
829,819,0.213,AR34
829,820,0.278,AR35
829,821,0.334,AR36
829,822,0.585,AR37
829,823,0.181,AR38
829,824,0.452,AR39
829,825,1.957,AR40
829,826,0.769,AR41
829,827,0.176,AR42
829,828,0.112,AR43
829,829,0.0,AR44
829,830,0.144,AR45
829,831,0.227,AR46
829,832,0.185,AR47
829,833,0.193,AR48
829,834,0.189,AR49
829,835,0.334,AR50
829,836,0.47,AR51
829,837,0.62,AR52
829,838,0.373,AR53
829,839,5.614,AR54
829,840,0.447,AR55
829,841,0.155,AR56
829,842,0.192,AR57
829,843,0.097,AR58
829,844,0.249,AR59
829,845,0.249,AR60
829,846,0.188,AR61
829,847,0.103,AR62
829,848,0.594,AR63
829,849,0.107,AR64
829,850,0.098,AR65
829,851,0.104,AR66
829,852,0.204,AR67
829,853,0.234,AR68
829,854,0.153,AR69
829,855,0.446,AR70
829,856,0.46,AR71
829,857,0.167,AR72
829,858,0.179,AR73
829,859,0.514,AR74
829,860,0.596,AR75
829,861,0.462,AR76
829,862,0.084,AR77
829,863,0.12,AR78
829,864,0.04,AR79
829,865,0.744,AR80
829,866,0.1,AR81
829,867,0.53,AR82
829,868,0.244,AR83
829,869,0.292,AR84
829,870,0.127,AR85
829,871,0.529,AR86
829,872,0.81,AR87
829,873,0.508,AR88
829,874,0.595,AR89
829,875,1.006,AR90
829,876,0.595,AR91
829,877,0.364,AR92
829,878,4.247,AR93
829,879,0.132,AR94
829,880,0.19,AR95
829,881,2.134,AR96
829,882,0.225,AR97
829,883,0.459,AR98
829,884,0.504,AR99
829,885,0.097,AR100
829,886,8.445,AR101
829,887,0.306,AR102
829,888,6.964,AR103
829,889,9.955,AR104
829,890,0.227,AR105
829,891,0.68,AR106
829,892,0.259,AR107
829,893,12.851,AR108
829,894,1.359,AR109
829,895,0.9,AR110
829,896,0.8,AR111
829,897,0.227,AR112
829,898,1.02,AR113
829,899,0.68,AR114
829,900,0.604,AR115
830,1,170.027,AS2
830,2,76.184,AS3
830,3,135.728,AS4
830,4,32.05,AS5
830,791,0.212,AS6
830,792,4.69,AS7
830,793,6.544,AS8
830,794,2.47,AS9
830,795,3.636,AS10
830,796,12.74,AS11
830,797,5.925,AS12
830,798,14.282,AS13
830,799,4.699,AS14
830,800,0.602,AS15
830,801,3.924,AS16
830,802,0.625,AS17
830,803,7.294,AS18
830,804,4.972,AS19
830,805,0.263,AS20
830,806,2.152,AS21
830,807,9.943,AS22
830,808,15.165,AS23
830,809,1.031,AS24
830,810,5.615,AS25
830,811,7.004,AS26
830,812,9.987,AS27
830,813,5.884,AS28
830,814,10.618,AS29
830,815,41.174,AS30
830,816,4.218,AS31
830,817,7.971,AS32
830,818,1.806,AS33
830,819,9.395,AS34
830,820,7.435,AS35
830,821,3.116,AS36
830,822,8.7,AS37
830,823,14.182,AS38
830,824,13.994,AS39
830,825,27.13,AS40
830,826,3.475,AS41
830,827,12.987,AS42
830,828,1.179,AS43
830,829,0.445,AS44
830,830,0.0,AS45
830,831,0.976,AS46
830,832,0.176,AS47
830,833,8.193,AS48
830,834,1.843,AS49
830,835,5.64,AS50
830,836,0.216,AS51
830,837,14.198,AS52
830,838,5.801,AS53
830,839,65.202,AS54
830,840,1.433,AS55
830,841,0.932,AS56
830,842,20.443,AS57
830,843,6.176,AS58
830,844,29.374,AS59
830,845,30.901,AS60
830,846,25.512,AS61
830,847,11.11,AS62
830,848,58.746,AS63
830,849,9.131,AS64
830,850,7.337,AS65
830,851,9.674,AS66
830,852,26.79,AS67
830,853,17.974,AS68
830,854,7.553,AS69
830,855,19.579,AS70
830,856,9.861,AS71
830,857,19.315,AS72
830,858,19.432,AS73
830,859,13.517,AS74
830,860,1.545,AS75
830,861,24.042,AS76
830,862,19.224,AS77
830,863,3.423,AS78
830,864,0.166,AS79
830,865,1.297,AS80
830,866,0.24,AS81
830,867,122.094,AS82
830,868,18.279,AS83
830,869,32.519,AS84
830,870,3.43,AS85
830,871,0.386,AS86
830,872,0.241,AS87
830,873,0.268,AS88
830,874,9.303,AS89
830,875,52.164,AS90
830,876,0.288,AS91
830,877,0.236,AS92
830,878,0.264,AS93
830,879,0.482,AS94
830,880,7.886,AS95
830,881,0.29,AS96
830,882,0.142,AS97
830,883,6.702,AS98
830,884,0.202,AS99
830,885,0.827,AS100
830,886,21.189,AS101
830,887,6.428,AS102
830,888,0.048,AS103
830,889,0.079,AS104
830,890,0.995,AS105
830,891,0.368,AS106
830,892,1.93,AS107
830,893,0.245,AS108
830,894,0.76,AS109
830,895,0.62,AS110
830,896,0.5,AS111
830,897,0.156,AS112
830,898,0.772,AS113
830,899,0.377,AS114
830,900,0.404,AS115
831,1,88.882,AT2
831,2,210.049,AT3
831,3,58.7,AT4
831,4,4.702,AT5
831,791,0.095,AT6
831,792,1.544,AT7
831,793,0.636,AT8
831,794,0.738,AT9
831,795,0.408,AT10
831,796,2.659,AT11
831,797,0.596,AT12
831,798,1.015,AT13
831,799,1.067,AT14
831,800,0.662,AT15
831,801,0.377,AT16
831,802,0.515,AT17
831,803,2.166,AT18
831,804,1.243,AT19
831,805,0.083,AT20
831,806,0.456,AT21
831,807,1.295,AT22
831,808,4.298,AT23
831,809,0.191,AT24
831,810,0.809,AT25
831,811,1.265,AT26
831,812,3.916,AT27
831,813,0.38,AT28
831,814,1.781,AT29
831,815,5.911,AT30
831,816,0.809,AT31
831,817,0.978,AT32
831,818,0.249,AT33
831,819,1.422,AT34
831,820,1.787,AT35
831,821,1.44,AT36
831,822,2.768,AT37
831,823,1.501,AT38
831,824,4.869,AT39
831,825,11.331,AT40
831,826,1.644,AT41
831,827,1.126,AT42
831,828,0.356,AT43
831,829,0.454,AT44
831,830,0.633,AT45
831,831,0.0,AT46
831,832,0.036,AT47
831,833,1.389,AT48
831,834,0.956,AT49
831,835,1.631,AT50
831,836,0.397,AT51
831,837,4.169,AT52
831,838,1.302,AT53
831,839,61.705,AT54
831,840,0.681,AT55
831,841,0.088,AT56
831,842,1.36,AT57
831,843,0.471,AT58
831,844,2.256,AT59
831,845,2.265,AT60
831,846,1.821,AT61
831,847,0.949,AT62
831,848,5.606,AT63
831,849,0.861,AT64
831,850,0.928,AT65
831,851,0.777,AT66
831,852,1.707,AT67
831,853,1.935,AT68
831,854,0.449,AT69
831,855,3.713,AT70
831,856,2.018,AT71
831,857,1.221,AT72
831,858,1.376,AT73
831,859,3.868,AT74
831,860,0.175,AT75
831,861,4.796,AT76
831,862,1.722,AT77
831,863,0.397,AT78
831,864,0.235,AT79
831,865,1.883,AT80
831,866,0.3,AT81
831,867,0.148,AT82
831,868,1.844,AT83
831,869,2.247,AT84
831,870,0.612,AT85
831,871,0.124,AT86
831,872,0.113,AT87
831,873,0.096,AT88
831,874,2.992,AT89
831,875,10.69,AT90
831,876,0.105,AT91
831,877,0.1,AT92
831,878,43.986,AT93
831,879,0.21,AT94
831,880,1.364,AT95
831,881,18.591,AT96
831,882,0.615,AT97
831,883,1.732,AT98
831,884,0.077,AT99
831,885,0.246,AT100
831,886,36.452,AT101
831,887,1.978,AT102
831,888,0.159,AT103
831,889,0.289,AT104
831,890,0.383,AT105
831,891,0.115,AT106
831,892,0.574,AT107
831,893,52.191,AT108
831,894,0.23,AT109
831,895,0.21,AT110
831,896,0.18,AT111
831,897,0.492,AT112
831,898,2.213,AT113
831,899,0.107,AT114
831,900,0.12,AT115
832,1,110.777,AU2
832,2,200.132,AU3
832,3,89.651,AU4
832,4,80.492,AU5
832,791,0.0,AU6
832,792,0.209,AU7
832,793,0.002,AU8
832,794,0.083,AU9
832,795,0.122,AU10
832,796,0.161,AU11
832,797,0.131,AU12
832,798,0.085,AU13
832,799,0.094,AU14
832,800,0.161,AU15
832,801,0.173,AU16
832,802,0.052,AU17
832,803,0.104,AU18
832,804,0.08,AU19
832,805,0.119,AU20
832,806,0.0,AU21
832,807,0.104,AU22
832,808,0.145,AU23
832,809,0.073,AU24
832,810,0.0,AU25
832,811,0.147,AU26
832,812,0.0,AU27
832,813,0.17,AU28
832,814,0.075,AU29
832,815,0.155,AU30
832,816,0.037,AU31
832,817,0.063,AU32
832,818,0.125,AU33
832,819,0.1,AU34
832,820,0.137,AU35
832,821,0.173,AU36
832,822,0.23,AU37
832,823,0.062,AU38
832,824,0.0,AU39
832,825,0.125,AU40
832,826,0.007,AU41
832,827,0.01,AU42
832,828,0.192,AU43
832,829,0.0,AU44
832,830,0.147,AU45
832,831,0.207,AU46
832,832,0.0,AU47
832,833,0.078,AU48
832,834,0.0,AU49
832,835,0.028,AU50
832,836,0.175,AU51
832,837,0.135,AU52
832,838,0.233,AU53
832,839,0.108,AU54
832,840,0.21,AU55
832,841,0.0,AU56
832,842,0.227,AU57
832,843,0.162,AU58
832,844,0.119,AU59
832,845,0.021,AU60
832,846,0.061,AU61
832,847,0.07,AU62
832,848,0.0,AU63
832,849,0.015,AU64
832,850,0.037,AU65
832,851,0.0,AU66
832,852,0.0,AU67
832,853,0.0,AU68
832,854,0.0,AU69
832,855,0.05,AU70
832,856,2.805,AU71
832,857,0.127,AU72
832,858,0.225,AU73
832,859,0.584,AU74
832,860,0.1,AU75
832,861,0.0,AU76
832,862,0.213,AU77
832,863,0.201,AU78
832,864,0.0,AU79
832,865,0.01,AU80
832,866,0.004,AU81
832,867,0.0,AU82
832,868,0.212,AU83
832,869,0.137,AU84
832,870,0.101,AU85
832,871,0.031,AU86
832,872,0.116,AU87
832,873,0.018,AU88
832,874,0.024,AU89
832,875,0.023,AU90
832,876,0.022,AU91
832,877,0.116,AU92
832,878,0.009,AU93
832,879,0.212,AU94
832,880,0.041,AU95
832,881,0.0,AU96
832,882,0.067,AU97
832,883,0.062,AU98
832,884,0.0,AU99
832,885,0.055,AU100
832,886,0.079,AU101
832,887,0.0,AU102
832,888,0.0,AU103
832,889,0.0,AU104
832,890,0.08,AU105
832,891,0.032,AU106
832,892,0.068,AU107
832,893,0.0,AU108
832,894,0.072,AU109
832,895,0.018,AU110
832,896,0.084,AU111
832,897,0.049,AU112
832,898,0.043,AU113
832,899,0.098,AU114
832,900,0.191,AU115
833,1,120.652,AV2
833,2,2.991,AV3
833,3,62.973,AV4
833,4,39.539,AV5
833,791,0.107,AV6
833,792,3.469,AV7
833,793,5.576,AV8
833,794,1.917,AV9
833,795,2.348,AV10
833,796,6.995,AV11
833,797,3.585,AV12
833,798,9.169,AV13
833,799,3.263,AV14
833,800,0.375,AV15
833,801,3.774,AV16
833,802,0.716,AV17
833,803,5.814,AV18
833,804,3.04,AV19
833,805,0.266,AV20
833,806,1.432,AV21
833,807,8.68,AV22
833,808,10.981,AV23
833,809,1.549,AV24
833,810,5.055,AV25
833,811,4.168,AV26
833,812,7.527,AV27
833,813,6.765,AV28
833,814,10.21,AV29
833,815,18.29,AV30
833,816,3.362,AV31
833,817,3.808,AV32
833,818,1.253,AV33
833,819,8.714,AV34
833,820,12.731,AV35
833,821,9.219,AV36
833,822,9.846,AV37
833,823,13.333,AV38
833,824,10.454,AV39
833,825,18.48,AV40
833,826,3.415,AV41
833,827,15.198,AV42
833,828,1.915,AV43
833,829,0.745,AV44
833,830,10.237,AV45
833,831,2.679,AV46
833,832,0.029,AV47
833,833,0.0,AV48
833,834,9.471,AV49
833,835,13.148,AV50
833,836,0.283,AV51
833,837,11.401,AV52
833,838,4.596,AV53
833,839,126.851,AV54
833,840,1.97,AV55
833,841,0.932,AV56
833,842,12.057,AV57
833,843,5.838,AV58
833,844,14.833,AV59
833,845,18.099,AV60
833,846,12.613,AV61
833,847,7.019,AV62
833,848,43.613,AV63
833,849,8.127,AV64
833,850,7.511,AV65
833,851,7.152,AV66
833,852,13.982,AV67
833,853,17.354,AV68
833,854,2.865,AV69
833,855,17.344,AV70
833,856,9.875,AV71
833,857,10.077,AV72
833,858,10.347,AV73
833,859,33.98,AV74
833,860,0.997,AV75
833,861,18.41,AV76
833,862,10.455,AV77
833,863,2.223,AV78
833,864,0.107,AV79
833,865,0.853,AV80
833,866,0.15,AV81
833,867,69.677,AV82
833,868,11.923,AV83
833,869,16.579,AV84
833,870,2.726,AV85
833,871,0.303,AV86
833,872,0.174,AV87
833,873,0.206,AV88
833,874,7.099,AV89
833,875,36.44,AV90
833,876,0.198,AV91
833,877,0.173,AV92
833,878,0.208,AV93
833,879,0.357,AV94
833,880,9.855,AV95
833,881,0.221,AV96
833,882,0.097,AV97
833,883,4.816,AV98
833,884,0.142,AV99
833,885,0.65,AV100
833,886,98.376,AV101
833,887,4.948,AV102
833,888,0.318,AV103
833,889,0.578,AV104
833,890,0.696,AV105
833,891,0.241,AV106
833,892,1.299,AV107
833,893,0.161,AV108
833,894,0.507,AV109
833,895,0.41,AV110
833,896,0.33,AV111
833,897,0.102,AV112
833,898,0.501,AV113
833,899,0.241,AV114
833,900,0.26,AV115
834,1,111.93,AW2
834,2,38.544,AW3
834,3,75.118,AW4
834,4,12.704,AW5
834,791,0.222,AW6
834,792,7.124,AW7
834,793,3.809,AW8
834,794,3.435,AW9
834,795,2.464,AW10
834,796,12.037,AW11
834,797,3.58,AW12
834,798,8.344,AW13
834,799,5.47,AW14
834,800,0.392,AW15
834,801,2.235,AW16
834,802,0.296,AW17
834,803,10.217,AW18
834,804,5.681,AW19
834,805,0.391,AW20
834,806,2.577,AW21
834,807,7.11,AW22
834,808,17.468,AW23
834,809,1.237,AW24
834,810,5.897,AW25
834,811,6.228,AW26
834,812,12.074,AW27
834,813,3.511,AW28
834,814,10.862,AW29
834,815,33.866,AW30
834,816,2.996,AW31
834,817,5.231,AW32
834,818,1.479,AW33
834,819,6.105,AW34
834,820,9.626,AW35
834,821,8.534,AW36
834,822,12.78,AW37
834,823,11.234,AW38
834,824,11.471,AW39
834,825,30.118,AW40
834,826,5.54,AW41
834,827,11.771,AW42
834,828,0.847,AW43
834,829,0.974,AW44
834,830,3.072,AW45
834,831,2.457,AW46
834,832,0.227,AW47
834,833,12.628,AW48
834,834,0.0,AW49
834,835,5.497,AW50
834,836,0.113,AW51
834,837,15.645,AW52
834,838,4.383,AW53
834,839,243.007,AW54
834,840,2.659,AW55
834,841,0.862,AW56
834,842,12.592,AW57
834,843,5.171,AW58
834,844,16.203,AW59
834,845,19.567,AW60
834,846,14.373,AW61
834,847,8.237,AW62
834,848,48.711,AW63
834,849,9.622,AW64
834,850,8.146,AW65
834,851,8.925,AW66
834,852,15.668,AW67
834,853,20.143,AW68
834,854,3.191,AW69
834,855,15.994,AW70
834,856,27.188,AW71
834,857,11.392,AW72
834,858,9.606,AW73
834,859,37.577,AW74
834,860,1.36,AW75
834,861,21.648,AW76
834,862,12.61,AW77
834,863,3.02,AW78
834,864,0.146,AW79
834,865,1.138,AW80
834,866,0.21,AW81
834,867,0.886,AW82
834,868,15.141,AW83
834,869,15.405,AW84
834,870,4.554,AW85
834,871,0.776,AW86
834,872,0.422,AW87
834,873,0.495,AW88
834,874,14.152,AW89
834,875,49.549,AW90
834,876,0.417,AW91
834,877,0.364,AW92
834,878,0.547,AW93
834,879,0.776,AW94
834,880,6.72,AW95
834,881,0.569,AW96
834,882,0.21,AW97
834,883,5.633,AW98
834,884,0.295,AW99
834,885,0.116,AW100
834,886,170.99,AW101
834,887,8.237,AW102
834,888,0.056,AW103
834,889,0.094,AW104
834,890,1.429,AW105
834,891,0.453,AW106
834,892,0.225,AW107
834,893,0.295,AW108
834,894,0.899,AW109
834,895,0.7,AW110
834,896,0.58,AW111
834,897,0.173,AW112
834,898,0.867,AW113
834,899,0.424,AW114
834,900,0.462,AW115
835,1,128.273,AX2
835,2,124.074,AX3
835,3,95.622,AX4
835,4,21.546,AX5
835,791,0.334,AX6
835,792,12.096,AX7
835,793,4.463,AX8
835,794,5.772,AX9
835,795,3.224,AX10
835,796,21.072,AX11
835,797,4.667,AX12
835,798,10.653,AX13
835,799,8.851,AX14
835,800,0.52,AX15
835,801,2.43,AX16
835,802,0.23,AX17
835,803,16.88,AX18
835,804,9.819,AX19
835,805,0.624,AX20
835,806,3.51,AX21
835,807,8.633,AX22
835,808,36.671,AX23
835,809,0.988,AX24
835,810,6.352,AX25
835,811,8.774,AX26
835,812,17.738,AX27
835,813,2.402,AX28
835,814,11.804,AX29
835,815,37.726,AX30
835,816,3.651,AX31
835,817,6.555,AX32
835,818,1.697,AX33
835,819,8.391,AX34
835,820,7.11,AX35
835,821,6.839,AX36
835,822,19.586,AX37
835,823,10.613,AX38
835,824,22.819,AX39
835,825,44.791,AX40
835,826,7.292,AX41
835,827,10.439,AX42
835,828,0.496,AX43
835,829,1.003,AX44
835,830,5.475,AX45
835,831,2.446,AX46
835,832,0.0,AX47
835,833,10.193,AX48
835,834,3.206,AX49
835,835,0.0,AX50
835,836,0.094,AX51
835,837,20.653,AX52
835,838,5.997,AX53
835,839,355.371,AX54
835,840,3.423,AX55
835,841,0.823,AX56
835,842,10.076,AX57
835,843,4.844,AX58
835,844,16.064,AX59
835,845,21.696,AX60
835,846,12.761,AX61
835,847,8.842,AX62
835,848,52.69,AX63
835,849,9.974,AX64
835,850,8.892,AX65
835,851,9.455,AX66
835,852,15.122,AX67
835,853,20.795,AX68
835,854,2.79,AX69
835,855,32.66,AX70
835,856,23.5,AX71
835,857,10.07,AX72
835,858,13.022,AX73
835,859,30.536,AX74
835,860,1.133,AX75
835,861,20.135,AX76
835,862,14.692,AX77
835,863,2.551,AX78
835,864,0.131,AX79
835,865,1.046,AX80
835,866,0.19,AX81
835,867,0.833,AX82
835,868,17.858,AX83
835,869,21.393,AX84
835,870,3.93,AX85
835,871,0.62,AX86
835,872,0.483,AX87
835,873,0.383,AX88
835,874,20.617,AX89
835,875,45.257,AX90
835,876,0.417,AX91
835,877,0.364,AX92
835,878,0.412,AX93
835,879,0.89,AX94
835,880,7.253,AX95
835,881,0.46,AX96
835,882,0.24,AX97
835,883,6.913,AX98
835,884,0.341,AX99
835,885,0.174,AX100
835,886,277.228,AX101
835,887,12.272,AX102
835,888,0.072,AX103
835,889,0.108,AX104
835,890,1.642,AX105
835,891,0.531,AX106
835,892,0.248,AX107
835,893,0.335,AX108
835,894,1.043,AX109
835,895,0.81,AX110
835,896,0.68,AX111
835,897,0.203,AX112
835,898,1.014,AX113
835,899,0.492,AX114
835,900,0.541,AX115
836,1,7.417,AY2
836,2,269.885,AY3
836,3,37.889,AY4
836,4,20.646,AY5
836,791,0.0,AY6
836,792,0.716,AY7
836,793,0.477,AY8
836,794,0.336,AY9
836,795,0.261,AY10
836,796,0.144,AY11
836,797,0.261,AY12
836,798,0.077,AY13
836,799,0.806,AY14
836,800,0.0,AY15
836,801,0.26,AY16
836,802,0.082,AY17
836,803,0.123,AY18
836,804,0.696,AY19
836,805,0.09,AY20
836,806,0.261,AY21
836,807,0.078,AY22
836,808,0.331,AY23
836,809,0.174,AY24
836,810,0.522,AY25
836,811,0.705,AY26
836,812,0.291,AY27
836,813,0.042,AY28
836,814,0.098,AY29
836,815,0.313,AY30
836,816,0.574,AY31
836,817,0.53,AY32
836,818,0.233,AY33
836,819,0.088,AY34
836,820,0.126,AY35
836,821,0.128,AY36
836,822,0.209,AY37
836,823,0.11,AY38
836,824,0.228,AY39
836,825,0.884,AY40
836,826,0.172,AY41
836,827,0.142,AY42
836,828,0.574,AY43
836,829,0.94,AY44
836,830,0.14,AY45
836,831,0.397,AY46
836,832,0.011,AY47
836,833,0.147,AY48
836,834,0.044,AY49
836,835,0.062,AY50
836,836,0.0,AY51
836,837,0.358,AY52
836,838,0.141,AY53
836,839,2.747,AY54
836,840,0.098,AY55
836,841,0.078,AY56
836,842,0.104,AY57
836,843,0.609,AY58
836,844,0.147,AY59
836,845,0.137,AY60
836,846,0.121,AY61
836,847,0.088,AY62
836,848,0.334,AY63
836,849,0.084,AY64
836,850,0.558,AY65
836,851,0.075,AY66
836,852,0.131,AY67
836,853,0.177,AY68
836,854,0.096,AY69
836,855,0.342,AY70
836,856,0.247,AY71
836,857,0.099,AY72
836,858,0.115,AY73
836,859,0.294,AY74
836,860,0.318,AY75
836,861,0.355,AY76
836,862,0.123,AY77
836,863,0.088,AY78
836,864,0.04,AY79
836,865,0.318,AY80
836,866,0.1,AY81
836,867,0.227,AY82
836,868,0.155,AY83
836,869,0.183,AY84
836,870,0.096,AY85
836,871,0.226,AY86
836,872,0.242,AY87
836,873,0.226,AY88
836,874,0.242,AY89
836,875,0.413,AY90
836,876,0.198,AY91
836,877,0.182,AY92
836,878,2.897,AY93
836,879,0.453,AY94
836,880,0.108,AY95
836,881,1.433,AY96
836,882,0.075,AY97
836,883,0.183,AY98
836,884,0.129,AY99
836,885,0.0,AY100
836,886,2.756,AY101
836,887,0.133,AY102
836,888,0.04,AY103
836,889,0.072,AY104
836,890,0.647,AY105
836,891,0.194,AY106
836,892,0.0,AY107
836,893,4.345,AY108
836,894,0.388,AY109
836,895,0.3,AY110
836,896,0.3,AY111
836,897,0.097,AY112
836,898,0.291,AY113
836,899,0.194,AY114
836,900,0.129,AY115
837,1,159.706,AZ2
837,2,372.858,AZ3
837,3,162.395,AZ4
837,4,80.362,AZ5
837,791,0.0,AZ6
837,792,0.766,AZ7
837,793,1.52,AZ8
837,794,0.376,AZ9
837,795,0.186,AZ10
837,796,1.369,AZ11
837,797,0.462,AZ12
837,798,1.434,AZ13
837,799,0.966,AZ14
837,800,0.256,AZ15
837,801,1.15,AZ16
837,802,0.296,AZ17
837,803,1.197,AZ18
837,804,0.674,AZ19
837,805,0.201,AZ20
837,806,0.282,AZ21
837,807,2.19,AZ22
837,808,3.702,AZ23
837,809,1.152,AZ24
837,810,0.55,AZ25
837,811,0.705,AZ26
837,812,3.134,AZ27
837,813,1.941,AZ28
837,814,0.822,AZ29
837,815,4.523,AZ30
837,816,0.819,AZ31
837,817,0.727,AZ32
837,818,0.304,AZ33
837,819,3.767,AZ34
837,820,6.309,AZ35
837,821,7.361,AZ36
837,822,5.077,AZ37
837,823,2.626,AZ38
837,824,1.949,AZ39
837,825,8.718,AZ40
837,826,5.014,AZ41
837,827,5.102,AZ42
837,828,1.511,AZ43
837,829,0.93,AZ44
837,830,6.902,AZ45
837,831,3.127,AZ46
837,832,0.207,AZ47
837,833,4.434,AZ48
837,834,4.563,AZ49
837,835,10.331,AZ50
837,836,0.269,AZ51
837,837,0.0,AZ52
837,838,1.21,AZ53
837,839,26.652,AZ54
837,840,1.395,AZ55
837,841,0.085,AZ56
837,842,1.048,AZ57
837,843,0.849,AZ58
837,844,1.011,AZ59
837,845,1.033,AZ60
837,846,0.833,AZ61
837,847,1.536,AZ62
837,848,2.376,AZ63
837,849,0.452,AZ64
837,850,0.398,AZ65
837,851,0.547,AZ66
837,852,1.073,AZ67
837,853,0.911,AZ68
837,854,0.417,AZ69
837,855,4.474,AZ70
837,856,1.751,AZ71
837,857,0.875,AZ72
837,858,0.871,AZ73
837,859,2.334,AZ74
837,860,0.17,AZ75
837,861,3.246,AZ76
837,862,0.74,AZ77
837,863,0.367,AZ78
837,864,0.162,AZ79
837,865,1.297,AZ80
837,866,0.3,AZ81
837,867,0.129,AZ82
837,868,1.024,AZ83
837,869,1.236,AZ84
837,870,0.592,AZ85
837,871,0.138,AZ86
837,872,0.222,AZ87
837,873,0.15,AZ88
837,874,1.198,AZ89
837,875,4.916,AZ90
837,876,0.129,AZ91
837,877,0.118,AZ92
837,878,15.289,AZ93
837,879,0.334,AZ94
837,880,2.701,AZ95
837,881,8.092,AZ96
837,882,0.082,AZ97
837,883,1.39,AZ98
837,884,0.112,AZ99
837,885,0.097,AZ100
837,886,23.379,AZ101
837,887,0.809,AZ102
837,888,0.159,AZ103
837,889,0.289,AZ104
837,890,0.51,AZ105
837,891,0.138,AZ106
837,892,0.461,AZ107
837,893,27.037,AZ108
837,894,0.263,AZ109
837,895,0.2,AZ110
837,896,0.17,AZ111
837,897,0.395,AZ112
837,898,2.37,AZ113
837,899,0.109,AZ114
837,900,1.185,AZ115
838,1,166.872,BA2
838,2,446.12,BA3
838,3,170.144,BA4
838,4,64.476,BA5
838,791,0.0,BA6
838,792,0.258,BA7
838,793,0.552,BA8
838,794,0.813,BA9
838,795,0.453,BA10
838,796,0.213,BA11
838,797,0.132,BA12
838,798,0.448,BA13
838,799,0.402,BA14
838,800,0.085,BA15
838,801,0.351,BA16
838,802,0.107,BA17
838,803,0.325,BA18
838,804,0.141,BA19
838,805,0.105,BA20
838,806,0.616,BA21
838,807,0.706,BA22
838,808,0.966,BA23
838,809,0.41,BA24
838,810,0.121,BA25
838,811,0.141,BA26
838,812,0.758,BA27
838,813,0.731,BA28
838,814,0.24,BA29
838,815,0.896,BA30
838,816,0.223,BA31
838,817,0.182,BA32
838,818,0.7,BA33
838,819,1.239,BA34
838,820,2.125,BA35
838,821,2.893,BA36
838,822,2.515,BA37
838,823,0.747,BA38
838,824,0.299,BA39
838,825,1.184,BA40
838,826,1.214,BA41
838,827,1.734,BA42
838,828,0.643,BA43
838,829,0.497,BA44
838,830,2.507,BA45
838,831,0.868,BA46
838,832,0.126,BA47
838,833,1.589,BA48
838,834,1.136,BA49
838,835,2.665,BA50
838,836,0.094,BA51
838,837,1.076,BA52
838,838,0.0,BA53
838,839,3.743,BA54
838,840,0.549,BA55
838,841,0.233,BA56
838,842,0.239,BA57
838,843,0.292,BA58
838,844,0.161,BA59
838,845,0.162,BA60
838,846,0.127,BA61
838,847,0.438,BA62
838,848,0.334,BA63
838,849,0.092,BA64
838,850,0.07,BA65
838,851,0.069,BA66
838,852,0.187,BA67
838,853,0.161,BA68
838,854,0.302,BA69
838,855,1.12,BA70
838,856,0.706,BA71
838,857,0.188,BA72
838,858,0.17,BA73
838,859,0.436,BA74
838,860,0.085,BA75
838,861,0.668,BA76
838,862,0.091,BA77
838,863,0.239,BA78
838,864,0.0,BA79
838,865,0.0,BA80
838,866,0.0,BA81
838,867,0.076,BA82
838,868,0.164,BA83
838,869,0.196,BA84
838,870,0.178,BA85
838,871,0.131,BA86
838,872,0.135,BA87
838,873,0.127,BA88
838,874,0.21,BA89
838,875,0.686,BA90
838,876,0.099,BA91
838,877,0.091,BA92
838,878,1.271,BA93
838,879,0.262,BA94
838,880,0.768,BA95
838,881,0.689,BA96
838,882,0.075,BA97
838,883,0.334,BA98
838,884,0.072,BA99
838,885,0.0,BA100
838,886,2.131,BA101
838,887,0.075,BA102
838,888,0.0,BA103
838,889,0.0,BA104
838,890,0.561,BA105
838,891,0.112,BA106
838,892,0.0,BA107
838,893,2.722,BA108
838,894,0.299,BA109
838,895,0.2,BA110
838,896,0.1,BA111
838,897,0.0,BA112
838,898,0.337,BA113
838,899,0.112,BA114
838,900,0.15,BA115
839,1,206.899,BB2
839,2,164.62,BB3
839,3,353.973,BB4
839,4,94.498,BB5
839,791,0.0,BB6
839,792,5.223,BB7
839,793,14.129,BB8
839,794,0.947,BB9
839,795,1.289,BB10
839,796,4.432,BB11
839,797,2.492,BB12
839,798,9.578,BB13
839,799,6.746,BB14
839,800,0.152,BB15
839,801,9.916,BB16
839,802,2.528,BB17
839,803,4.514,BB18
839,804,2.311,BB19
839,805,2.415,BB20
839,806,0.722,BB21
839,807,15.682,BB22
839,808,12.14,BB23
839,809,9.116,BB24
839,810,1.907,BB25
839,811,1.524,BB26
839,812,8.674,BB27
839,813,18.509,BB28
839,814,5.585,BB29
839,815,26.978,BB30
839,816,3.647,BB31
839,817,3.482,BB32
839,818,1.067,BB33
839,819,24.94,BB34
839,820,58.205,BB35
839,821,75.548,BB36
839,822,59.6,BB37
839,823,20.659,BB38
839,824,7.144,BB39
839,825,24.24,BB40
839,826,31.904,BB41
839,827,37.894,BB42
839,828,13.341,BB43
839,829,6.219,BB44
839,830,60.449,BB45
839,831,34.175,BB46
839,832,0.173,BB47
839,833,36.429,BB48
839,834,52.34,BB49
839,835,131.214,BB50
839,836,1.521,BB51
839,837,19.682,BB52
839,838,3.109,BB53
839,839,0.0,BB54
839,840,34.504,BB55
839,841,0.636,BB56
839,842,4.785,BB57
839,843,7.577,BB58
839,844,2.637,BB59
839,845,2.857,BB60
839,846,2.075,BB61
839,847,9.138,BB62
839,848,5.111,BB63
839,849,1.734,BB64
839,850,1.116,BB65
839,851,1.376,BB66
839,852,0.072,BB67
839,853,2.297,BB68
839,854,0.679,BB69
839,855,0.522,BB70
839,856,12.39,BB71
839,857,0.069,BB72
839,858,0.05,BB73
839,859,0.139,BB74
839,860,0.271,BB75
839,861,0.304,BB76
839,862,0.297,BB77
839,863,0.601,BB78
839,864,0.033,BB79
839,865,0.264,BB80
839,866,0.6,BB81
839,867,0.225,BB82
839,868,0.069,BB83
839,869,0.056,BB84
839,870,3.56,BB85
839,871,0.62,BB86
839,872,1.831,BB87
839,873,0.808,BB88
839,874,4.638,BB89
839,875,0.51,BB90
839,876,0.648,BB91
839,877,0.691,BB92
839,878,0.148,BB93
839,879,1.69,BB94
839,880,25.924,BB95
839,881,0.139,BB96
839,882,0.355,BB97
839,883,6.033,BB98
839,884,0.397,BB99
839,885,0.241,BB100
839,886,52.399,BB101
839,887,2.2,BB102
839,888,0.056,BB103
839,889,0.094,BB104
839,890,1.784,BB105
839,891,0.37,BB106
839,892,1.315,BB107
839,893,42.595,BB108
839,894,0.612,BB109
839,895,0.57,BB110
839,896,0.52,BB111
839,897,0.097,BB112
839,898,0.531,BB113
839,899,0.241,BB114
839,900,0.258,BB115
840,1,58.543,BC2
840,2,442.316,BC3
840,3,39.219,BC4
840,4,16.767,BC5
840,791,0.0,BC6
840,792,0.93,BC7
840,793,0.375,BC8
840,794,0.383,BC9
840,795,0.273,BC10
840,796,1.334,BC11
840,797,0.198,BC12
840,798,0.499,BC13
840,799,1.398,BC14
840,800,0.341,BC15
840,801,0.234,BC16
840,802,0.576,BC17
840,803,1.324,BC18
840,804,0.657,BC19
840,805,0.124,BC20
840,806,0.114,BC21
840,807,0.487,BC22
840,808,5.142,BC23
840,809,0.191,BC24
840,810,0.293,BC25
840,811,0.243,BC26
840,812,2.677,BC27
840,813,0.406,BC28
840,814,0.473,BC29
840,815,1.594,BC30
840,816,0.308,BC31
840,817,0.242,BC32
840,818,0.117,BC33
840,819,0.564,BC34
840,820,1.046,BC35
840,821,1.19,BC36
840,822,3.005,BC37
840,823,0.66,BC38
840,824,1.44,BC39
840,825,6.02,BC40
840,826,2.967,BC41
840,827,0.796,BC42
840,828,0.289,BC43
840,829,0.67,BC44
840,830,0.697,BC45
840,831,0.511,BC46
840,832,0.0,BC47
840,833,0.766,BC48
840,834,0.776,BC49
840,835,1.711,BC50
840,836,0.074,BC51
840,837,1.395,BC52
840,838,0.618,BC53
840,839,46.724,BC54
840,840,0.0,BC55
840,841,0.311,BC56
840,842,0.498,BC57
840,843,0.283,BC58
840,844,0.593,BC59
840,845,0.678,BC60
840,846,0.519,BC61
840,847,0.382,BC62
840,848,1.652,BC63
840,849,0.314,BC64
840,850,0.286,BC65
840,851,0.288,BC66
840,852,0.604,BC67
840,853,0.653,BC68
840,854,0.404,BC69
840,855,0.261,BC70
840,856,1.268,BC71
840,857,0.043,BC72
840,858,0.349,BC73
840,859,0.087,BC74
840,860,0.145,BC75
840,861,0.128,BC76
840,862,0.14,BC77
840,863,0.295,BC78
840,864,0.162,BC79
840,865,1.478,BC80
840,866,0.2,BC81
840,867,0.114,BC82
840,868,0.048,BC83
840,869,0.349,BC84
840,870,0.331,BC85
840,871,0.223,BC86
840,872,0.338,BC87
840,873,0.242,BC88
840,874,3.307,BC89
840,875,0.175,BC90
840,876,0.198,BC91
840,877,0.173,BC92
840,878,0.053,BC93
840,879,0.539,BC94
840,880,1.626,BC95
840,881,0.063,BC96
840,882,0.105,BC97
840,883,2.086,BC98
840,884,0.166,BC99
840,885,0.292,BC100
840,886,37.736,BC101
840,887,2.532,BC102
840,888,44.903,BC103
840,889,64.842,BC104
840,890,58.45,BC105
840,891,0.27,BC106
840,892,228.443,BC107
840,893,53.444,BC108
840,894,0.465,BC109
840,895,0.31,BC110
840,896,0.28,BC111
840,897,0.788,BC112
840,898,0.405,BC113
840,899,0.191,BC114
840,900,0.21,BC115
841,1,379.307,BD2
841,2,110.472,BD3
841,3,36.209,BD4
841,4,14.814,BD5
841,791,0.0,BD6
841,792,0.639,BD7
841,793,0.354,BD8
841,794,0.2,BD9
841,795,0.35,BD10
841,796,1.049,BD11
841,797,0.117,BD12
841,798,0.245,BD13
841,799,0.559,BD14
841,800,0.078,BD15
841,801,0.155,BD16
841,802,0.544,BD17
841,803,0.4,BD18
841,804,0.466,BD19
841,805,0.08,BD20
841,806,0.466,BD21
841,807,0.241,BD22
841,808,0.112,BD23
841,809,0.078,BD24
841,810,0.148,BD25
841,811,0.101,BD26
841,812,0.599,BD27
841,813,0.687,BD28
841,814,0.252,BD29
841,815,0.94,BD30
841,816,0.513,BD31
841,817,0.083,BD32
841,818,0.311,BD33
841,819,0.293,BD34
841,820,0.675,BD35
841,821,0.402,BD36
841,822,0.187,BD37
841,823,0.994,BD38
841,824,0.104,BD39
841,825,0.15,BD40
841,826,0.11,BD41
841,827,0.52,BD42
841,828,0.684,BD43
841,829,0.24,BD44
841,830,0.466,BD45
841,831,0.068,BD46
841,832,0.098,BD47
841,833,0.373,BD48
841,834,0.259,BD49
841,835,0.423,BD50
841,836,0.06,BD51
841,837,0.088,BD52
841,838,0.27,BD53
841,839,0.885,BD54
841,840,0.32,BD55
841,841,0.0,BD56
841,842,0.322,BD57
841,843,0.373,BD58
841,844,0.74,BD59
841,845,0.361,BD60
841,846,0.425,BD61
841,847,0.272,BD62
841,848,0.724,BD63
841,849,0.161,BD64
841,850,0.126,BD65
841,851,0.138,BD66
841,852,0.342,BD67
841,853,0.287,BD68
841,854,0.109,BD69
841,855,0.163,BD70
841,856,0.156,BD71
841,857,0.344,BD72
841,858,0.394,BD73
841,859,0.533,BD74
841,860,0.178,BD75
841,861,0.135,BD76
841,862,0.238,BD77
841,863,0.426,BD78
841,864,0.036,BD79
841,865,0.284,BD80
841,866,0.0,BD81
841,867,0.888,BD82
841,868,0.349,BD83
841,869,0.231,BD84
841,870,0.284,BD85
841,871,0.0,BD86
841,872,0.0,BD87
841,873,0.0,BD88
841,874,0.433,BD89
841,875,0.284,BD90
841,876,0.0,BD91
841,877,0.0,BD92
841,878,0.031,BD93
841,879,0.101,BD94
841,880,0.524,BD95
841,881,0.036,BD96
841,882,0.0,BD97
841,883,0.146,BD98
841,884,0.058,BD99
841,885,0.0,BD100
841,886,0.62,BD101
841,887,0.346,BD102
841,888,0.0,BD103
841,889,0.0,BD104
841,890,0.144,BD105
841,891,0.087,BD106
841,892,0.0,BD107
841,893,0.0,BD108
841,894,0.115,BD109
841,895,0.1,BD110
841,896,0.1,BD111
841,897,0.0,BD112
841,898,0.26,BD113
841,899,0.087,BD114
841,900,0.115,BD115
842,1,159.99,BE2
842,2,102.926,BE3
842,3,44.766,BE4
842,4,20.01,BE5
842,791,0.0,BE6
842,792,0.898,BE7
842,793,7.898,BE8
842,794,0.278,BE9
842,795,0.571,BE10
842,796,1.154,BE11
842,797,1.829,BE12
842,798,6.675,BE13
842,799,0.756,BE14
842,800,0.085,BE15
842,801,5.204,BE16
842,802,1.095,BE17
842,803,0.823,BE18
842,804,0.545,BE19
842,805,0.16,BE20
842,806,0.588,BE21
842,807,7.353,BE22
842,808,1.886,BE23
842,809,1.902,BE24
842,810,1.799,BE25
842,811,1.379,BE26
842,812,0.856,BE27
842,813,9.754,BE28
842,814,3.166,BE29
842,815,12.28,BE30
842,816,0.951,BE31
842,817,2.135,BE32
842,818,0.483,BE33
842,819,10.612,BE34
842,820,14.174,BE35
842,821,9.356,BE36
842,822,4.464,BE37
842,823,12.547,BE38
842,824,1.62,BE39
842,825,2.335,BE40
842,826,2.409,BE41
842,827,17.862,BE42
842,828,1.76,BE43
842,829,0.494,BE44
842,830,17.04,BE45
842,831,1.748,BE46
842,832,0.034,BE47
842,833,8.044,BE48
842,834,6.299,BE49
842,835,8.641,BE50
842,836,0.133,BE51
842,837,1.797,BE52
842,838,0.46,BE53
842,839,11.108,BE54
842,840,0.854,BE55
842,841,0.536,BE56
842,842,0.0,BE57
842,843,7.947,BE58
842,844,6.029,BE59
842,845,6.099,BE60
842,846,7.04,BE61
842,847,4.513,BE62
842,848,13.024,BE63
842,849,2.476,BE64
842,850,1.995,BE65
842,851,1.733,BE66
842,852,7.583,BE67
842,853,3.393,BE68
842,854,1.479,BE69
842,855,3.415,BE70
842,856,2.49,BE71
842,857,3.376,BE72
842,858,5.7,BE73
842,859,9.321,BE74
842,860,3.028,BE75
842,861,2.024,BE76
842,862,4.339,BE77
842,863,0.482,BE78
842,864,0.277,BE79
842,865,2.214,BE80
842,866,0.29,BE81
842,867,13.949,BE82
842,868,6.703,BE83
842,869,4.06,BE84
842,870,0.419,BE85
842,871,0.674,BE86
842,872,0.361,BE87
842,873,0.45,BE88
842,874,0.699,BE89
842,875,2.698,BE90
842,876,0.397,BE91
842,877,0.364,BE92
842,878,0.035,BE93
842,879,0.899,BE94
842,880,10.153,BE95
842,881,0.043,BE96
842,882,0.225,BE97
842,883,2.111,BE98
842,884,0.385,BE99
842,885,0.0,BE100
842,886,8.044,BE101
842,887,0.173,BE102
842,888,0.08,BE103
842,889,0.144,BE104
842,890,0.177,BE105
842,891,0.771,BE106
842,892,0.45,BE107
842,893,0.514,BE108
842,894,0.167,BE109
842,895,0.13,BE110
842,896,0.1,BE111
842,897,0.385,BE112
842,898,2.023,BE113
842,899,0.096,BE114
842,900,1.028,BE115
843,1,323.627,BF2
843,2,277.637,BF3
843,3,77.021,BF4
843,4,15.377,BF5
843,791,0.0,BF6
843,792,0.555,BF7
843,793,2.378,BF8
843,794,0.205,BF9
843,795,0.398,BF10
843,796,1.141,BF11
843,797,1.004,BF12
843,798,2.757,BF13
843,799,0.5,BF14
843,800,0.596,BF15
843,801,1.514,BF16
843,802,0.288,BF17
843,803,0.534,BF18
843,804,0.513,BF19
843,805,0.546,BF20
843,806,0.387,BF21
843,807,2.449,BF22
843,808,1.455,BF23
843,809,0.486,BF24
843,810,1.291,BF25
843,811,0.893,BF26
843,812,0.773,BF27
843,813,3.966,BF28
843,814,2.578,BF29
843,815,7.846,BF30
843,816,0.486,BF31
843,817,0.734,BF32
843,818,0.28,BF33
843,819,2.265,BF34
843,820,3.522,BF35
843,821,2.131,BF36
843,822,1.376,BF37
843,823,5.393,BF38
843,824,1.194,BF39
843,825,2.115,BF40
843,826,0.825,BF41
843,827,4.088,BF42
843,828,0.438,BF43
843,829,0.15,BF44
843,830,3.092,BF45
843,831,0.363,BF46
843,832,0.015,BF47
843,833,2.335,BF48
843,834,1.556,BF49
843,835,2.491,BF50
843,836,0.47,BF51
843,837,0.873,BF52
843,838,0.338,BF53
843,839,10.554,BF54
843,840,0.291,BF55
843,841,0.373,BF56
843,842,4.768,BF57
843,843,0.0,BF58
843,844,4.212,BF59
843,845,2.682,BF60
843,846,2.803,BF61
843,847,1.807,BF62
843,848,5.977,BF63
843,849,1.572,BF64
843,850,1.465,BF65
843,851,1.313,BF66
843,852,2.812,BF67
843,853,3.208,BF68
843,854,1.424,BF69
843,855,1.431,BF70
843,856,1.649,BF71
843,857,2.664,BF72
843,858,3.368,BF73
843,859,6.46,BF74
843,860,2.426,BF75
843,861,1.719,BF76
843,862,2.18,BF77
843,863,0.495,BF78
843,864,0.283,BF79
843,865,2.264,BF80
843,866,0.4,BF81
843,867,11.799,BF82
843,868,3.845,BF83
843,869,3.121,BF84
843,870,0.34,BF85
843,871,0.69,BF86
843,872,0.37,BF87
843,873,0.46,BF88
843,874,0.653,BF89
843,875,3.358,BF90
843,876,0.595,BF91
843,877,0.364,BF92
843,878,0.038,BF93
843,879,0.92,BF94
843,880,2.909,BF95
843,881,0.049,BF96
843,882,0.225,BF97
843,883,1.051,BF98
843,884,0.394,BF99
843,885,0.0,BF100
843,886,9.358,BF101
843,887,0.428,BF102
843,888,0.08,BF103
843,889,0.144,BF104
843,890,0.181,BF105
843,891,0.788,BF106
843,892,0.46,BF107
843,893,0.526,BF108
843,894,0.171,BF109
843,895,0.13,BF110
843,896,0.1,BF111
843,897,0.296,BF112
843,898,1.774,BF113
843,899,0.887,BF114
843,900,1.051,BF115
844,1,148.022,BG2
844,2,157.178,BG3
844,3,91.241,BG4
844,4,29.523,BG5
844,791,0.0,BG6
844,792,0.467,BG7
844,793,5.731,BG8
844,794,0.113,BG9
844,795,0.253,BG10
844,796,0.527,BG11
844,797,1.055,BG12
844,798,4.131,BG13
844,799,0.482,BG14
844,800,0.293,BG15
844,801,4.231,BG16
844,802,0.894,BG17
844,803,0.339,BG18
844,804,0.271,BG19
844,805,0.105,BG20
844,806,0.256,BG21
844,807,5.948,BG22
844,808,0.655,BG23
844,809,1.494,BG24
844,810,0.711,BG25
844,811,0.623,BG26
844,812,0.273,BG27
844,813,13.247,BG28
844,814,3.073,BG29
844,815,13.032,BG30
844,816,0.411,BG31
844,817,1.509,BG32
844,818,0.257,BG33
844,819,9.864,BG34
844,820,12.142,BG35
844,821,6.148,BG36
844,822,3.294,BG37
844,823,8.204,BG38
844,824,0.539,BG39
844,825,0.725,BG40
844,826,1.917,BG41
844,827,14.614,BG42
844,828,1.039,BG43
844,829,0.384,BG44
844,830,14.687,BG45
844,831,1.74,BG46
844,832,0.0,BG47
844,833,5.933,BG48
844,834,4.861,BG49
844,835,8.261,BG50
844,836,0.113,BG51
844,837,1.04,BG52
844,838,0.186,BG53
844,839,3.682,BG54
844,840,0.61,BG55
844,841,0.74,BG56
844,842,3.617,BG57
844,843,4.212,BG58
844,844,0.0,BG59
844,845,3.373,BG60
844,846,4.127,BG61
844,847,4.322,BG62
844,848,7.208,BG63
844,849,1.355,BG64
844,850,1.367,BG65
844,851,0.933,BG66
844,852,3.003,BG67
844,853,2.102,BG68
844,854,0.461,BG69
844,855,0.603,BG70
844,856,0.871,BG71
844,857,2.475,BG72
844,858,2.213,BG73
844,859,4.32,BG74
844,860,1.226,BG75
844,861,0.268,BG76
844,862,1.798,BG77
844,863,0.141,BG78
844,864,0.067,BG79
844,865,0.536,BG80
844,866,0.15,BG81
844,867,5.097,BG82
844,868,2.777,BG83
844,869,1.771,BG84
844,870,0.248,BG85
844,871,0.19,BG86
844,872,0.102,BG87
844,873,0.095,BG88
844,874,0.204,BG89
844,875,0.402,BG90
844,876,0.095,BG91
844,877,0.091,BG92
844,878,0.094,BG93
844,879,0.19,BG94
844,880,8.906,BG95
844,881,0.1,BG96
844,882,0.068,BG97
844,883,1.363,BG98
844,884,0.109,BG99
844,885,0.0,BG100
844,886,1.32,BG101
844,887,0.326,BG102
844,888,0.04,BG103
844,889,0.072,BG104
844,890,0.408,BG105
844,891,0.163,BG106
844,892,0.19,BG107
844,893,0.109,BG108
844,894,0.326,BG109
844,895,0.3,BG110
844,896,0.3,BG111
844,897,0.082,BG112
844,898,0.49,BG113
844,899,0.163,BG114
844,900,0.218,BG115
845,1,147.206,BH2
845,2,94.862,BH3
845,3,49.872,BH4
845,4,15.231,BH5
845,791,0.0,BH6
845,792,0.416,BH7
845,793,4.202,BH8
845,794,0.096,BH9
845,795,0.215,BH10
845,796,0.485,BH11
845,797,0.756,BH12
845,798,2.947,BH13
845,799,0.288,BH14
845,800,0.249,BH15
845,801,3.042,BH16
845,802,0.666,BH17
845,803,0.288,BH18
845,804,0.243,BH19
845,805,0.096,BH20
845,806,0.218,BH21
845,807,4.506,BH22
845,808,0.563,BH23
845,809,1.388,BH24
845,810,0.915,BH25
845,811,0.535,BH26
845,812,0.24,BH27
845,813,10.025,BH28
845,814,2.621,BH29
845,815,11.052,BH30
845,816,0.363,BH31
845,817,1.295,BH32
845,818,0.226,BH33
845,819,9.736,BH34
845,820,13.207,BH35
845,821,5.669,BH36
845,822,3.028,BH37
845,823,9.665,BH38
845,824,0.464,BH39
845,825,0.664,BH40
845,826,1.276,BH41
845,827,8.838,BH42
845,828,1.383,BH43
845,829,0.384,BH44
845,830,15.457,BH45
845,831,1.748,BH46
845,832,0.173,BH47
845,833,7.244,BH48
845,834,5.87,BH49
845,835,11.158,BH50
845,836,0.106,BH51
845,837,1.063,BH52
845,838,0.187,BH53
845,839,3.979,BH54
845,840,0.698,BH55
845,841,0.361,BH56
845,842,3.66,BH57
845,843,2.682,BH58
845,844,3.373,BH59
845,845,0.0,BH60
845,846,2.996,BH61
845,847,2.776,BH62
845,848,6.416,BH63
845,849,1.232,BH64
845,850,0.878,BH65
845,851,0.864,BH66
845,852,2.321,BH67
845,853,2.757,BH68
845,854,0.641,BH69
845,855,2.037,BH70
845,856,1.388,BH71
845,857,2.191,BH72
845,858,2.054,BH73
845,859,2.618,BH74
845,860,1.269,BH75
845,861,1.457,BH76
845,862,1.135,BH77
845,863,0.159,BH78
845,864,0.085,BH79
845,865,0.683,BH80
845,866,0.26,BH81
845,867,4.273,BH82
845,868,1.955,BH83
845,869,1.844,BH84
845,870,0.319,BH85
845,871,0.162,BH86
845,872,0.087,BH87
845,873,0.081,BH88
845,874,0.217,BH89
845,875,0.043,BH90
845,876,0.162,BH91
845,877,0.081,BH92
845,878,0.114,BH93
845,879,0.162,BH94
845,880,7.715,BH95
845,881,0.114,BH96
845,882,0.058,BH97
845,883,1.24,BH98
845,884,0.092,BH99
845,885,0.0,BH100
845,886,1.433,BH101
845,887,0.069,BH102
845,888,0.04,BH103
845,889,0.069,BH104
845,890,0.347,BH105
845,891,0.139,BH106
845,892,0.162,BH107
845,893,0.092,BH108
845,894,0.37,BH109
845,895,0.4,BH110
845,896,0.3,BH111
845,897,0.069,BH112
845,898,0.416,BH113
845,899,0.208,BH114
845,900,0.185,BH115
846,1,248.756,BI2
846,2,104.122,BI3
846,3,51.095,BI4
846,4,17.507,BI5
846,791,0.0,BI6
846,792,0.329,BI7
846,793,4.22,BI8
846,794,0.078,BI9
846,795,0.124,BI10
846,796,0.414,BI11
846,797,0.745,BI12
846,798,2.943,BI13
846,799,0.352,BI14
846,800,0.166,BI15
846,801,2.953,BI16
846,802,0.646,BI17
846,803,0.234,BI18
846,804,0.199,BI19
846,805,0.074,BI20
846,806,0.177,BI21
846,807,4.127,BI22
846,808,0.392,BI23
846,809,0.822,BI24
846,810,0.839,BI25
846,811,0.425,BI26
846,812,0.177,BI27
846,813,8.982,BI28
846,814,2.447,BI29
846,815,10.536,BI30
846,816,0.316,BI31
846,817,1.098,BI32
846,818,0.177,BI33
846,819,7.893,BI34
846,820,10.898,BI35
846,821,5.049,BI36
846,822,2.481,BI37
846,823,5.457,BI38
846,824,0.417,BI39
846,825,0.489,BI40
846,826,1.451,BI41
846,827,12.541,BI42
846,828,0.904,BI43
846,829,0.289,BI44
846,830,12.761,BI45
846,831,1.405,BI46
846,832,0.075,BI47
846,833,5.045,BI48
846,834,4.313,BI49
846,835,6.563,BI50
846,836,0.094,BI51
846,837,0.857,BI52
846,838,0.147,BI53
846,839,2.889,BI54
846,840,0.533,BI55
846,841,0.425,BI56
846,842,4.224,BI57
846,843,2.803,BI58
846,844,4.127,BI59
846,845,2.996,BI60
846,846,0.0,BI61
846,847,3.404,BI62
846,848,3.686,BI63
846,849,1.109,BI64
846,850,0.596,BI65
846,851,1.037,BI66
846,852,2.505,BI67
846,853,1.937,BI68
846,854,0.375,BI69
846,855,0.454,BI70
846,856,0.979,BI71
846,857,2.386,BI72
846,858,1.743,BI73
846,859,3.269,BI74
846,860,0.953,BI75
846,861,0.202,BI76
846,862,1.324,BI77
846,863,0.106,BI78
846,864,0.05,BI79
846,865,0.404,BI80
846,866,0.24,BI81
846,867,3.728,BI82
846,868,2.063,BI83
846,869,1.47,BI84
846,870,0.182,BI85
846,871,0.072,BI86
846,872,0.077,BI87
846,873,0.072,BI88
846,874,0.161,BI89
846,875,0.303,BI90
846,876,0.072,BI91
846,877,0.072,BI92
846,878,0.076,BI93
846,879,0.143,BI94
846,880,8.123,BI95
846,881,0.076,BI96
846,882,0.051,BI97
846,883,1.057,BI98
846,884,0.082,BI99
846,885,0.0,BI100
846,886,0.984,BI101
846,887,0.246,BI102
846,888,0.04,BI103
846,889,0.061,BI104
846,890,0.307,BI105
846,891,0.123,BI106
846,892,0.143,BI107
846,893,0.082,BI108
846,894,0.246,BI109
846,895,0.3,BI110
846,896,0.3,BI111
846,897,0.061,BI112
846,898,0.184,BI113
846,899,0.123,BI114
846,900,0.164,BI115
847,1,305.645,BJ2
847,2,118.984,BJ3
847,3,129.32,BJ4
847,4,12.769,BJ5
847,791,0.0,BJ6
847,792,0.606,BJ7
847,793,2.311,BJ8
847,794,0.205,BJ9
847,795,0.442,BJ10
847,796,1.253,BJ11
847,797,0.919,BJ12
847,798,2.678,BJ13
847,799,0.548,BJ14
847,800,0.637,BJ15
847,801,1.56,BJ16
847,802,0.31,BJ17
847,803,0.553,BJ18
847,804,0.549,BJ19
847,805,0.573,BJ20
847,806,0.414,BJ21
847,807,2.684,BJ22
847,808,1.58,BJ23
847,809,0.613,BJ24
847,810,1.066,BJ25
847,811,1.042,BJ26
847,812,0.972,BJ27
847,813,2.665,BJ28
847,814,1.916,BJ29
847,815,5.777,BJ30
847,816,0.56,BJ31
847,817,0.863,BJ32
847,818,0.335,BJ33
847,819,3.027,BJ34
847,820,4.614,BJ35
847,821,3.039,BJ36
847,822,1.497,BJ37
847,823,4.457,BJ38
847,824,1.383,BJ39
847,825,2.62,BJ40
847,826,0.754,BJ41
847,827,6.892,BJ42
847,828,0.613,BJ43
847,829,0.16,BJ44
847,830,5.555,BJ45
847,831,0.732,BJ46
847,832,0.166,BJ47
847,833,2.811,BJ48
847,834,2.474,BJ49
847,835,4.547,BJ50
847,836,0.068,BJ51
847,837,1.58,BJ52
847,838,0.507,BJ53
847,839,12.727,BJ54
847,840,0.393,BJ55
847,841,0.272,BJ56
847,842,2.698,BJ57
847,843,1.807,BJ58
847,844,4.322,BJ59
847,845,2.763,BJ60
847,846,3.404,BJ61
847,847,0.0,BJ62
847,848,6.763,BJ63
847,849,1.763,BJ64
847,850,1.213,BJ65
847,851,1.635,BJ66
847,852,3.741,BJ67
847,853,2.937,BJ68
847,854,2.356,BJ69
847,855,2.86,BJ70
847,856,2.452,BJ71
847,857,2.816,BJ72
847,858,2.758,BJ73
847,859,7.873,BJ74
847,860,3.231,BJ75
847,861,2.969,BJ76
847,862,2.425,BJ77
847,863,0.611,BJ78
847,864,0.327,BJ79
847,865,2.62,BJ80
847,866,0.4,BJ81
847,867,12.588,BJ82
847,868,3.32,BJ83
847,869,4.519,BJ84
847,870,0.502,BJ85
847,871,0.724,BJ86
847,872,0.333,BJ87
847,873,0.414,BJ88
847,874,0.798,BJ89
847,875,5.597,BJ90
847,876,0.595,BJ91
847,877,0.545,BJ92
847,878,0.047,BJ93
847,879,0.828,BJ94
847,880,3.496,BJ95
847,881,0.051,BJ96
847,882,0.222,BJ97
847,883,1.121,BJ98
847,884,0.414,BJ99
847,885,0.089,BJ100
847,886,12.238,BJ101
847,887,0.584,BJ102
847,888,0.08,BJ103
847,889,0.144,BJ104
847,890,0.177,BJ105
847,891,0.709,BJ106
847,892,0.414,BJ107
847,893,0.473,BJ108
847,894,0.142,BJ109
847,895,0.12,BJ110
847,896,0.1,BJ111
847,897,0.266,BJ112
847,898,1.596,BJ113
847,899,0.798,BJ114
847,900,0.828,BJ115
848,1,258.774,BK2
848,2,1.487,BK3
848,3,97.435,BK4
848,4,36.001,BK5
848,791,0.0,BK6
848,792,0.916,BK7
848,793,10.384,BK8
848,794,0.191,BK9
848,795,0.473,BK10
848,796,1.012,BK11
848,797,1.735,BK12
848,798,7.053,BK13
848,799,0.636,BK14
848,800,0.433,BK15
848,801,7.395,BK16
848,802,1.578,BK17
848,803,0.597,BK18
848,804,0.501,BK19
848,805,0.235,BK20
848,806,0.464,BK21
848,807,11.025,BK22
848,808,1.076,BK23
848,809,3.372,BK24
848,810,2.048,BK25
848,811,1.138,BK26
848,812,0.445,BK27
848,813,24.466,BK28
848,814,5.959,BK29
848,815,25.819,BK30
848,816,0.844,BK31
848,817,2.951,BK32
848,818,0.483,BK33
848,819,23.515,BK34
848,820,32.068,BK35
848,821,14.224,BK36
848,822,7.289,BK37
848,823,23.561,BK38
848,824,1.037,BK39
848,825,1.217,BK40
848,826,3.08,BK41
848,827,36.337,BK42
848,828,3.362,BK43
848,829,0.916,BK44
848,830,38.215,BK45
848,831,4.324,BK46
848,832,0.0,BK47
848,833,17.448,BK48
848,834,14.613,BK49
848,835,27.098,BK50
848,836,0.258,BK51
848,837,2.444,BK52
848,838,0.387,BK53
848,839,7.118,BK54
848,840,1.699,BK55
848,841,0.724,BK56
848,842,7.814,BK57
848,843,5.977,BK58
848,844,7.208,BK59
848,845,6.416,BK60
848,846,3.686,BK61
848,847,6.763,BK62
848,848,0.0,BK63
848,849,2.079,BK64
848,850,3.712,BK65
848,851,3.472,BK66
848,852,7.635,BK67
848,853,2.883,BK68
848,854,0.953,BK69
848,855,0.096,BK70
848,856,2.998,BK71
848,857,6.542,BK72
848,858,3.162,BK73
848,859,5.244,BK74
848,860,2.432,BK75
848,861,0.509,BK76
848,862,2.339,BK77
848,863,0.238,BK78
848,864,0.113,BK79
848,865,0.905,BK80
848,866,0.61,BK81
848,867,6.947,BK82
848,868,4.36,BK83
848,869,3.626,BK84
848,870,0.73,BK85
848,871,0.241,BK86
848,872,0.172,BK87
848,873,0.161,BK88
848,874,0.388,BK89
848,875,0.064,BK90
848,876,0.241,BK91
848,877,0.161,BK92
848,878,0.198,BK93
848,879,0.241,BK94
848,880,19.45,BK95
848,881,0.198,BK96
848,882,0.115,BK97
848,883,2.893,BK98
848,884,0.138,BK99
848,885,0.0,BK100
848,886,1.781,BK101
848,887,0.092,BK102
848,888,0.04,BK103
848,889,0.069,BK104
848,890,0.689,BK105
848,891,0.207,BK106
848,892,0.161,BK107
848,893,0.184,BK108
848,894,0.643,BK109
848,895,0.7,BK110
848,896,0.4,BK111
848,897,0.138,BK112
848,898,0.62,BK113
848,899,0.276,BK114
848,900,0.276,BK115
849,1,217.347,BL2
849,2,64.02,BL3
849,3,41.748,BL4
849,4,14.066,BL5
849,791,0.0,BL6
849,792,0.221,BL7
849,793,1.687,BL8
849,794,0.591,BL9
849,795,0.127,BL10
849,796,0.242,BL11
849,797,0.345,BL12
849,798,1.25,BL13
849,799,0.158,BL14
849,800,0.153,BL15
849,801,1.221,BL16
849,802,0.307,BL17
849,803,0.168,BL18
849,804,0.115,BL19
849,805,0.473,BL20
849,806,0.13,BL21
849,807,2.277,BL22
849,808,0.347,BL23
849,809,0.644,BL24
849,810,0.429,BL25
849,811,0.33,BL26
849,812,0.148,BL27
849,813,3.941,BL28
849,814,1.071,BL29
849,815,4.254,BL30
849,816,0.253,BL31
849,817,0.628,BL32
849,818,0.132,BL33
849,819,3.914,BL34
849,820,5.303,BL35
849,821,3.55,BL36
849,822,1.388,BL37
849,823,4.056,BL38
849,824,0.244,BL39
849,825,0.424,BL40
849,826,0.596,BL41
849,827,4.861,BL42
849,828,0.641,BL43
849,829,0.166,BL44
849,830,4.569,BL45
849,831,0.664,BL46
849,832,0.15,BL47
849,833,3.251,BL48
849,834,2.887,BL49
849,835,5.13,BL50
849,836,0.065,BL51
849,837,0.465,BL52
849,838,0.106,BL53
849,839,2.415,BL54
849,840,0.323,BL55
849,841,0.161,BL56
849,842,1.486,BL57
849,843,1.572,BL58
849,844,1.355,BL59
849,845,1.232,BL60
849,846,1.109,BL61
849,847,1.763,BL62
849,848,2.079,BL63
849,849,0.0,BL64
849,850,0.586,BL65
849,851,1.036,BL66
849,852,1.181,BL67
849,853,0.912,BL68
849,854,0.682,BL69
849,855,1.318,BL70
849,856,0.792,BL71
849,857,1.122,BL72
849,858,1.086,BL73
849,859,1.844,BL74
849,860,0.82,BL75
849,861,0.813,BL76
849,862,0.725,BL77
849,863,0.14,BL78
849,864,0.07,BL79
849,865,0.561,BL80
849,866,0.12,BL81
849,867,3.21,BL82
849,868,1.138,BL83
849,869,1.157,BL84
849,870,0.175,BL85
849,871,0.1,BL86
849,872,0.107,BL87
849,873,0.1,BL88
849,874,0.139,BL89
849,875,0.361,BL90
849,876,0.099,BL91
849,877,0.091,BL92
849,878,0.094,BL93
849,879,0.1,BL94
849,880,2.592,BL95
849,881,0.105,BL96
849,882,0.071,BL97
849,883,0.596,BL98
849,884,0.057,BL99
849,885,0.0,BL100
849,886,1.182,BL101
849,887,0.057,BL102
849,888,0.0,BL103
849,889,0.0,BL104
849,890,0.285,BL105
849,891,0.085,BL106
849,892,0.0,BL107
849,893,0.114,BL108
849,894,0.228,BL109
849,895,0.2,BL110
849,896,0.2,BL111
849,897,0.085,BL112
849,898,0.256,BL113
849,899,0.171,BL114
849,900,0.114,BL115
850,1,85.41,BM2
850,2,127.762,BM3
850,3,64.025,BM4
850,4,90.943,BM5
850,791,0.0,BM6
850,792,0.187,BM7
850,793,1.116,BM8
850,794,0.359,BM9
850,795,0.941,BM10
850,796,0.188,BM11
850,797,0.209,BM12
850,798,0.795,BM13
850,799,0.122,BM14
850,800,0.139,BM15
850,801,1.088,BM16
850,802,0.279,BM17
850,803,0.117,BM18
850,804,0.098,BM19
850,805,0.43,BM20
850,806,0.091,BM21
850,807,1.883,BM22
850,808,0.222,BM23
850,809,0.565,BM24
850,810,0.349,BM25
850,811,0.237,BM26
850,812,0.099,BM27
850,813,5.802,BM28
850,814,0.962,BM29
850,815,3.977,BM30
850,816,0.199,BM31
850,817,0.537,BM32
850,818,0.097,BM33
850,819,3.965,BM34
850,820,5.223,BM35
850,821,3.222,BM36
850,822,1.253,BM37
850,823,3.752,BM38
850,824,0.19,BM39
850,825,0.269,BM40
850,826,0.533,BM41
850,827,3.857,BM42
850,828,0.583,BM43
850,829,0.151,BM44
850,830,3.672,BM45
850,831,0.716,BM46
850,832,0.008,BM47
850,833,3.004,BM48
850,834,2.444,BM49
850,835,4.573,BM50
850,836,0.43,BM51
850,837,0.409,BM52
850,838,0.081,BM53
850,839,1.554,BM54
850,840,0.294,BM55
850,841,0.126,BM56
850,842,1.197,BM57
850,843,1.472,BM58
850,844,1.367,BM59
850,845,0.878,BM60
850,846,0.596,BM61
850,847,1.213,BM62
850,848,3.712,BM63
850,849,0.586,BM64
850,850,0.0,BM65
850,851,0.426,BM66
850,852,1.388,BM67
850,853,1.227,BM68
850,854,0.349,BM69
850,855,0.255,BM70
850,856,0.574,BM71
850,857,1.291,BM72
850,858,0.583,BM73
850,859,1.371,BM74
850,860,0.548,BM75
850,861,0.128,BM76
850,862,0.513,BM77
850,863,0.077,BM78
850,864,0.032,BM79
850,865,0.255,BM80
850,866,0.11,BM81
850,867,1.804,BM82
850,868,0.88,BM83
850,869,0.797,BM84
850,870,0.134,BM85
850,871,0.091,BM86
850,872,0.0,BM87
850,873,0.091,BM88
850,874,0.874,BM89
850,875,0.191,BM90
850,876,0.091,BM91
850,877,0.091,BM92
850,878,0.063,BM93
850,879,0.091,BM94
850,880,2.863,BM95
850,881,0.064,BM96
850,882,0.065,BM97
850,883,0.523,BM98
850,884,0.052,BM99
850,885,0.0,BM100
850,886,0.505,BM101
850,887,0.207,BM102
850,888,0.0,BM103
850,889,0.0,BM104
850,890,0.13,BM105
850,891,0.078,BM106
850,892,0.0,BM107
850,893,0.104,BM108
850,894,0.207,BM109
850,895,0.2,BM110
850,896,0.1,BM111
850,897,0.0,BM112
850,898,0.233,BM113
850,899,0.078,BM114
850,900,0.104,BM115
851,1,90.795,BN2
851,2,64.38,BN3
851,3,30.168,BN4
851,4,83.716,BN5
851,791,0.0,BN6
851,792,0.19,BN7
851,793,1.557,BN8
851,794,0.518,BN9
851,795,0.104,BN10
851,796,0.259,BN11
851,797,0.302,BN12
851,798,1.134,BN13
851,799,0.148,BN14
851,800,0.115,BN15
851,801,1.147,BN16
851,802,0.305,BN17
851,803,0.141,BN18
851,804,0.086,BN19
851,805,0.415,BN20
851,806,0.109,BN21
851,807,2.084,BN22
851,808,0.272,BN23
851,809,0.61,BN24
851,810,0.363,BN25
851,811,0.271,BN26
851,812,0.126,BN27
851,813,3.722,BN28
851,814,1.016,BN29
851,815,4.222,BN30
851,816,0.228,BN31
851,817,0.547,BN32
851,818,0.117,BN33
851,819,3.875,BN34
851,820,6.038,BN35
851,821,3.37,BN36
851,822,1.246,BN37
851,823,3.541,BN38
851,824,0.284,BN39
851,825,0.326,BN40
851,826,0.611,BN41
851,827,5.01,BN42
851,828,0.608,BN43
851,829,0.16,BN44
851,830,4.837,BN45
851,831,0.6,BN46
851,832,0.069,BN47
851,833,2.861,BN48
851,834,2.678,BN49
851,835,4.862,BN50
851,836,0.058,BN51
851,837,0.563,BN52
851,838,0.08,BN53
851,839,1.917,BN54
851,840,0.296,BN55
851,841,0.138,BN56
851,842,1.036,BN57
851,843,1.313,BN58
851,844,0.933,BN59
851,845,0.864,BN60
851,846,1.037,BN61
851,847,1.635,BN62
851,848,3.472,BN63
851,849,1.036,BN64
851,850,0.426,BN65
851,851,0.0,BN66
851,852,1.083,BN67
851,853,1.175,BN68
851,854,0.53,BN69
851,855,1.179,BN70
851,856,0.695,BN71
851,857,1.04,BN72
851,858,0.54,BN73
851,859,1.674,BN74
851,860,0.611,BN75
851,861,0.705,BN76
851,862,0.54,BN77
851,863,0.095,BN78
851,864,0.053,BN79
851,865,0.421,BN80
851,866,0.13,BN81
851,867,2.316,BN82
851,868,0.881,BN83
851,869,0.874,BN84
851,870,0.158,BN85
851,871,0.075,BN86
851,872,0.08,BN87
851,873,0.075,BN88
851,874,0.104,BN89
851,875,0.276,BN90
851,876,0.075,BN91
851,877,0.075,BN92
851,878,0.053,BN93
851,879,0.075,BN94
851,880,2.984,BN95
851,881,0.053,BN96
851,882,0.053,BN97
851,883,0.532,BN98
851,884,0.043,BN99
851,885,0.0,BN100
851,886,0.77,BN101
851,887,0.385,BN102
851,888,0.0,BN103
851,889,0.0,BN104
851,890,0.214,BN105
851,891,0.064,BN106
851,892,0.0,BN107
851,893,0.086,BN108
851,894,0.171,BN109
851,895,0.2,BN110
851,896,0.1,BN111
851,897,0.064,BN112
851,898,0.192,BN113
851,899,0.064,BN114
851,900,0.086,BN115
852,1,134.11,BO2
852,2,157.8,BO3
852,3,192.75,BO4
852,4,140.017,BO5
852,791,0.0,BO6
852,792,0.42,BO7
852,793,4.3,BO8
852,794,0.114,BO9
852,795,0.187,BO10
852,796,0.586,BO11
852,797,0.885,BO12
852,798,3.227,BO13
852,799,0.457,BO14
852,800,0.256,BO15
852,801,2.975,BO16
852,802,0.634,BO17
852,803,0.331,BO18
852,804,0.284,BO19
852,805,0.822,BO20
852,806,0.229,BO21
852,807,4.128,BO22
852,808,0.594,BO23
852,809,0.951,BO24
852,810,1.146,BO25
852,811,0.517,BO26
852,812,0.286,BO27
852,813,11.023,BO28
852,814,2.467,BO29
852,815,9.861,BO30
852,816,0.43,BO31
852,817,1.128,BO32
852,818,0.187,BO33
852,819,6.2,BO34
852,820,8.11,BO35
852,821,5.29,BO36
852,822,2.764,BO37
852,823,9.308,BO38
852,824,0.584,BO39
852,825,0.777,BO40
852,826,1.458,BO41
852,827,13.656,BO42
852,828,1.007,BO43
852,829,0.315,BO44
852,830,13.395,BO45
852,831,1.317,BO46
852,832,0.153,BO47
852,833,5.593,BO48
852,834,4.701,BO49
852,835,7.777,BO50
852,836,0.101,BO51
852,837,1.103,BO52
852,838,0.216,BO53
852,839,0.101,BO54
852,840,0.621,BO55
852,841,0.342,BO56
852,842,4.55,BO57
852,843,2.812,BO58
852,844,3.003,BO59
852,845,2.321,BO60
852,846,2.505,BO61
852,847,3.741,BO62
852,848,7.635,BO63
852,849,1.181,BO64
852,850,1.388,BO65
852,851,1.083,BO66
852,852,0.0,BO67
852,853,3.281,BO68
852,854,0.764,BO69
852,855,0.089,BO70
852,856,1.332,BO71
852,857,3.619,BO72
852,858,3.838,BO73
852,859,3.022,BO74
852,860,1.779,BO75
852,861,0.426,BO76
852,862,2.436,BO77
852,863,0.199,BO78
852,864,0.081,BO79
852,865,0.975,BO80
852,866,0.22,BO81
852,867,7.97,BO82
852,868,2.347,BO83
852,869,2.526,BO84
852,870,0.325,BO85
852,871,0.231,BO86
852,872,0.124,BO87
852,873,0.116,BO88
852,874,0.0,BO89
852,875,0.052,BO90
852,876,0.198,BO91
852,877,0.091,BO92
852,878,0.126,BO93
852,879,0.231,BO94
852,880,6.621,BO95
852,881,0.162,BO96
852,882,0.075,BO97
852,883,1.344,BO98
852,884,0.132,BO99
852,885,0.0,BO100
852,886,0.481,BO101
852,887,0.0,BO102
852,888,0.04,BO103
852,889,0.072,BO104
852,890,0.495,BO105
852,891,0.198,BO106
852,892,0.231,BO107
852,893,0.132,BO108
852,894,0.528,BO109
852,895,0.4,BO110
852,896,0.3,BO111
852,897,0.099,BO112
852,898,0.594,BO113
852,899,0.297,BO114
852,900,0.264,BO115
853,1,98.357,BP2
853,2,101.918,BP3
853,3,153.412,BP4
853,4,52.442,BP5
853,791,0.0,BP6
853,792,0.448,BP7
853,793,2.534,BP8
853,794,0.933,BP9
853,795,0.218,BP10
853,796,0.435,BP11
853,797,0.472,BP12
853,798,1.822,BP13
853,799,0.282,BP14
853,800,0.242,BP15
853,801,2.508,BP16
853,802,0.645,BP17
853,803,0.29,BP18
853,804,0.226,BP19
853,805,0.099,BP20
853,806,0.226,BP21
853,807,4.544,BP22
853,808,0.539,BP23
853,809,1.33,BP24
853,810,0.798,BP25
853,811,0.548,BP26
853,812,0.228,BP27
853,813,8.093,BP28
853,814,1.913,BP29
853,815,7.855,BP30
853,816,0.488,BP31
853,817,1.173,BP32
853,818,0.202,BP33
853,819,7.93,BP34
853,820,10.559,BP35
853,821,7.267,BP36
853,822,2.907,BP37
853,823,8.294,BP38
853,824,0.444,BP39
853,825,0.632,BP40
853,826,1.231,BP41
853,827,9.431,BP42
853,828,1.348,BP43
853,829,0.361,BP44
853,830,8.987,BP45
853,831,1.493,BP46
853,832,0.05,BP47
853,833,6.945,BP48
853,834,6.043,BP49
853,835,10.695,BP50
853,836,0.137,BP51
853,837,0.937,BP52
853,838,0.187,BP53
853,839,3.199,BP54
853,840,0.672,BP55
853,841,0.287,BP56
853,842,2.036,BP57
853,843,3.208,BP58
853,844,2.102,BP59
853,845,2.757,BP60
853,846,1.937,BP61
853,847,2.937,BP62
853,848,2.883,BP63
853,849,0.912,BP64
853,850,1.227,BP65
853,851,1.175,BP66
853,852,3.281,BP67
853,853,0.0,BP68
853,854,0.733,BP69
853,855,0.59,BP70
853,856,1.378,BP71
853,857,3.272,BP72
853,858,1.47,BP73
853,859,3.412,BP74
853,860,1.245,BP75
853,861,0.284,BP76
853,862,1.132,BP77
853,863,0.155,BP78
853,864,0.074,BP79
853,865,0.59,BP80
853,866,0.22,BP81
853,867,4.112,BP82
853,868,2.049,BP83
853,869,1.846,BP84
853,870,0.317,BP85
853,871,0.105,BP86
853,872,0.112,BP87
853,873,0.105,BP88
853,874,0.202,BP89
853,875,0.413,BP90
853,876,0.099,BP91
853,877,0.091,BP92
853,878,0.094,BP93
853,879,0.105,BP94
853,880,5.347,BP95
853,881,0.111,BP96
853,882,0.075,BP97
853,883,1.116,BP98
853,884,0.06,BP99
853,885,0.0,BP100
853,886,1.048,BP101
853,887,0.52,BP102
853,888,0.0,BP103
853,889,0.0,BP104
853,890,0.299,BP105
853,891,0.18,BP106
853,892,0.0,BP107
853,893,0.12,BP108
853,894,0.359,BP109
853,895,0.3,BP110
853,896,0.2,BP111
853,897,0.09,BP112
853,898,0.269,BP113
853,899,0.18,BP114
853,900,0.12,BP115
854,1,227.558,BQ2
854,2,123.175,BQ3
854,3,131.536,BQ4
854,4,111.077,BQ5
854,791,0.0,BQ6
854,792,0.644,BQ7
854,793,0.586,BQ8
854,794,0.116,BQ9
854,795,0.312,BQ10
854,796,0.851,BQ11
854,797,1.188,BQ12
854,798,0.243,BQ13
854,799,0.67,BQ14
854,800,0.0,BQ15
854,801,0.455,BQ16
854,802,0.148,BQ17
854,803,0.348,BQ18
854,804,0.614,BQ19
854,805,0.096,BQ20
854,806,0.352,BQ21
854,807,0.722,BQ22
854,808,0.657,BQ23
854,809,0.282,BQ24
854,810,0.208,BQ25
854,811,0.078,BQ26
854,812,0.367,BQ27
854,813,1.255,BQ28
854,814,0.347,BQ29
854,815,1.29,BQ30
854,816,0.424,BQ31
854,817,0.235,BQ32
854,818,0.156,BQ33
854,819,1.239,BQ34
854,820,0.973,BQ35
854,821,0.865,BQ36
854,822,0.761,BQ37
854,823,1.989,BQ38
854,824,0.083,BQ39
854,825,0.137,BQ40
854,826,0.539,BQ41
854,827,4.734,BQ42
854,828,0.37,BQ43
854,829,0.235,BQ44
854,830,3.797,BQ45
854,831,0.346,BQ46
854,832,0.047,BQ47
854,833,1.149,BQ48
854,834,0.962,BQ49
854,835,1.448,BQ50
854,836,0.074,BQ51
854,837,0.429,BQ52
854,838,0.35,BQ53
854,839,0.956,BQ54
854,840,0.416,BQ55
854,841,0.109,BQ56
854,842,0.877,BQ57
854,843,1.433,BQ58
854,844,0.461,BQ59
854,845,0.641,BQ60
854,846,0.375,BQ61
854,847,2.356,BQ62
854,848,0.953,BQ63
854,849,0.682,BQ64
854,850,0.349,BQ65
854,851,0.53,BQ66
854,852,0.764,BQ67
854,853,0.733,BQ68
854,854,0.0,BQ69
854,855,1.112,BQ70
854,856,0.689,BQ71
854,857,0.954,BQ72
854,858,0.458,BQ73
854,859,2.275,BQ74
854,860,1.864,BQ75
854,861,0.561,BQ76
854,862,0.123,BQ77
854,863,3.741,BQ78
854,864,0.162,BQ79
854,865,1.369,BQ80
854,866,0.21,BQ81
854,867,0.605,BQ82
854,868,0.469,BQ83
854,869,0.532,BQ84
854,870,0.501,BQ85
854,871,0.324,BQ86
854,872,0.162,BQ87
854,873,0.216,BQ88
854,874,0.869,BQ89
854,875,0.774,BQ90
854,876,0.179,BQ91
854,877,0.155,BQ92
854,878,0.182,BQ93
854,879,0.284,BQ94
854,880,6.594,BQ95
854,881,0.218,BQ96
854,882,0.105,BQ97
854,883,0.428,BQ98
854,884,0.13,BQ99
854,885,0.0,BQ100
854,886,0.369,BQ101
854,887,0.116,BQ102
854,888,0.239,BQ103
854,889,0.433,BQ104
854,890,0.597,BQ105
854,891,0.217,BQ106
854,892,1.035,BQ107
854,893,0.149,BQ108
854,894,0.448,BQ109
854,895,0.29,BQ110
854,896,0.23,BQ111
854,897,0.927,BQ112
854,898,0.452,BQ113
854,899,0.219,BQ114
854,900,0.232,BQ115
855,1,16.469,BR2
855,2,149.027,BR3
855,3,41.327,BR4
855,4,242.028,BR5
855,791,0.0,BR6
855,792,1.307,BR7
855,793,2.324,BR8
855,794,0.407,BR9
855,795,0.415,BR10
855,796,1.631,BR11
855,797,0.805,BR12
855,798,2.292,BR13
855,799,1.175,BR14
855,800,0.596,BR15
855,801,1.488,BR16
855,802,0.305,BR17
855,803,1.15,BR18
855,804,0.792,BR19
855,805,0.161,BR20
855,806,0.449,BR21
855,807,2.237,BR22
855,808,3.115,BR23
855,809,1.511,BR24
855,810,0.82,BR25
855,811,1.089,BR26
855,812,2.18,BR27
855,813,3.657,BR28
855,814,1.692,BR29
855,815,5.571,BR30
855,816,1.247,BR31
855,817,1.143,BR32
855,818,0.444,BR33
855,819,4.998,BR34
855,820,8.454,BR35
855,821,10.948,BR36
855,822,4.131,BR37
855,823,3.553,BR38
855,824,3.148,BR39
855,825,5.912,BR40
855,826,2.698,BR41
855,827,8.722,BR42
855,828,2.574,BR43
855,829,0.753,BR44
855,830,10.707,BR45
855,831,3.133,BR46
855,832,0.187,BR47
855,833,7.588,BR48
855,834,5.25,BR49
855,835,18.375,BR50
855,836,0.289,BR51
855,837,5.033,BR52
855,838,1.418,BR53
855,839,0.795,BR54
855,840,0.294,BR55
855,841,0.179,BR56
855,842,2.241,BR57
855,843,1.565,BR58
855,844,0.659,BR59
855,845,2.228,BR60
855,846,0.497,BR61
855,847,3.128,BR62
855,848,0.105,BR63
855,849,1.441,BR64
855,850,0.279,BR65
855,851,1.29,BR66
855,852,0.098,BR67
855,853,0.645,BR68
855,854,1.216,BR69
855,855,0.0,BR70
855,856,7.11,BR71
855,857,0.097,BR72
855,858,0.063,BR73
855,859,0.194,BR74
855,860,0.539,BR75
855,861,10.838,BR76
855,862,0.28,BR77
855,863,1.125,BR78
855,864,0.053,BR79
855,865,0.404,BR80
855,866,0.8,BR81
855,867,0.295,BR82
855,868,0.083,BR83
855,869,0.076,BR84
855,870,1.474,BR85
855,871,0.335,BR86
855,872,0.141,BR87
855,873,0.204,BR88
855,874,0.513,BR89
855,875,10.776,BR90
855,876,0.139,BR91
855,877,0.127,BR92
855,878,0.227,BR93
855,879,0.204,BR94
855,880,4.227,BR95
855,881,0.235,BR96
855,882,0.09,BR97
855,883,1.285,BR98
855,884,0.089,BR99
855,885,0.0,BR100
855,886,0.272,BR101
855,887,0.116,BR102
855,888,0.119,BR103
855,889,0.217,BR104
855,890,0.376,BR105
855,891,0.123,BR106
855,892,0.479,BR107
855,893,0.958,BR108
855,894,0.26,BR109
855,895,0.19,BR110
855,896,0.15,BR111
855,897,0.411,BR112
855,898,2.464,BR113
855,899,0.123,BR114
855,900,0.137,BR115
856,1,72.859,BS2
856,2,5.516,BS3
856,3,17.471,BS4
856,4,182.169,BS5
856,791,0.0,BS6
856,792,0.727,BS7
856,793,1.731,BS8
856,794,0.325,BS9
856,795,0.293,BS10
856,796,1.173,BS11
856,797,0.462,BS12
856,798,1.515,BS13
856,799,0.622,BS14
856,800,0.341,BS15
856,801,1.468,BS16
856,802,0.387,BS17
856,803,0.987,BS18
856,804,0.586,BS19
856,805,0.124,BS20
856,806,0.308,BS21
856,807,2.778,BS22
856,808,1.567,BS23
856,809,1.565,BS24
856,810,0.698,BS25
856,811,0.744,BS26
856,812,1.029,BS27
856,813,3.647,BS28
856,814,1.264,BS29
856,815,5.455,BS30
856,816,0.973,BS31
856,817,0.916,BS32
856,818,0.327,BS33
856,819,4.984,BS34
856,820,8.381,BS35
856,821,5.803,BS36
856,822,5.306,BS37
856,823,4.245,BS38
856,824,1.839,BS39
856,825,2.717,BS40
856,826,1.87,BS41
856,827,8.604,BS42
856,828,1.751,BS43
856,829,0.776,BS44
856,830,5.393,BS45
856,831,1.708,BS46
856,832,0.163,BS47
856,833,4.32,BS48
856,834,8.921,BS49
856,835,13.223,BS50
856,836,0.208,BS51
856,837,1.969,BS52
856,838,0.894,BS53
856,839,18.875,BS54
856,840,1.427,BS55
856,841,0.171,BS56
856,842,1.634,BS57
856,843,1.804,BS58
856,844,0.952,BS59
856,845,1.519,BS60
856,846,1.07,BS61
856,847,2.682,BS62
856,848,3.279,BS63
856,849,0.866,BS64
856,850,0.628,BS65
856,851,0.76,BS66
856,852,1.457,BS67
856,853,1.507,BS68
856,854,0.754,BS69
856,855,7.11,BS70
856,856,0.0,BS71
856,857,0.051,BS72
856,858,0.34,BS73
856,859,0.102,BS74
856,860,0.366,BS75
856,861,5.668,BS76
856,862,0.105,BS77
856,863,0.734,BS78
856,864,0.323,BS79
856,865,2.724,BS80
856,866,0.4,BS81
856,867,0.159,BS82
856,868,0.043,BS83
856,869,0.383,BS84
856,870,1.027,BS85
856,871,0.254,BS86
856,872,0.908,BS87
856,873,0.133,BS88
856,874,1.297,BS89
856,875,8.233,BS90
856,876,0.893,BS91
856,877,0.818,BS92
856,878,0.195,BS93
856,879,0.121,BS94
856,880,3.884,BS95
856,881,0.176,BS96
856,882,0.524,BS97
856,883,1.2,BS98
856,884,0.553,BS99
856,885,0.097,BS100
856,886,9.374,BS101
856,887,0.451,BS102
856,888,0.08,BS103
856,889,0.144,BS104
856,890,0.207,BS105
856,891,0.726,BS106
856,892,0.242,BS107
856,893,0.415,BS108
856,894,1.245,BS109
856,895,0.9,BS110
856,896,0.8,BS111
856,897,0.207,BS112
856,898,0.934,BS113
856,899,0.622,BS114
856,900,0.553,BS115
857,1,32.853,BT2
857,2,29.696,BT3
857,3,57.023,BT4
857,4,70.307,BT5
857,791,0.0,BT6
857,792,0.745,BT7
857,793,4.511,BT8
857,794,0.221,BT9
857,795,0.393,BT10
857,796,1.165,BT11
857,797,1.017,BT12
857,798,3.525,BT13
857,799,0.584,BT14
857,800,0.596,BT15
857,801,2.449,BT16
857,802,0.79,BT17
857,803,0.65,BT18
857,804,0.552,BT19
857,805,0.134,BT20
857,806,0.414,BT21
857,807,5.533,BT22
857,808,1.276,BT23
857,809,1.492,BT24
857,810,1.656,BT25
857,811,0.964,BT26
857,812,0.698,BT27
857,813,16.902,BT28
857,814,3.191,BT29
857,815,11.93,BT30
857,816,0.762,BT31
857,817,1.718,BT32
857,818,0.342,BT33
857,819,9.835,BT34
857,820,12.367,BT35
857,821,8.114,BT36
857,822,4.566,BT37
857,823,12.162,BT38
857,824,1.141,BT39
857,825,1.889,BT40
857,826,1.919,BT41
857,827,21.808,BT42
857,828,1.688,BT43
857,829,0.563,BT44
857,830,21.126,BT45
857,831,2.06,BT46
857,832,0.004,BT47
857,833,8.821,BT48
857,834,7.476,BT49
857,835,11.329,BT50
857,836,0.168,BT51
857,837,1.969,BT52
857,838,0.476,BT53
857,839,0.211,BT54
857,840,0.096,BT55
857,841,0.754,BT56
857,842,4.431,BT57
857,843,5.828,BT58
857,844,5.413,BT59
857,845,4.792,BT60
857,846,5.219,BT61
857,847,6.16,BT62
857,848,14.311,BT63
857,849,2.453,BT64
857,850,2.824,BT65
857,851,2.274,BT66
857,852,7.916,BT67
857,853,7.158,BT68
857,854,2.096,BT69
857,855,0.194,BT70
857,856,0.102,BT71
857,857,0.0,BT72
857,858,8.825,BT73
857,859,12.32,BT74
857,860,5.132,BT75
857,861,0.092,BT76
857,862,6.161,BT77
857,863,0.463,BT78
857,864,0.243,BT79
857,865,2.396,BT80
857,866,0.56,BT81
857,867,21.639,BT82
857,868,5.901,BT83
857,869,7.144,BT84
857,870,0.085,BT85
857,871,0.487,BT86
857,872,0.261,BT87
857,873,0.365,BT88
857,874,0.13,BT89
857,875,0.113,BT90
857,876,0.397,BT91
857,877,0.273,BT92
857,878,0.031,BT93
857,879,0.73,BT94
857,880,9.394,BT95
857,881,0.042,BT96
857,882,0.225,BT97
857,883,2.344,BT98
857,884,0.278,BT99
857,885,0.0,BT100
857,886,1.122,BT101
857,887,0.058,BT102
857,888,0.04,BT103
857,889,0.072,BT104
857,890,1.39,BT105
857,891,0.626,BT106
857,892,0.243,BT107
857,893,0.417,BT108
857,894,1.251,BT109
857,895,0.9,BT110
857,896,0.7,BT111
857,897,0.209,BT112
857,898,1.251,BT113
857,899,0.73,BT114
857,900,0.834,BT115
858,1,12.405,BU2
858,2,47.239,BU3
858,3,92.443,BU4
858,4,88.164,BU5
858,791,0.0,BU6
858,792,0.718,BU7
858,793,6.092,BU8
858,794,0.197,BU9
858,795,0.4,BU10
858,796,1.05,BU11
858,797,1.268,BU12
858,798,4.537,BU13
858,799,0.546,BU14
858,800,0.511,BU15
858,801,3.411,BU16
858,802,0.749,BU17
858,803,0.581,BU18
858,804,0.477,BU19
858,805,0.134,BU20
858,806,0.326,BU21
858,807,4.583,BU22
858,808,1.06,BU23
858,809,1.92,BU24
858,810,1.897,BU25
858,811,0.666,BU26
858,812,0.269,BU27
858,813,21.36,BU28
858,814,3.683,BU29
858,815,14.286,BU30
858,816,0.818,BU31
858,817,1.582,BU32
858,818,0.272,BU33
858,819,9.85,BU34
858,820,10.056,BU35
858,821,9.475,BU36
858,822,4.976,BU37
858,823,14.536,BU38
858,824,1.04,BU39
858,825,1.581,BU40
858,826,2.104,BU41
858,827,22.051,BU42
858,828,2.045,BU43
858,829,0.603,BU44
858,830,21.258,BU45
858,831,2.321,BU46
858,832,0.0,BU47
858,833,9.054,BU48
858,834,6.304,BU49
858,835,14.65,BU50
858,836,0.195,BU51
858,837,1.96,BU52
858,838,0.43,BU53
858,839,0.151,BU54
858,840,0.785,BU55
858,841,0.862,BU56
858,842,7.481,BU57
858,843,7.367,BU58
858,844,4.842,BU59
858,845,4.494,BU60
858,846,3.812,BU61
858,847,6.033,BU62
858,848,6.917,BU63
858,849,2.377,BU64
858,850,1.276,BU65
858,851,1.18,BU66
858,852,8.396,BU67
858,853,3.224,BU68
858,854,1.001,BU69
858,855,0.126,BU70
858,856,0.681,BU71
858,857,8.825,BU72
858,858,0.0,BU73
858,859,8.473,BU74
858,860,4.426,BU75
858,861,0.639,BU76
858,862,6.126,BU77
858,863,125.488,BU78
858,864,0.162,BU79
858,865,12.588,BU80
858,866,0.52,BU81
858,867,21.275,BU82
858,868,7.932,BU83
858,869,6.804,BU84
858,870,0.594,BU85
858,871,0.372,BU86
858,872,0.266,BU87
858,873,0.248,BU88
858,874,0.133,BU89
858,875,0.072,BU90
858,876,0.298,BU91
858,877,0.182,BU92
858,878,0.22,BU93
858,879,0.372,BU94
858,880,11.562,BU95
858,881,0.294,BU96
858,882,0.15,BU97
858,883,3.073,BU98
858,884,0.212,BU99
858,885,0.0,BU100
858,886,0.641,BU101
858,887,0.058,BU102
858,888,0.04,BU103
858,889,0.072,BU104
858,890,1.062,BU105
858,891,0.425,BU106
858,892,0.248,BU107
858,893,0.283,BU108
858,894,1.133,BU109
858,895,0.8,BU110
858,896,0.6,BU111
858,897,0.212,BU112
858,898,0.956,BU113
858,899,0.637,BU114
858,900,0.567,BU115
859,1,167.22,BV2
859,2,29.17,BV3
859,3,109.311,BV4
859,4,271.882,BV5
859,791,0.0,BV6
859,792,0.985,BV7
859,793,6.583,BV8
859,794,0.256,BV9
859,795,0.443,BV10
859,796,1.376,BV11
859,797,1.334,BV12
859,798,4.797,BV13
859,799,0.728,BV14
859,800,0.596,BV15
859,801,5.022,BV16
859,802,1.284,BV17
859,803,0.767,BV18
859,804,0.667,BV19
859,805,0.201,BV20
859,806,0.519,BV21
859,807,8.75,BV22
859,808,1.37,BV23
859,809,2.257,BV24
859,810,2.021,BV25
859,811,1.206,BV26
859,812,0.709,BV27
859,813,16.164,BV28
859,814,3.988,BV29
859,815,15.782,BV30
859,816,1.038,BV31
859,817,2.528,BV32
859,818,0.451,BV33
859,819,16.284,BV34
859,820,20.119,BV35
859,821,11.761,BV36
859,822,7.174,BV37
859,823,17.311,BV38
859,824,1.308,BV39
859,825,1.937,BV40
859,826,3.007,BV41
859,827,33.16,BV42
859,828,2.465,BV43
859,829,0.868,BV44
859,830,33.164,BV45
859,831,3.263,BV46
859,832,0.108,BV47
859,833,14.87,BV48
859,834,12.332,BV49
859,835,17.177,BV50
859,836,0.248,BV51
859,837,2.626,BV52
859,838,0.552,BV53
859,839,0.211,BV54
859,840,0.098,BV55
859,841,0.583,BV56
859,842,6.117,BV57
859,843,7.066,BV58
859,844,4.725,BV59
859,845,2.863,BV60
859,846,3.575,BV61
859,847,8.611,BV62
859,848,5.735,BV63
859,849,2.016,BV64
859,850,1.499,BV65
859,851,1.831,BV66
859,852,3.305,BV67
859,853,3.732,BV68
859,854,2.498,BV69
859,855,0.194,BV70
859,856,0.102,BV71
859,857,6.16,BV72
859,858,4.237,BV73
859,859,0.0,BV74
859,860,5.158,BV75
859,861,0.092,BV76
859,862,4.462,BV77
859,863,67.972,BV78
859,864,14.247,BV79
859,865,14.261,BV80
859,866,0.79,BV81
859,867,22.343,BV82
859,868,7.626,BV83
859,869,7.375,BV84
859,870,0.085,BV85
859,871,0.496,BV86
859,872,0.266,BV87
859,873,0.372,BV88
859,874,0.133,BV89
859,875,0.113,BV90
859,876,0.298,BV91
859,877,0.273,BV92
859,878,0.031,BV93
859,879,0.496,BV94
859,880,9.828,BV95
859,881,0.042,BV96
859,882,0.225,BV97
859,883,3.352,BV98
859,884,0.283,BV99
859,885,0.0,BV100
859,886,0.961,BV101
859,887,0.058,BV102
859,888,0.04,BV103
859,889,0.072,BV104
859,890,1.417,BV105
859,891,0.637,BV106
859,892,0.248,BV107
859,893,0.425,BV108
859,894,1.275,BV109
859,895,0.9,BV110
859,896,0.7,BV111
859,897,0.212,BV112
859,898,0.956,BV113
859,899,0.637,BV114
859,900,0.567,BV115
860,1,152.767,BW2
860,2,54.42,BW3
860,3,30.296,BW4
860,4,211.189,BW5
860,791,0.0,BW6
860,792,0.276,BW7
860,793,0.143,BW8
860,794,0.0,BW9
860,795,0.14,BW10
860,796,0.14,BW11
860,797,0.264,BW12
860,798,0.055,BW13
860,799,0.192,BW14
860,800,0.0,BW15
860,801,0.11,BW16
860,802,0.329,BW17
860,803,0.116,BW18
860,804,0.093,BW19
860,805,0.0,BW20
860,806,0.088,BW21
860,807,0.157,BW22
860,808,0.188,BW23
860,809,0.109,BW24
860,810,0.642,BW25
860,811,0.157,BW26
860,812,0.12,BW27
860,813,5.81,BW28
860,814,0.062,BW29
860,815,0.287,BW30
860,816,0.205,BW31
860,817,0.53,BW32
860,818,0.078,BW33
860,819,0.293,BW34
860,820,0.305,BW35
860,821,0.368,BW36
860,822,0.29,BW37
860,823,6.541,BW38
860,824,0.351,BW39
860,825,0.479,BW40
860,826,0.197,BW41
860,827,13.841,BW42
860,828,0.143,BW43
860,829,1.005,BW44
860,830,0.845,BW45
860,831,0.148,BW46
860,832,0.074,BW47
860,833,0.44,BW48
860,834,0.446,BW49
860,835,0.642,BW50
860,836,0.269,BW51
860,837,0.191,BW52
860,838,0.108,BW53
860,839,0.413,BW54
860,840,0.163,BW55
860,841,0.194,BW56
860,842,1.987,BW57
860,843,2.653,BW58
860,844,1.34,BW59
860,845,1.388,BW60
860,846,1.043,BW61
860,847,3.534,BW62
860,848,2.66,BW63
860,849,0.897,BW64
860,850,0.6,BW65
860,851,0.668,BW66
860,852,1.946,BW67
860,853,1.362,BW68
860,854,2.039,BW69
860,855,0.539,BW70
860,856,0.366,BW71
860,857,2.566,BW72
860,858,2.213,BW73
860,859,5.158,BW74
860,860,0.0,BW75
860,861,0.284,BW76
860,862,1.065,BW77
860,863,64.75,BW78
860,864,5.437,BW79
860,865,6.026,BW80
860,866,0.54,BW81
860,867,9.12,BW82
860,868,2.449,BW83
860,869,1.698,BW84
860,870,0.255,BW85
860,871,0.145,BW86
860,872,0.778,BW87
860,873,0.968,BW88
860,874,0.259,BW89
860,875,0.418,BW90
860,876,0.793,BW91
860,877,0.636,BW92
860,878,0.094,BW93
860,879,1.089,BW94
860,880,3.279,BW95
860,881,0.101,BW96
860,882,0.449,BW97
860,883,0.97,BW98
860,884,0.553,BW99
860,885,0.0,BW100
860,886,1.442,BW101
860,887,0.058,BW102
860,888,0.08,BW103
860,889,0.144,BW104
860,890,0.207,BW105
860,891,0.726,BW106
860,892,0.242,BW107
860,893,0.415,BW108
860,894,0.152,BW109
860,895,0.11,BW110
860,896,0.9,BW111
860,897,0.311,BW112
860,898,1.245,BW113
860,899,0.726,BW114
860,900,0.83,BW115
861,1,233.282,BX2
861,2,41.432,BX3
861,3,25.776,BX4
861,4,140.364,BX5
861,791,0.0,BX6
861,792,0.855,BX7
861,793,2.449,BX8
861,794,0.22,BX9
861,795,0.221,BX10
861,796,0.897,BX11
861,797,0.594,BX12
861,798,1.977,BX13
861,799,0.719,BX14
861,800,0.311,BX15
861,801,1.523,BX16
861,802,0.474,BX17
861,803,0.839,BX18
861,804,0.443,BX19
861,805,0.144,BX20
861,806,0.28,BX21
861,807,3.34,BX22
861,808,1.582,BX23
861,809,1.686,BX24
861,810,0.482,BX25
861,811,0.761,BX26
861,812,1.019,BX27
861,813,3.67,BX28
861,814,1.205,BX29
861,815,6.395,BX30
861,816,0.966,BX31
861,817,1.014,BX32
861,818,0.366,BX33
861,819,6.098,BX34
861,820,11.182,BX35
861,821,14.228,BX36
861,822,5.098,BX37
861,823,5.096,BX38
861,824,1.934,BX39
861,825,2.767,BX40
861,826,2.263,BX41
861,827,9.936,BX42
861,828,2.666,BX43
861,829,0.779,BX44
861,830,13.148,BX45
861,831,4.046,BX46
861,832,0.0,BX47
861,833,8.054,BX48
861,834,7.106,BX49
861,835,11.33,BX50
861,836,0.3,BX51
861,837,3.652,BX52
861,838,0.845,BX53
861,839,0.463,BX54
861,840,0.144,BX55
861,841,0.148,BX56
861,842,1.328,BX57
861,843,1.88,BX58
861,844,0.293,BX59
861,845,1.593,BX60
861,846,0.221,BX61
861,847,3.247,BX62
861,848,0.557,BX63
861,849,0.889,BX64
861,850,0.139,BX65
861,851,0.772,BX66
861,852,0.466,BX67
861,853,0.311,BX68
861,854,0.606,BX69
861,855,10.838,BX70
861,856,5.668,BX71
861,857,0.046,BX72
861,858,0.32,BX73
861,859,0.092,BX74
861,860,0.284,BX75
861,861,0.0,BX76
861,862,0.14,BX77
861,863,0.618,BX78
861,864,0.284,BX79
861,865,2.273,BX80
861,866,0.4,BX81
861,867,0.156,BX82
861,868,0.038,BX83
861,869,0.036,BX84
861,870,0.824,BX85
861,871,0.182,BX86
861,872,0.757,BX87
861,873,0.101,BX88
861,874,0.216,BX89
861,875,6.82,BX90
861,876,0.893,BX91
861,877,0.727,BX92
861,878,0.157,BX93
861,879,0.101,BX94
861,880,4.769,BX95
861,881,0.128,BX96
861,882,0.505,BX97
861,883,1.115,BX98
861,884,0.462,BX99
861,885,0.0,BX100
861,886,1.298,BX101
861,887,0.058,BX102
861,888,0.08,BX103
861,889,0.144,BX104
861,890,0.173,BX105
861,891,0.606,BX106
861,892,0.202,BX107
861,893,0.346,BX108
861,894,0.115,BX109
861,895,0.1,BX110
861,896,0.8,BX111
861,897,0.173,BX112
861,898,1.039,BX113
861,899,0.606,BX114
861,900,0.692,BX115
862,1,61.215,BY2
862,2,30.347,BY3
862,3,25.905,BY4
862,4,69.624,BY5
862,791,0.0,BY6
862,792,0.268,BY7
862,793,7.017,BY8
862,794,0.108,BY9
862,795,0.264,BY10
862,796,0.633,BY11
862,797,1.15,BY12
862,798,4.677,BY13
862,799,0.189,BY14
862,800,0.307,BY15
862,801,4.729,BY16
862,802,1.035,BY17
862,803,0.345,BY18
862,804,0.33,BY19
862,805,0.631,BY20
862,806,0.253,BY21
862,807,6.54,BY22
862,808,0.26,BY23
862,809,2.055,BY24
862,810,1.127,BY25
862,811,0.583,BY26
862,812,0.118,BY27
862,813,16.876,BY28
862,814,3.079,BY29
862,815,13.184,BY30
862,816,0.675,BY31
862,817,1.491,BY32
862,818,0.241,BY33
862,819,10.986,BY34
862,820,14.803,BY35
862,821,11.773,BY36
862,822,4.727,BY37
862,823,13.516,BY38
862,824,0.678,BY39
862,825,0.335,BY40
862,826,0.965,BY41
862,827,20.631,BY42
862,828,2.066,BY43
862,829,0.284,BY44
862,830,21.026,BY45
862,831,2.906,BY46
862,832,0.065,BY47
862,833,9.148,BY48
862,834,8.275,BY49
862,835,16.528,BY50
862,836,0.207,BY51
862,837,1.664,BY52
862,838,0.231,BY53
862,839,0.906,BY54
862,840,0.315,BY55
862,841,0.521,BY56
862,842,5.695,BY57
862,843,4.769,BY58
862,844,3.934,BY59
862,845,2.483,BY60
862,846,2.897,BY61
862,847,5.305,BY62
862,848,5.117,BY63
862,849,1.587,BY64
862,850,1.123,BY65
862,851,1.18,BY66
862,852,5.328,BY67
862,853,2.476,BY68
862,854,0.268,BY69
862,855,0.561,BY70
862,856,0.21,BY71
862,857,6.161,BY72
862,858,6.126,BY73
862,859,8.923,BY74
862,860,2.131,BY75
862,861,0.28,BY76
862,862,0.0,BY77
862,863,58.957,BY78
862,864,5.05,BY79
862,865,8.664,BY80
862,866,0.87,BY81
862,867,13.669,BY82
862,868,9.825,BY83
862,869,5.622,BY84
862,870,0.21,BY85
862,871,0.1,BY86
862,872,0.107,BY87
862,873,0.1,BY88
862,874,0.0,BY89
862,875,0.361,BY90
862,876,0.099,BY91
862,877,0.091,BY92
862,878,0.094,BY93
862,879,0.199,BY94
862,880,15.175,BY95
862,881,0.105,BY96
862,882,0.071,BY97
862,883,2.352,BY98
862,884,0.114,BY99
862,885,0.0,BY100
862,886,0.427,BY101
862,887,0.0,BY102
862,888,0.04,BY103
862,889,0.072,BY104
862,890,0.427,BY105
862,891,0.171,BY106
862,892,0.199,BY107
862,893,0.114,BY108
862,894,0.456,BY109
862,895,0.4,BY110
862,896,0.3,BY111
862,897,0.085,BY112
862,898,0.513,BY113
862,899,0.256,BY114
862,900,0.342,BY115
863,1,262.345,BZ2
863,2,9.039,BZ3
863,3,51.672,BZ4
863,4,162.755,BZ5
863,791,0.0,BZ6
863,792,0.628,BZ7
863,793,0.32,BZ8
863,794,0.112,BZ9
863,795,0.131,BZ10
863,796,0.393,BZ11
863,797,0.785,BZ12
863,798,0.137,BZ13
863,799,0.628,BZ14
863,800,0.0,BZ15
863,801,0.253,BZ16
863,802,0.082,BZ17
863,803,0.336,BZ18
863,804,0.262,BZ19
863,805,0.09,BZ20
863,806,0.174,BZ21
863,807,0.361,BZ22
863,808,0.628,BZ23
863,809,0.244,BZ24
863,810,0.698,BZ25
863,811,0.47,BZ26
863,812,0.336,BZ27
863,813,0.558,BZ28
863,814,0.14,BZ29
863,815,0.654,BZ30
863,816,0.384,BZ31
863,817,0.106,BZ32
863,818,0.156,BZ33
863,819,0.652,BZ34
863,820,0.702,BZ35
863,821,0.839,BZ36
863,822,0.642,BZ37
863,823,0.763,BZ38
863,824,0.079,BZ39
863,825,0.112,BZ40
863,826,0.444,BZ41
863,827,1.491,BZ42
863,828,0.317,BZ43
863,829,0.202,BZ44
863,830,1.884,BZ45
863,831,0.335,BZ46
863,832,0.22,BZ47
863,833,0.976,BZ48
863,834,0.994,BZ49
863,835,1.44,BZ50
863,836,0.074,BZ51
863,837,0.413,BZ52
863,838,0.303,BZ53
863,839,0.916,BZ54
863,840,0.332,BZ55
863,841,0.466,BZ56
863,842,0.316,BZ57
863,843,0.541,BZ58
863,844,0.154,BZ59
863,845,0.174,BZ60
863,846,0.116,BZ61
863,847,0.669,BZ62
863,848,0.26,BZ63
863,849,0.153,BZ64
863,850,0.084,BZ65
863,851,0.104,BZ66
863,852,0.218,BZ67
863,853,0.169,BZ68
863,854,4.092,BZ69
863,855,1.125,BZ70
863,856,0.75,BZ71
863,857,0.231,BZ72
863,858,62.744,BZ73
863,859,67.972,BZ74
863,860,64.75,BZ75
863,861,0.618,BZ76
863,862,29.479,BZ77
863,863,0.0,BZ78
863,864,13.22,BZ79
863,865,126.023,BZ80
863,866,19.7,BZ81
863,867,59.376,BZ82
863,868,74.144,BZ83
863,869,47.897,BZ84
863,870,0.518,BZ85
863,871,0.295,BZ86
863,872,0.146,BZ87
863,873,0.193,BZ88
863,874,0.486,BZ89
863,875,0.898,BZ90
863,876,0.169,BZ91
863,877,0.136,BZ92
863,878,0.201,BZ93
863,879,0.227,BZ94
863,880,18.02,BZ95
863,881,0.219,BZ96
863,882,0.097,BZ97
863,883,3.944,BZ98
863,884,0.11,BZ99
863,885,0.0,BZ100
863,886,0.336,BZ101
863,887,0.116,BZ102
863,888,0.239,BZ103
863,889,0.289,BZ104
863,890,0.47,BZ105
863,891,0.165,BZ106
863,892,0.68,BZ107
863,893,1.167,BZ108
863,894,0.324,BZ109
863,895,0.25,BZ110
863,896,0.21,BZ111
863,897,0.68,BZ112
863,898,0.321,BZ113
863,899,0.165,BZ114
863,900,0.168,BZ115
864,1,41.059,CA2
864,2,12.201,CA3
864,3,24.194,CA4
864,4,56.457,CA5
864,791,0.0,CA6
864,792,0.091,CA7
864,793,0.409,CA8
864,794,0.0,CA9
864,795,0.0,CA10
864,796,0.0,CA11
864,797,0.132,CA12
864,798,0.128,CA13
864,799,0.091,CA14
864,800,0.0,CA15
864,801,0.26,CA16
864,802,0.082,CA17
864,803,0.0,CA18
864,804,0.0,CA19
864,805,0.0,CA20
864,806,0.0,CA21
864,807,0.314,CA22
864,808,0.091,CA23
864,809,0.265,CA24
864,810,0.088,CA25
864,811,0.078,CA26
864,812,0.0,CA27
864,813,0.062,CA28
864,814,0.168,CA29
864,815,0.717,CA30
864,816,0.0,CA31
864,817,0.076,CA32
864,818,0.0,CA33
864,819,0.66,CA34
864,820,0.073,CA35
864,821,0.086,CA36
864,822,0.75,CA37
864,823,0.079,CA38
864,824,0.088,CA39
864,825,0.114,CA40
864,826,0.5,CA41
864,827,0.151,CA42
864,828,0.292,CA43
864,829,0.136,CA44
864,830,0.181,CA45
864,831,0.397,CA46
864,832,0.044,CA47
864,833,0.093,CA48
864,834,0.096,CA49
864,835,0.147,CA50
864,836,0.067,CA51
864,837,0.364,CA52
864,838,0.0,CA53
864,839,0.101,CA54
864,840,0.364,CA55
864,841,0.078,CA56
864,842,0.363,CA57
864,843,0.619,CA58
864,844,0.147,CA59
864,845,0.187,CA60
864,846,0.11,CA61
864,847,0.716,CA62
864,848,0.247,CA63
864,849,0.153,CA64
864,850,0.07,CA65
864,851,0.115,CA66
864,852,0.177,CA67
864,853,0.161,CA68
864,854,0.354,CA69
864,855,0.105,CA70
864,856,0.647,CA71
864,857,0.243,CA72
864,858,0.162,CA73
864,859,28.493,CA74
864,860,10.875,CA75
864,861,0.568,CA76
864,862,5.05,CA77
864,863,26.441,CA78
864,864,0.0,CA79
864,865,23.513,CA80
864,866,3.58,CA81
864,867,20.284,CA82
864,868,17.87,CA83
864,869,12.411,CA84
864,870,0.485,CA85
864,871,0.23,CA86
864,872,0.123,CA87
864,873,0.23,CA88
864,874,0.0,CA89
864,875,0.072,CA90
864,876,0.198,CA91
864,877,0.091,CA92
864,878,0.189,CA93
864,879,0.23,CA94
864,880,2.963,CA95
864,881,0.243,CA96
864,882,0.075,CA97
864,883,0.974,CA98
864,884,0.131,CA99
864,885,0.0,CA100
864,886,0.32,CA101
864,887,0.0,CA102
864,888,0.04,CA103
864,889,0.0,CA104
864,890,0.493,CA105
864,891,0.197,CA106
864,892,0.0,CA107
864,893,0.131,CA108
864,894,0.394,CA109
864,895,0.3,CA110
864,896,0.2,CA111
864,897,0.099,CA112
864,898,0.296,CA113
864,899,0.197,CA114
864,900,0.131,CA115
865,1,113.265,CB2
865,2,41.916,CB3
865,3,15.075,CB4
865,4,261.145,CB5
865,791,0.0,CB6
865,792,0.092,CB7
865,793,0.409,CB8
865,794,0.0,CB9
865,795,0.0,CB10
865,796,0.0,CB11
865,797,0.132,CB12
865,798,0.128,CB13
865,799,0.096,CB14
865,800,0.0,CB15
865,801,0.26,CB16
865,802,0.082,CB17
865,803,0.0,CB18
865,804,0.0,CB19
865,805,0.0,CB20
865,806,0.0,CB21
865,807,0.471,CB22
865,808,0.094,CB23
865,809,0.273,CB24
865,810,0.108,CB25
865,811,0.078,CB26
865,812,0.0,CB27
865,813,0.066,CB28
865,814,0.168,CB29
865,815,0.717,CB30
865,816,0.0,CB31
865,817,0.076,CB32
865,818,0.0,CB33
865,819,0.66,CB34
865,820,0.073,CB35
865,821,0.094,CB36
865,822,0.952,CB37
865,823,0.086,CB38
865,824,0.088,CB39
865,825,0.125,CB40
865,826,0.539,CB41
865,827,0.151,CB42
865,828,0.337,CB43
865,829,0.314,CB44
865,830,0.177,CB45
865,831,0.397,CB46
865,832,0.188,CB47
865,833,0.093,CB48
865,834,0.093,CB49
865,835,0.147,CB50
865,836,0.067,CB51
865,837,0.547,CB52
865,838,0.0,CB53
865,839,0.101,CB54
865,840,0.416,CB55
865,841,0.078,CB56
865,842,0.363,CB57
865,843,0.619,CB58
865,844,0.147,CB59
865,845,0.187,CB60
865,846,0.11,CB61
865,847,0.716,CB62
865,848,0.247,CB63
865,849,0.153,CB64
865,850,0.07,CB65
865,851,0.115,CB66
865,852,0.178,CB67
865,853,0.161,CB68
865,854,0.374,CB69
865,855,0.101,CB70
865,856,0.681,CB71
865,857,0.299,CB72
865,858,1.573,CB73
865,859,3.565,CB74
865,860,1.506,CB75
865,861,0.568,CB76
865,862,1.083,CB77
865,863,31.506,CB78
865,864,2.939,CB79
865,865,0.0,CB80
865,866,0.48,CB81
865,867,7.319,CB82
865,868,2.498,CB83
865,869,1.726,CB84
865,870,0.509,CB85
865,871,0.28,CB86
865,872,0.135,CB87
865,873,0.127,CB88
865,874,0.0,CB89
865,875,0.067,CB90
865,876,0.198,CB91
865,877,0.182,CB92
865,878,0.189,CB93
865,879,0.28,CB94
865,880,0.705,CB95
865,881,0.252,CB96
865,882,0.075,CB97
865,883,0.437,CB98
865,884,0.144,CB99
865,885,0.0,CB100
865,886,0.32,CB101
865,887,0.0,CB102
865,888,0.04,CB103
865,889,0.072,CB104
865,890,0.577,CB105
865,891,0.228,CB106
865,892,0.0,CB107
865,893,0.149,CB108
865,894,0.478,CB109
865,895,0.3,CB110
865,896,0.2,CB111
865,897,0.12,CB112
865,898,0.358,CB113
865,899,0.231,CB114
865,900,0.318,CB115
866,1,28.249,CC2
866,2,15.901,CC3
866,3,12.212,CC4
866,4,4.557,CC5
866,791,0.0,CC6
866,792,0.0,CC7
866,793,0.084,CC8
866,794,0.0,CC9
866,795,0.0,CC10
866,796,0.0,CC11
866,797,0.0,CC12
866,798,0.035,CC13
866,799,0.0,CC14
866,800,0.0,CC15
866,801,0.056,CC16
866,802,0.035,CC17
866,803,0.0,CC18
866,804,0.0,CC19
866,805,0.0,CC20
866,806,0.0,CC21
866,807,0.105,CC22
866,808,0.0,CC23
866,809,0.07,CC24
866,810,0.0,CC25
866,811,0.0,CC26
866,812,0.0,CC27
866,813,0.015,CC28
866,814,0.042,CC29
866,815,0.182,CC30
866,816,0.0,CC31
866,817,0.035,CC32
866,818,0.0,CC33
866,819,0.225,CC34
866,820,0.262,CC35
866,821,0.27,CC36
866,822,0.149,CC37
866,823,0.245,CC38
866,824,0.018,CC39
866,825,0.045,CC40
866,826,0.099,CC41
866,827,0.039,CC42
866,828,0.077,CC43
866,829,0.054,CC44
866,830,0.042,CC45
866,831,0.081,CC46
866,832,0.0,CC47
866,833,0.021,CC48
866,834,0.022,CC49
866,835,0.034,CC50
866,836,0.027,CC51
866,837,0.108,CC52
866,838,0.0,CC53
866,839,0.293,CC54
866,840,0.072,CC55
866,841,0.0,CC56
866,842,0.061,CC57
866,843,0.14,CC58
866,844,0.053,CC59
866,845,0.091,CC60
866,846,0.084,CC61
866,847,0.14,CC62
866,848,0.214,CC63
866,849,0.042,CC64
866,850,0.039,CC65
866,851,0.046,CC66
866,852,0.077,CC67
866,853,0.077,CC68
866,854,0.074,CC69
866,855,0.256,CC70
866,856,0.128,CC71
866,857,0.09,CC72
866,858,0.083,CC73
866,859,0.253,CC74
866,860,0.173,CC75
866,861,0.128,CC76
866,862,0.139,CC77
866,863,6.304,CC78
866,864,0.573,CC79
866,865,0.614,CC80
866,866,0.0,CC81
866,867,1.117,CC82
866,868,0.188,CC83
866,869,0.163,CC84
866,870,0.096,CC85
866,871,0.046,CC86
866,872,0.049,CC87
866,873,0.046,CC88
866,874,0.0,CC89
866,875,0.192,CC90
866,876,0.046,CC91
866,877,0.046,CC92
866,878,0.048,CC93
866,879,0.046,CC94
866,880,0.161,CC95
866,881,0.048,CC96
866,882,0.033,CC97
866,883,0.074,CC98
866,884,0.026,CC99
866,885,0.0,CC100
866,886,0.065,CC101
866,887,0.0,CC102
866,888,0.0,CC103
866,889,0.0,CC104
866,890,0.13,CC105
866,891,0.039,CC106
866,892,0.0,CC107
866,893,0.052,CC108
866,894,0.104,CC109
866,895,0.2,CC110
866,896,0.1,CC111
866,897,0.039,CC112
866,898,0.117,CC113
866,899,0.039,CC114
866,900,0.052,CC115
867,1,230.912,CD2
867,2,119.833,CD3
867,3,35.692,CD4
867,4,295.415,CD5
867,791,0.0,CD6
867,792,0.255,CD7
867,793,18.596,CD8
867,794,0.0,CD9
867,795,0.782,CD10
867,796,1.776,CD11
867,797,2.918,CD12
867,798,11.498,CD13
867,799,0.255,CD14
867,800,0.091,CD15
867,801,12.785,CD16
867,802,3.226,CD17
867,803,0.106,CD18
867,804,0.927,CD19
867,805,0.0,CD20
867,806,0.72,CD21
867,807,19.604,CD22
867,808,0.255,CD23
867,809,7.21,CD24
867,810,2.757,CD25
867,811,1.567,CD26
867,812,0.213,CD27
867,813,36.172,CD28
867,814,7.167,CD29
867,815,31.42,CD30
867,816,2.094,CD31
867,817,4.406,CD32
867,818,0.646,CD33
867,819,34.167,CD34
867,820,46.871,CD35
867,821,0.308,CD36
867,822,0.269,CD37
867,823,35.101,CD38
867,824,0.298,CD39
867,825,0.426,CD40
867,826,0.199,CD41
867,827,64.272,CD42
867,828,0.109,CD43
867,829,0.894,CD44
867,830,66.77,CD45
867,831,0.125,CD46
867,832,0.023,CD47
867,833,30.483,CD48
867,834,0.291,CD49
867,835,0.473,CD50
867,836,0.192,CD51
867,837,0.153,CD52
867,838,0.096,CD53
867,839,0.342,CD54
867,840,0.128,CD55
867,841,0.971,CD56
867,842,9.154,CD57
867,843,12.906,CD58
867,844,5.574,CD59
867,845,4.674,CD60
867,846,4.077,CD61
867,847,13.768,CD62
867,848,7.598,CD63
867,849,3.511,CD64
867,850,1.974,CD65
867,851,2.534,CD66
867,852,8.717,CD67
867,853,4.498,CD68
867,854,0.662,CD69
867,855,0.295,CD70
867,856,0.159,CD71
867,857,10.819,CD72
867,858,10.638,CD73
867,859,22.343,CD74
867,860,9.128,CD75
867,861,0.156,CD76
867,862,6.834,CD77
867,863,59.376,CD78
867,864,10.142,CD79
867,865,29.275,CD80
867,866,3.49,CD81
867,867,0.0,CD82
867,868,10.013,CD83
867,869,10.274,CD84
867,870,0.129,CD85
867,871,0.861,CD86
867,872,0.461,CD87
867,873,0.646,CD88
867,874,0.231,CD89
867,875,0.191,CD90
867,876,0.694,CD91
867,877,0.545,CD92
867,878,0.053,CD93
867,879,0.861,CD94
867,880,18.617,CD95
867,881,0.057,CD96
867,882,0.299,CD97
867,883,4.341,CD98
867,884,0.43,CD99
867,885,0.0,CD100
867,886,0.154,CD101
867,887,0.058,CD102
867,888,0.08,CD103
867,889,0.144,CD104
867,890,0.184,CD105
867,891,0.738,CD106
867,892,0.43,CD107
867,893,0.492,CD108
867,894,0.16,CD109
867,895,0.13,CD110
867,896,0.11,CD111
867,897,0.369,CD112
867,898,1.66,CD113
867,899,0.83,CD114
867,900,0.984,CD115
868,1,71.453,CE2
868,2,7.627,CE3
868,3,62.582,CE4
868,4,136.272,CE5
868,791,0.0,CE6
868,792,0.635,CE7
868,793,13.942,CE8
868,794,0.302,CE9
868,795,0.725,CE10
868,796,1.759,CE11
868,797,2.575,CE12
868,798,9.543,CE13
868,799,0.488,CE14
868,800,0.085,CE15
868,801,9.017,CE16
868,802,1.975,CE17
868,803,0.941,CE18
868,804,0.909,CE19
868,805,0.296,CE20
868,806,0.616,CE21
868,807,12.07,CE22
868,808,1.651,CE23
868,809,4.404,CE24
868,810,2.436,CE25
868,811,1.324,CE26
868,812,0.403,CE27
868,813,33.701,CE28
868,814,5.266,CE29
868,815,23.512,CE30
868,816,1.644,CE31
868,817,2.831,CE32
868,818,0.521,CE33
868,819,19.231,CE34
868,820,26.388,CE35
868,821,21.621,CE36
868,822,10.741,CE37
868,823,29.567,CE38
868,824,1.738,CE39
868,825,1.106,CE40
868,826,2.225,CE41
868,827,32.901,CE42
868,828,4.764,CE43
868,829,1.372,CE44
868,830,33.325,CE45
868,831,5.187,CE46
868,832,0.182,CE47
868,833,17.388,CE48
868,834,16.561,CE49
868,835,33.489,CE50
868,836,0.436,CE51
868,837,3.838,CE52
868,838,0.694,CE53
868,839,0.352,CE54
868,840,0.179,CE55
868,841,1.274,CE56
868,842,14.662,CE57
868,843,14.026,CE58
868,844,10.123,CE59
868,845,7.126,CE60
868,846,7.52,CE61
868,847,12.105,CE62
868,848,15.895,CE63
868,849,4.148,CE64
868,850,3.208,CE65
868,851,3.213,CE66
868,852,8.556,CE67
868,853,7.472,CE68
868,854,1.711,CE69
868,855,0.286,CE70
868,856,0.145,CE71
868,857,9.835,CE72
868,858,13.22,CE73
868,859,25.428,CE74
868,860,8.162,CE75
868,861,0.135,CE76
868,862,16.374,CE77
868,863,247.148,CE78
868,864,29.783,CE79
868,865,33.304,CE80
868,866,1.96,CE81
868,867,33.378,CE82
868,868,0.0,CE83
868,869,16.859,CE84
868,870,0.119,CE85
868,871,0.88,CE86
868,872,0.539,CE87
868,873,0.754,CE88
868,874,0.269,CE89
868,875,0.15,CE90
868,876,0.694,CE91
868,877,0.545,CE92
868,878,0.041,CE93
868,879,1.131,CE94
868,880,19.926,CE95
868,881,0.059,CE96
868,882,0.449,CE97
868,883,6.143,CE98
868,884,0.575,CE99
868,885,0.0,CE100
868,886,0.192,CE101
868,887,0.058,CE102
868,888,0.119,CE103
868,889,0.217,CE104
868,890,0.251,CE105
868,891,0.108,CE106
868,892,0.754,CE107
868,893,1.005,CE108
868,894,0.259,CE109
868,895,0.18,CE110
868,896,0.13,CE111
868,897,0.646,CE112
868,898,2.909,CE113
868,899,0.14,CE114
868,900,0.158,CE115
869,1,96.382,CF2
869,2,55.985,CF3
869,3,34.109,CF4
869,4,91.014,CF5
869,791,0.0,CF6
869,792,0.966,CF7
869,793,7.911,CF8
869,794,0.221,CF9
869,795,0.501,CF10
869,796,1.277,CF11
869,797,1.492,CF12
869,798,5.403,CF13
869,799,0.728,CF14
869,800,0.596,CF15
869,801,5.132,CF16
869,802,1.234,CF17
869,803,0.685,CF18
869,804,0.648,CF19
869,805,0.21,CF20
869,806,0.414,CF21
869,807,6.961,CF22
869,808,1.164,CF23
869,809,3.158,CF24
869,810,1.812,CF25
869,811,0.791,CF26
869,812,0.281,CF27
869,813,13.907,CF28
869,814,2.85,CF29
869,815,12.074,CF30
869,816,1.164,CF31
869,817,2.331,CF32
869,818,0.319,CF33
869,819,15.911,CF34
869,820,15.769,CF35
869,821,15.63,CF36
869,822,7.875,CF37
869,823,16.753,CF38
869,824,1.247,CF39
869,825,1.63,CF40
869,826,3.317,CF41
869,827,36.176,CF42
869,828,3.367,CF43
869,829,0.986,CF44
869,830,35.572,CF45
869,831,3.791,CF46
869,832,0.002,CF47
869,833,14.51,CF48
869,834,10.109,CF49
869,835,24.067,CF50
869,836,0.309,CF51
869,837,2.781,CF52
869,838,0.496,CF53
869,839,0.171,CF54
869,840,0.785,CF55
869,841,0.505,CF56
869,842,5.328,CF57
869,843,6.827,CF58
869,844,3.875,CF59
869,845,4.033,CF60
869,846,3.217,CF61
869,847,9.885,CF62
869,848,7.932,CF63
869,849,2.53,CF64
869,850,1.743,CF65
869,851,1.912,CF66
869,852,5.526,CF67
869,853,4.038,CF68
869,854,1.163,CF69
869,855,0.152,CF70
869,856,0.766,CF71
869,857,7.144,CF72
869,858,6.804,CF73
869,859,14.75,CF74
869,860,3.396,CF75
869,861,0.071,CF76
869,862,5.622,CF77
869,863,95.793,CF78
869,864,12.411,CF79
869,865,13.808,CF80
869,866,1.02,CF81
869,867,20.549,CF82
869,868,10.115,CF83
869,869,0.0,CF84
869,870,0.679,CF85
869,871,0.372,CF86
869,872,0.266,CF87
869,873,0.248,CF88
869,874,0.133,CF89
869,875,0.077,CF90
869,876,0.298,CF91
869,877,0.273,CF92
869,878,0.252,CF93
869,879,0.496,CF94
869,880,10.017,CF95
869,881,0.294,CF96
869,882,0.15,CF97
869,883,3.574,CF98
869,884,0.212,CF99
869,885,0.0,CF100
869,886,0.961,CF101
869,887,0.058,CF102
869,888,0.04,CF103
869,889,0.072,CF104
869,890,1.239,CF105
869,891,0.425,CF106
869,892,0.248,CF107
869,893,0.283,CF108
869,894,1.133,CF109
869,895,0.8,CF110
869,896,0.6,CF111
869,897,0.212,CF112
869,898,0.956,CF113
869,899,0.637,CF114
869,900,0.567,CF115
870,1,84.007,CG2
870,2,72.7,CG3
870,3,49.409,CG4
870,4,127.341,CG5
870,791,0.0,CG6
870,792,0.175,CG7
870,793,0.382,CG8
870,794,0.697,CG9
870,795,0.418,CG10
870,796,0.195,CG11
870,797,1.188,CG12
870,798,0.333,CG13
870,799,0.143,CG14
870,800,0.085,CG15
870,801,0.221,CG16
870,802,0.741,CG17
870,803,0.209,CG18
870,804,0.102,CG19
870,805,0.191,CG20
870,806,0.616,CG21
870,807,0.518,CG22
870,808,0.347,CG23
870,809,0.282,CG24
870,810,0.139,CG25
870,811,0.149,CG26
870,812,0.287,CG27
870,813,0.562,CG28
870,814,0.204,CG29
870,815,1.075,CG30
870,816,0.194,CG31
870,817,0.174,CG32
870,818,0.7,CG33
870,819,0.872,CG34
870,820,1.516,CG35
870,821,1.866,CG36
870,822,0.985,CG37
870,823,0.802,CG38
870,824,0.439,CG39
870,825,0.752,CG40
870,826,0.604,CG41
870,827,1.525,CG42
870,828,0.337,CG43
870,829,0.215,CG44
870,830,1.876,CG45
870,831,0.516,CG46
870,832,0.008,CG47
870,833,1.193,CG48
870,834,1.494,CG49
870,835,2.211,CG50
870,836,0.081,CG51
870,837,0.666,CG52
870,838,0.226,CG53
870,839,5.423,CG54
870,840,0.372,CG55
870,841,0.311,CG56
870,842,0.275,CG57
870,843,0.371,CG58
870,844,0.271,CG59
870,845,0.349,CG60
870,846,0.199,CG61
870,847,0.549,CG62
870,848,0.798,CG63
870,849,0.192,CG64
870,850,0.146,CG65
870,851,0.173,CG66
870,852,0.355,CG67
870,853,0.347,CG68
870,854,0.548,CG69
870,855,1.474,CG70
870,856,1.027,CG71
870,857,0.042,CG72
870,858,0.297,CG73
870,859,0.085,CG74
870,860,0.255,CG75
870,861,0.824,CG76
870,862,0.105,CG77
870,863,0.518,CG78
870,864,0.243,CG79
870,865,2.037,CG80
870,866,0.3,CG81
870,867,0.129,CG82
870,868,0.036,CG83
870,869,0.34,CG84
870,870,0.0,CG85
870,871,0.253,CG86
870,872,0.905,CG87
870,873,0.133,CG88
870,874,0.375,CG89
870,875,1.744,CG90
870,876,0.793,CG91
870,877,0.727,CG92
870,878,4.184,CG93
870,879,1.086,CG94
870,880,0.867,CG95
870,881,1.853,CG96
870,882,42.318,CG97
870,883,0.607,CG98
870,884,0.483,CG99
870,885,0.0,CG100
870,886,3.141,CG101
870,887,0.15,CG102
870,888,0.08,CG103
870,889,0.072,CG104
870,890,0.19,CG105
870,891,0.621,CG106
870,892,0.241,CG107
870,893,0.276,CG108
870,894,1.242,CG109
870,895,0.9,CG110
870,896,0.7,CG111
870,897,0.207,CG112
870,898,0.931,CG113
870,899,0.621,CG114
870,900,0.552,CG115
871,1,65.391,CH2
871,2,48.487,CH3
871,3,262.274,CH4
871,4,111.666,CH5
871,791,0.0,CH6
871,792,0.092,CH7
871,793,0.409,CH8
871,794,0.0,CH9
871,795,0.0,CH10
871,796,0.0,CH11
871,797,0.0,CH12
871,798,0.128,CH13
871,799,0.096,CH14
871,800,0.0,CH15
871,801,0.26,CH16
871,802,0.082,CH17
871,803,0.0,CH18
871,804,0.0,CH19
871,805,0.0,CH20
871,806,0.0,CH21
871,807,0.314,CH22
871,808,0.094,CH23
871,809,0.273,CH24
871,810,0.135,CH25
871,811,0.0,CH26
871,812,0.122,CH27
871,813,0.052,CH28
871,814,0.112,CH29
871,815,0.627,CH30
871,816,0.106,CH31
871,817,0.076,CH32
871,818,0.0,CH33
871,819,0.586,CH34
871,820,0.073,CH35
871,821,0.146,CH36
871,822,1.088,CH37
871,823,0.708,CH38
871,824,0.132,CH39
871,825,0.374,CH40
871,826,0.148,CH41
871,827,0.126,CH42
871,828,0.673,CH43
871,829,0.627,CH44
871,830,0.148,CH45
871,831,0.074,CH46
871,832,0.0,CH47
871,833,0.093,CH48
871,834,0.179,CH49
871,835,0.245,CH50
871,836,0.134,CH51
871,837,0.109,CH52
871,838,0.117,CH53
871,839,0.674,CH54
871,840,0.177,CH55
871,841,0.0,CH56
871,842,0.311,CH57
871,843,0.531,CH58
871,844,0.147,CH59
871,845,0.124,CH60
871,846,0.055,CH61
871,847,0.557,CH62
871,848,0.186,CH63
871,849,0.077,CH64
871,850,0.07,CH65
871,851,0.058,CH66
871,852,0.178,CH67
871,853,0.081,CH68
871,854,0.25,CH69
871,855,0.236,CH70
871,856,0.179,CH71
871,857,0.171,CH72
871,858,0.131,CH73
871,859,0.349,CH74
871,860,0.102,CH75
871,861,0.128,CH76
871,862,0.035,CH77
871,863,0.207,CH78
871,864,0.081,CH79
871,865,0.787,CH80
871,866,0.1,CH81
871,867,0.605,CH82
871,868,0.186,CH83
871,869,0.131,CH84
871,870,0.178,CH85
871,871,0.0,CH86
871,872,0.189,CH87
871,873,0.458,CH88
871,874,0.603,CH89
871,875,0.325,CH90
871,876,0.119,CH91
871,877,0.127,CH92
871,878,0.076,CH93
871,879,0.154,CH94
871,880,2.321,CH95
871,881,0.071,CH96
871,882,0.449,CH97
871,883,0.125,CH98
871,884,0.576,CH99
871,885,0.0,CH100
871,886,1.122,CH101
871,887,0.058,CH102
871,888,0.04,CH103
871,889,0.072,CH104
871,890,0.212,CH105
871,891,0.456,CH106
871,892,0.259,CH107
871,893,0.297,CH108
871,894,0.955,CH109
871,895,0.6,CH110
871,896,0.6,CH111
871,897,0.161,CH112
871,898,0.716,CH113
871,899,0.346,CH114
871,900,0.318,CH115
872,1,33.671,CI2
872,2,47.803,CI3
872,3,161.691,CI4
872,4,25.384,CI5
872,791,0.0,CI6
872,792,0.092,CI7
872,793,0.204,CI8
872,794,0.0,CI9
872,795,0.0,CI10
872,796,0.0,CI11
872,797,0.0,CI12
872,798,0.085,CI13
872,799,0.096,CI14
872,800,0.0,CI15
872,801,0.13,CI16
872,802,0.082,CI17
872,803,0.0,CI18
872,804,0.0,CI19
872,805,0.0,CI20
872,806,0.0,CI21
872,807,0.235,CI22
872,808,0.094,CI23
872,809,0.182,CI24
872,810,0.0,CI25
872,811,0.0,CI26
872,812,0.122,CI27
872,813,0.312,CI28
872,814,0.084,CI29
872,815,0.358,CI30
872,816,0.0,CI31
872,817,0.076,CI32
872,818,0.0,CI33
872,819,0.293,CI34
872,820,0.463,CI35
872,821,0.77,CI36
872,822,1.088,CI37
872,823,0.314,CI38
872,824,0.132,CI39
872,825,0.374,CI40
872,826,0.175,CI41
872,827,0.67,CI42
872,828,0.32,CI43
872,829,0.897,CI44
872,830,0.087,CI45
872,831,0.062,CI46
872,832,0.197,CI47
872,833,0.05,CI48
872,834,0.091,CI49
872,835,0.178,CI50
872,836,0.134,CI51
872,837,0.164,CI52
872,838,0.112,CI53
872,839,1.841,CI54
872,840,0.249,CI55
872,841,0.0,CI56
872,842,0.156,CI57
872,843,0.265,CI58
872,844,0.073,CI59
872,845,0.062,CI60
872,846,0.055,CI61
872,847,0.239,CI62
872,848,0.124,CI63
872,849,0.077,CI64
872,850,0.0,CI65
872,851,0.058,CI66
872,852,0.089,CI67
872,853,0.081,CI68
872,854,0.116,CI69
872,855,0.093,CI70
872,856,0.596,CI71
872,857,0.086,CI72
872,858,0.087,CI73
872,859,0.174,CI74
872,860,0.511,CI75
872,861,0.497,CI76
872,862,0.035,CI77
872,863,0.096,CI78
872,864,0.04,CI79
872,865,0.355,CI80
872,866,0.1,CI81
872,867,0.303,CI82
872,868,0.106,CI83
872,869,0.087,CI84
872,870,0.594,CI85
872,871,0.176,CI86
872,872,0.0,CI87
872,873,0.29,CI88
872,874,0.81,CI89
872,875,0.088,CI90
872,876,0.893,CI91
872,877,0.091,CI92
872,878,0.252,CI93
872,879,0.252,CI94
872,880,1.716,CI95
872,881,0.252,CI96
872,882,0.449,CI97
872,883,0.124,CI98
872,884,0.576,CI99
872,885,0.0,CI100
872,886,1.282,CI101
872,887,0.058,CI102
872,888,0.04,CI103
872,889,0.072,CI104
872,890,0.252,CI105
872,891,0.432,CI106
872,892,0.252,CI107
872,893,0.288,CI108
872,894,0.864,CI109
872,895,0.6,CI110
872,896,0.6,CI111
872,897,0.108,CI112
872,898,0.648,CI113
872,899,0.324,CI114
872,900,0.288,CI115
873,1,37.071,CJ2
873,2,38.746,CJ3
873,3,94.95,CJ4
873,4,52.545,CJ5
873,791,0.0,CJ6
873,792,0.092,CJ7
873,793,0.204,CJ8
873,794,0.0,CJ9
873,795,0.0,CJ10
873,796,0.0,CJ11
873,797,0.0,CJ12
873,798,0.085,CJ13
873,799,0.096,CJ14
873,800,0.0,CJ15
873,801,0.195,CJ16
873,802,0.082,CJ17
873,803,0.0,CJ18
873,804,0.0,CJ19
873,805,0.0,CJ20
873,806,0.0,CJ21
873,807,0.235,CJ22
873,808,0.094,CJ23
873,809,0.182,CJ24
873,810,0.098,CJ25
873,811,0.0,CJ26
873,812,0.122,CJ27
873,813,0.038,CJ28
873,814,0.084,CJ29
873,815,0.537,CJ30
873,816,0.0,CJ31
873,817,0.076,CJ32
873,818,0.0,CJ33
873,819,0.44,CJ34
873,820,0.53,CJ35
873,821,0.094,CJ36
873,822,0.952,CJ37
873,823,0.55,CJ38
873,824,0.088,CJ39
873,825,0.374,CJ40
873,826,0.162,CJ41
873,827,0.092,CJ42
873,828,0.323,CJ43
873,829,0.603,CJ44
873,830,0.103,CJ45
873,831,0.057,CJ46
873,832,0.116,CJ47
873,833,0.063,CJ48
873,834,0.114,CJ49
873,835,0.152,CJ50
873,836,0.134,CJ51
873,837,0.119,CJ52
873,838,0.113,CJ53
873,839,0.875,CJ54
873,840,0.191,CJ55
873,841,0.0,CJ56
873,842,0.208,CJ57
873,843,0.354,CJ58
873,844,0.073,CJ59
873,845,0.062,CJ60
873,846,0.055,CJ61
873,847,0.318,CJ62
873,848,0.124,CJ63
873,849,0.077,CJ64
873,850,0.07,CJ65
873,851,0.058,CJ66
873,852,0.089,CJ67
873,853,0.081,CJ68
873,854,0.166,CJ69
873,855,0.143,CJ70
873,856,0.094,CJ71
873,857,0.128,CJ72
873,858,0.087,CJ73
873,859,0.262,CJ74
873,860,0.681,CJ75
873,861,0.071,CJ76
873,862,0.035,CJ77
873,863,0.136,CJ78
873,864,0.081,CJ79
873,865,0.358,CJ80
873,866,0.1,CJ81
873,867,0.454,CJ82
873,868,0.159,CJ83
873,869,0.087,CJ84
873,870,0.093,CJ85
873,871,0.458,CJ86
873,872,0.311,CJ87
873,873,0.0,CJ88
873,874,0.409,CJ89
873,875,0.144,CJ90
873,876,7.588,CJ91
873,877,6.162,CJ92
873,878,0.038,CJ93
873,879,0.165,CJ94
873,880,1.996,CJ95
873,881,0.378,CJ96
873,882,5.045,CJ97
873,883,0.325,CJ98
873,884,24.587,CJ99
873,885,0.0,CJ100
873,886,1.122,CJ101
873,887,0.058,CJ102
873,888,0.04,CJ103
873,889,0.072,CJ104
873,890,0.2,CJ105
873,891,0.436,CJ106
873,892,0.254,CJ107
873,893,0.291,CJ108
873,894,0.872,CJ109
873,895,0.6,CJ110
873,896,0.6,CJ111
873,897,0.109,CJ112
873,898,0.654,CJ113
873,899,0.327,CJ114
873,900,0.291,CJ115
874,1,164.625,CK2
874,2,616.949,CK3
874,3,1759.844,CK4
874,4,102.397,CK5
874,791,0.0,CK6
874,792,0.341,CK7
874,793,0.77,CK8
874,794,0.813,CK9
874,795,1.473,CK10
874,796,0.312,CK11
874,797,0.145,CK12
874,798,0.542,CK13
874,799,0.354,CK14
874,800,0.085,CK15
874,801,0.513,CK16
874,802,0.14,CK17
874,803,0.279,CK18
874,804,0.184,CK19
874,805,0.124,CK20
874,806,0.528,CK21
874,807,0.832,CK22
874,808,0.76,CK23
874,809,0.455,CK24
874,810,0.189,CK25
874,811,0.102,CK26
874,812,0.575,CK27
874,813,1.321,CK28
874,814,0.282,CK29
874,815,1.335,CK30
874,816,0.18,CK31
874,817,0.189,CK32
874,818,0.467,CK33
874,819,1.37,CK34
874,820,2.046,CK35
874,821,3.552,CK36
874,822,3.385,CK37
874,823,1.148,CK38
874,824,0.421,CK39
874,825,1.645,CK40
874,826,3.56,CK41
874,827,2.262,CK42
874,828,0.897,CK43
874,829,0.659,CK44
874,830,3.34,CK45
874,831,1.657,CK46
874,832,0.087,CK47
874,833,2.039,CK48
874,834,3.048,CK49
874,835,7.617,CK50
874,836,0.134,CK51
874,837,0.884,CK52
874,838,0.175,CK53
874,839,4.638,CK54
874,840,2.442,CK55
874,841,0.311,CK56
874,842,0.301,CK57
874,843,0.469,CK58
874,844,0.147,CK59
874,845,0.156,CK60
874,846,0.116,CK61
874,847,0.573,CK62
874,848,0.278,CK63
874,849,0.1,CK64
874,850,0.628,CK65
874,851,0.075,CK66
874,852,0.0,CK67
874,853,0.145,CK68
874,854,0.624,CK69
874,855,0.337,CK70
874,856,0.851,CK71
874,857,0.043,CK72
874,858,0.044,CK73
874,859,0.087,CK74
874,860,0.17,CK75
874,861,0.142,CK76
874,862,0.0,CK77
874,863,0.319,CK78
874,864,0.0,CK79
874,865,0.0,CK80
874,866,0.0,CK81
874,867,0.151,CK82
874,868,0.053,CK83
874,869,0.044,CK84
874,870,0.246,CK85
874,871,0.563,CK86
874,872,0.81,CK87
874,873,0.381,CK88
874,874,0.0,CK89
874,875,0.31,CK90
874,876,0.298,CK91
874,877,0.273,CK92
874,878,0.063,CK93
874,879,1.122,CK94
874,880,0.985,CK95
874,881,0.084,CK96
874,882,0.15,CK97
874,883,0.517,CK98
874,884,0.216,CK99
874,885,0.0,CK100
874,886,1.586,CK101
874,887,0.127,CK102
874,888,2.145,CK103
874,889,3.09,CK104
874,890,2.81,CK105
874,891,0.228,CK106
874,892,11.773,CK107
874,893,2.335,CK108
874,894,0.478,CK109
874,895,0.3,CK110
874,896,0.3,CK111
874,897,0.209,CK112
874,898,0.358,CK113
874,899,0.231,CK114
874,900,0.159,CK115
875,1,73.412,CL2
875,2,57.973,CL3
875,3,11.553,CL4
875,4,173.243,CL5
875,791,0.0,CL6
875,792,1.586,CL7
875,793,6.747,CL8
875,794,0.281,CL9
875,795,0.35,CL10
875,796,1.332,CL11
875,797,1.23,CL12
875,798,4.691,CL13
875,799,0.31,CL14
875,800,0.527,CL15
875,801,4.141,CL16
875,802,1.377,CL17
875,803,1.209,CL18
875,804,0.685,CL19
875,805,0.348,CL20
875,806,0.481,CL21
875,807,8.997,CL22
875,808,0.31,CL23
875,809,4.807,CL24
875,810,1.181,CL25
875,811,1.189,CL26
875,812,0.193,CL27
875,813,10.34,CL28
875,814,2.402,CL29
875,815,14.707,CL30
875,816,2.11,CL31
875,817,2.287,CL32
875,818,0.662,CL33
875,819,17.596,CL34
875,820,32.684,CL35
875,821,41.103,CL36
875,822,13.81,CL37
875,823,13.579,CL38
875,824,2.836,CL39
875,825,0.774,CL40
875,826,0.298,CL41
875,827,27.226,CL42
875,828,4.121,CL43
875,829,2.263,CL44
875,830,38.04,CL45
875,831,12.026,CL46
875,832,0.0,CL47
875,833,21.257,CL48
875,834,21.677,CL49
875,835,33.946,CL50
875,836,0.464,CL51
875,837,7.374,CL52
875,838,1.158,CL53
875,839,1.036,CL54
875,840,0.263,CL55
875,841,0.414,CL56
875,842,2.361,CL57
875,843,4.897,CL58
875,844,0.586,CL59
875,845,0.062,CL60
875,846,0.441,CL61
875,847,8.162,CL62
875,848,0.093,CL63
875,849,0.527,CL64
875,850,0.279,CL65
875,851,0.403,CL66
875,852,0.075,CL67
875,853,0.602,CL68
875,854,1.128,CL69
875,855,14.368,CL70
875,856,10.978,CL71
875,857,0.076,CL72
875,858,0.048,CL73
875,859,0.151,CL74
875,860,0.557,CL75
875,861,9.093,CL76
875,862,0.241,CL77
875,863,1.197,CL78
875,864,0.048,CL79
875,865,0.358,CL80
875,866,0.8,CL81
875,867,0.254,CL82
875,868,0.06,CL83
875,869,0.052,CL84
875,870,2.325,CL85
875,871,0.616,CL86
875,872,0.178,CL87
875,873,0.274,CL88
875,874,0.629,CL89
875,875,0.0,CL90
875,876,0.186,CL91
875,877,0.182,CL92
875,878,6.248,CL93
875,879,0.196,CL94
875,880,12.574,CL95
875,881,4.691,CL96
875,882,56.067,CL97
875,883,3.126,CL98
875,884,29.328,CL99
875,885,0.0,CL100
875,886,0.21,CL101
875,887,0.112,CL102
875,888,0.119,CL103
875,889,0.217,CL104
875,890,0.335,CL105
875,891,0.101,CL106
875,892,0.391,CL107
875,893,0.671,CL108
875,894,0.19,CL109
875,895,0.17,CL110
875,896,0.14,CL111
875,897,0.335,CL112
875,898,1.76,CL113
875,899,0.084,CL114
875,900,0.894,CL115
876,1,58.936,CM2
876,2,23.345,CM3
876,3,228.818,CM4
876,4,104.754,CM5
876,791,0.0,CM6
876,792,0.078,CM7
876,793,0.244,CM8
876,794,0.0,CM9
876,795,0.0,CM10
876,796,0.0,CM11
876,797,0.0,CM12
876,798,0.114,CM13
876,799,0.157,CM14
876,800,0.0,CM15
876,801,0.183,CM16
876,802,0.076,CM17
876,803,0.0,CM18
876,804,0.0,CM19
876,805,0.0,CM20
876,806,0.0,CM21
876,807,0.305,CM22
876,808,0.157,CM23
876,809,0.153,CM24
876,810,0.076,CM25
876,811,0.0,CM26
876,812,0.098,CM27
876,813,0.043,CM28
876,814,0.112,CM29
876,815,0.627,CM30
876,816,0.0,CM31
876,817,0.076,CM32
876,818,0.0,CM33
876,819,0.513,CM34
876,820,0.596,CM35
876,821,0.101,CM36
876,822,0.971,CM37
876,823,0.61,CM38
876,824,0.118,CM39
876,825,0.294,CM40
876,826,0.151,CM41
876,827,0.092,CM42
876,828,0.336,CM43
876,829,0.706,CM44
876,830,0.111,CM45
876,831,0.062,CM46
876,832,0.166,CM47
876,833,0.061,CM48
876,834,0.096,CM49
876,835,0.165,CM50
876,836,0.118,CM51
876,837,0.11,CM52
876,838,0.088,CM53
876,839,0.694,CM54
876,840,0.157,CM55
876,841,0.0,CM56
876,842,0.183,CM57
876,843,0.458,CM58
876,844,0.073,CM59
876,845,0.124,CM60
876,846,0.055,CM61
876,847,0.458,CM62
876,848,0.186,CM63
876,849,0.076,CM64
876,850,0.07,CM65
876,851,0.058,CM66
876,852,0.153,CM67
876,853,0.076,CM68
876,854,0.137,CM69
876,855,0.098,CM70
876,856,0.628,CM71
876,857,0.14,CM72
876,858,0.105,CM73
876,859,0.209,CM74
876,860,0.558,CM75
876,861,0.628,CM76
876,862,0.035,CM77
876,863,0.119,CM78
876,864,0.07,CM79
876,865,0.558,CM80
876,866,0.1,CM81
876,867,0.488,CM82
876,868,0.146,CM83
876,869,0.105,CM84
876,870,0.558,CM85
876,871,0.119,CM86
876,872,0.956,CM87
876,873,7.588,CM88
876,874,0.319,CM89
876,875,0.098,CM90
876,876,0.0,CM91
876,877,9.798,CM92
876,878,28.81,CM93
876,879,0.179,CM94
876,880,42.102,CM95
876,881,22.023,CM96
876,882,2.501,CM97
876,883,0.841,CM98
876,884,7.306,CM99
876,885,0.0,CM100
876,886,1.134,CM101
876,887,0.057,CM102
876,888,0.08,CM103
876,889,0.144,CM104
876,890,0.241,CM105
876,891,0.595,CM106
876,892,0.198,CM107
876,893,0.227,CM108
876,894,1.02,CM109
876,895,0.9,CM110
876,896,0.8,CM111
876,897,0.17,CM112
876,898,0.765,CM113
876,899,0.34,CM114
876,900,0.453,CM115
877,1,41.588,CN2
877,2,242.828,CN3
877,3,541.095,CN4
877,4,80.849,CN5
877,791,0.0,CN6
877,792,0.072,CN7
877,793,0.224,CN8
877,794,0.0,CN9
877,795,0.0,CN10
877,796,0.0,CN11
877,797,0.0,CN12
877,798,0.105,CN13
877,799,0.144,CN14
877,800,0.0,CN15
877,801,0.168,CN16
877,802,0.07,CN17
877,803,0.0,CN18
877,804,0.0,CN19
877,805,0.0,CN20
877,806,0.0,CN21
877,807,0.21,CN22
877,808,0.144,CN23
877,809,0.14,CN24
877,810,0.07,CN25
877,811,0.0,CN26
877,812,0.09,CN27
877,813,0.036,CN28
877,814,0.112,CN29
877,815,0.537,CN30
877,816,0.0,CN31
877,817,0.07,CN32
877,818,0.0,CN33
877,819,0.44,CN34
877,820,0.53,CN35
877,821,0.085,CN36
877,822,0.791,CN37
877,823,0.489,CN38
877,824,0.108,CN39
877,825,0.27,CN40
877,826,0.129,CN41
877,827,0.077,CN42
877,828,0.231,CN43
877,829,0.431,CN44
877,830,0.091,CN45
877,831,0.059,CN46
877,832,0.138,CN47
877,833,0.053,CN48
877,834,0.084,CN49
877,835,0.144,CN50
877,836,0.108,CN51
877,837,0.093,CN52
877,838,0.081,CN53
877,839,0.74,CN54
877,840,0.137,CN55
877,841,0.0,CN56
877,842,0.168,CN57
877,843,0.28,CN58
877,844,0.07,CN59
877,845,0.062,CN60
877,846,0.055,CN61
877,847,0.419,CN62
877,848,0.124,CN63
877,849,0.07,CN64
877,850,0.07,CN65
877,851,0.058,CN66
877,852,0.07,CN67
877,853,0.07,CN68
877,854,0.119,CN69
877,855,0.089,CN70
877,856,0.575,CN71
877,857,0.096,CN72
877,858,0.064,CN73
877,859,0.192,CN74
877,860,0.447,CN75
877,861,0.511,CN76
877,862,0.032,CN77
877,863,0.096,CN78
877,864,0.032,CN79
877,865,0.511,CN80
877,866,0.1,CN81
877,867,0.384,CN82
877,868,0.115,CN83
877,869,0.096,CN84
877,870,0.511,CN85
877,871,0.127,CN86
877,872,0.097,CN87
877,873,6.162,CN88
877,874,0.292,CN89
877,875,0.096,CN90
877,876,9.798,CN91
877,877,0.0,CN92
877,878,0.283,CN93
877,879,0.173,CN94
877,880,45.019,CN95
877,881,27.067,CN96
877,882,5.369,CN97
877,883,0.588,CN98
877,884,7.702,CN99
877,885,0.0,CN100
877,886,1.039,CN101
877,887,0.052,CN102
877,888,0.08,CN103
877,889,0.144,CN104
877,890,0.221,CN105
877,891,0.545,CN106
877,892,0.182,CN107
877,893,0.208,CN108
877,894,0.831,CN109
877,895,0.8,CN110
877,896,0.7,CN111
877,897,0.156,CN112
877,898,0.701,CN113
877,899,0.312,CN114
877,900,0.312,CN115
878,1,42.058,CO2
878,2,25.704,CO3
878,3,4.327,CO4
878,4,46.317,CO5
878,791,0.0,CO6
878,792,0.142,CO7
878,793,0.061,CO8
878,794,0.0,CO9
878,795,0.0,CO10
878,796,0.103,CO11
878,797,0.103,CO12
878,798,0.241,CO13
878,799,0.142,CO14
878,800,0.0,CO15
878,801,0.495,CO16
878,802,0.138,CO17
878,803,0.088,CO18
878,804,0.069,CO19
878,805,0.0,CO20
878,806,0.069,CO21
878,807,0.069,CO22
878,808,0.142,CO23
878,809,0.482,CO24
878,810,0.069,CO25
878,811,0.069,CO26
878,812,0.088,CO27
878,813,0.088,CO28
878,814,0.028,CO29
878,815,0.125,CO30
878,816,0.076,CO31
878,817,0.206,CO32
878,818,0.0,CO33
878,819,0.125,CO34
878,820,0.159,CO35
878,821,0.28,CO36
878,822,0.175,CO37
878,823,0.131,CO38
878,824,0.248,CO39
878,825,0.265,CO40
878,826,0.127,CO41
878,827,0.227,CO42
878,828,0.098,CO43
878,829,14.333,CO44
878,830,0.289,CO45
878,831,74.226,CO46
878,832,0.076,CO47
878,833,0.182,CO48
878,834,0.359,CO49
878,835,0.464,CO50
878,836,4.889,CO51
878,837,34.4,CO52
878,838,3.217,CO53
878,839,0.451,CO54
878,840,0.12,CO55
878,841,0.069,CO56
878,842,0.045,CO57
878,843,0.083,CO58
878,844,0.206,CO59
878,845,0.249,CO60
878,846,0.166,CO61
878,847,0.103,CO62
878,848,0.433,CO63
878,849,0.206,CO64
878,850,0.138,CO65
878,851,0.115,CO66
878,852,0.275,CO67
878,853,0.206,CO68
878,854,0.399,CO69
878,855,0.453,CO70
878,856,0.39,CO71
878,857,0.031,CO72
878,858,0.22,CO73
878,859,0.063,CO74
878,860,0.182,CO75
878,861,0.315,CO76
878,862,0.094,CO77
878,863,0.403,CO78
878,864,0.189,CO79
878,865,1.51,CO80
878,866,0.3,CO81
878,867,0.107,CO82
878,868,0.025,CO83
878,869,0.252,CO84
878,870,8.368,CO85
878,871,0.215,CO86
878,872,0.767,CO87
878,873,0.107,CO88
878,874,0.192,CO89
878,875,9.372,CO90
878,876,81.929,CO91
878,877,0.805,CO92
878,878,0.0,CO93
878,879,0.089,CO94
878,880,13.034,CO95
878,881,3.328,CO96
878,882,3.393,CO97
878,883,1.17,CO98
878,884,3.19,CO99
878,885,0.0,CO100
878,886,1.022,CO101
878,887,0.051,CO102
878,888,0.08,CO103
878,889,0.144,CO104
878,890,0.153,CO105
878,891,0.46,CO106
878,892,0.179,CO107
878,893,0.204,CO108
878,894,0.92,CO109
878,895,0.9,CO110
878,896,0.8,CO111
878,897,0.153,CO112
878,898,0.69,CO113
878,899,0.46,CO114
878,900,0.409,CO115
879,1,35.832,CP2
879,2,18.752,CP3
879,3,68.224,CP4
879,4,8.728,CP5
879,791,0.0,CP6
879,792,0.184,CP7
879,793,0.545,CP8
879,794,0.0,CP9
879,795,0.0,CP10
879,796,0.142,CP11
879,797,0.132,CP12
879,798,0.256,CP13
879,799,0.287,CP14
879,800,0.0,CP15
879,801,0.39,CP16
879,802,0.082,CP17
879,803,0.116,CP18
879,804,0.102,CP19
879,805,0.0,CP20
879,806,0.0,CP21
879,807,0.549,CP22
879,808,0.281,CP23
879,809,0.364,CP24
879,810,0.108,CP25
879,811,0.078,CP26
879,812,0.245,CP27
879,813,0.073,CP28
879,814,0.196,CP29
879,815,0.09,CP30
879,816,0.106,CP31
879,817,0.151,CP32
879,818,0.0,CP33
879,819,0.073,CP34
879,820,0.093,CP35
879,821,0.171,CP36
879,822,0.204,CP37
879,823,0.086,CP38
879,824,0.263,CP39
879,825,0.873,CP40
879,826,0.351,CP41
879,827,0.159,CP42
879,828,0.785,CP43
879,829,0.157,CP44
879,830,0.186,CP45
879,831,0.125,CP46
879,832,0.174,CP47
879,833,0.11,CP48
879,834,0.179,CP49
879,835,0.352,CP50
879,836,0.269,CP51
879,837,0.264,CP52
879,838,0.233,CP53
879,839,1.811,CP54
879,840,0.426,CP55
879,841,0.078,CP56
879,842,0.415,CP57
879,843,0.707,CP58
879,844,0.147,CP59
879,845,0.124,CP60
879,846,0.11,CP61
879,847,0.637,CP62
879,848,0.186,CP63
879,849,0.077,CP64
879,850,0.07,CP65
879,851,0.058,CP66
879,852,0.178,CP67
879,853,0.081,CP68
879,854,0.218,CP69
879,855,0.143,CP70
879,856,0.085,CP71
879,857,0.257,CP72
879,858,0.131,CP73
879,859,0.349,CP74
879,860,0.766,CP75
879,861,0.071,CP76
879,862,0.07,CP77
879,863,0.16,CP78
879,864,0.081,CP79
879,865,0.787,CP80
879,866,0.1,CP81
879,867,0.605,CP82
879,868,0.239,CP83
879,869,0.174,CP84
879,870,0.764,CP85
879,871,0.154,CP86
879,872,0.27,CP87
879,873,0.165,CP88
879,874,1.203,CP89
879,875,0.103,CP90
879,876,0.179,CP91
879,877,0.173,CP92
879,878,0.031,CP93
879,879,0.0,CP94
879,880,2.665,CP95
879,881,0.378,CP96
879,882,0.097,CP97
879,883,0.156,CP98
879,884,0.137,CP99
879,885,0.0,CP100
879,886,0.449,CP101
879,887,0.173,CP102
879,888,0.279,CP103
879,889,0.433,CP104
879,890,1.867,CP105
879,891,0.239,CP106
879,892,0.517,CP107
879,893,1.041,CP108
879,894,0.35,CP109
879,895,0.22,CP110
879,896,0.22,CP111
879,897,0.481,CP112
879,898,2.866,CP113
879,899,0.115,CP114
879,900,1.433,CP115
880,1,284.311,CQ2
880,2,206.606,CQ3
880,3,804.686,CQ4
880,4,312.092,CQ5
880,791,0.0,CQ6
880,792,1.087,CQ7
880,793,1.816,CQ8
880,794,0.359,CQ9
880,795,0.496,CQ10
880,796,1.732,CQ11
880,797,1.158,CQ12
880,798,5.593,CQ13
880,799,0.874,CQ14
880,800,0.071,CQ15
880,801,1.401,CQ16
880,802,0.195,CQ17
880,803,1.126,CQ18
880,804,0.739,CQ19
880,805,0.12,CQ20
880,806,0.486,CQ21
880,807,2.523,CQ22
880,808,2.395,CQ23
880,809,0.311,CQ24
880,810,1.803,CQ25
880,811,1.492,CQ26
880,812,1.192,CQ27
880,813,3.748,CQ28
880,814,4.952,CQ29
880,815,15.546,CQ30
880,816,0.763,CQ31
880,817,1.751,CQ32
880,818,0.638,CQ33
880,819,4.059,CQ34
880,820,5.535,CQ35
880,821,1.962,CQ36
880,822,2.605,CQ37
880,823,5.344,CQ38
880,824,2.118,CQ39
880,825,3.66,CQ40
880,826,1.889,CQ41
880,827,4.189,CQ42
880,828,0.328,CQ43
880,829,0.21,CQ44
880,830,2.831,CQ45
880,831,0.755,CQ46
880,832,0.033,CQ47
880,833,2.83,CQ48
880,834,1.447,CQ49
880,835,2.678,CQ50
880,836,0.06,CQ51
880,837,1.994,CQ52
880,838,0.638,CQ53
880,839,25.924,CQ54
880,840,1.201,CQ55
880,841,0.376,CQ56
880,842,4.374,CQ57
880,843,2.088,CQ58
880,844,6.394,CQ59
880,845,5.539,CQ60
880,846,5.832,CQ61
880,847,2.51,CQ62
880,848,13.964,CQ63
880,849,1.861,CQ64
880,850,2.056,CQ65
880,851,2.142,CQ66
880,852,4.754,CQ67
880,853,3.839,CQ68
880,854,4.734,CQ69
880,855,2.775,CQ70
880,856,2.55,CQ71
880,857,3.083,CQ72
880,858,3.795,CQ73
880,859,6.451,CQ74
880,860,2.152,CQ75
880,861,3.131,CQ76
880,862,4.981,CQ77
880,863,11.829,CQ78
880,864,0.972,CQ79
880,865,1.85,CQ80
880,866,0.33,CQ81
880,867,12.22,CQ82
880,868,3.924,CQ83
880,869,3.288,CQ84
880,870,0.569,CQ85
880,871,2.167,CQ86
880,872,1.716,CQ87
880,873,1.863,CQ88
880,874,0.985,CQ89
880,875,6.19,CQ90
880,876,39.295,CQ91
880,877,42.018,CQ92
880,878,4.278,CQ93
880,879,2.487,CQ94
880,880,0.0,CQ95
880,881,1.797,CQ96
880,882,6.407,CQ97
880,883,2.016,CQ98
880,884,4.018,CQ99
880,885,0.578,CQ100
880,886,13.272,CQ101
880,887,0.588,CQ102
880,888,3.494,CQ103
880,889,5.321,CQ104
880,890,7.431,CQ105
880,891,1.048,CQ106
880,892,6.323,CQ107
880,893,4.692,CQ108
880,894,5.367,CQ109
880,895,5.57,CQ110
880,896,2.43,CQ111
880,897,4.336,CQ112
880,898,16.281,CQ113
880,899,11.786,CQ114
880,900,12.063,CQ115
881,1,30.246,CR2
881,2,66.659,CR3
881,3,11.488,CR4
881,4,47.958,CR5
881,791,0.0,CR6
881,792,0.184,CR7
881,793,0.075,CR8
881,794,0.0,CR9
881,795,0.0,CR10
881,796,0.138,CR11
881,797,0.132,CR12
881,798,0.299,CR13
881,799,0.189,CR14
881,800,0.0,CR15
881,801,0.585,CR16
881,802,0.165,CR17
881,803,0.116,CR18
881,804,0.092,CR19
881,805,0.0,CR20
881,806,0.0,CR21
881,807,0.078,CR22
881,808,0.188,CR23
881,809,0.637,CR24
881,810,0.092,CR25
881,811,0.078,CR26
881,812,0.118,CR27
881,813,0.111,CR28
881,814,0.028,CR29
881,815,0.125,CR30
881,816,0.101,CR31
881,817,0.151,CR32
881,818,0.0,CR33
881,819,0.125,CR34
881,820,0.152,CR35
881,821,0.291,CR36
881,822,0.221,CR37
881,823,0.149,CR38
881,824,0.263,CR39
881,825,0.355,CR40
881,826,0.169,CR41
881,827,0.268,CR42
881,828,0.121,CR43
881,829,7.204,CR44
881,830,0.317,CR45
881,831,31.373,CR46
881,832,0.082,CR47
881,833,0.197,CR48
881,834,0.376,CR49
881,835,0.517,CR50
881,836,2.417,CR51
881,837,18.207,CR52
881,838,1.744,CR53
881,839,0.423,CR54
881,840,0.142,CR55
881,841,0.078,CR56
881,842,0.057,CR57
881,843,0.106,CR58
881,844,0.22,CR59
881,845,0.249,CR60
881,846,0.166,CR61
881,847,0.111,CR62
881,848,0.433,CR63
881,849,0.23,CR64
881,850,0.139,CR65
881,851,0.115,CR66
881,852,0.355,CR67
881,853,0.242,CR68
881,854,0.478,CR69
881,855,0.471,CR70
881,856,0.353,CR71
881,857,0.042,CR72
881,858,0.294,CR73
881,859,0.084,CR74
881,860,0.202,CR75
881,861,0.256,CR76
881,862,0.105,CR77
881,863,0.431,CR78
881,864,0.243,CR79
881,865,2.017,CR80
881,866,0.3,CR81
881,867,0.114,CR82
881,868,0.035,CR83
881,869,0.294,CR84
881,870,3.706,CR85
881,871,0.203,CR86
881,872,0.768,CR87
881,873,1.075,CR88
881,874,0.256,CR89
881,875,7.036,CR90
881,876,62.627,CR91
881,877,76.972,CR92
881,878,3.328,CR93
881,879,1.075,CR94
881,880,5.474,CR95
881,881,0.0,CR96
881,882,7.919,CR97
881,883,1.223,CR98
881,884,7.428,CR99
881,885,0.0,CR100
881,886,1.282,CR101
881,887,0.058,CR102
881,888,0.08,CR103
881,889,0.144,CR104
881,890,0.188,CR105
881,891,0.614,CR106
881,892,0.239,CR107
881,893,0.41,CR108
881,894,1.229,CR109
881,895,0.9,CR110
881,896,0.8,CR111
881,897,0.205,CR112
881,898,0.922,CR113
881,899,0.614,CR114
881,900,0.546,CR115
882,1,27.222,CS2
882,2,79.67,CS3
882,3,193.538,CS4
882,4,27.974,CS5
882,791,0.0,CS6
882,792,0.083,CS7
882,793,0.193,CS8
882,794,0.0,CS9
882,795,0.0,CS10
882,796,0.0,CS11
882,797,0.0,CS12
882,798,0.081,CS13
882,799,0.083,CS14
882,800,0.0,CS15
882,801,0.129,CS16
882,802,0.081,CS17
882,803,0.0,CS18
882,804,0.0,CS19
882,805,0.0,CS20
882,806,0.0,CS21
882,807,0.235,CS22
882,808,0.083,CS23
882,809,0.161,CS24
882,810,0.0,CS25
882,811,0.0,CS26
882,812,0.104,CS27
882,813,0.29,CS28
882,814,0.084,CS29
882,815,0.358,CS30
882,816,0.0,CS31
882,817,0.076,CS32
882,818,0.0,CS33
882,819,0.293,CS34
882,820,0.397,CS35
882,821,0.685,CS36
882,822,0.798,CS37
882,823,0.472,CS38
882,824,0.083,CS39
882,825,0.207,CS40
882,826,0.125,CS41
882,827,0.645,CS42
882,828,0.177,CS43
882,829,0.373,CS44
882,830,0.077,CS45
882,831,0.511,CS46
882,832,0.205,CS47
882,833,0.042,CS48
882,834,0.068,CS49
882,835,0.133,CS50
882,836,0.062,CS51
882,837,0.091,CS52
882,838,0.093,CS53
882,839,0.543,CS54
882,840,0.116,CS55
882,841,0.0,CS56
882,842,0.145,CS57
882,843,0.242,CS58
882,844,0.073,CS59
882,845,0.062,CS60
882,846,0.055,CS61
882,847,0.239,CS62
882,848,0.124,CS63
882,849,0.077,CS64
882,850,0.07,CS65
882,851,0.058,CS66
882,852,0.081,CS67
882,853,0.081,CS68
882,854,0.113,CS69
882,855,0.088,CS70
882,856,0.516,CS71
882,857,0.111,CS72
882,858,0.074,CS73
882,859,0.221,CS74
882,860,0.442,CS75
882,861,0.497,CS76
882,862,0.035,CS77
882,863,0.096,CS78
882,864,0.037,CS79
882,865,0.295,CS80
882,866,0.1,CS81
882,867,0.295,CS82
882,868,0.133,CS83
882,869,0.074,CS84
882,870,41.666,CS85
882,871,0.629,CS86
882,872,0.674,CS87
882,873,7.062,CS88
882,874,0.225,CS89
882,875,41.403,CS90
882,876,3.501,CS91
882,877,7.516,CS92
882,878,1.67,CS93
882,879,0.136,CS94
882,880,9.611,CS95
882,881,3.898,CS96
882,882,0.0,CS97
882,883,0.766,CS98
882,884,4.096,CS99
882,885,0.0,CS100
882,886,9.326,CS101
882,887,0.058,CS102
882,888,0.08,CS103
882,889,0.144,CS104
882,890,15.209,CS105
882,891,0.719,CS106
882,892,0.21,CS107
882,893,0.359,CS108
882,894,0.12,CS109
882,895,0.1,CS110
882,896,0.9,CS111
882,897,0.18,CS112
882,898,0.808,CS113
882,899,0.359,CS114
882,900,0.359,CS115
883,1,45.065,CT2
883,2,5.625,CT3
883,3,76.997,CT4
883,4,69.326,CT5
883,791,0.013,CT6
883,792,1.519,CT7
883,793,2.93,CT8
883,794,0.523,CT9
883,795,0.658,CT10
883,796,2.1,CT11
883,797,1.056,CT12
883,798,2.881,CT13
883,799,1.475,CT14
883,800,0.221,CT15
883,801,2.059,CT16
883,802,0.477,CT17
883,803,1.417,CT18
883,804,1.043,CT19
883,805,0.411,CT20
883,806,0.458,CT21
883,807,3.194,CT22
883,808,3.218,CT23
883,809,1.201,CT24
883,810,1.238,CT25
883,811,0.971,CT26
883,812,1.932,CT27
883,813,4.825,CT28
883,814,2.299,CT29
883,815,7.989,CT30
883,816,0.912,CT31
883,817,1.151,CT32
883,818,0.366,CT33
883,819,4.69,CT34
883,820,6.508,CT35
883,821,6.18,CT36
883,822,9.069,CT37
883,823,5.133,CT38
883,824,1.87,CT39
883,825,5.198,CT40
883,826,7.336,CT41
883,827,7.281,CT42
883,828,1.298,CT43
883,829,1.549,CT44
883,830,7.335,CT45
883,831,2.928,CT46
883,832,0.093,CT47
883,833,4.217,CT48
883,834,3.697,CT49
883,835,7.777,CT50
883,836,0.309,CT51
883,837,3.127,CT52
883,838,0.846,CT53
883,839,18.382,CT54
883,840,4.693,CT55
883,841,0.318,CT56
883,842,2.771,CT57
883,843,2.299,CT58
883,844,2.981,CT59
883,845,2.714,CT60
883,846,2.312,CT61
883,847,2.451,CT62
883,848,6.323,CT63
883,849,1.303,CT64
883,850,1.144,CT65
883,851,1.163,CT66
883,852,2.932,CT67
883,853,2.442,CT68
883,854,0.936,CT69
883,855,2.569,CT70
883,856,2.4,CT71
883,857,2.344,CT72
883,858,3.073,CT73
883,859,6.704,CT74
883,860,1.941,CT75
883,861,2.23,CT76
883,862,2.352,CT77
883,863,7.888,CT78
883,864,0.974,CT79
883,865,3.494,CT80
883,866,0.463,CT81
883,867,8.681,CT82
883,868,3.686,CT83
883,869,3.574,CT84
883,870,1.214,CT85
883,871,0.355,CT86
883,872,0.378,CT87
883,873,0.925,CT88
883,874,1.575,CT89
883,875,4.689,CT90
883,876,2.39,CT91
883,877,1.672,CT92
883,878,1.17,CT93
883,879,0.444,CT94
883,880,6.142,CT95
883,881,1.223,CT96
883,882,1.557,CT97
883,883,0.0,CT98
883,884,1.275,CT99
883,885,0.321,CT100
883,886,17.338,CT101
883,887,0.96,CT102
883,888,1.918,CT103
883,889,2.852,CT104
883,890,4.654,CT105
883,891,1.086,CT106
883,892,11.585,CT107
883,893,10.241,CT108
883,894,0.84,CT109
883,895,0.576,CT110
883,896,0.44,CT111
883,897,2.303,CT112
883,898,5.736,CT113
883,899,5.345,CT114
883,900,2.941,CT115
884,1,20.628,CU2
884,2,238.328,CU3
884,3,448.671,CU4
884,4,3.474,CU5
884,791,0.0,CU6
884,792,0.092,CU7
884,793,0.477,CU8
884,794,0.0,CU9
884,795,0.0,CU10
884,796,0.142,CU11
884,797,0.132,CU12
884,798,0.171,CU13
884,799,0.192,CU14
884,800,0.0,CU15
884,801,0.26,CU16
884,802,0.082,CU17
884,803,0.116,CU18
884,804,0.097,CU19
884,805,0.0,CU20
884,806,0.0,CU21
884,807,0.471,CU22
884,808,0.188,CU23
884,809,0.273,CU24
884,810,0.097,CU25
884,811,0.078,CU26
884,812,0.122,CU27
884,813,0.059,CU28
884,814,0.168,CU29
884,815,0.717,CU30
884,816,0.106,CU31
884,817,0.076,CU32
884,818,0.0,CU33
884,819,0.586,CU34
884,820,0.066,CU35
884,821,0.12,CU36
884,822,0.163,CU37
884,823,0.708,CU38
884,824,0.176,CU39
884,825,0.499,CU40
884,826,0.243,CU41
884,827,0.117,CU42
884,828,0.427,CU43
884,829,1.047,CU44
884,830,0.14,CU45
884,831,0.079,CU46
884,832,0.189,CU47
884,833,0.077,CU48
884,834,0.119,CU49
884,835,0.241,CU50
884,836,0.134,CU51
884,837,0.155,CU52
884,838,0.112,CU53
884,839,0.745,CU54
884,840,0.229,CU55
884,841,0.078,CU56
884,842,0.311,CU57
884,843,0.531,CU58
884,844,0.147,CU59
884,845,0.124,CU60
884,846,0.11,CU61
884,847,0.557,CU62
884,848,0.186,CU63
884,849,0.077,CU64
884,850,0.07,CU65
884,851,0.058,CU66
884,852,0.178,CU67
884,853,0.081,CU68
884,854,0.175,CU69
884,855,0.11,CU70
884,856,0.681,CU71
884,857,0.171,CU72
884,858,0.131,CU73
884,859,0.349,CU74
884,860,0.681,CU75
884,861,0.568,CU76
884,862,0.07,CU77
884,863,0.136,CU78
884,864,0.081,CU79
884,865,0.709,CU80
884,866,0.1,CU81
884,867,0.53,CU82
884,868,0.212,CU83
884,869,0.131,CU84
884,870,0.594,CU85
884,871,1.008,CU86
884,872,1.08,CU87
884,873,43.027,CU88
884,874,0.405,CU89
884,875,27.072,CU90
884,876,12.785,CU91
884,877,13.478,CU92
884,878,1.963,CU93
884,879,0.239,CU94
884,880,7.533,CU95
884,881,4.571,CU96
884,882,5.119,CU97
884,883,0.784,CU98
884,884,0.0,CU99
884,885,0.0,CU100
884,886,8.3,CU101
884,887,0.116,CU102
884,888,0.159,CU103
884,889,0.289,CU104
884,890,20.957,CU105
884,891,0.14,CU106
884,892,0.504,CU107
884,893,0.576,CU108
884,894,0.245,CU109
884,895,0.17,CU110
884,896,0.15,CU111
884,897,0.324,CU112
884,898,2.269,CU113
884,899,0.972,CU114
884,900,1.008,CU115
885,1,1.383,CV2
885,2,181.319,CV3
885,3,179.787,CV4
885,4,0.417,CV5
885,791,0.0,CV6
885,792,0.0,CV7
885,793,0.068,CV8
885,794,0.0,CV9
885,795,0.0,CV10
885,796,0.0,CV11
885,797,0.0,CV12
885,798,0.043,CV13
885,799,0.0,CV14
885,800,0.0,CV15
885,801,0.0,CV16
885,802,0.0,CV17
885,803,0.0,CV18
885,804,0.0,CV19
885,805,0.0,CV20
885,806,0.0,CV21
885,807,0.078,CV22
885,808,0.0,CV23
885,809,0.087,CV24
885,810,0.0,CV25
885,811,0.0,CV26
885,812,0.0,CV27
885,813,0.069,CV28
885,814,0.0,CV29
885,815,0.179,CV30
885,816,0.0,CV31
885,817,0.0,CV32
885,818,0.0,CV33
885,819,0.147,CV34
885,820,0.265,CV35
885,821,0.342,CV36
885,822,0.37,CV37
885,823,0.079,CV38
885,824,0.044,CV39
885,825,0.0,CV40
885,826,0.247,CV41
885,827,0.251,CV42
885,828,0.096,CV43
885,829,0.135,CV44
885,830,0.371,CV45
885,831,0.17,CV46
885,832,0.039,CV47
885,833,0.233,CV48
885,834,0.031,CV49
885,835,0.08,CV50
885,836,0.0,CV51
885,837,0.09,CV52
885,838,0.0,CV53
885,839,0.302,CV54
885,840,0.269,CV55
885,841,0.0,CV56
885,842,0.0,CV57
885,843,0.0,CV58
885,844,0.0,CV59
885,845,0.0,CV60
885,846,0.0,CV61
885,847,0.08,CV62
885,848,0.0,CV63
885,849,0.0,CV64
885,850,0.0,CV65
885,851,0.0,CV66
885,852,0.0,CV67
885,853,0.0,CV68
885,854,0.0,CV69
885,855,0.0,CV70
885,856,0.08,CV71
885,857,0.0,CV72
885,858,0.0,CV73
885,859,0.0,CV74
885,860,0.0,CV75
885,861,0.0,CV76
885,862,0.0,CV77
885,863,0.0,CV78
885,864,0.0,CV79
885,865,0.0,CV80
885,866,0.0,CV81
885,867,0.0,CV82
885,868,0.0,CV83
885,869,0.0,CV84
885,870,0.0,CV85
885,871,0.0,CV86
885,872,0.0,CV87
885,873,0.0,CV88
885,874,0.0,CV89
885,875,0.0,CV90
885,876,0.0,CV91
885,877,0.0,CV92
885,878,0.0,CV93
885,879,0.0,CV94
885,880,0.723,CV95
885,881,0.0,CV96
885,882,0.0,CV97
885,883,0.132,CV98
885,884,0.0,CV99
885,885,0.0,CV100
885,886,0.961,CV101
885,887,0.058,CV102
885,888,0.119,CV103
885,889,0.144,CV104
885,890,1.134,CV105
885,891,0.097,CV106
885,892,0.454,CV107
885,893,0.518,CV108
885,894,0.389,CV109
885,895,0.3,CV110
885,896,0.3,CV111
885,897,0.0,CV112
885,898,0.292,CV113
885,899,25.022,CV114
885,900,0.13,CV115
886,1,390.922,CW2
886,2,241.343,CW3
886,3,819.771,CW4
886,4,43.068,CW5
886,791,0.0,CW6
886,792,3.923,CW7
886,793,9.377,CW8
886,794,0.366,CW9
886,795,0.712,CW10
886,796,2.213,CW11
886,797,1.411,CW12
886,798,5.933,CW13
886,799,3.55,CW14
886,800,0.681,CW15
886,801,6.172,CW16
886,802,1.687,CW17
886,803,1.364,CW18
886,804,1.26,CW19
886,805,1.367,CW20
886,806,0.336,CW21
886,807,9.786,CW22
886,808,2.733,CW23
886,809,6.514,CW24
886,810,0.958,CW25
886,811,0.666,CW26
886,812,1.464,CW27
886,813,12.559,CW28
886,814,2.542,CW29
886,815,13.552,CW30
886,816,1.965,CW31
886,817,1.862,CW32
886,818,0.342,CW33
886,819,19.319,CW34
886,820,33.776,CW35
886,821,41.325,CW36
886,822,32.984,CW37
886,823,12.688,CW38
886,824,2.199,CW39
886,825,4.371,CW40
886,826,36.486,CW41
886,827,26.91,CW42
886,828,8.314,CW43
886,829,7.015,CW44
886,830,37.419,CW45
886,831,15.141,CW46
886,832,0.065,CW47
886,833,21.189,CW48
886,834,27.621,CW49
886,835,76.771,CW50
886,836,1.145,CW51
886,837,12.948,CW52
886,838,1.328,CW53
886,839,39.299,CW54
886,840,20.9,CW55
886,841,0.334,CW56
886,842,2.599,CW57
886,843,5.039,CW58
886,844,0.711,CW59
886,845,0.772,CW60
886,846,0.53,CW61
886,847,6.59,CW62
886,848,0.959,CW63
886,849,0.636,CW64
886,850,0.272,CW65
886,851,0.415,CW66
886,852,0.259,CW67
886,853,0.564,CW68
886,854,0.198,CW69
886,855,0.134,CW70
886,856,4.615,CW71
886,857,0.276,CW72
886,858,0.158,CW73
886,859,0.473,CW74
886,860,0.71,CW75
886,861,0.639,CW76
886,862,0.105,CW77
886,863,0.166,CW78
886,864,0.079,CW79
886,865,0.631,CW80
886,866,0.1,CW81
886,867,0.076,CW82
886,868,0.028,CW83
886,869,0.237,CW84
886,870,1.546,CW85
886,871,0.785,CW86
886,872,0.961,CW87
886,873,0.785,CW88
886,874,1.19,CW89
886,875,0.077,CW90
886,876,0.793,CW91
886,877,0.727,CW92
886,878,0.252,CW93
886,879,0.314,CW94
886,880,9.954,CW95
886,881,0.316,CW96
886,882,4.663,CW97
886,883,4.268,CW98
886,884,3.32,CW99
886,885,0.577,CW100
886,886,0.0,CW101
886,887,2.601,CW102
886,888,12.081,CW103
886,889,17.225,CW104
886,890,78.565,CW105
886,891,11.374,CW106
886,892,73.693,CW107
886,893,26.792,CW108
886,894,1.102,CW109
886,895,0.86,CW110
886,896,1.03,CW111
886,897,0.106,CW112
886,898,0.808,CW113
886,899,0.308,CW114
886,900,0.333,CW115
887,1,28.656,CX2
887,2,109.937,CX3
887,3,328.833,CX4
887,4,1.517,CX5
887,791,0.0,CX6
887,792,0.424,CX7
887,793,0.498,CX8
887,794,0.4,CX9
887,795,0.817,CX10
887,796,0.233,CX11
887,797,0.817,CX12
887,798,0.315,CX13
887,799,0.416,CX14
887,800,0.078,CX15
887,801,0.741,CX16
887,802,0.195,CX17
887,803,0.18,CX18
887,804,0.14,CX19
887,805,0.16,CX20
887,806,0.311,CX21
887,807,1.198,CX22
887,808,0.312,CX23
887,809,0.646,CX24
887,810,0.109,CX25
887,811,0.078,CX26
887,812,0.18,CX27
887,813,0.66,CX28
887,814,0.319,CX29
887,815,1.684,CX30
887,816,0.214,CX31
887,817,0.235,CX32
887,818,0.467,CX33
887,819,2.118,CX34
887,820,3.727,CX35
887,821,5.624,CX36
887,822,3.819,CX37
887,823,1.564,CX38
887,824,0.244,CX39
887,825,0.47,CX40
887,826,3.291,CX41
887,827,3.081,CX42
887,828,1.01,CX43
887,829,0.636,CX44
887,830,4.326,CX45
887,831,2.054,CX46
887,832,0.067,CX47
887,833,2.664,CX48
887,834,3.327,CX49
887,835,8.496,CX50
887,836,0.138,CX51
887,837,1.121,CX52
887,838,0.117,CX53
887,839,4.125,CX54
887,840,3.506,CX55
887,841,0.466,CX56
887,842,0.14,CX57
887,843,0.576,CX58
887,844,0.44,CX59
887,845,0.093,CX60
887,846,0.331,CX61
887,847,0.786,CX62
887,848,0.124,CX63
887,849,0.077,CX64
887,850,0.279,CX65
887,851,0.518,CX66
887,852,0.0,CX67
887,853,0.7,CX68
887,854,0.156,CX69
887,855,0.142,CX70
887,856,0.555,CX71
887,857,0.036,CX72
887,858,0.036,CX73
887,859,0.071,CX74
887,860,0.071,CX75
887,861,0.071,CX76
887,862,0.0,CX77
887,863,0.142,CX78
887,864,0.0,CX79
887,865,0.0,CX80
887,866,0.0,CX81
887,867,0.071,CX82
887,868,0.021,CX83
887,869,0.036,CX84
887,870,0.185,CX85
887,871,0.101,CX86
887,872,0.108,CX87
887,873,0.101,CX88
887,874,0.238,CX89
887,875,0.103,CX90
887,876,0.099,CX91
887,877,0.091,CX92
887,878,0.031,CX93
887,879,0.303,CX94
887,880,1.102,CX95
887,881,0.036,CX96
887,882,0.072,CX97
887,883,0.59,CX98
887,884,0.116,CX99
887,885,0.087,CX100
887,886,6.503,CX101
887,887,0.0,CX102
887,888,0.45,CX103
887,889,0.628,CX104
887,890,3.208,CX105
887,891,0.494,CX106
887,892,1.173,CX107
887,893,1.214,CX108
887,894,0.15,CX109
887,895,0.13,CX110
887,896,0.15,CX111
887,897,0.173,CX112
887,898,1.04,CX113
887,899,36.512,CX114
887,900,0.347,CX115
888,1,36.868,CY2
888,2,65.387,CY3
888,3,123.869,CY4
888,4,3.242,CY5
888,791,0.0,CY6
888,792,7.631,CY7
888,793,0.086,CY8
888,794,0.84,CY9
888,795,1.382,CY10
888,796,4.146,CY11
888,797,0.0,CY12
888,798,0.054,CY13
888,799,8.298,CY14
888,800,0.134,CY15
888,801,0.086,CY16
888,802,0.0,CY17
888,803,3.375,CY18
888,804,2.4,CY19
888,805,3.378,CY20
888,806,0.0,CY21
888,807,0.107,CY22
888,808,6.595,CY23
888,809,0.054,CY24
888,810,0.0,CY25
888,811,0.0,CY26
888,812,3.189,CY27
888,813,0.171,CY28
888,814,0.043,CY29
888,815,0.209,CY30
888,816,0.0,CY31
888,817,0.054,CY32
888,818,0.0,CY33
888,819,0.172,CY34
888,820,0.229,CY35
888,821,0.354,CY36
888,822,85.048,CY37
888,823,0.161,CY38
888,824,0.028,CY39
888,825,9.897,CY40
888,826,73.381,CY41
888,827,0.321,CY42
888,828,0.059,CY43
888,829,14.463,CY44
888,830,0.032,CY45
888,831,0.165,CY46
888,832,0.0,CY47
888,833,0.171,CY48
888,834,0.024,CY49
888,835,0.05,CY50
888,836,0.041,CY51
888,837,0.22,CY52
888,838,0.0,CY53
888,839,0.104,CY54
888,840,62.173,CY55
888,841,0.0,CY56
888,842,0.064,CY57
888,843,0.107,CY58
888,844,0.054,CY59
888,845,0.054,CY60
888,846,0.054,CY61
888,847,0.107,CY62
888,848,0.054,CY63
888,849,0.0,CY64
888,850,0.0,CY65
888,851,0.0,CY66
888,852,0.054,CY67
888,853,0.0,CY68
888,854,0.321,CY69
888,855,0.196,CY70
888,856,0.098,CY71
888,857,0.024,CY72
888,858,0.024,CY73
888,859,0.049,CY74
888,860,0.098,CY75
888,861,0.098,CY76
888,862,0.024,CY77
888,863,0.294,CY78
888,864,0.024,CY79
888,865,0.196,CY80
888,866,0.0,CY81
888,867,0.098,CY82
888,868,0.044,CY83
888,869,0.024,CY84
888,870,0.098,CY85
888,871,0.07,CY86
888,872,0.075,CY87
888,873,0.07,CY88
888,874,4.022,CY89
888,875,0.11,CY90
888,876,0.139,CY91
888,877,0.139,CY92
888,878,0.049,CY93
888,879,0.487,CY94
888,880,6.551,CY95
888,881,0.049,CY96
888,882,0.099,CY97
888,883,1.18,CY98
888,884,0.159,CY99
888,885,0.179,CY100
888,886,30.203,CY101
888,887,0.45,CY102
888,888,0.0,CY103
888,889,13.615,CY104
888,890,0.289,CY105
888,891,8.518,CY106
888,892,5.905,CY107
888,893,2.292,CY108
888,894,0.382,CY109
888,895,0.48,CY110
888,896,0.78,CY111
888,897,0.239,CY112
888,898,0.233,CY113
888,899,0.078,CY114
888,900,0.088,CY115
889,1,61.963,CZ2
889,2,92.174,CZ3
889,3,48.226,CZ4
889,4,11.271,CZ5
889,791,0.0,CZ6
889,792,7.337,CZ7
889,793,0.104,CZ8
889,794,0.8,CZ9
889,795,1.322,CZ10
889,796,3.975,CZ11
889,797,0.0,CZ12
889,798,0.032,CZ13
889,799,7.917,CZ14
889,800,0.13,CZ15
889,801,0.104,CZ16
889,802,0.0,CZ17
889,803,3.224,CZ18
889,804,2.3,CZ19
889,805,3.285,CZ20
889,806,0.0,CZ21
889,807,0.13,CZ22
889,808,6.284,CZ23
889,809,0.065,CZ24
889,810,0.0,CZ25
889,811,0.0,CZ26
889,812,3.04,CZ27
889,813,0.181,CZ28
889,814,0.052,CZ29
889,815,0.253,CZ30
889,816,0.0,CZ31
889,817,0.0,CZ32
889,818,0.0,CZ33
889,819,0.208,CZ34
889,820,0.199,CZ35
889,821,0.285,CZ36
889,822,81.191,CZ37
889,823,0.194,CZ38
889,824,0.033,CZ39
889,825,9.438,CZ40
889,826,70.26,CZ41
889,827,0.389,CZ42
889,828,0.071,CZ43
889,829,13.784,CZ44
889,830,0.036,CZ45
889,831,0.2,CZ46
889,832,0.154,CZ47
889,833,0.207,CZ48
889,834,0.027,CZ49
889,835,0.05,CZ50
889,836,0.05,CZ51
889,837,0.267,CZ52
889,838,0.0,CZ53
889,839,0.117,CZ54
889,840,59.855,CZ55
889,841,0.0,CZ56
889,842,0.078,CZ57
889,843,0.13,CZ58
889,844,0.065,CZ59
889,845,0.062,CZ60
889,846,0.055,CZ61
889,847,0.13,CZ62
889,848,0.062,CZ63
889,849,0.0,CZ64
889,850,0.0,CZ65
889,851,0.0,CZ66
889,852,0.065,CZ67
889,853,0.0,CZ68
889,854,0.389,CZ69
889,855,0.178,CZ70
889,856,0.118,CZ71
889,857,0.03,CZ72
889,858,0.03,CZ73
889,859,0.059,CZ74
889,860,0.118,CZ75
889,861,0.118,CZ76
889,862,0.03,CZ77
889,863,0.237,CZ78
889,864,0.0,CZ79
889,865,0.237,CZ80
889,866,0.0,CZ81
889,867,0.118,CZ82
889,868,0.053,CZ83
889,869,0.03,CZ84
889,870,0.118,CZ85
889,871,0.084,CZ86
889,872,0.09,CZ87
889,873,0.084,CZ88
889,874,3.862,CZ89
889,875,0.133,CZ90
889,876,0.168,CZ91
889,877,0.168,CZ92
889,878,0.059,CZ93
889,879,0.59,CZ94
889,880,6.651,CZ95
889,881,0.059,CZ96
889,882,0.12,CZ97
889,883,1.17,CZ98
889,884,0.193,CZ99
889,885,0.144,CZ100
889,886,28.708,CZ101
889,887,0.419,CZ102
889,888,9.077,CZ103
889,889,0.0,CZ104
889,890,0.313,CZ105
889,891,13.283,CZ106
889,892,5.306,CZ107
889,893,2.686,CZ108
889,894,0.481,CZ109
889,895,0.5,CZ110
889,896,0.87,CZ111
889,897,0.289,CZ112
889,898,0.282,CZ113
889,899,0.094,CZ114
889,900,0.106,CZ115
890,1,135.588,DA2
890,2,226.862,DA3
890,3,1155.269,DA4
890,4,20.818,DA5
890,791,0.0,DA6
890,792,6.212,DA7
890,793,0.082,DA8
890,794,0.708,DA9
890,795,1.492,DA10
890,796,4.199,DA11
890,797,0.132,DA12
890,798,0.341,DA13
890,799,7.095,DA14
890,800,0.119,DA15
890,801,0.585,DA16
890,802,0.165,DA17
890,803,2.52,DA18
890,804,2.619,DA19
890,805,2.139,DA20
890,806,0.0,DA21
890,807,0.078,DA22
890,808,5.189,DA23
890,809,0.637,DA24
890,810,0.207,DA25
890,811,0.078,DA26
890,812,2.849,DA27
890,813,0.118,DA28
890,814,0.031,DA29
890,815,0.134,DA30
890,816,0.106,DA31
890,817,0.227,DA32
890,818,0.0,DA33
890,819,0.11,DA34
890,820,0.139,DA35
890,821,0.24,DA36
890,822,66.703,DA37
890,823,0.142,DA38
890,824,0.351,DA39
890,825,8.214,DA40
890,826,71.468,DA41
890,827,0.235,DA42
890,828,1.01,DA43
890,829,0.188,DA44
890,830,0.272,DA45
890,831,0.159,DA46
890,832,0.0,DA47
890,833,0.153,DA48
890,834,0.233,DA49
890,835,0.459,DA50
890,836,0.269,DA51
890,837,0.283,DA52
890,838,0.35,DA53
890,839,1.338,DA54
890,840,32.372,DA55
890,841,0.078,DA56
890,842,0.057,DA57
890,843,0.097,DA58
890,844,0.22,DA59
890,845,0.187,DA60
890,846,0.166,DA61
890,847,0.096,DA62
890,848,0.371,DA63
890,849,0.153,DA64
890,850,0.07,DA65
890,851,0.115,DA66
890,852,0.267,DA67
890,853,0.161,DA68
890,854,0.321,DA69
890,855,0.185,DA70
890,856,0.102,DA71
890,857,0.342,DA72
890,858,0.262,DA73
890,859,0.697,DA74
890,860,0.102,DA75
890,861,0.085,DA76
890,862,0.105,DA77
890,863,0.231,DA78
890,864,0.121,DA79
890,865,1.137,DA80
890,866,0.2,DA81
890,867,0.091,DA82
890,868,0.037,DA83
890,869,0.305,DA84
890,870,0.093,DA85
890,871,0.148,DA86
890,872,0.189,DA87
890,873,0.14,DA88
890,874,2.107,DA89
890,875,0.124,DA90
890,876,0.169,DA91
890,877,0.155,DA92
890,878,0.038,DA93
890,879,1.307,DA94
890,880,5.573,DA95
890,881,0.046,DA96
890,882,7.604,DA97
890,883,1.145,DA98
890,884,8.383,DA99
890,885,0.68,DA100
890,886,78.565,DA101
890,887,1.283,DA102
890,888,0.115,DA103
890,889,0.188,DA104
890,890,0.0,DA105
890,891,0.992,DA106
890,892,1.552,DA107
890,893,0.297,DA108
890,894,1.124,DA109
890,895,0.73,DA110
890,896,0.83,DA111
890,897,0.115,DA112
890,898,0.831,DA113
890,899,0.335,DA114
890,900,0.354,DA115
891,1,135.507,DB2
891,2,159.89,DB3
891,3,159.787,DB4
891,4,30.627,DB5
891,791,0.0,DB6
891,792,0.184,DB7
891,793,0.613,DB8
891,794,0.0,DB9
891,795,0.0,DB10
891,796,0.142,DB11
891,797,0.132,DB12
891,798,0.256,DB13
891,799,0.287,DB14
891,800,0.0,DB15
891,801,0.455,DB16
891,802,0.082,DB17
891,803,0.116,DB18
891,804,0.102,DB19
891,805,0.0,DB20
891,806,0.0,DB21
891,807,0.549,DB22
891,808,0.281,DB23
891,809,0.364,DB24
891,810,0.102,DB25
891,811,0.078,DB26
891,812,0.245,DB27
891,813,0.08,DB28
891,814,0.224,DB29
891,815,0.09,DB30
891,816,0.106,DB31
891,817,0.151,DB32
891,818,0.0,DB33
891,819,0.073,DB34
891,820,0.086,DB35
891,821,0.146,DB36
891,822,0.19,DB37
891,823,0.094,DB38
891,824,0.176,DB39
891,825,0.748,DB40
891,826,0.27,DB41
891,827,0.151,DB42
891,828,0.673,DB43
891,829,0.941,DB44
891,830,0.165,DB45
891,831,0.079,DB46
891,832,0.081,DB47
891,833,0.087,DB48
891,834,0.125,DB49
891,835,0.25,DB50
891,836,0.134,DB51
891,837,0.128,DB52
891,838,0.117,DB53
891,839,0.463,DB54
891,840,0.249,DB55
891,841,0.078,DB56
891,842,0.415,DB57
891,843,0.707,DB58
891,844,0.147,DB59
891,845,0.124,DB60
891,846,0.11,DB61
891,847,0.637,DB62
891,848,0.186,DB63
891,849,0.077,DB64
891,850,0.07,DB65
891,851,0.058,DB66
891,852,0.178,DB67
891,853,0.161,DB68
891,854,0.194,DB69
891,855,0.101,DB70
891,856,0.596,DB71
891,857,0.257,DB72
891,858,0.174,DB73
891,859,0.523,DB74
891,860,0.681,DB75
891,861,0.497,DB76
891,862,0.07,DB77
891,863,0.136,DB78
891,864,0.081,DB79
891,865,0.748,DB80
891,866,0.1,DB81
891,867,0.605,DB82
891,868,0.027,DB83
891,869,0.174,DB84
891,870,0.509,DB85
891,871,0.532,DB86
891,872,0.54,DB87
891,873,0.508,DB88
891,874,0.285,DB89
891,875,0.062,DB90
891,876,0.694,DB91
891,877,0.636,DB92
891,878,0.189,DB93
891,879,0.279,DB94
891,880,1.31,DB95
891,881,0.252,DB96
891,882,0.599,DB97
891,883,0.446,DB98
891,884,0.094,DB99
891,885,0.097,DB100
891,886,18.956,DB101
891,887,0.329,DB102
891,888,5.678,DB103
891,889,13.283,DB104
891,890,1.672,DB105
891,891,0.0,DB106
891,892,48.411,DB107
891,893,7.69,DB108
891,894,3.648,DB109
891,895,2.4,DB110
891,896,5.2,DB111
891,897,0.205,DB112
891,898,1.984,DB113
891,899,0.616,DB114
891,900,0.669,DB115
892,1,403.703,DC2
892,2,432.133,DC3
892,3,373.442,DC4
892,4,295.006,DC5
892,791,0.0,DC6
892,792,6.028,DC7
892,793,0.136,DC8
892,794,0.639,DC9
892,795,1.254,DC10
892,796,3.476,DC11
892,797,0.0,DC12
892,798,0.043,DC13
892,799,6.348,DC14
892,800,0.0,DC15
892,801,0.13,DC16
892,802,0.0,DC17
892,803,2.416,DC18
892,804,2.14,DC19
892,805,2.101,DC20
892,806,0.0,DC21
892,807,0.157,DC22
892,808,4.832,DC23
892,809,0.091,DC24
892,810,0.0,DC25
892,811,0.0,DC26
892,812,5.868,DC27
892,813,0.243,DC28
892,814,0.056,DC29
892,815,0.179,DC30
892,816,0.0,DC31
892,817,0.0,DC32
892,818,0.0,DC33
892,819,0.147,DC34
892,820,0.199,DC35
892,821,0.257,DC36
892,822,65.14,DC37
892,823,0.236,DC38
892,824,0.044,DC39
892,825,17.986,DC40
892,826,126.066,DC41
892,827,0.335,DC42
892,828,0.109,DC43
892,829,0.154,DC44
892,830,0.371,DC45
892,831,0.17,DC46
892,832,0.0,DC47
892,833,0.2,DC48
892,834,0.026,DC49
892,835,0.049,DC50
892,836,0.0,DC51
892,837,0.182,DC52
892,838,0.0,DC53
892,839,0.704,DC54
892,840,90.373,DC55
892,841,0.0,DC56
892,842,0.104,DC57
892,843,0.177,DC58
892,844,0.073,DC59
892,845,0.062,DC60
892,846,0.055,DC61
892,847,0.159,DC62
892,848,0.062,DC63
892,849,0.0,DC64
892,850,0.0,DC65
892,851,0.0,DC66
892,852,0.089,DC67
892,853,0.0,DC68
892,854,0.398,DC69
892,855,0.168,DC70
892,856,0.085,DC71
892,857,0.043,DC72
892,858,0.044,DC73
892,859,0.087,DC74
892,860,0.085,DC75
892,861,0.071,DC76
892,862,0.035,DC77
892,863,0.239,DC78
892,864,0.0,DC79
892,865,0.0,DC80
892,866,0.0,DC81
892,867,0.151,DC82
892,868,0.08,DC83
892,869,0.044,DC84
892,870,0.085,DC85
892,871,0.129,DC86
892,872,0.135,DC87
892,873,0.127,DC88
892,874,6.307,DC89
892,875,0.103,DC90
892,876,0.099,DC91
892,877,0.091,DC92
892,878,0.031,DC93
892,879,0.259,DC94
892,880,3.387,DC95
892,881,0.042,DC96
892,882,0.075,DC97
892,883,2.037,DC98
892,884,0.144,DC99
892,885,0.194,DC100
892,886,52.638,DC101
892,887,0.335,DC102
892,888,1.687,DC103
892,889,2.274,DC104
892,890,1.109,DC105
892,891,20.747,DC106
892,892,0.0,DC107
892,893,12.479,DC108
892,894,0.695,DC109
892,895,0.47,DC110
892,896,0.13,DC111
892,897,22.178,DC112
892,898,0.665,DC113
892,899,2.329,DC114
892,900,0.976,DC115
893,1,134.667,DD2
893,2,276.575,DD3
893,3,779.812,DD4
893,4,106.404,DD5
893,791,0.0,DD6
893,792,5.577,DD7
893,793,5.969,DD8
893,794,0.558,DD9
893,795,1.156,DD10
893,796,3.206,DD11
893,797,1.162,DD12
893,798,3.517,DD13
893,799,5.668,DD14
893,800,0.094,DD15
893,801,5.1,DD16
893,802,1.358,DD17
893,803,2.207,DD18
893,804,1.972,DD19
893,805,2.158,DD20
893,806,0.273,DD21
893,807,7.777,DD22
893,808,4.373,DD23
893,809,4.896,DD24
893,810,0.1,DD25
893,811,0.517,DD26
893,812,2.47,DD27
893,813,0.045,DD28
893,814,2.089,DD29
893,815,11.044,DD30
893,816,1.601,DD31
893,817,0.076,DD32
893,818,0.568,DD33
893,819,13.837,DD34
893,820,23.614,DD35
893,821,68.835,DD36
893,822,58.709,DD37
893,823,0.55,DD38
893,824,3.486,DD39
893,825,8.601,DD40
893,826,60.842,DD41
893,827,0.084,DD42
893,828,0.22,DD43
893,829,13.346,DD44
893,830,0.082,DD45
893,831,27.099,DD46
893,832,0.121,DD47
893,833,0.043,DD48
893,834,0.06,DD49
893,835,0.116,DD50
893,836,2.256,DD51
893,837,18.718,DD52
893,838,2.12,DD53
893,839,39.933,DD54
893,840,37.0,DD55
893,841,0.0,DD56
893,842,0.208,DD57
893,843,0.354,DD58
893,844,0.073,DD59
893,845,0.062,DD60
893,846,0.055,DD61
893,847,0.318,DD62
893,848,0.124,DD63
893,849,0.077,DD64
893,850,0.07,DD65
893,851,0.058,DD66
893,852,0.089,DD67
893,853,0.081,DD68
893,854,0.1,DD69
893,855,0.59,DD70
893,856,0.255,DD71
893,857,0.128,DD72
893,858,0.087,DD73
893,859,0.262,DD74
893,860,0.255,DD75
893,861,0.213,DD76
893,862,0.035,DD77
893,863,0.718,DD78
893,864,0.04,DD79
893,865,0.366,DD80
893,866,0.1,DD81
893,867,0.303,DD82
893,868,0.186,DD83
893,869,0.087,DD84
893,870,0.17,DD85
893,871,0.26,DD86
893,872,0.27,DD87
893,873,0.254,DD88
893,874,2.189,DD89
893,875,0.31,DD90
893,876,0.198,DD91
893,877,0.182,DD92
893,878,0.063,DD93
893,879,0.911,DD94
893,880,4.399,DD95
893,881,0.126,DD96
893,882,0.225,DD97
893,883,3.151,DD98
893,884,0.288,DD99
893,885,0.389,DD100
893,886,33.49,DD101
893,887,0.607,DD102
893,888,1.142,DD103
893,889,2.014,DD104
893,890,0.372,DD105
893,891,5.756,DD106
893,892,21.838,DD107
893,893,0.0,DD108
893,894,4.7,DD109
893,895,3.16,DD110
893,896,0.64,DD111
893,897,0.234,DD112
893,898,2.175,DD113
893,899,246.856,DD114
893,900,0.654,DD115
894,1,608.782,DE2
894,2,265.728,DE3
894,3,614.815,DE4
894,4,83.267,DE5
894,791,0.0,DE6
894,792,0.276,DE7
894,793,0.095,DE8
894,794,0.0,DE9
894,795,0.0,DE10
894,796,0.142,DE11
894,797,0.132,DE12
894,798,0.043,DE13
894,799,0.575,DE14
894,800,0.0,DE15
894,801,0.071,DE16
894,802,0.165,DE17
894,803,0.116,DE18
894,804,0.102,DE19
894,805,0.0,DE20
894,806,0.088,DE21
894,807,0.086,DE22
894,808,0.563,DE23
894,809,0.637,DE24
894,810,0.214,DE25
894,811,0.078,DE26
894,812,0.367,DE27
894,813,0.139,DE28
894,814,0.034,DE29
894,815,0.152,DE30
894,816,0.106,DE31
894,817,0.227,DE32
894,818,0.0,DE33
894,819,0.125,DE34
894,820,0.132,DE35
894,821,0.223,DE36
894,822,0.313,DE37
894,823,0.157,DE38
894,824,0.307,DE39
894,825,0.997,DE40
894,826,0.391,DE41
894,827,0.243,DE42
894,828,0.897,DE43
894,829,1.412,DE44
894,830,0.256,DE45
894,831,0.119,DE46
894,832,0.0,DE47
894,833,0.137,DE48
894,834,0.187,DE49
894,835,0.37,DE50
894,836,0.201,DE51
894,837,0.182,DE52
894,838,0.233,DE53
894,839,0.573,DE54
894,840,0.322,DE55
894,841,0.078,DE56
894,842,0.067,DE57
894,843,0.115,DE58
894,844,0.22,DE59
894,845,0.249,DE60
894,846,0.166,DE61
894,847,0.096,DE62
894,848,0.433,DE63
894,849,0.153,DE64
894,850,0.139,DE65
894,851,0.115,DE66
894,852,0.355,DE67
894,853,0.242,DE68
894,854,0.302,DE69
894,855,0.16,DE70
894,856,0.766,DE71
894,857,0.385,DE72
894,858,0.349,DE73
894,859,0.785,DE74
894,860,0.094,DE75
894,861,0.071,DE76
894,862,0.14,DE77
894,863,0.199,DE78
894,864,0.121,DE79
894,865,1.176,DE80
894,866,0.2,DE81
894,867,0.098,DE82
894,868,0.048,DE83
894,869,0.349,DE84
894,870,0.764,DE85
894,871,0.836,DE86
894,872,0.81,DE87
894,873,0.763,DE88
894,874,0.448,DE89
894,875,0.088,DE90
894,876,0.893,DE91
894,877,0.727,DE92
894,878,0.283,DE93
894,879,0.306,DE94
894,880,5.031,DE95
894,881,0.378,DE96
894,882,0.075,DE97
894,883,0.259,DE98
894,884,0.122,DE99
894,885,0.292,DE100
894,886,1.378,DE101
894,887,0.069,DE102
894,888,0.191,DE103
894,889,0.361,DE104
894,890,1.405,DE105
894,891,2.725,DE106
894,892,1.216,DE107
894,893,4.7,DE108
894,894,0.0,DE109
894,895,0.0,DE110
894,896,2.9,DE111
894,897,0.967,DE112
894,898,21.279,DE113
894,899,3.961,DE114
894,900,4.363,DE115
895,1,124.279,DF2
895,2,266.756,DF3
895,3,130.519,DF4
895,4,78.364,DF5
895,791,0.0,DF6
895,792,0.108,DF7
895,793,0.031,DF8
895,794,0.0,DF9
895,795,0.0,DF10
895,796,0.053,DF11
895,797,0.053,DF12
895,798,0.14,DF13
895,799,0.144,DF14
895,800,0.0,DF15
895,801,0.224,DF16
895,802,0.07,DF17
895,803,0.045,DF18
895,804,0.035,DF19
895,805,0.0,DF20
895,806,0.0,DF21
895,807,0.315,DF22
895,808,0.144,DF23
895,809,0.21,DF24
895,810,0.035,DF25
895,811,0.035,DF26
895,812,0.09,DF27
895,813,0.043,DF28
895,814,0.014,DF29
895,815,0.059,DF30
895,816,0.039,DF31
895,817,0.07,DF32
895,818,0.0,DF33
895,819,0.045,DF34
895,820,0.064,DF35
895,821,0.081,DF36
895,822,0.094,DF37
895,823,0.053,DF38
895,824,0.108,DF39
895,825,0.315,DF40
895,826,0.119,DF41
895,827,0.081,DF42
895,828,0.27,DF43
895,829,0.432,DF44
895,830,0.088,DF45
895,831,0.049,DF46
895,832,0.021,DF47
895,833,0.046,DF48
895,834,0.062,DF49
895,835,0.122,DF50
895,836,0.081,DF51
895,837,0.061,DF52
895,838,0.041,DF53
895,839,0.258,DF54
895,840,0.101,DF55
895,841,0.035,DF56
895,842,0.021,DF57
895,843,0.035,DF58
895,844,0.105,DF59
895,845,0.105,DF60
895,846,0.105,DF61
895,847,0.035,DF62
895,848,0.14,DF63
895,849,0.07,DF64
895,850,0.035,DF65
895,851,0.035,DF66
895,852,0.105,DF67
895,853,0.07,DF68
895,854,0.081,DF69
895,855,0.048,DF70
895,856,0.256,DF71
895,857,0.112,DF72
895,858,0.096,DF73
895,859,0.224,DF74
895,860,0.288,DF75
895,861,0.288,DF76
895,862,0.048,DF77
895,863,0.067,DF78
895,864,0.032,DF79
895,865,0.256,DF80
895,866,0.1,DF81
895,867,0.035,DF82
895,868,0.012,DF83
895,869,0.096,DF84
895,870,0.224,DF85
895,871,0.273,DF86
895,872,0.293,DF87
895,873,0.273,DF88
895,874,0.146,DF89
895,875,0.034,DF90
895,876,0.364,DF91
895,877,0.319,DF92
895,878,0.128,DF93
895,879,0.1,DF94
895,880,1.185,DF95
895,881,0.128,DF96
895,882,0.293,DF97
895,883,0.07,DF98
895,884,0.039,DF99
895,885,0.117,DF100
895,886,0.67,DF101
895,887,0.039,DF102
895,888,0.2,DF103
895,889,0.335,DF104
895,890,0.54,DF105
895,891,2.02,DF106
895,892,0.118,DF107
895,893,0.333,DF108
895,894,1.518,DF109
895,895,2.92,DF110
895,896,0.0,DF111
895,897,0.09,DF112
895,898,0.878,DF113
895,899,0.281,DF114
895,900,0.302,DF115
896,1,62.857,DG2
896,2,21.744,DG3
896,3,11.553,DG4
896,4,6.195,DG5
896,791,0.0,DG6
896,792,0.108,DG7
896,793,0.036,DG8
896,794,0.0,DG9
896,795,0.0,DG10
896,796,0.053,DG11
896,797,0.053,DG12
896,798,0.158,DG13
896,799,0.144,DG14
896,800,0.0,DG15
896,801,0.252,DG16
896,802,0.07,DG17
896,803,0.045,DG18
896,804,0.035,DG19
896,805,0.0,DG20
896,806,0.0,DG21
896,807,0.315,DG22
896,808,0.108,DG23
896,809,0.14,DG24
896,810,0.035,DG25
896,811,0.035,DG26
896,812,0.09,DG27
896,813,0.048,DG28
896,814,0.015,DG29
896,815,0.059,DG30
896,816,0.039,DG31
896,817,0.07,DG32
896,818,0.0,DG33
896,819,0.045,DG34
896,820,0.056,DG35
896,821,0.073,DG36
896,822,0.089,DG37
896,823,0.06,DG38
896,824,0.072,DG39
896,825,0.27,DG40
896,826,0.094,DG41
896,827,0.081,DG42
896,828,0.231,DG43
896,829,0.324,DG44
896,830,0.081,DG45
896,831,0.038,DG46
896,832,0.038,DG47
896,833,0.041,DG48
896,834,0.049,DG49
896,835,0.099,DG50
896,836,0.054,DG51
896,837,0.043,DG52
896,838,0.041,DG53
896,839,0.146,DG54
896,840,0.061,DG55
896,841,0.035,DG56
896,842,0.023,DG57
896,843,0.039,DG58
896,844,0.105,DG59
896,845,0.105,DG60
896,846,0.105,DG61
896,847,0.035,DG62
896,848,0.21,DG63
896,849,0.07,DG64
896,850,0.035,DG65
896,851,0.07,DG66
896,852,0.105,DG67
896,853,0.07,DG68
896,854,0.077,DG69
896,855,0.042,DG70
896,856,0.192,DG71
896,857,0.128,DG72
896,858,0.112,DG73
896,859,0.224,DG74
896,860,0.256,DG75
896,861,0.224,DG76
896,862,0.064,DG77
896,863,0.061,DG78
896,864,0.032,DG79
896,865,0.256,DG80
896,866,0.1,DG81
896,867,0.035,DG82
896,868,0.016,DG83
896,869,0.112,DG84
896,870,0.192,DG85
896,871,0.137,DG86
896,872,0.146,DG87
896,873,0.137,DG88
896,874,0.098,DG89
896,875,0.026,DG90
896,876,0.182,DG91
896,877,0.182,DG92
896,878,0.096,DG93
896,879,0.046,DG94
896,880,8.946,DG95
896,881,0.096,DG96
896,882,0.13,DG97
896,883,0.33,DG98
896,884,0.234,DG99
896,885,0.039,DG100
896,886,0.169,DG101
896,887,0.104,DG102
896,888,0.026,DG103
896,889,0.039,DG104
896,890,0.156,DG105
896,891,0.144,DG106
896,892,102.785,DG107
896,893,0.218,DG108
896,894,0.801,DG109
896,895,1.54,DG110
896,896,0.52,DG111
896,897,22.503,DG112
896,898,0.819,DG113
896,899,1.638,DG114
896,900,1.009,DG115
897,1,147.488,DH2
897,2,149.415,DH3
897,3,336.563,DH4
897,4,66.562,DH5
897,791,0.0,DH6
897,792,0.092,DH7
897,793,0.273,DH8
897,794,0.0,DH9
897,795,0.0,DH10
897,796,0.0,DH11
897,797,0.0,DH12
897,798,0.128,DH13
897,799,0.096,DH14
897,800,0.0,DH15
897,801,0.195,DH16
897,802,0.082,DH17
897,803,0.0,DH18
897,804,0.0,DH19
897,805,0.0,DH20
897,806,0.0,DH21
897,807,0.235,DH22
897,808,0.094,DH23
897,809,0.182,DH24
897,810,0.135,DH25
897,811,0.0,DH26
897,812,0.122,DH27
897,813,0.042,DH28
897,814,0.084,DH29
897,815,0.537,DH30
897,816,0.0,DH31
897,817,0.076,DH32
897,818,0.0,DH33
897,819,0.293,DH34
897,820,0.397,DH35
897,821,0.599,DH36
897,822,0.952,DH37
897,823,0.472,DH38
897,824,0.088,DH39
897,825,0.249,DH40
897,826,1.079,DH41
897,827,0.754,DH42
897,828,0.224,DH43
897,829,0.314,DH44
897,830,0.07,DH45
897,831,0.341,DH46
897,832,0.0,DH47
897,833,0.037,DH48
897,834,0.047,DH49
897,835,0.094,DH50
897,836,0.067,DH51
897,837,0.365,DH52
897,838,0.0,DH53
897,839,0.121,DH54
897,840,0.727,DH55
897,841,0.0,DH56
897,842,0.208,DH57
897,843,0.265,DH58
897,844,0.073,DH59
897,845,0.062,DH60
897,846,0.055,DH61
897,847,0.239,DH62
897,848,0.124,DH63
897,849,0.077,DH64
897,850,0.0,DH65
897,851,0.058,DH66
897,852,0.089,DH67
897,853,0.081,DH68
897,854,0.832,DH69
897,855,0.337,DH70
897,856,0.17,DH71
897,857,0.086,DH72
897,858,0.087,DH73
897,859,0.174,DH74
897,860,0.255,DH75
897,861,0.142,DH76
897,862,0.035,DH77
897,863,0.558,DH78
897,864,0.04,DH79
897,865,0.393,DH80
897,866,0.1,DH81
897,867,0.303,DH82
897,868,0.159,DH83
897,869,0.087,DH84
897,870,0.17,DH85
897,871,0.188,DH86
897,872,0.135,DH87
897,873,0.127,DH88
897,874,0.261,DH89
897,875,0.206,DH90
897,876,0.198,DH91
897,877,0.182,DH92
897,878,0.063,DH93
897,879,0.561,DH94
897,880,5.42,DH95
897,881,0.084,DH96
897,882,0.15,DH97
897,883,0.945,DH98
897,884,0.216,DH99
897,885,0.0,DH100
897,886,0.176,DH101
897,887,0.116,DH102
897,888,0.159,DH103
897,889,0.289,DH104
897,890,0.192,DH105
897,891,0.205,DH106
897,892,51.748,DH107
897,893,0.312,DH108
897,894,1.29,DH109
897,895,0.81,DH110
897,896,0.23,DH111
897,897,0.0,DH112
897,898,117.896,DH113
897,899,63.22,DH114
897,900,61.394,DH115
898,1,361.539,DI2
898,2,127.28,DI3
898,3,637.845,DI4
898,4,508.219,DI5
898,791,0.0,DI6
898,792,0.092,DI7
898,793,0.477,DI8
898,794,0.0,DI9
898,795,0.0,DI10
898,796,0.142,DI11
898,797,0.132,DI12
898,798,0.171,DI13
898,799,0.192,DI14
898,800,0.0,DI15
898,801,0.26,DI16
898,802,0.082,DI17
898,803,0.116,DI18
898,804,0.102,DI19
898,805,0.0,DI20
898,806,0.0,DI21
898,807,0.314,DI22
898,808,0.188,DI23
898,809,0.273,DI24
898,810,0.107,DI25
898,811,0.0,DI26
898,812,0.122,DI27
898,813,0.066,DI28
898,814,0.168,DI29
898,815,0.717,DI30
898,816,0.0,DI31
898,817,0.076,DI32
898,818,0.0,DI33
898,819,0.513,DI34
898,820,0.596,DI35
898,821,0.094,DI36
898,822,0.136,DI37
898,823,0.708,DI38
898,824,0.088,DI39
898,825,0.374,DI40
898,826,0.162,DI41
898,827,0.109,DI42
898,828,0.337,DI43
898,829,0.471,DI44
898,830,0.115,DI45
898,831,0.511,DI46
898,832,0.001,DI47
898,833,0.06,DI48
898,834,0.08,DI49
898,835,0.156,DI50
898,836,0.067,DI51
898,837,0.729,DI52
898,838,0.117,DI53
898,839,0.221,DI54
898,840,0.125,DI55
898,841,0.078,DI56
898,842,0.311,DI57
898,843,0.531,DI58
898,844,0.147,DI59
898,845,0.124,DI60
898,846,0.055,DI61
898,847,0.478,DI62
898,848,0.186,DI63
898,849,0.077,DI64
898,850,0.07,DI65
898,851,0.058,DI66
898,852,0.178,DI67
898,853,0.081,DI68
898,854,0.135,DI69
898,855,0.674,DI70
898,856,0.255,DI71
898,857,0.171,DI72
898,858,0.131,DI73
898,859,0.262,DI74
898,860,0.34,DI75
898,861,0.284,DI76
898,862,0.07,DI77
898,863,0.088,DI78
898,864,0.04,DI79
898,865,0.392,DI80
898,866,0.1,DI81
898,867,0.454,DI82
898,868,0.239,DI83
898,869,0.131,DI84
898,870,0.255,DI85
898,871,0.279,DI86
898,872,0.27,DI87
898,873,0.254,DI88
898,874,0.149,DI89
898,875,0.361,DI90
898,876,0.298,DI91
898,877,0.273,DI92
898,878,0.094,DI93
898,879,1.115,DI94
898,880,6.784,DI95
898,881,0.126,DI96
898,882,0.225,DI97
898,883,0.78,DI98
898,884,0.504,DI99
898,885,0.097,DI100
898,886,0.449,DI101
898,887,0.231,DI102
898,888,0.052,DI103
898,889,0.094,DI104
898,890,0.462,DI105
898,891,0.661,DI106
898,892,0.517,DI107
898,893,0.967,DI108
898,894,9.457,DI109
898,895,5.94,DI110
898,896,0.75,DI111
898,897,39.299,DI112
898,898,0.0,DI113
898,899,69.456,DI114
898,900,89.814,DI115
899,1,116.276,DJ2
899,2,144.913,DJ3
899,3,573.437,DJ4
899,4,347.641,DJ5
899,791,0.0,DJ6
899,792,0.184,DJ7
899,793,0.075,DJ8
899,794,0.0,DJ9
899,795,0.0,DJ10
899,796,0.142,DJ11
899,797,0.132,DJ12
899,798,0.299,DJ13
899,799,0.287,DJ14
899,800,0.0,DJ15
899,801,0.52,DJ16
899,802,0.165,DJ17
899,803,0.116,DJ18
899,804,0.102,DJ19
899,805,0.0,DJ20
899,806,0.0,DJ21
899,807,0.628,DJ22
899,808,0.281,DJ23
899,809,0.364,DJ24
899,810,0.104,DJ25
899,811,0.078,DJ26
899,812,0.245,DJ27
899,813,0.101,DJ28
899,814,0.252,DJ29
899,815,0.099,DJ30
899,816,0.106,DJ31
899,817,0.151,DJ32
899,818,0.0,DJ33
899,819,0.081,DJ34
899,820,0.086,DJ35
899,821,0.146,DJ36
899,822,0.204,DJ37
899,823,0.11,DJ38
899,824,0.176,DJ39
899,825,0.748,DJ40
899,826,0.243,DJ41
899,827,0.168,DJ42
899,828,0.673,DJ43
899,829,0.941,DJ44
899,830,0.169,DJ45
899,831,0.074,DJ46
899,832,0.221,DJ47
899,833,0.087,DJ48
899,834,0.114,DJ49
899,835,0.227,DJ50
899,836,0.134,DJ51
899,837,0.1,DJ52
899,838,0.117,DJ53
899,839,0.302,DJ54
899,840,0.177,DJ55
899,841,0.078,DJ56
899,842,0.052,DJ57
899,843,0.796,DJ58
899,844,0.147,DJ59
899,845,0.187,DJ60
899,846,0.11,DJ61
899,847,0.716,DJ62
899,848,0.247,DJ63
899,849,0.153,DJ64
899,850,0.07,DJ65
899,851,0.058,DJ66
899,852,0.267,DJ67
899,853,0.161,DJ68
899,854,0.197,DJ69
899,855,0.101,DJ70
899,856,0.511,DJ71
899,857,0.299,DJ72
899,858,0.262,DJ73
899,859,0.523,DJ74
899,860,0.596,DJ75
899,861,0.497,DJ76
899,862,0.105,DJ77
899,863,0.136,DJ78
899,864,0.081,DJ79
899,865,0.758,DJ80
899,866,0.1,DJ81
899,867,0.681,DJ82
899,868,0.034,DJ83
899,869,0.262,DJ84
899,870,0.509,DJ85
899,871,0.404,DJ86
899,872,0.405,DJ87
899,873,0.381,DJ88
899,874,0.289,DJ89
899,875,0.052,DJ90
899,876,0.397,DJ91
899,877,0.364,DJ92
899,878,0.189,DJ93
899,879,0.135,DJ94
899,880,14.732,DJ95
899,881,0.252,DJ96
899,882,0.299,DJ97
899,883,2.193,DJ98
899,884,0.648,DJ99
899,885,25.022,DJ100
899,886,0.513,DJ101
899,887,24.341,DJ102
899,888,0.052,DJ103
899,889,0.094,DJ104
899,890,0.558,DJ105
899,891,0.616,DJ106
899,892,5.434,DJ107
899,893,329.141,DJ108
899,894,5.281,DJ109
899,895,3.43,DJ110
899,896,0.72,DJ111
899,897,63.22,DJ112
899,898,208.367,DJ113
899,899,0.0,DJ114
899,900,124.262,DJ115
900,1,250.7,DK2
900,2,254.94,DK3
900,3,208.084,DK4
900,4,113.595,DK5
900,791,0.0,DK6
900,792,0.184,DK7
900,793,0.613,DK8
900,794,0.0,DK9
900,795,0.0,DK10
900,796,0.142,DK11
900,797,0.132,DK12
900,798,0.256,DK13
900,799,0.287,DK14
900,800,0.0,DK15
900,801,0.455,DK16
900,802,0.082,DK17
900,803,0.116,DK18
900,804,0.102,DK19
900,805,0.0,DK20
900,806,0.0,DK21
900,807,0.549,DK22
900,808,0.188,DK23
900,809,0.273,DK24
900,810,0.107,DK25
900,811,0.078,DK26
900,812,0.122,DK27
900,813,0.08,DK28
900,814,0.224,DK29
900,815,0.09,DK30
900,816,0.106,DK31
900,817,0.076,DK32
900,818,0.0,DK33
900,819,0.66,DK34
900,820,0.073,DK35
900,821,0.12,DK36
900,822,0.177,DK37
900,823,0.086,DK38
900,824,0.132,DK39
900,825,0.499,DK40
900,826,0.189,DK41
900,827,0.142,DK42
900,828,0.449,DK43
900,829,0.627,DK44
900,830,0.136,DK45
900,831,0.062,DK46
900,832,0.0,DK47
900,833,0.073,DK48
900,834,0.093,DK49
900,835,0.187,DK50
900,836,0.067,DK51
900,837,0.821,DK52
900,838,0.117,DK53
900,839,0.241,DK54
900,840,0.145,DK55
900,841,0.078,DK56
900,842,0.415,DK57
900,843,0.707,DK58
900,844,0.147,DK59
900,845,0.124,DK60
900,846,0.11,DK61
900,847,0.557,DK62
900,848,0.186,DK63
900,849,0.077,DK64
900,850,0.07,DK65
900,851,0.058,DK66
900,852,0.178,DK67
900,853,0.081,DK68
900,854,0.156,DK69
900,855,0.084,DK70
900,856,0.34,DK71
900,857,0.257,DK72
900,858,0.174,DK73
900,859,0.349,DK74
900,860,0.511,DK75
900,861,0.426,DK76
900,862,0.105,DK77
900,863,0.104,DK78
900,864,0.04,DK79
900,865,0.784,DK80
900,866,0.1,DK81
900,867,0.605,DK82
900,868,0.029,DK83
900,869,0.174,DK84
900,870,0.34,DK85
900,871,0.279,DK86
900,872,0.27,DK87
900,873,0.254,DK88
900,874,0.149,DK89
900,875,0.413,DK90
900,876,0.397,DK91
900,877,0.273,DK92
900,878,0.126,DK93
900,879,1.254,DK94
900,880,11.309,DK95
900,881,0.168,DK96
900,882,0.225,DK97
900,883,0.905,DK98
900,884,0.504,DK99
900,885,0.097,DK100
900,886,0.417,DK101
900,887,0.173,DK102
900,888,0.044,DK103
900,889,0.079,DK104
900,890,0.443,DK105
900,891,0.502,DK106
900,892,1.708,DK107
900,893,0.654,DK108
900,894,4.363,DK109
900,895,2.74,DK110
900,896,0.58,DK111
900,897,46.045,DK112
900,898,202.082,DK113
900,899,93.196,DK114
900,900,0.0,DK115
