record,json_pointer,value,evidence_file,status
q1_baseline,/seed,20240827,C:\Users\aaa\Desktop\test\outputs\20260831_evidence_registry\20260831T163625\q1_snapshot\summary.json,real_run_or_direct_audit
q1_baseline,/training_rows_after_duplicate_removal,12399,C:\Users\aaa\Desktop\test\outputs\20260831_evidence_registry\20260831T163625\q1_snapshot\summary.json,real_run_or_direct_audit
q1_baseline,/duplicate_removed/0/row,908,C:\Users\aaa\Desktop\test\outputs\20260831_evidence_registry\20260831T163625\q1_snapshot\summary.json,real_run_or_direct_audit
q1_baseline,/candidate_validation_metrics/nearest_centroid/accuracy,0.8524788391777509,C:\Users\aaa\Desktop\test\outputs\20260831_evidence_registry\20260831T163625\q1_snapshot\summary.json,real_run_or_direct_audit
q1_baseline,/candidate_validation_metrics/nearest_centroid/macro_f1,0.8531122037372271,C:\Users\aaa\Desktop\test\outputs\20260831_evidence_registry\20260831T163625\q1_snapshot\summary.json,real_run_or_direct_audit
q1_baseline,/candidate_validation_metrics/nearest_centroid/confusion_matrix_rows_true_cols_pred/0/0,811,C:\Users\aaa\Desktop\test\outputs\20260831_evidence_registry\20260831T163625\q1_snapshot\summary.json,real_run_or_direct_audit
q1_baseline,/candidate_validation_metrics/nearest_centroid/confusion_matrix_rows_true_cols_pred/0/1,0,C:\Users\aaa\Desktop\test\outputs\20260831_evidence_registry\20260831T163625\q1_snapshot\summary.json,real_run_or_direct_audit
q1_baseline,/candidate_validation_metrics/nearest_centroid/confusion_matrix_rows_true_cols_pred/0/2,0,C:\Users\aaa\Desktop\test\outputs\20260831_evidence_registry\20260831T163625\q1_snapshot\summary.json,real_run_or_direct_audit
q1_baseline,/candidate_validation_metrics/nearest_centroid/confusion_matrix_rows_true_cols_pred/1/0,0,C:\Users\aaa\Desktop\test\outputs\20260831_evidence_registry\20260831T163625\q1_snapshot\summary.json,real_run_or_direct_audit
q1_baseline,/candidate_validation_metrics/nearest_centroid/confusion_matrix_rows_true_cols_pred/1/1,641,C:\Users\aaa\Desktop\test\outputs\20260831_evidence_registry\20260831T163625\q1_snapshot\summary.json,real_run_or_direct_audit
q1_baseline,/candidate_validation_metrics/nearest_centroid/confusion_matrix_rows_true_cols_pred/1/2,349,C:\Users\aaa\Desktop\test\outputs\20260831_evidence_registry\20260831T163625\q1_snapshot\summary.json,real_run_or_direct_audit
q1_baseline,/candidate_validation_metrics/nearest_centroid/confusion_matrix_rows_true_cols_pred/2/0,17,C:\Users\aaa\Desktop\test\outputs\20260831_evidence_registry\20260831T163625\q1_snapshot\summary.json,real_run_or_direct_audit
q1_baseline,/candidate_validation_metrics/nearest_centroid/confusion_matrix_rows_true_cols_pred/2/1,0,C:\Users\aaa\Desktop\test\outputs\20260831_evidence_registry\20260831T163625\q1_snapshot\summary.json,real_run_or_direct_audit
q1_baseline,/candidate_validation_metrics/nearest_centroid/confusion_matrix_rows_true_cols_pred/2/2,663,C:\Users\aaa\Desktop\test\outputs\20260831_evidence_registry\20260831T163625\q1_snapshot\summary.json,real_run_or_direct_audit
q1_baseline,/candidate_validation_metrics/nearest_centroid/per_class/正弦波/precision,0.9794685990338164,C:\Users\aaa\Desktop\test\outputs\20260831_evidence_registry\20260831T163625\q1_snapshot\summary.json,real_run_or_direct_audit
q1_baseline,/candidate_validation_metrics/nearest_centroid/per_class/正弦波/recall,1.0,C:\Users\aaa\Desktop\test\outputs\20260831_evidence_registry\20260831T163625\q1_snapshot\summary.json,real_run_or_direct_audit
q1_baseline,/candidate_validation_metrics/nearest_centroid/per_class/正弦波/f1,0.9896278218425869,C:\Users\aaa\Desktop\test\outputs\20260831_evidence_registry\20260831T163625\q1_snapshot\summary.json,real_run_or_direct_audit
q1_baseline,/candidate_validation_metrics/nearest_centroid/per_class/正弦波/support,811,C:\Users\aaa\Desktop\test\outputs\20260831_evidence_registry\20260831T163625\q1_snapshot\summary.json,real_run_or_direct_audit
q1_baseline,/candidate_validation_metrics/nearest_centroid/per_class/三角波/precision,1.0,C:\Users\aaa\Desktop\test\outputs\20260831_evidence_registry\20260831T163625\q1_snapshot\summary.json,real_run_or_direct_audit
q1_baseline,/candidate_validation_metrics/nearest_centroid/per_class/三角波/recall,0.6474747474747474,C:\Users\aaa\Desktop\test\outputs\20260831_evidence_registry\20260831T163625\q1_snapshot\summary.json,real_run_or_direct_audit
q1_baseline,/candidate_validation_metrics/nearest_centroid/per_class/三角波/f1,0.786020846106683,C:\Users\aaa\Desktop\test\outputs\20260831_evidence_registry\20260831T163625\q1_snapshot\summary.json,real_run_or_direct_audit
q1_baseline,/candidate_validation_metrics/nearest_centroid/per_class/三角波/support,990,C:\Users\aaa\Desktop\test\outputs\20260831_evidence_registry\20260831T163625\q1_snapshot\summary.json,real_run_or_direct_audit
q1_baseline,/candidate_validation_metrics/nearest_centroid/per_class/梯形波/precision,0.6551383399209486,C:\Users\aaa\Desktop\test\outputs\20260831_evidence_registry\20260831T163625\q1_snapshot\summary.json,real_run_or_direct_audit
q1_baseline,/candidate_validation_metrics/nearest_centroid/per_class/梯形波/recall,0.975,C:\Users\aaa\Desktop\test\outputs\20260831_evidence_registry\20260831T163625\q1_snapshot\summary.json,real_run_or_direct_audit
q1_baseline,/candidate_validation_metrics/nearest_centroid/per_class/梯形波/f1,0.7836879432624113,C:\Users\aaa\Desktop\test\outputs\20260831_evidence_registry\20260831T163625\q1_snapshot\summary.json,real_run_or_direct_audit
q1_baseline,/candidate_validation_metrics/nearest_centroid/per_class/梯形波/support,680,C:\Users\aaa\Desktop\test\outputs\20260831_evidence_registry\20260831T163625\q1_snapshot\summary.json,real_run_or_direct_audit
q1_baseline,/candidate_validation_metrics/gaussian_naive_bayes/accuracy,1.0,C:\Users\aaa\Desktop\test\outputs\20260831_evidence_registry\20260831T163625\q1_snapshot\summary.json,real_run_or_direct_audit
q1_baseline,/candidate_validation_metrics/gaussian_naive_bayes/macro_f1,1.0,C:\Users\aaa\Desktop\test\outputs\20260831_evidence_registry\20260831T163625\q1_snapshot\summary.json,real_run_or_direct_audit
q1_baseline,/candidate_validation_metrics/gaussian_naive_bayes/confusion_matrix_rows_true_cols_pred/0/0,811,C:\Users\aaa\Desktop\test\outputs\20260831_evidence_registry\20260831T163625\q1_snapshot\summary.json,real_run_or_direct_audit
q1_baseline,/candidate_validation_metrics/gaussian_naive_bayes/confusion_matrix_rows_true_cols_pred/0/1,0,C:\Users\aaa\Desktop\test\outputs\20260831_evidence_registry\20260831T163625\q1_snapshot\summary.json,real_run_or_direct_audit
q1_baseline,/candidate_validation_metrics/gaussian_naive_bayes/confusion_matrix_rows_true_cols_pred/0/2,0,C:\Users\aaa\Desktop\test\outputs\20260831_evidence_registry\20260831T163625\q1_snapshot\summary.json,real_run_or_direct_audit
q1_baseline,/candidate_validation_metrics/gaussian_naive_bayes/confusion_matrix_rows_true_cols_pred/1/0,0,C:\Users\aaa\Desktop\test\outputs\20260831_evidence_registry\20260831T163625\q1_snapshot\summary.json,real_run_or_direct_audit
q1_baseline,/candidate_validation_metrics/gaussian_naive_bayes/confusion_matrix_rows_true_cols_pred/1/1,990,C:\Users\aaa\Desktop\test\outputs\20260831_evidence_registry\20260831T163625\q1_snapshot\summary.json,real_run_or_direct_audit
q1_baseline,/candidate_validation_metrics/gaussian_naive_bayes/confusion_matrix_rows_true_cols_pred/1/2,0,C:\Users\aaa\Desktop\test\outputs\20260831_evidence_registry\20260831T163625\q1_snapshot\summary.json,real_run_or_direct_audit
q1_baseline,/candidate_validation_metrics/gaussian_naive_bayes/confusion_matrix_rows_true_cols_pred/2/0,0,C:\Users\aaa\Desktop\test\outputs\20260831_evidence_registry\20260831T163625\q1_snapshot\summary.json,real_run_or_direct_audit
q1_baseline,/candidate_validation_metrics/gaussian_naive_bayes/confusion_matrix_rows_true_cols_pred/2/1,0,C:\Users\aaa\Desktop\test\outputs\20260831_evidence_registry\20260831T163625\q1_snapshot\summary.json,real_run_or_direct_audit
q1_baseline,/candidate_validation_metrics/gaussian_naive_bayes/confusion_matrix_rows_true_cols_pred/2/2,680,C:\Users\aaa\Desktop\test\outputs\20260831_evidence_registry\20260831T163625\q1_snapshot\summary.json,real_run_or_direct_audit
q1_baseline,/candidate_validation_metrics/gaussian_naive_bayes/per_class/正弦波/precision,1.0,C:\Users\aaa\Desktop\test\outputs\20260831_evidence_registry\20260831T163625\q1_snapshot\summary.json,real_run_or_direct_audit
q1_baseline,/candidate_validation_metrics/gaussian_naive_bayes/per_class/正弦波/recall,1.0,C:\Users\aaa\Desktop\test\outputs\20260831_evidence_registry\20260831T163625\q1_snapshot\summary.json,real_run_or_direct_audit
q1_baseline,/candidate_validation_metrics/gaussian_naive_bayes/per_class/正弦波/f1,1.0,C:\Users\aaa\Desktop\test\outputs\20260831_evidence_registry\20260831T163625\q1_snapshot\summary.json,real_run_or_direct_audit
q1_baseline,/candidate_validation_metrics/gaussian_naive_bayes/per_class/正弦波/support,811,C:\Users\aaa\Desktop\test\outputs\20260831_evidence_registry\20260831T163625\q1_snapshot\summary.json,real_run_or_direct_audit
q1_baseline,/candidate_validation_metrics/gaussian_naive_bayes/per_class/三角波/precision,1.0,C:\Users\aaa\Desktop\test\outputs\20260831_evidence_registry\20260831T163625\q1_snapshot\summary.json,real_run_or_direct_audit
q1_baseline,/candidate_validation_metrics/gaussian_naive_bayes/per_class/三角波/recall,1.0,C:\Users\aaa\Desktop\test\outputs\20260831_evidence_registry\20260831T163625\q1_snapshot\summary.json,real_run_or_direct_audit
q1_baseline,/candidate_validation_metrics/gaussian_naive_bayes/per_class/三角波/f1,1.0,C:\Users\aaa\Desktop\test\outputs\20260831_evidence_registry\20260831T163625\q1_snapshot\summary.json,real_run_or_direct_audit
q1_baseline,/candidate_validation_metrics/gaussian_naive_bayes/per_class/三角波/support,990,C:\Users\aaa\Desktop\test\outputs\20260831_evidence_registry\20260831T163625\q1_snapshot\summary.json,real_run_or_direct_audit
q1_baseline,/candidate_validation_metrics/gaussian_naive_bayes/per_class/梯形波/precision,1.0,C:\Users\aaa\Desktop\test\outputs\20260831_evidence_registry\20260831T163625\q1_snapshot\summary.json,real_run_or_direct_audit
q1_baseline,/candidate_validation_metrics/gaussian_naive_bayes/per_class/梯形波/recall,1.0,C:\Users\aaa\Desktop\test\outputs\20260831_evidence_registry\20260831T163625\q1_snapshot\summary.json,real_run_or_direct_audit
q1_baseline,/candidate_validation_metrics/gaussian_naive_bayes/per_class/梯形波/f1,1.0,C:\Users\aaa\Desktop\test\outputs\20260831_evidence_registry\20260831T163625\q1_snapshot\summary.json,real_run_or_direct_audit
q1_baseline,/candidate_validation_metrics/gaussian_naive_bayes/per_class/梯形波/support,680,C:\Users\aaa\Desktop\test\outputs\20260831_evidence_registry\20260831T163625\q1_snapshot\summary.json,real_run_or_direct_audit
q1_baseline,/leave_one_material_out_metrics/nearest_centroid/folds/材料1/accuracy,0.951764705882353,C:\Users\aaa\Desktop\test\outputs\20260831_evidence_registry\20260831T163625\q1_snapshot\summary.json,real_run_or_direct_audit
q1_baseline,/leave_one_material_out_metrics/nearest_centroid/folds/材料1/macro_f1,0.9521970429563439,C:\Users\aaa\Desktop\test\outputs\20260831_evidence_registry\20260831T163625\q1_snapshot\summary.json,real_run_or_direct_audit
q1_baseline,/leave_one_material_out_metrics/nearest_centroid/folds/材料1/confusion_matrix_rows_true_cols_pred/0/0,1067,C:\Users\aaa\Desktop\test\outputs\20260831_evidence_registry\20260831T163625\q1_snapshot\summary.json,real_run_or_direct_audit
q1_baseline,/leave_one_material_out_metrics/nearest_centroid/folds/材料1/confusion_matrix_rows_true_cols_pred/0/1,0,C:\Users\aaa\Desktop\test\outputs\20260831_evidence_registry\20260831T163625\q1_snapshot\summary.json,real_run_or_direct_audit
q1_baseline,/leave_one_material_out_metrics/nearest_centroid/folds/材料1/confusion_matrix_rows_true_cols_pred/0/2,0,C:\Users\aaa\Desktop\test\outputs\20260831_evidence_registry\20260831T163625\q1_snapshot\summary.json,real_run_or_direct_audit
q1_baseline,/leave_one_material_out_metrics/nearest_centroid/folds/材料1/confusion_matrix_rows_true_cols_pred/1/0,0,C:\Users\aaa\Desktop\test\outputs\20260831_evidence_registry\20260831T163625\q1_snapshot\summary.json,real_run_or_direct_audit
q1_baseline,/leave_one_material_out_metrics/nearest_centroid/folds/材料1/confusion_matrix_rows_true_cols_pred/1/1,1248,C:\Users\aaa\Desktop\test\outputs\20260831_evidence_registry\20260831T163625\q1_snapshot\summary.json,real_run_or_direct_audit
q1_baseline,/leave_one_material_out_metrics/nearest_centroid/folds/材料1/confusion_matrix_rows_true_cols_pred/1/2,164,C:\Users\aaa\Desktop\test\outputs\20260831_evidence_registry\20260831T163625\q1_snapshot\summary.json,real_run_or_direct_audit
q1_baseline,/leave_one_material_out_metrics/nearest_centroid/folds/材料1/confusion_matrix_rows_true_cols_pred/2/0,0,C:\Users\aaa\Desktop\test\outputs\20260831_evidence_registry\20260831T163625\q1_snapshot\summary.json,real_run_or_direct_audit
q1_baseline,/leave_one_material_out_metrics/nearest_centroid/folds/材料1/confusion_matrix_rows_true_cols_pred/2/1,0,C:\Users\aaa\Desktop\test\outputs\20260831_evidence_registry\20260831T163625\q1_snapshot\summary.json,real_run_or_direct_audit
q1_baseline,/leave_one_material_out_metrics/nearest_centroid/folds/材料1/confusion_matrix_rows_true_cols_pred/2/2,921,C:\Users\aaa\Desktop\test\outputs\20260831_evidence_registry\20260831T163625\q1_snapshot\summary.json,real_run_or_direct_audit
q1_baseline,/leave_one_material_out_metrics/nearest_centroid/folds/材料1/per_class/正弦波/precision,1.0,C:\Users\aaa\Desktop\test\outputs\20260831_evidence_registry\20260831T163625\q1_snapshot\summary.json,real_run_or_direct_audit
q1_baseline,/leave_one_material_out_metrics/nearest_centroid/folds/材料1/per_class/正弦波/recall,1.0,C:\Users\aaa\Desktop\test\outputs\20260831_evidence_registry\20260831T163625\q1_snapshot\summary.json,real_run_or_direct_audit
q1_baseline,/leave_one_material_out_metrics/nearest_centroid/folds/材料1/per_class/正弦波/f1,1.0,C:\Users\aaa\Desktop\test\outputs\20260831_evidence_registry\20260831T163625\q1_snapshot\summary.json,real_run_or_direct_audit
q1_baseline,/leave_one_material_out_metrics/nearest_centroid/folds/材料1/per_class/正弦波/support,1067,C:\Users\aaa\Desktop\test\outputs\20260831_evidence_registry\20260831T163625\q1_snapshot\summary.json,real_run_or_direct_audit
q1_baseline,/leave_one_material_out_metrics/nearest_centroid/folds/材料1/per_class/三角波/precision,1.0,C:\Users\aaa\Desktop\test\outputs\20260831_evidence_registry\20260831T163625\q1_snapshot\summary.json,real_run_or_direct_audit
q1_baseline,/leave_one_material_out_metrics/nearest_centroid/folds/材料1/per_class/三角波/recall,0.8838526912181303,C:\Users\aaa\Desktop\test\outputs\20260831_evidence_registry\20260831T163625\q1_snapshot\summary.json,real_run_or_direct_audit
q1_baseline,/leave_one_material_out_metrics/nearest_centroid/folds/材料1/per_class/三角波/f1,0.938345864661654,C:\Users\aaa\Desktop\test\outputs\20260831_evidence_registry\20260831T163625\q1_snapshot\summary.json,real_run_or_direct_audit
q1_baseline,/leave_one_material_out_metrics/nearest_centroid/folds/材料1/per_class/三角波/support,1412,C:\Users\aaa\Desktop\test\outputs\20260831_evidence_registry\20260831T163625\q1_snapshot\summary.json,real_run_or_direct_audit
q1_baseline,/leave_one_material_out_metrics/nearest_centroid/folds/材料1/per_class/梯形波/precision,0.8488479262672811,C:\Users\aaa\Desktop\test\outputs\20260831_evidence_registry\20260831T163625\q1_snapshot\summary.json,real_run_or_direct_audit
q1_baseline,/leave_one_material_out_metrics/nearest_centroid/folds/材料1/per_class/梯形波/recall,1.0,C:\Users\aaa\Desktop\test\outputs\20260831_evidence_registry\20260831T163625\q1_snapshot\summary.json,real_run_or_direct_audit
q1_baseline,/leave_one_material_out_metrics/nearest_centroid/folds/材料1/per_class/梯形波/f1,0.9182452642073778,C:\Users\aaa\Desktop\test\outputs\20260831_evidence_registry\20260831T163625\q1_snapshot\summary.json,real_run_or_direct_audit
q1_baseline,/leave_one_material_out_metrics/nearest_centroid/folds/材料1/per_class/梯形波/support,921,C:\Users\aaa\Desktop\test\outputs\20260831_evidence_registry\20260831T163625\q1_snapshot\summary.json,real_run_or_direct_audit
q1_baseline,/leave_one_material_out_metrics/nearest_centroid/folds/材料2/accuracy,0.8046666666666666,C:\Users\aaa\Desktop\test\outputs\20260831_evidence_registry\20260831T163625\q1_snapshot\summary.json,real_run_or_direct_audit
q1_baseline,/leave_one_material_out_metrics/nearest_centroid/folds/材料2/macro_f1,0.7835124926430471,C:\Users\aaa\Desktop\test\outputs\20260831_evidence_registry\20260831T163625\q1_snapshot\summary.json,real_run_or_direct_audit
q1_baseline,/leave_one_material_out_metrics/nearest_centroid/folds/材料2/confusion_matrix_rows_true_cols_pred/0/0,1097,C:\Users\aaa\Desktop\test\outputs\20260831_evidence_registry\20260831T163625\q1_snapshot\summary.json,real_run_or_direct_audit
q1_baseline,/leave_one_material_out_metrics/nearest_centroid/folds/材料2/confusion_matrix_rows_true_cols_pred/0/1,0,C:\Users\aaa\Desktop\test\outputs\20260831_evidence_registry\20260831T163625\q1_snapshot\summary.json,real_run_or_direct_audit
q1_baseline,/leave_one_material_out_metrics/nearest_centroid/folds/材料2/confusion_matrix_rows_true_cols_pred/0/2,0,C:\Users\aaa\Desktop\test\outputs\20260831_evidence_registry\20260831T163625\q1_snapshot\summary.json,real_run_or_direct_audit
q1_baseline,/leave_one_material_out_metrics/nearest_centroid/folds/材料2/confusion_matrix_rows_true_cols_pred/1/0,0,C:\Users\aaa\Desktop\test\outputs\20260831_evidence_registry\20260831T163625\q1_snapshot\summary.json,real_run_or_direct_audit
q1_baseline,/leave_one_material_out_metrics/nearest_centroid/folds/材料2/confusion_matrix_rows_true_cols_pred/1/1,445,C:\Users\aaa\Desktop\test\outputs\20260831_evidence_registry\20260831T163625\q1_snapshot\summary.json,real_run_or_direct_audit
q1_baseline,/leave_one_material_out_metrics/nearest_centroid/folds/材料2/confusion_matrix_rows_true_cols_pred/1/2,558,C:\Users\aaa\Desktop\test\outputs\20260831_evidence_registry\20260831T163625\q1_snapshot\summary.json,real_run_or_direct_audit
q1_baseline,/leave_one_material_out_metrics/nearest_centroid/folds/材料2/confusion_matrix_rows_true_cols_pred/2/0,28,C:\Users\aaa\Desktop\test\outputs\20260831_evidence_registry\20260831T163625\q1_snapshot\summary.json,real_run_or_direct_audit
q1_baseline,/leave_one_material_out_metrics/nearest_centroid/folds/材料2/confusion_matrix_rows_true_cols_pred/2/1,0,C:\Users\aaa\Desktop\test\outputs\20260831_evidence_registry\20260831T163625\q1_snapshot\summary.json,real_run_or_direct_audit
q1_baseline,/leave_one_material_out_metrics/nearest_centroid/folds/材料2/confusion_matrix_rows_true_cols_pred/2/2,872,C:\Users\aaa\Desktop\test\outputs\20260831_evidence_registry\20260831T163625\q1_snapshot\summary.json,real_run_or_direct_audit
q1_baseline,/leave_one_material_out_metrics/nearest_centroid/folds/材料2/per_class/正弦波/precision,0.9751111111111112,C:\Users\aaa\Desktop\test\outputs\20260831_evidence_registry\20260831T163625\q1_snapshot\summary.json,real_run_or_direct_audit
q1_baseline,/leave_one_material_out_metrics/nearest_centroid/folds/材料2/per_class/正弦波/recall,1.0,C:\Users\aaa\Desktop\test\outputs\20260831_evidence_registry\20260831T163625\q1_snapshot\summary.json,real_run_or_direct_audit
q1_baseline,/leave_one_material_out_metrics/nearest_centroid/folds/材料2/per_class/正弦波/f1,0.9873987398739875,C:\Users\aaa\Desktop\test\outputs\20260831_evidence_registry\20260831T163625\q1_snapshot\summary.json,real_run_or_direct_audit
q1_baseline,/leave_one_material_out_metrics/nearest_centroid/folds/材料2/per_class/正弦波/support,1097,C:\Users\aaa\Desktop\test\outputs\20260831_evidence_registry\20260831T163625\q1_snapshot\summary.json,real_run_or_direct_audit
q1_baseline,/leave_one_material_out_metrics/nearest_centroid/folds/材料2/per_class/三角波/precision,1.0,C:\Users\aaa\Desktop\test\outputs\20260831_evidence_registry\20260831T163625\q1_snapshot\summary.json,real_run_or_direct_audit
q1_baseline,/leave_one_material_out_metrics/nearest_centroid/folds/材料2/per_class/三角波/recall,0.4436689930209372,C:\Users\aaa\Desktop\test\outputs\20260831_evidence_registry\20260831T163625\q1_snapshot\summary.json,real_run_or_direct_audit
q1_baseline,/leave_one_material_out_metrics/nearest_centroid/folds/材料2/per_class/三角波/f1,0.6146408839779006,C:\Users\aaa\Desktop\test\outputs\20260831_evidence_registry\20260831T163625\q1_snapshot\summary.json,real_run_or_direct_audit
q1_baseline,/leave_one_material_out_metrics/nearest_centroid/folds/材料2/per_class/三角波/support,1003,C:\Users\aaa\Desktop\test\outputs\20260831_evidence_registry\20260831T163625\q1_snapshot\summary.json,real_run_or_direct_audit
q1_baseline,/leave_one_material_out_metrics/nearest_centroid/folds/材料2/per_class/梯形波/precision,0.6097902097902098,C:\Users\aaa\Desktop\test\outputs\20260831_evidence_registry\20260831T163625\q1_snapshot\summary.json,real_run_or_direct_audit
q1_baseline,/leave_one_material_out_metrics/nearest_centroid/folds/材料2/per_class/梯形波/recall,0.9688888888888889,C:\Users\aaa\Desktop\test\outputs\20260831_evidence_registry\20260831T163625\q1_snapshot\summary.json,real_run_or_direct_audit
q1_baseline,/leave_one_material_out_metrics/nearest_centroid/folds/材料2/per_class/梯形波/f1,0.7484978540772532,C:\Users\aaa\Desktop\test\outputs\20260831_evidence_registry\20260831T163625\q1_snapshot\summary.json,real_run_or_direct_audit
q1_baseline,/leave_one_material_out_metrics/nearest_centroid/folds/材料2/per_class/梯形波/support,900,C:\Users\aaa\Desktop\test\outputs\20260831_evidence_registry\20260831T163625\q1_snapshot\summary.json,real_run_or_direct_audit
q1_baseline,/leave_one_material_out_metrics/nearest_centroid/folds/材料3/accuracy,0.7999374804626446,C:\Users\aaa\Desktop\test\outputs\20260831_evidence_registry\20260831T163625\q1_snapshot\summary.json,real_run_or_direct_audit
q1_baseline,/leave_one_material_out_metrics/nearest_centroid/folds/材料3/macro_f1,0.7887691387151273,C:\Users\aaa\Desktop\test\outputs\20260831_evidence_registry\20260831T163625\q1_snapshot\summary.json,real_run_or_direct_audit
q1_baseline,/leave_one_material_out_metrics/nearest_centroid/folds/材料3/confusion_matrix_rows_true_cols_pred/0/0,1009,C:\Users\aaa\Desktop\test\outputs\20260831_evidence_registry\20260831T163625\q1_snapshot\summary.json,real_run_or_direct_audit
q1_baseline,/leave_one_material_out_metrics/nearest_centroid/folds/材料3/confusion_matrix_rows_true_cols_pred/0/1,0,C:\Users\aaa\Desktop\test\outputs\20260831_evidence_registry\20260831T163625\q1_snapshot\summary.json,real_run_or_direct_audit
q1_baseline,/leave_one_material_out_metrics/nearest_centroid/folds/材料3/confusion_matrix_rows_true_cols_pred/0/2,0,C:\Users\aaa\Desktop\test\outputs\20260831_evidence_registry\20260831T163625\q1_snapshot\summary.json,real_run_or_direct_audit
q1_baseline,/leave_one_material_out_metrics/nearest_centroid/folds/材料3/confusion_matrix_rows_true_cols_pred/1/0,0,C:\Users\aaa\Desktop\test\outputs\20260831_evidence_registry\20260831T163625\q1_snapshot\summary.json,real_run_or_direct_audit
q1_baseline,/leave_one_material_out_metrics/nearest_centroid/folds/材料3/confusion_matrix_rows_true_cols_pred/1/1,483,C:\Users\aaa\Desktop\test\outputs\20260831_evidence_registry\20260831T163625\q1_snapshot\summary.json,real_run_or_direct_audit
q1_baseline,/leave_one_material_out_metrics/nearest_centroid/folds/材料3/confusion_matrix_rows_true_cols_pred/1/2,595,C:\Users\aaa\Desktop\test\outputs\20260831_evidence_registry\20260831T163625\q1_snapshot\summary.json,real_run_or_direct_audit
q1_baseline,/leave_one_material_out_metrics/nearest_centroid/folds/材料3/confusion_matrix_rows_true_cols_pred/2/0,45,C:\Users\aaa\Desktop\test\outputs\20260831_evidence_registry\20260831T163625\q1_snapshot\summary.json,real_run_or_direct_audit
q1_baseline,/leave_one_material_out_metrics/nearest_centroid/folds/材料3/confusion_matrix_rows_true_cols_pred/2/1,0,C:\Users\aaa\Desktop\test\outputs\20260831_evidence_registry\20260831T163625\q1_snapshot\summary.json,real_run_or_direct_audit
q1_baseline,/leave_one_material_out_metrics/nearest_centroid/folds/材料3/confusion_matrix_rows_true_cols_pred/2/2,1067,C:\Users\aaa\Desktop\test\outputs\20260831_evidence_registry\20260831T163625\q1_snapshot\summary.json,real_run_or_direct_audit
q1_baseline,/leave_one_material_out_metrics/nearest_centroid/folds/材料3/per_class/正弦波/precision,0.9573055028462998,C:\Users\aaa\Desktop\test\outputs\20260831_evidence_registry\20260831T163625\q1_snapshot\summary.json,real_run_or_direct_audit
q1_baseline,/leave_one_material_out_metrics/nearest_centroid/folds/材料3/per_class/正弦波/recall,1.0,C:\Users\aaa\Desktop\test\outputs\20260831_evidence_registry\20260831T163625\q1_snapshot\summary.json,real_run_or_direct_audit
q1_baseline,/leave_one_material_out_metrics/nearest_centroid/folds/材料3/per_class/正弦波/f1,0.9781871061560834,C:\Users\aaa\Desktop\test\outputs\20260831_evidence_registry\20260831T163625\q1_snapshot\summary.json,real_run_or_direct_audit
q1_baseline,/leave_one_material_out_metrics/nearest_centroid/folds/材料3/per_class/正弦波/support,1009,C:\Users\aaa\Desktop\test\outputs\20260831_evidence_registry\20260831T163625\q1_snapshot\summary.json,real_run_or_direct_audit
q1_baseline,/leave_one_material_out_metrics/nearest_centroid/folds/材料3/per_class/三角波/precision,1.0,C:\Users\aaa\Desktop\test\outputs\20260831_evidence_registry\20260831T163625\q1_snapshot\summary.json,real_run_or_direct_audit
q1_baseline,/leave_one_material_out_metrics/nearest_centroid/folds/材料3/per_class/三角波/recall,0.44805194805194803,C:\Users\aaa\Desktop\test\outputs\20260831_evidence_registry\20260831T163625\q1_snapshot\summary.json,real_run_or_direct_audit
q1_baseline,/leave_one_material_out_metrics/nearest_centroid/folds/材料3/per_class/三角波/f1,0.6188340807174888,C:\Users\aaa\Desktop\test\outputs\20260831_evidence_registry\20260831T163625\q1_snapshot\summary.json,real_run_or_direct_audit
q1_baseline,/leave_one_material_out_metrics/nearest_centroid/folds/材料3/per_class/三角波/support,1078,C:\Users\aaa\Desktop\test\outputs\20260831_evidence_registry\20260831T163625\q1_snapshot\summary.json,real_run_or_direct_audit
q1_baseline,/leave_one_material_out_metrics/nearest_centroid/folds/材料3/per_class/梯形波/precision,0.6419975932611311,C:\Users\aaa\Desktop\test\outputs\20260831_evidence_registry\20260831T163625\q1_snapshot\summary.json,real_run_or_direct_audit
q1_baseline,/leave_one_material_out_metrics/nearest_centroid/folds/材料3/per_class/梯形波/recall,0.9595323741007195,C:\Users\aaa\Desktop\test\outputs\20260831_evidence_registry\20260831T163625\q1_snapshot\summary.json,real_run_or_direct_audit
q1_baseline,/leave_one_material_out_metrics/nearest_centroid/folds/材料3/per_class/梯形波/f1,0.7692862292718097,C:\Users\aaa\Desktop\test\outputs\20260831_evidence_registry\20260831T163625\q1_snapshot\summary.json,real_run_or_direct_audit
q1_baseline,/leave_one_material_out_metrics/nearest_centroid/folds/材料3/per_class/梯形波/support,1112,C:\Users\aaa\Desktop\test\outputs\20260831_evidence_registry\20260831T163625\q1_snapshot\summary.json,real_run_or_direct_audit
q1_baseline,/leave_one_material_out_metrics/nearest_centroid/folds/材料4/accuracy,0.8557142857142858,C:\Users\aaa\Desktop\test\outputs\20260831_evidence_registry\20260831T163625\q1_snapshot\summary.json,real_run_or_direct_audit
q1_baseline,/leave_one_material_out_metrics/nearest_centroid/folds/材料4/macro_f1,0.8453127785668219,C:\Users\aaa\Desktop\test\outputs\20260831_evidence_registry\20260831T163625\q1_snapshot\summary.json,real_run_or_direct_audit
q1_baseline,/leave_one_material_out_metrics/nearest_centroid/folds/材料4/confusion_matrix_rows_true_cols_pred/0/0,880,C:\Users\aaa\Desktop\test\outputs\20260831_evidence_registry\20260831T163625\q1_snapshot\summary.json,real_run_or_direct_audit
q1_baseline,/leave_one_material_out_metrics/nearest_centroid/folds/材料4/confusion_matrix_rows_true_cols_pred/0/1,0,C:\Users\aaa\Desktop\test\outputs\20260831_evidence_registry\20260831T163625\q1_snapshot\summary.json,real_run_or_direct_audit
q1_baseline,/leave_one_material_out_metrics/nearest_centroid/folds/材料4/confusion_matrix_rows_true_cols_pred/0/2,0,C:\Users\aaa\Desktop\test\outputs\20260831_evidence_registry\20260831T163625\q1_snapshot\summary.json,real_run_or_direct_audit
q1_baseline,/leave_one_material_out_metrics/nearest_centroid/folds/材料4/confusion_matrix_rows_true_cols_pred/1/0,0,C:\Users\aaa\Desktop\test\outputs\20260831_evidence_registry\20260831T163625\q1_snapshot\summary.json,real_run_or_direct_audit
q1_baseline,/leave_one_material_out_metrics/nearest_centroid/folds/材料4/confusion_matrix_rows_true_cols_pred/1/1,1051,C:\Users\aaa\Desktop\test\outputs\20260831_evidence_registry\20260831T163625\q1_snapshot\summary.json,real_run_or_direct_audit
q1_baseline,/leave_one_material_out_metrics/nearest_centroid/folds/材料4/confusion_matrix_rows_true_cols_pred/1/2,404,C:\Users\aaa\Desktop\test\outputs\20260831_evidence_registry\20260831T163625\q1_snapshot\summary.json,real_run_or_direct_audit
q1_baseline,/leave_one_material_out_metrics/nearest_centroid/folds/材料4/confusion_matrix_rows_true_cols_pred/2/0,0,C:\Users\aaa\Desktop\test\outputs\20260831_evidence_registry\20260831T163625\q1_snapshot\summary.json,real_run_or_direct_audit
q1_baseline,/leave_one_material_out_metrics/nearest_centroid/folds/材料4/confusion_matrix_rows_true_cols_pred/2/1,0,C:\Users\aaa\Desktop\test\outputs\20260831_evidence_registry\20260831T163625\q1_snapshot\summary.json,real_run_or_direct_audit
q1_baseline,/leave_one_material_out_metrics/nearest_centroid/folds/材料4/confusion_matrix_rows_true_cols_pred/2/2,465,C:\Users\aaa\Desktop\test\outputs\20260831_evidence_registry\20260831T163625\q1_snapshot\summary.json,real_run_or_direct_audit
q1_baseline,/leave_one_material_out_metrics/nearest_centroid/folds/材料4/per_class/正弦波/precision,1.0,C:\Users\aaa\Desktop\test\outputs\20260831_evidence_registry\20260831T163625\q1_snapshot\summary.json,real_run_or_direct_audit
q1_baseline,/leave_one_material_out_metrics/nearest_centroid/folds/材料4/per_class/正弦波/recall,1.0,C:\Users\aaa\Desktop\test\outputs\20260831_evidence_registry\20260831T163625\q1_snapshot\summary.json,real_run_or_direct_audit
q1_baseline,/leave_one_material_out_metrics/nearest_centroid/folds/材料4/per_class/正弦波/f1,1.0,C:\Users\aaa\Desktop\test\outputs\20260831_evidence_registry\20260831T163625\q1_snapshot\summary.json,real_run_or_direct_audit
q1_baseline,/leave_one_material_out_metrics/nearest_centroid/folds/材料4/per_class/正弦波/support,880,C:\Users\aaa\Desktop\test\outputs\20260831_evidence_registry\20260831T163625\q1_snapshot\summary.json,real_run_or_direct_audit
q1_baseline,/leave_one_material_out_metrics/nearest_centroid/folds/材料4/per_class/三角波/precision,1.0,C:\Users\aaa\Desktop\test\outputs\20260831_evidence_registry\20260831T163625\q1_snapshot\summary.json,real_run_or_direct_audit
q1_baseline,/leave_one_material_out_metrics/nearest_centroid/folds/材料4/per_class/三角波/recall,0.7223367697594502,C:\Users\aaa\Desktop\test\outputs\20260831_evidence_registry\20260831T163625\q1_snapshot\summary.json,real_run_or_direct_audit
q1_baseline,/leave_one_material_out_metrics/nearest_centroid/folds/材料4/per_class/三角波/f1,0.8387869114126096,C:\Users\aaa\Desktop\test\outputs\20260831_evidence_registry\20260831T163625\q1_snapshot\summary.json,real_run_or_direct_audit
q1_baseline,/leave_one_material_out_metrics/nearest_centroid/folds/材料4/per_class/三角波/support,1455,C:\Users\aaa\Desktop\test\outputs\20260831_evidence_registry\20260831T163625\q1_snapshot\summary.json,real_run_or_direct_audit
q1_baseline,/leave_one_material_out_metrics/nearest_centroid/folds/材料4/per_class/梯形波/precision,0.5350978135788262,C:\Users\aaa\Desktop\test\outputs\20260831_evidence_registry\20260831T163625\q1_snapshot\summary.json,real_run_or_direct_audit
q1_baseline,/leave_one_material_out_metrics/nearest_centroid/folds/材料4/per_class/梯形波/recall,1.0,C:\Users\aaa\Desktop\test\outputs\20260831_evidence_registry\20260831T163625\q1_snapshot\summary.json,real_run_or_direct_audit
q1_baseline,/leave_one_material_out_metrics/nearest_centroid/folds/材料4/per_class/梯形波/f1,0.697151424287856,C:\Users\aaa\Desktop\test\outputs\20260831_evidence_registry\20260831T163625\q1_snapshot\summary.json,real_run_or_direct_audit
q1_baseline,/leave_one_material_out_metrics/nearest_centroid/folds/材料4/per_class/梯形波/support,465,C:\Users\aaa\Desktop\test\outputs\20260831_evidence_registry\20260831T163625\q1_snapshot\summary.json,real_run_or_direct_audit
q1_baseline,/leave_one_material_out_metrics/nearest_centroid/aggregate/accuracy,0.8553109121703363,C:\Users\aaa\Desktop\test\outputs\20260831_evidence_registry\20260831T163625\q1_snapshot\summary.json,real_run_or_direct_audit
q1_baseline,/leave_one_material_out_metrics/nearest_centroid/aggregate/macro_f1,0.8560320917943739,C:\Users\aaa\Desktop\test\outputs\20260831_evidence_registry\20260831T163625\q1_snapshot\summary.json,real_run_or_direct_audit
q1_baseline,/leave_one_material_out_metrics/nearest_centroid/aggregate/confusion_matrix_rows_true_cols_pred/0/0,4053,C:\Users\aaa\Desktop\test\outputs\20260831_evidence_registry\20260831T163625\q1_snapshot\summary.json,real_run_or_direct_audit
q1_baseline,/leave_one_material_out_metrics/nearest_centroid/aggregate/confusion_matrix_rows_true_cols_pred/0/1,0,C:\Users\aaa\Desktop\test\outputs\20260831_evidence_registry\20260831T163625\q1_snapshot\summary.json,real_run_or_direct_audit
q1_baseline,/leave_one_material_out_metrics/nearest_centroid/aggregate/confusion_matrix_rows_true_cols_pred/0/2,0,C:\Users\aaa\Desktop\test\outputs\20260831_evidence_registry\20260831T163625\q1_snapshot\summary.json,real_run_or_direct_audit
q1_baseline,/leave_one_material_out_metrics/nearest_centroid/aggregate/confusion_matrix_rows_true_cols_pred/1/0,0,C:\Users\aaa\Desktop\test\outputs\20260831_evidence_registry\20260831T163625\q1_snapshot\summary.json,real_run_or_direct_audit
q1_baseline,/leave_one_material_out_metrics/nearest_centroid/aggregate/confusion_matrix_rows_true_cols_pred/1/1,3227,C:\Users\aaa\Desktop\test\outputs\20260831_evidence_registry\20260831T163625\q1_snapshot\summary.json,real_run_or_direct_audit
q1_baseline,/leave_one_material_out_metrics/nearest_centroid/aggregate/confusion_matrix_rows_true_cols_pred/1/2,1721,C:\Users\aaa\Desktop\test\outputs\20260831_evidence_registry\20260831T163625\q1_snapshot\summary.json,real_run_or_direct_audit
q1_baseline,/leave_one_material_out_metrics/nearest_centroid/aggregate/confusion_matrix_rows_true_cols_pred/2/0,73,C:\Users\aaa\Desktop\test\outputs\20260831_evidence_registry\20260831T163625\q1_snapshot\summary.json,real_run_or_direct_audit
q1_baseline,/leave_one_material_out_metrics/nearest_centroid/aggregate/confusion_matrix_rows_true_cols_pred/2/1,0,C:\Users\aaa\Desktop\test\outputs\20260831_evidence_registry\20260831T163625\q1_snapshot\summary.json,real_run_or_direct_audit
q1_baseline,/leave_one_material_out_metrics/nearest_centroid/aggregate/confusion_matrix_rows_true_cols_pred/2/2,3325,C:\Users\aaa\Desktop\test\outputs\20260831_evidence_registry\20260831T163625\q1_snapshot\summary.json,real_run_or_direct_audit
q1_baseline,/leave_one_material_out_metrics/nearest_centroid/aggregate/per_class/正弦波/precision,0.9823073194377121,C:\Users\aaa\Desktop\test\outputs\20260831_evidence_registry\20260831T163625\q1_snapshot\summary.json,real_run_or_direct_audit
q1_baseline,/leave_one_material_out_metrics/nearest_centroid/aggregate/per_class/正弦波/recall,1.0,C:\Users\aaa\Desktop\test\outputs\20260831_evidence_registry\20260831T163625\q1_snapshot\summary.json,real_run_or_direct_audit
q1_baseline,/leave_one_material_out_metrics/nearest_centroid/aggregate/per_class/正弦波/f1,0.9910747035089864,C:\Users\aaa\Desktop\test\outputs\20260831_evidence_registry\20260831T163625\q1_snapshot\summary.json,real_run_or_direct_audit
q1_baseline,/leave_one_material_out_metrics/nearest_centroid/aggregate/per_class/正弦波/support,4053,C:\Users\aaa\Desktop\test\outputs\20260831_evidence_registry\20260831T163625\q1_snapshot\summary.json,real_run_or_direct_audit
q1_baseline,/leave_one_material_out_metrics/nearest_centroid/aggregate/per_class/三角波/precision,1.0,C:\Users\aaa\Desktop\test\outputs\20260831_evidence_registry\20260831T163625\q1_snapshot\summary.json,real_run_or_direct_audit
q1_baseline,/leave_one_material_out_metrics/nearest_centroid/aggregate/per_class/三角波/recall,0.6521827000808408,C:\Users\aaa\Desktop\test\outputs\20260831_evidence_registry\20260831T163625\q1_snapshot\summary.json,real_run_or_direct_audit
q1_baseline,/leave_one_material_out_metrics/nearest_centroid/aggregate/per_class/三角波/f1,0.7894801223241591,C:\Users\aaa\Desktop\test\outputs\20260831_evidence_registry\20260831T163625\q1_snapshot\summary.json,real_run_or_direct_audit
q1_baseline,/leave_one_material_out_metrics/nearest_centroid/aggregate/per_class/三角波/support,4948,C:\Users\aaa\Desktop\test\outputs\20260831_evidence_registry\20260831T163625\q1_snapshot\summary.json,real_run_or_direct_audit
q1_baseline,/leave_one_material_out_metrics/nearest_centroid/aggregate/per_class/梯形波/precision,0.6589377724930638,C:\Users\aaa\Desktop\test\outputs\20260831_evidence_registry\20260831T163625\q1_snapshot\summary.json,real_run_or_direct_audit
q1_baseline,/leave_one_material_out_metrics/nearest_centroid/aggregate/per_class/梯形波/recall,0.9785167745732783,C:\Users\aaa\Desktop\test\outputs\20260831_evidence_registry\20260831T163625\q1_snapshot\summary.json,real_run_or_direct_audit
q1_baseline,/leave_one_material_out_metrics/nearest_centroid/aggregate/per_class/梯形波/f1,0.7875414495499763,C:\Users\aaa\Desktop\test\outputs\20260831_evidence_registry\20260831T163625\q1_snapshot\summary.json,real_run_or_direct_audit
q1_baseline,/leave_one_material_out_metrics/nearest_centroid/aggregate/per_class/梯形波/support,3398,C:\Users\aaa\Desktop\test\outputs\20260831_evidence_registry\20260831T163625\q1_snapshot\summary.json,real_run_or_direct_audit
q1_baseline,/leave_one_material_out_metrics/gaussian_naive_bayes/folds/材料1/accuracy,1.0,C:\Users\aaa\Desktop\test\outputs\20260831_evidence_registry\20260831T163625\q1_snapshot\summary.json,real_run_or_direct_audit
q1_baseline,/leave_one_material_out_metrics/gaussian_naive_bayes/folds/材料1/macro_f1,1.0,C:\Users\aaa\Desktop\test\outputs\20260831_evidence_registry\20260831T163625\q1_snapshot\summary.json,real_run_or_direct_audit
q1_baseline,/leave_one_material_out_metrics/gaussian_naive_bayes/folds/材料1/confusion_matrix_rows_true_cols_pred/0/0,1067,C:\Users\aaa\Desktop\test\outputs\20260831_evidence_registry\20260831T163625\q1_snapshot\summary.json,real_run_or_direct_audit
q1_baseline,/leave_one_material_out_metrics/gaussian_naive_bayes/folds/材料1/confusion_matrix_rows_true_cols_pred/0/1,0,C:\Users\aaa\Desktop\test\outputs\20260831_evidence_registry\20260831T163625\q1_snapshot\summary.json,real_run_or_direct_audit
q1_baseline,/leave_one_material_out_metrics/gaussian_naive_bayes/folds/材料1/confusion_matrix_rows_true_cols_pred/0/2,0,C:\Users\aaa\Desktop\test\outputs\20260831_evidence_registry\20260831T163625\q1_snapshot\summary.json,real_run_or_direct_audit
q1_baseline,/leave_one_material_out_metrics/gaussian_naive_bayes/folds/材料1/confusion_matrix_rows_true_cols_pred/1/0,0,C:\Users\aaa\Desktop\test\outputs\20260831_evidence_registry\20260831T163625\q1_snapshot\summary.json,real_run_or_direct_audit
q1_baseline,/leave_one_material_out_metrics/gaussian_naive_bayes/folds/材料1/confusion_matrix_rows_true_cols_pred/1/1,1412,C:\Users\aaa\Desktop\test\outputs\20260831_evidence_registry\20260831T163625\q1_snapshot\summary.json,real_run_or_direct_audit
q1_baseline,/leave_one_material_out_metrics/gaussian_naive_bayes/folds/材料1/confusion_matrix_rows_true_cols_pred/1/2,0,C:\Users\aaa\Desktop\test\outputs\20260831_evidence_registry\20260831T163625\q1_snapshot\summary.json,real_run_or_direct_audit
q1_baseline,/leave_one_material_out_metrics/gaussian_naive_bayes/folds/材料1/confusion_matrix_rows_true_cols_pred/2/0,0,C:\Users\aaa\Desktop\test\outputs\20260831_evidence_registry\20260831T163625\q1_snapshot\summary.json,real_run_or_direct_audit
q1_baseline,/leave_one_material_out_metrics/gaussian_naive_bayes/folds/材料1/confusion_matrix_rows_true_cols_pred/2/1,0,C:\Users\aaa\Desktop\test\outputs\20260831_evidence_registry\20260831T163625\q1_snapshot\summary.json,real_run_or_direct_audit
q1_baseline,/leave_one_material_out_metrics/gaussian_naive_bayes/folds/材料1/confusion_matrix_rows_true_cols_pred/2/2,921,C:\Users\aaa\Desktop\test\outputs\20260831_evidence_registry\20260831T163625\q1_snapshot\summary.json,real_run_or_direct_audit
q1_baseline,/leave_one_material_out_metrics/gaussian_naive_bayes/folds/材料1/per_class/正弦波/precision,1.0,C:\Users\aaa\Desktop\test\outputs\20260831_evidence_registry\20260831T163625\q1_snapshot\summary.json,real_run_or_direct_audit
q1_baseline,/leave_one_material_out_metrics/gaussian_naive_bayes/folds/材料1/per_class/正弦波/recall,1.0,C:\Users\aaa\Desktop\test\outputs\20260831_evidence_registry\20260831T163625\q1_snapshot\summary.json,real_run_or_direct_audit
q1_baseline,/leave_one_material_out_metrics/gaussian_naive_bayes/folds/材料1/per_class/正弦波/f1,1.0,C:\Users\aaa\Desktop\test\outputs\20260831_evidence_registry\20260831T163625\q1_snapshot\summary.json,real_run_or_direct_audit
q1_baseline,/leave_one_material_out_metrics/gaussian_naive_bayes/folds/材料1/per_class/正弦波/support,1067,C:\Users\aaa\Desktop\test\outputs\20260831_evidence_registry\20260831T163625\q1_snapshot\summary.json,real_run_or_direct_audit
q1_baseline,/leave_one_material_out_metrics/gaussian_naive_bayes/folds/材料1/per_class/三角波/precision,1.0,C:\Users\aaa\Desktop\test\outputs\20260831_evidence_registry\20260831T163625\q1_snapshot\summary.json,real_run_or_direct_audit
q1_baseline,/leave_one_material_out_metrics/gaussian_naive_bayes/folds/材料1/per_class/三角波/recall,1.0,C:\Users\aaa\Desktop\test\outputs\20260831_evidence_registry\20260831T163625\q1_snapshot\summary.json,real_run_or_direct_audit
q1_baseline,/leave_one_material_out_metrics/gaussian_naive_bayes/folds/材料1/per_class/三角波/f1,1.0,C:\Users\aaa\Desktop\test\outputs\20260831_evidence_registry\20260831T163625\q1_snapshot\summary.json,real_run_or_direct_audit
q1_baseline,/leave_one_material_out_metrics/gaussian_naive_bayes/folds/材料1/per_class/三角波/support,1412,C:\Users\aaa\Desktop\test\outputs\20260831_evidence_registry\20260831T163625\q1_snapshot\summary.json,real_run_or_direct_audit
q1_baseline,/leave_one_material_out_metrics/gaussian_naive_bayes/folds/材料1/per_class/梯形波/precision,1.0,C:\Users\aaa\Desktop\test\outputs\20260831_evidence_registry\20260831T163625\q1_snapshot\summary.json,real_run_or_direct_audit
q1_baseline,/leave_one_material_out_metrics/gaussian_naive_bayes/folds/材料1/per_class/梯形波/recall,1.0,C:\Users\aaa\Desktop\test\outputs\20260831_evidence_registry\20260831T163625\q1_snapshot\summary.json,real_run_or_direct_audit
q1_baseline,/leave_one_material_out_metrics/gaussian_naive_bayes/folds/材料1/per_class/梯形波/f1,1.0,C:\Users\aaa\Desktop\test\outputs\20260831_evidence_registry\20260831T163625\q1_snapshot\summary.json,real_run_or_direct_audit
q1_baseline,/leave_one_material_out_metrics/gaussian_naive_bayes/folds/材料1/per_class/梯形波/support,921,C:\Users\aaa\Desktop\test\outputs\20260831_evidence_registry\20260831T163625\q1_snapshot\summary.json,real_run_or_direct_audit
q1_baseline,/leave_one_material_out_metrics/gaussian_naive_bayes/folds/材料2/accuracy,1.0,C:\Users\aaa\Desktop\test\outputs\20260831_evidence_registry\20260831T163625\q1_snapshot\summary.json,real_run_or_direct_audit
q1_baseline,/leave_one_material_out_metrics/gaussian_naive_bayes/folds/材料2/macro_f1,1.0,C:\Users\aaa\Desktop\test\outputs\20260831_evidence_registry\20260831T163625\q1_snapshot\summary.json,real_run_or_direct_audit
q1_baseline,/leave_one_material_out_metrics/gaussian_naive_bayes/folds/材料2/confusion_matrix_rows_true_cols_pred/0/0,1097,C:\Users\aaa\Desktop\test\outputs\20260831_evidence_registry\20260831T163625\q1_snapshot\summary.json,real_run_or_direct_audit
q1_baseline,/leave_one_material_out_metrics/gaussian_naive_bayes/folds/材料2/confusion_matrix_rows_true_cols_pred/0/1,0,C:\Users\aaa\Desktop\test\outputs\20260831_evidence_registry\20260831T163625\q1_snapshot\summary.json,real_run_or_direct_audit
q1_baseline,/leave_one_material_out_metrics/gaussian_naive_bayes/folds/材料2/confusion_matrix_rows_true_cols_pred/0/2,0,C:\Users\aaa\Desktop\test\outputs\20260831_evidence_registry\20260831T163625\q1_snapshot\summary.json,real_run_or_direct_audit
q1_baseline,/leave_one_material_out_metrics/gaussian_naive_bayes/folds/材料2/confusion_matrix_rows_true_cols_pred/1/0,0,C:\Users\aaa\Desktop\test\outputs\20260831_evidence_registry\20260831T163625\q1_snapshot\summary.json,real_run_or_direct_audit
q1_baseline,/leave_one_material_out_metrics/gaussian_naive_bayes/folds/材料2/confusion_matrix_rows_true_cols_pred/1/1,1003,C:\Users\aaa\Desktop\test\outputs\20260831_evidence_registry\20260831T163625\q1_snapshot\summary.json,real_run_or_direct_audit
q1_baseline,/leave_one_material_out_metrics/gaussian_naive_bayes/folds/材料2/confusion_matrix_rows_true_cols_pred/1/2,0,C:\Users\aaa\Desktop\test\outputs\20260831_evidence_registry\20260831T163625\q1_snapshot\summary.json,real_run_or_direct_audit
q1_baseline,/leave_one_material_out_metrics/gaussian_naive_bayes/folds/材料2/confusion_matrix_rows_true_cols_pred/2/0,0,C:\Users\aaa\Desktop\test\outputs\20260831_evidence_registry\20260831T163625\q1_snapshot\summary.json,real_run_or_direct_audit
q1_baseline,/leave_one_material_out_metrics/gaussian_naive_bayes/folds/材料2/confusion_matrix_rows_true_cols_pred/2/1,0,C:\Users\aaa\Desktop\test\outputs\20260831_evidence_registry\20260831T163625\q1_snapshot\summary.json,real_run_or_direct_audit
q1_baseline,/leave_one_material_out_metrics/gaussian_naive_bayes/folds/材料2/confusion_matrix_rows_true_cols_pred/2/2,900,C:\Users\aaa\Desktop\test\outputs\20260831_evidence_registry\20260831T163625\q1_snapshot\summary.json,real_run_or_direct_audit
q1_baseline,/leave_one_material_out_metrics/gaussian_naive_bayes/folds/材料2/per_class/正弦波/precision,1.0,C:\Users\aaa\Desktop\test\outputs\20260831_evidence_registry\20260831T163625\q1_snapshot\summary.json,real_run_or_direct_audit
q1_baseline,/leave_one_material_out_metrics/gaussian_naive_bayes/folds/材料2/per_class/正弦波/recall,1.0,C:\Users\aaa\Desktop\test\outputs\20260831_evidence_registry\20260831T163625\q1_snapshot\summary.json,real_run_or_direct_audit
q1_baseline,/leave_one_material_out_metrics/gaussian_naive_bayes/folds/材料2/per_class/正弦波/f1,1.0,C:\Users\aaa\Desktop\test\outputs\20260831_evidence_registry\20260831T163625\q1_snapshot\summary.json,real_run_or_direct_audit
q1_baseline,/leave_one_material_out_metrics/gaussian_naive_bayes/folds/材料2/per_class/正弦波/support,1097,C:\Users\aaa\Desktop\test\outputs\20260831_evidence_registry\20260831T163625\q1_snapshot\summary.json,real_run_or_direct_audit
q1_baseline,/leave_one_material_out_metrics/gaussian_naive_bayes/folds/材料2/per_class/三角波/precision,1.0,C:\Users\aaa\Desktop\test\outputs\20260831_evidence_registry\20260831T163625\q1_snapshot\summary.json,real_run_or_direct_audit
q1_baseline,/leave_one_material_out_metrics/gaussian_naive_bayes/folds/材料2/per_class/三角波/recall,1.0,C:\Users\aaa\Desktop\test\outputs\20260831_evidence_registry\20260831T163625\q1_snapshot\summary.json,real_run_or_direct_audit
q1_baseline,/leave_one_material_out_metrics/gaussian_naive_bayes/folds/材料2/per_class/三角波/f1,1.0,C:\Users\aaa\Desktop\test\outputs\20260831_evidence_registry\20260831T163625\q1_snapshot\summary.json,real_run_or_direct_audit
q1_baseline,/leave_one_material_out_metrics/gaussian_naive_bayes/folds/材料2/per_class/三角波/support,1003,C:\Users\aaa\Desktop\test\outputs\20260831_evidence_registry\20260831T163625\q1_snapshot\summary.json,real_run_or_direct_audit
q1_baseline,/leave_one_material_out_metrics/gaussian_naive_bayes/folds/材料2/per_class/梯形波/precision,1.0,C:\Users\aaa\Desktop\test\outputs\20260831_evidence_registry\20260831T163625\q1_snapshot\summary.json,real_run_or_direct_audit
q1_baseline,/leave_one_material_out_metrics/gaussian_naive_bayes/folds/材料2/per_class/梯形波/recall,1.0,C:\Users\aaa\Desktop\test\outputs\20260831_evidence_registry\20260831T163625\q1_snapshot\summary.json,real_run_or_direct_audit
q1_baseline,/leave_one_material_out_metrics/gaussian_naive_bayes/folds/材料2/per_class/梯形波/f1,1.0,C:\Users\aaa\Desktop\test\outputs\20260831_evidence_registry\20260831T163625\q1_snapshot\summary.json,real_run_or_direct_audit
q1_baseline,/leave_one_material_out_metrics/gaussian_naive_bayes/folds/材料2/per_class/梯形波/support,900,C:\Users\aaa\Desktop\test\outputs\20260831_evidence_registry\20260831T163625\q1_snapshot\summary.json,real_run_or_direct_audit
q1_baseline,/leave_one_material_out_metrics/gaussian_naive_bayes/folds/材料3/accuracy,1.0,C:\Users\aaa\Desktop\test\outputs\20260831_evidence_registry\20260831T163625\q1_snapshot\summary.json,real_run_or_direct_audit
q1_baseline,/leave_one_material_out_metrics/gaussian_naive_bayes/folds/材料3/macro_f1,1.0,C:\Users\aaa\Desktop\test\outputs\20260831_evidence_registry\20260831T163625\q1_snapshot\summary.json,real_run_or_direct_audit
q1_baseline,/leave_one_material_out_metrics/gaussian_naive_bayes/folds/材料3/confusion_matrix_rows_true_cols_pred/0/0,1009,C:\Users\aaa\Desktop\test\outputs\20260831_evidence_registry\20260831T163625\q1_snapshot\summary.json,real_run_or_direct_audit
q1_baseline,/leave_one_material_out_metrics/gaussian_naive_bayes/folds/材料3/confusion_matrix_rows_true_cols_pred/0/1,0,C:\Users\aaa\Desktop\test\outputs\20260831_evidence_registry\20260831T163625\q1_snapshot\summary.json,real_run_or_direct_audit
q1_baseline,/leave_one_material_out_metrics/gaussian_naive_bayes/folds/材料3/confusion_matrix_rows_true_cols_pred/0/2,0,C:\Users\aaa\Desktop\test\outputs\20260831_evidence_registry\20260831T163625\q1_snapshot\summary.json,real_run_or_direct_audit
q1_baseline,/leave_one_material_out_metrics/gaussian_naive_bayes/folds/材料3/confusion_matrix_rows_true_cols_pred/1/0,0,C:\Users\aaa\Desktop\test\outputs\20260831_evidence_registry\20260831T163625\q1_snapshot\summary.json,real_run_or_direct_audit
q1_baseline,/leave_one_material_out_metrics/gaussian_naive_bayes/folds/材料3/confusion_matrix_rows_true_cols_pred/1/1,1078,C:\Users\aaa\Desktop\test\outputs\20260831_evidence_registry\20260831T163625\q1_snapshot\summary.json,real_run_or_direct_audit
q1_baseline,/leave_one_material_out_metrics/gaussian_naive_bayes/folds/材料3/confusion_matrix_rows_true_cols_pred/1/2,0,C:\Users\aaa\Desktop\test\outputs\20260831_evidence_registry\20260831T163625\q1_snapshot\summary.json,real_run_or_direct_audit
q1_baseline,/leave_one_material_out_metrics/gaussian_naive_bayes/folds/材料3/confusion_matrix_rows_true_cols_pred/2/0,0,C:\Users\aaa\Desktop\test\outputs\20260831_evidence_registry\20260831T163625\q1_snapshot\summary.json,real_run_or_direct_audit
q1_baseline,/leave_one_material_out_metrics/gaussian_naive_bayes/folds/材料3/confusion_matrix_rows_true_cols_pred/2/1,0,C:\Users\aaa\Desktop\test\outputs\20260831_evidence_registry\20260831T163625\q1_snapshot\summary.json,real_run_or_direct_audit
q1_baseline,/leave_one_material_out_metrics/gaussian_naive_bayes/folds/材料3/confusion_matrix_rows_true_cols_pred/2/2,1112,C:\Users\aaa\Desktop\test\outputs\20260831_evidence_registry\20260831T163625\q1_snapshot\summary.json,real_run_or_direct_audit
q1_baseline,/leave_one_material_out_metrics/gaussian_naive_bayes/folds/材料3/per_class/正弦波/precision,1.0,C:\Users\aaa\Desktop\test\outputs\20260831_evidence_registry\20260831T163625\q1_snapshot\summary.json,real_run_or_direct_audit
q1_baseline,/leave_one_material_out_metrics/gaussian_naive_bayes/folds/材料3/per_class/正弦波/recall,1.0,C:\Users\aaa\Desktop\test\outputs\20260831_evidence_registry\20260831T163625\q1_snapshot\summary.json,real_run_or_direct_audit
q1_baseline,/leave_one_material_out_metrics/gaussian_naive_bayes/folds/材料3/per_class/正弦波/f1,1.0,C:\Users\aaa\Desktop\test\outputs\20260831_evidence_registry\20260831T163625\q1_snapshot\summary.json,real_run_or_direct_audit
q1_baseline,/leave_one_material_out_metrics/gaussian_naive_bayes/folds/材料3/per_class/正弦波/support,1009,C:\Users\aaa\Desktop\test\outputs\20260831_evidence_registry\20260831T163625\q1_snapshot\summary.json,real_run_or_direct_audit
q1_baseline,/leave_one_material_out_metrics/gaussian_naive_bayes/folds/材料3/per_class/三角波/precision,1.0,C:\Users\aaa\Desktop\test\outputs\20260831_evidence_registry\20260831T163625\q1_snapshot\summary.json,real_run_or_direct_audit
q1_baseline,/leave_one_material_out_metrics/gaussian_naive_bayes/folds/材料3/per_class/三角波/recall,1.0,C:\Users\aaa\Desktop\test\outputs\20260831_evidence_registry\20260831T163625\q1_snapshot\summary.json,real_run_or_direct_audit
q1_baseline,/leave_one_material_out_metrics/gaussian_naive_bayes/folds/材料3/per_class/三角波/f1,1.0,C:\Users\aaa\Desktop\test\outputs\20260831_evidence_registry\20260831T163625\q1_snapshot\summary.json,real_run_or_direct_audit
q1_baseline,/leave_one_material_out_metrics/gaussian_naive_bayes/folds/材料3/per_class/三角波/support,1078,C:\Users\aaa\Desktop\test\outputs\20260831_evidence_registry\20260831T163625\q1_snapshot\summary.json,real_run_or_direct_audit
q1_baseline,/leave_one_material_out_metrics/gaussian_naive_bayes/folds/材料3/per_class/梯形波/precision,1.0,C:\Users\aaa\Desktop\test\outputs\20260831_evidence_registry\20260831T163625\q1_snapshot\summary.json,real_run_or_direct_audit
q1_baseline,/leave_one_material_out_metrics/gaussian_naive_bayes/folds/材料3/per_class/梯形波/recall,1.0,C:\Users\aaa\Desktop\test\outputs\20260831_evidence_registry\20260831T163625\q1_snapshot\summary.json,real_run_or_direct_audit
q1_baseline,/leave_one_material_out_metrics/gaussian_naive_bayes/folds/材料3/per_class/梯形波/f1,1.0,C:\Users\aaa\Desktop\test\outputs\20260831_evidence_registry\20260831T163625\q1_snapshot\summary.json,real_run_or_direct_audit
q1_baseline,/leave_one_material_out_metrics/gaussian_naive_bayes/folds/材料3/per_class/梯形波/support,1112,C:\Users\aaa\Desktop\test\outputs\20260831_evidence_registry\20260831T163625\q1_snapshot\summary.json,real_run_or_direct_audit
q1_baseline,/leave_one_material_out_metrics/gaussian_naive_bayes/folds/材料4/accuracy,1.0,C:\Users\aaa\Desktop\test\outputs\20260831_evidence_registry\20260831T163625\q1_snapshot\summary.json,real_run_or_direct_audit
q1_baseline,/leave_one_material_out_metrics/gaussian_naive_bayes/folds/材料4/macro_f1,1.0,C:\Users\aaa\Desktop\test\outputs\20260831_evidence_registry\20260831T163625\q1_snapshot\summary.json,real_run_or_direct_audit
q1_baseline,/leave_one_material_out_metrics/gaussian_naive_bayes/folds/材料4/confusion_matrix_rows_true_cols_pred/0/0,880,C:\Users\aaa\Desktop\test\outputs\20260831_evidence_registry\20260831T163625\q1_snapshot\summary.json,real_run_or_direct_audit
q1_baseline,/leave_one_material_out_metrics/gaussian_naive_bayes/folds/材料4/confusion_matrix_rows_true_cols_pred/0/1,0,C:\Users\aaa\Desktop\test\outputs\20260831_evidence_registry\20260831T163625\q1_snapshot\summary.json,real_run_or_direct_audit
q1_baseline,/leave_one_material_out_metrics/gaussian_naive_bayes/folds/材料4/confusion_matrix_rows_true_cols_pred/0/2,0,C:\Users\aaa\Desktop\test\outputs\20260831_evidence_registry\20260831T163625\q1_snapshot\summary.json,real_run_or_direct_audit
q1_baseline,/leave_one_material_out_metrics/gaussian_naive_bayes/folds/材料4/confusion_matrix_rows_true_cols_pred/1/0,0,C:\Users\aaa\Desktop\test\outputs\20260831_evidence_registry\20260831T163625\q1_snapshot\summary.json,real_run_or_direct_audit
q1_baseline,/leave_one_material_out_metrics/gaussian_naive_bayes/folds/材料4/confusion_matrix_rows_true_cols_pred/1/1,1455,C:\Users\aaa\Desktop\test\outputs\20260831_evidence_registry\20260831T163625\q1_snapshot\summary.json,real_run_or_direct_audit
q1_baseline,/leave_one_material_out_metrics/gaussian_naive_bayes/folds/材料4/confusion_matrix_rows_true_cols_pred/1/2,0,C:\Users\aaa\Desktop\test\outputs\20260831_evidence_registry\20260831T163625\q1_snapshot\summary.json,real_run_or_direct_audit
q1_baseline,/leave_one_material_out_metrics/gaussian_naive_bayes/folds/材料4/confusion_matrix_rows_true_cols_pred/2/0,0,C:\Users\aaa\Desktop\test\outputs\20260831_evidence_registry\20260831T163625\q1_snapshot\summary.json,real_run_or_direct_audit
q1_baseline,/leave_one_material_out_metrics/gaussian_naive_bayes/folds/材料4/confusion_matrix_rows_true_cols_pred/2/1,0,C:\Users\aaa\Desktop\test\outputs\20260831_evidence_registry\20260831T163625\q1_snapshot\summary.json,real_run_or_direct_audit
q1_baseline,/leave_one_material_out_metrics/gaussian_naive_bayes/folds/材料4/confusion_matrix_rows_true_cols_pred/2/2,465,C:\Users\aaa\Desktop\test\outputs\20260831_evidence_registry\20260831T163625\q1_snapshot\summary.json,real_run_or_direct_audit
q1_baseline,/leave_one_material_out_metrics/gaussian_naive_bayes/folds/材料4/per_class/正弦波/precision,1.0,C:\Users\aaa\Desktop\test\outputs\20260831_evidence_registry\20260831T163625\q1_snapshot\summary.json,real_run_or_direct_audit
q1_baseline,/leave_one_material_out_metrics/gaussian_naive_bayes/folds/材料4/per_class/正弦波/recall,1.0,C:\Users\aaa\Desktop\test\outputs\20260831_evidence_registry\20260831T163625\q1_snapshot\summary.json,real_run_or_direct_audit
q1_baseline,/leave_one_material_out_metrics/gaussian_naive_bayes/folds/材料4/per_class/正弦波/f1,1.0,C:\Users\aaa\Desktop\test\outputs\20260831_evidence_registry\20260831T163625\q1_snapshot\summary.json,real_run_or_direct_audit
q1_baseline,/leave_one_material_out_metrics/gaussian_naive_bayes/folds/材料4/per_class/正弦波/support,880,C:\Users\aaa\Desktop\test\outputs\20260831_evidence_registry\20260831T163625\q1_snapshot\summary.json,real_run_or_direct_audit
q1_baseline,/leave_one_material_out_metrics/gaussian_naive_bayes/folds/材料4/per_class/三角波/precision,1.0,C:\Users\aaa\Desktop\test\outputs\20260831_evidence_registry\20260831T163625\q1_snapshot\summary.json,real_run_or_direct_audit
q1_baseline,/leave_one_material_out_metrics/gaussian_naive_bayes/folds/材料4/per_class/三角波/recall,1.0,C:\Users\aaa\Desktop\test\outputs\20260831_evidence_registry\20260831T163625\q1_snapshot\summary.json,real_run_or_direct_audit
q1_baseline,/leave_one_material_out_metrics/gaussian_naive_bayes/folds/材料4/per_class/三角波/f1,1.0,C:\Users\aaa\Desktop\test\outputs\20260831_evidence_registry\20260831T163625\q1_snapshot\summary.json,real_run_or_direct_audit
q1_baseline,/leave_one_material_out_metrics/gaussian_naive_bayes/folds/材料4/per_class/三角波/support,1455,C:\Users\aaa\Desktop\test\outputs\20260831_evidence_registry\20260831T163625\q1_snapshot\summary.json,real_run_or_direct_audit
q1_baseline,/leave_one_material_out_metrics/gaussian_naive_bayes/folds/材料4/per_class/梯形波/precision,1.0,C:\Users\aaa\Desktop\test\outputs\20260831_evidence_registry\20260831T163625\q1_snapshot\summary.json,real_run_or_direct_audit
q1_baseline,/leave_one_material_out_metrics/gaussian_naive_bayes/folds/材料4/per_class/梯形波/recall,1.0,C:\Users\aaa\Desktop\test\outputs\20260831_evidence_registry\20260831T163625\q1_snapshot\summary.json,real_run_or_direct_audit
q1_baseline,/leave_one_material_out_metrics/gaussian_naive_bayes/folds/材料4/per_class/梯形波/f1,1.0,C:\Users\aaa\Desktop\test\outputs\20260831_evidence_registry\20260831T163625\q1_snapshot\summary.json,real_run_or_direct_audit
q1_baseline,/leave_one_material_out_metrics/gaussian_naive_bayes/folds/材料4/per_class/梯形波/support,465,C:\Users\aaa\Desktop\test\outputs\20260831_evidence_registry\20260831T163625\q1_snapshot\summary.json,real_run_or_direct_audit
q1_baseline,/leave_one_material_out_metrics/gaussian_naive_bayes/aggregate/accuracy,1.0,C:\Users\aaa\Desktop\test\outputs\20260831_evidence_registry\20260831T163625\q1_snapshot\summary.json,real_run_or_direct_audit
q1_baseline,/leave_one_material_out_metrics/gaussian_naive_bayes/aggregate/macro_f1,1.0,C:\Users\aaa\Desktop\test\outputs\20260831_evidence_registry\20260831T163625\q1_snapshot\summary.json,real_run_or_direct_audit
q1_baseline,/leave_one_material_out_metrics/gaussian_naive_bayes/aggregate/confusion_matrix_rows_true_cols_pred/0/0,4053,C:\Users\aaa\Desktop\test\outputs\20260831_evidence_registry\20260831T163625\q1_snapshot\summary.json,real_run_or_direct_audit
q1_baseline,/leave_one_material_out_metrics/gaussian_naive_bayes/aggregate/confusion_matrix_rows_true_cols_pred/0/1,0,C:\Users\aaa\Desktop\test\outputs\20260831_evidence_registry\20260831T163625\q1_snapshot\summary.json,real_run_or_direct_audit
q1_baseline,/leave_one_material_out_metrics/gaussian_naive_bayes/aggregate/confusion_matrix_rows_true_cols_pred/0/2,0,C:\Users\aaa\Desktop\test\outputs\20260831_evidence_registry\20260831T163625\q1_snapshot\summary.json,real_run_or_direct_audit
q1_baseline,/leave_one_material_out_metrics/gaussian_naive_bayes/aggregate/confusion_matrix_rows_true_cols_pred/1/0,0,C:\Users\aaa\Desktop\test\outputs\20260831_evidence_registry\20260831T163625\q1_snapshot\summary.json,real_run_or_direct_audit
q1_baseline,/leave_one_material_out_metrics/gaussian_naive_bayes/aggregate/confusion_matrix_rows_true_cols_pred/1/1,4948,C:\Users\aaa\Desktop\test\outputs\20260831_evidence_registry\20260831T163625\q1_snapshot\summary.json,real_run_or_direct_audit
q1_baseline,/leave_one_material_out_metrics/gaussian_naive_bayes/aggregate/confusion_matrix_rows_true_cols_pred/1/2,0,C:\Users\aaa\Desktop\test\outputs\20260831_evidence_registry\20260831T163625\q1_snapshot\summary.json,real_run_or_direct_audit
q1_baseline,/leave_one_material_out_metrics/gaussian_naive_bayes/aggregate/confusion_matrix_rows_true_cols_pred/2/0,0,C:\Users\aaa\Desktop\test\outputs\20260831_evidence_registry\20260831T163625\q1_snapshot\summary.json,real_run_or_direct_audit
q1_baseline,/leave_one_material_out_metrics/gaussian_naive_bayes/aggregate/confusion_matrix_rows_true_cols_pred/2/1,0,C:\Users\aaa\Desktop\test\outputs\20260831_evidence_registry\20260831T163625\q1_snapshot\summary.json,real_run_or_direct_audit
q1_baseline,/leave_one_material_out_metrics/gaussian_naive_bayes/aggregate/confusion_matrix_rows_true_cols_pred/2/2,3398,C:\Users\aaa\Desktop\test\outputs\20260831_evidence_registry\20260831T163625\q1_snapshot\summary.json,real_run_or_direct_audit
q1_baseline,/leave_one_material_out_metrics/gaussian_naive_bayes/aggregate/per_class/正弦波/precision,1.0,C:\Users\aaa\Desktop\test\outputs\20260831_evidence_registry\20260831T163625\q1_snapshot\summary.json,real_run_or_direct_audit
q1_baseline,/leave_one_material_out_metrics/gaussian_naive_bayes/aggregate/per_class/正弦波/recall,1.0,C:\Users\aaa\Desktop\test\outputs\20260831_evidence_registry\20260831T163625\q1_snapshot\summary.json,real_run_or_direct_audit
q1_baseline,/leave_one_material_out_metrics/gaussian_naive_bayes/aggregate/per_class/正弦波/f1,1.0,C:\Users\aaa\Desktop\test\outputs\20260831_evidence_registry\20260831T163625\q1_snapshot\summary.json,real_run_or_direct_audit
q1_baseline,/leave_one_material_out_metrics/gaussian_naive_bayes/aggregate/per_class/正弦波/support,4053,C:\Users\aaa\Desktop\test\outputs\20260831_evidence_registry\20260831T163625\q1_snapshot\summary.json,real_run_or_direct_audit
q1_baseline,/leave_one_material_out_metrics/gaussian_naive_bayes/aggregate/per_class/三角波/precision,1.0,C:\Users\aaa\Desktop\test\outputs\20260831_evidence_registry\20260831T163625\q1_snapshot\summary.json,real_run_or_direct_audit
q1_baseline,/leave_one_material_out_metrics/gaussian_naive_bayes/aggregate/per_class/三角波/recall,1.0,C:\Users\aaa\Desktop\test\outputs\20260831_evidence_registry\20260831T163625\q1_snapshot\summary.json,real_run_or_direct_audit
q1_baseline,/leave_one_material_out_metrics/gaussian_naive_bayes/aggregate/per_class/三角波/f1,1.0,C:\Users\aaa\Desktop\test\outputs\20260831_evidence_registry\20260831T163625\q1_snapshot\summary.json,real_run_or_direct_audit
q1_baseline,/leave_one_material_out_metrics/gaussian_naive_bayes/aggregate/per_class/三角波/support,4948,C:\Users\aaa\Desktop\test\outputs\20260831_evidence_registry\20260831T163625\q1_snapshot\summary.json,real_run_or_direct_audit
q1_baseline,/leave_one_material_out_metrics/gaussian_naive_bayes/aggregate/per_class/梯形波/precision,1.0,C:\Users\aaa\Desktop\test\outputs\20260831_evidence_registry\20260831T163625\q1_snapshot\summary.json,real_run_or_direct_audit
q1_baseline,/leave_one_material_out_metrics/gaussian_naive_bayes/aggregate/per_class/梯形波/recall,1.0,C:\Users\aaa\Desktop\test\outputs\20260831_evidence_registry\20260831T163625\q1_snapshot\summary.json,real_run_or_direct_audit
q1_baseline,/leave_one_material_out_metrics/gaussian_naive_bayes/aggregate/per_class/梯形波/f1,1.0,C:\Users\aaa\Desktop\test\outputs\20260831_evidence_registry\20260831T163625\q1_snapshot\summary.json,real_run_or_direct_audit
q1_baseline,/leave_one_material_out_metrics/gaussian_naive_bayes/aggregate/per_class/梯形波/support,3398,C:\Users\aaa\Desktop\test\outputs\20260831_evidence_registry\20260831T163625\q1_snapshot\summary.json,real_run_or_direct_audit
q1_baseline,/test_prediction_counts/正弦波,20,C:\Users\aaa\Desktop\test\outputs\20260831_evidence_registry\20260831T163625\q1_snapshot\summary.json,real_run_or_direct_audit
q1_baseline,/test_prediction_counts/三角波,44,C:\Users\aaa\Desktop\test\outputs\20260831_evidence_registry\20260831T163625\q1_snapshot\summary.json,real_run_or_direct_audit
q1_baseline,/test_prediction_counts/梯形波,16,C:\Users\aaa\Desktop\test\outputs\20260831_evidence_registry\20260831T163625\q1_snapshot\summary.json,real_run_or_direct_audit
q1_baseline,/selected_predictions/0/序号,1,C:\Users\aaa\Desktop\test\outputs\20260831_evidence_registry\20260831T163625\q1_snapshot\summary.json,real_run_or_direct_audit
q1_baseline,/selected_predictions/0/分类编号,2,C:\Users\aaa\Desktop\test\outputs\20260831_evidence_registry\20260831T163625\q1_snapshot\summary.json,real_run_or_direct_audit
q1_baseline,/selected_predictions/0/距离间隔,43776.93131604162,C:\Users\aaa\Desktop\test\outputs\20260831_evidence_registry\20260831T163625\q1_snapshot\summary.json,real_run_or_direct_audit
q1_baseline,/selected_predictions/1/序号,5,C:\Users\aaa\Desktop\test\outputs\20260831_evidence_registry\20260831T163625\q1_snapshot\summary.json,real_run_or_direct_audit
q1_baseline,/selected_predictions/1/分类编号,2,C:\Users\aaa\Desktop\test\outputs\20260831_evidence_registry\20260831T163625\q1_snapshot\summary.json,real_run_or_direct_audit
q1_baseline,/selected_predictions/1/距离间隔,44136.63795148132,C:\Users\aaa\Desktop\test\outputs\20260831_evidence_registry\20260831T163625\q1_snapshot\summary.json,real_run_or_direct_audit
q1_baseline,/selected_predictions/2/序号,15,C:\Users\aaa\Desktop\test\outputs\20260831_evidence_registry\20260831T163625\q1_snapshot\summary.json,real_run_or_direct_audit
q1_baseline,/selected_predictions/2/分类编号,1,C:\Users\aaa\Desktop\test\outputs\20260831_evidence_registry\20260831T163625\q1_snapshot\summary.json,real_run_or_direct_audit
q1_baseline,/selected_predictions/2/距离间隔,1033.8185733024898,C:\Users\aaa\Desktop\test\outputs\20260831_evidence_registry\20260831T163625\q1_snapshot\summary.json,real_run_or_direct_audit
q1_baseline,/selected_predictions/3/序号,25,C:\Users\aaa\Desktop\test\outputs\20260831_evidence_registry\20260831T163625\q1_snapshot\summary.json,real_run_or_direct_audit
q1_baseline,/selected_predictions/3/分类编号,2,C:\Users\aaa\Desktop\test\outputs\20260831_evidence_registry\20260831T163625\q1_snapshot\summary.json,real_run_or_direct_audit
q1_baseline,/selected_predictions/3/距离间隔,5820.297685273019,C:\Users\aaa\Desktop\test\outputs\20260831_evidence_registry\20260831T163625\q1_snapshot\summary.json,real_run_or_direct_audit
q1_baseline,/selected_predictions/4/序号,35,C:\Users\aaa\Desktop\test\outputs\20260831_evidence_registry\20260831T163625\q1_snapshot\summary.json,real_run_or_direct_audit
q1_baseline,/selected_predictions/4/分类编号,3,C:\Users\aaa\Desktop\test\outputs\20260831_evidence_registry\20260831T163625\q1_snapshot\summary.json,real_run_or_direct_audit
q1_baseline,/selected_predictions/4/距离间隔,2233.695483911403,C:\Users\aaa\Desktop\test\outputs\20260831_evidence_registry\20260831T163625\q1_snapshot\summary.json,real_run_or_direct_audit
q1_baseline,/selected_predictions/5/序号,45,C:\Users\aaa\Desktop\test\outputs\20260831_evidence_registry\20260831T163625\q1_snapshot\summary.json,real_run_or_direct_audit
q1_baseline,/selected_predictions/5/分类编号,3,C:\Users\aaa\Desktop\test\outputs\20260831_evidence_registry\20260831T163625\q1_snapshot\summary.json,real_run_or_direct_audit
q1_baseline,/selected_predictions/5/距离间隔,4082.4400690545845,C:\Users\aaa\Desktop\test\outputs\20260831_evidence_registry\20260831T163625\q1_snapshot\summary.json,real_run_or_direct_audit
q1_baseline,/selected_predictions/6/序号,55,C:\Users\aaa\Desktop\test\outputs\20260831_evidence_registry\20260831T163625\q1_snapshot\summary.json,real_run_or_direct_audit
q1_baseline,/selected_predictions/6/分类编号,2,C:\Users\aaa\Desktop\test\outputs\20260831_evidence_registry\20260831T163625\q1_snapshot\summary.json,real_run_or_direct_audit
q1_baseline,/selected_predictions/6/距离间隔,238.80433444680293,C:\Users\aaa\Desktop\test\outputs\20260831_evidence_registry\20260831T163625\q1_snapshot\summary.json,real_run_or_direct_audit
q1_baseline,/selected_predictions/7/序号,65,C:\Users\aaa\Desktop\test\outputs\20260831_evidence_registry\20260831T163625\q1_snapshot\summary.json,real_run_or_direct_audit
q1_baseline,/selected_predictions/7/分类编号,2,C:\Users\aaa\Desktop\test\outputs\20260831_evidence_registry\20260831T163625\q1_snapshot\summary.json,real_run_or_direct_audit
q1_baseline,/selected_predictions/7/距离间隔,42779.71594592922,C:\Users\aaa\Desktop\test\outputs\20260831_evidence_registry\20260831T163625\q1_snapshot\summary.json,real_run_or_direct_audit
q1_baseline,/selected_predictions/8/序号,75,C:\Users\aaa\Desktop\test\outputs\20260831_evidence_registry\20260831T163625\q1_snapshot\summary.json,real_run_or_direct_audit
q1_baseline,/selected_predictions/8/分类编号,2,C:\Users\aaa\Desktop\test\outputs\20260831_evidence_registry\20260831T163625\q1_snapshot\summary.json,real_run_or_direct_audit
q1_baseline,/selected_predictions/8/距离间隔,237.28775168667516,C:\Users\aaa\Desktop\test\outputs\20260831_evidence_registry\20260831T163625\q1_snapshot\summary.json,real_run_or_direct_audit
q1_baseline,/selected_predictions/9/序号,80,C:\Users\aaa\Desktop\test\outputs\20260831_evidence_registry\20260831T163625\q1_snapshot\summary.json,real_run_or_direct_audit
q1_baseline,/selected_predictions/9/分类编号,1,C:\Users\aaa\Desktop\test\outputs\20260831_evidence_registry\20260831T163625\q1_snapshot\summary.json,real_run_or_direct_audit
q1_baseline,/selected_predictions/9/距离间隔,1029.8644473686327,C:\Users\aaa\Desktop\test\outputs\20260831_evidence_registry\20260831T163625\q1_snapshot\summary.json,real_run_or_direct_audit
q1_comparison,/seed,20240827,C:\Users\aaa\Desktop\test\outputs\20260831_evidence_registry\20260831T163625\q1_snapshot\model_comparison.json,real_run_or_direct_audit
q1_comparison,/training_rows_after_duplicate_removal,12399,C:\Users\aaa\Desktop\test\outputs\20260831_evidence_registry\20260831T163625\q1_snapshot\model_comparison.json,real_run_or_direct_audit
q1_comparison,/duplicate_removed/0/row,908,C:\Users\aaa\Desktop\test\outputs\20260831_evidence_registry\20260831T163625\q1_snapshot\model_comparison.json,real_run_or_direct_audit
q1_comparison,/validation_split/train_rows,9918,C:\Users\aaa\Desktop\test\outputs\20260831_evidence_registry\20260831T163625\q1_snapshot\model_comparison.json,real_run_or_direct_audit
q1_comparison,/validation_split/valid_rows,2481,C:\Users\aaa\Desktop\test\outputs\20260831_evidence_registry\20260831T163625\q1_snapshot\model_comparison.json,real_run_or_direct_audit
q1_comparison,/validation_metrics/rbf_svm/accuracy,1.0,C:\Users\aaa\Desktop\test\outputs\20260831_evidence_registry\20260831T163625\q1_snapshot\model_comparison.json,real_run_or_direct_audit
q1_comparison,/validation_metrics/rbf_svm/macro_f1,1.0,C:\Users\aaa\Desktop\test\outputs\20260831_evidence_registry\20260831T163625\q1_snapshot\model_comparison.json,real_run_or_direct_audit
q1_comparison,/validation_metrics/rbf_svm/confusion_matrix_rows_true_cols_pred/0/0,811,C:\Users\aaa\Desktop\test\outputs\20260831_evidence_registry\20260831T163625\q1_snapshot\model_comparison.json,real_run_or_direct_audit
q1_comparison,/validation_metrics/rbf_svm/confusion_matrix_rows_true_cols_pred/0/1,0,C:\Users\aaa\Desktop\test\outputs\20260831_evidence_registry\20260831T163625\q1_snapshot\model_comparison.json,real_run_or_direct_audit
q1_comparison,/validation_metrics/rbf_svm/confusion_matrix_rows_true_cols_pred/0/2,0,C:\Users\aaa\Desktop\test\outputs\20260831_evidence_registry\20260831T163625\q1_snapshot\model_comparison.json,real_run_or_direct_audit
q1_comparison,/validation_metrics/rbf_svm/confusion_matrix_rows_true_cols_pred/1/0,0,C:\Users\aaa\Desktop\test\outputs\20260831_evidence_registry\20260831T163625\q1_snapshot\model_comparison.json,real_run_or_direct_audit
q1_comparison,/validation_metrics/rbf_svm/confusion_matrix_rows_true_cols_pred/1/1,990,C:\Users\aaa\Desktop\test\outputs\20260831_evidence_registry\20260831T163625\q1_snapshot\model_comparison.json,real_run_or_direct_audit
q1_comparison,/validation_metrics/rbf_svm/confusion_matrix_rows_true_cols_pred/1/2,0,C:\Users\aaa\Desktop\test\outputs\20260831_evidence_registry\20260831T163625\q1_snapshot\model_comparison.json,real_run_or_direct_audit
q1_comparison,/validation_metrics/rbf_svm/confusion_matrix_rows_true_cols_pred/2/0,0,C:\Users\aaa\Desktop\test\outputs\20260831_evidence_registry\20260831T163625\q1_snapshot\model_comparison.json,real_run_or_direct_audit
q1_comparison,/validation_metrics/rbf_svm/confusion_matrix_rows_true_cols_pred/2/1,0,C:\Users\aaa\Desktop\test\outputs\20260831_evidence_registry\20260831T163625\q1_snapshot\model_comparison.json,real_run_or_direct_audit
q1_comparison,/validation_metrics/rbf_svm/confusion_matrix_rows_true_cols_pred/2/2,680,C:\Users\aaa\Desktop\test\outputs\20260831_evidence_registry\20260831T163625\q1_snapshot\model_comparison.json,real_run_or_direct_audit
q1_comparison,/validation_metrics/rbf_svm/per_class/正弦波/precision,1.0,C:\Users\aaa\Desktop\test\outputs\20260831_evidence_registry\20260831T163625\q1_snapshot\model_comparison.json,real_run_or_direct_audit
q1_comparison,/validation_metrics/rbf_svm/per_class/正弦波/recall,1.0,C:\Users\aaa\Desktop\test\outputs\20260831_evidence_registry\20260831T163625\q1_snapshot\model_comparison.json,real_run_or_direct_audit
q1_comparison,/validation_metrics/rbf_svm/per_class/正弦波/f1,1.0,C:\Users\aaa\Desktop\test\outputs\20260831_evidence_registry\20260831T163625\q1_snapshot\model_comparison.json,real_run_or_direct_audit
q1_comparison,/validation_metrics/rbf_svm/per_class/正弦波/support,811,C:\Users\aaa\Desktop\test\outputs\20260831_evidence_registry\20260831T163625\q1_snapshot\model_comparison.json,real_run_or_direct_audit
q1_comparison,/validation_metrics/rbf_svm/per_class/三角波/precision,1.0,C:\Users\aaa\Desktop\test\outputs\20260831_evidence_registry\20260831T163625\q1_snapshot\model_comparison.json,real_run_or_direct_audit
q1_comparison,/validation_metrics/rbf_svm/per_class/三角波/recall,1.0,C:\Users\aaa\Desktop\test\outputs\20260831_evidence_registry\20260831T163625\q1_snapshot\model_comparison.json,real_run_or_direct_audit
q1_comparison,/validation_metrics/rbf_svm/per_class/三角波/f1,1.0,C:\Users\aaa\Desktop\test\outputs\20260831_evidence_registry\20260831T163625\q1_snapshot\model_comparison.json,real_run_or_direct_audit
q1_comparison,/validation_metrics/rbf_svm/per_class/三角波/support,990,C:\Users\aaa\Desktop\test\outputs\20260831_evidence_registry\20260831T163625\q1_snapshot\model_comparison.json,real_run_or_direct_audit
q1_comparison,/validation_metrics/rbf_svm/per_class/梯形波/precision,1.0,C:\Users\aaa\Desktop\test\outputs\20260831_evidence_registry\20260831T163625\q1_snapshot\model_comparison.json,real_run_or_direct_audit
q1_comparison,/validation_metrics/rbf_svm/per_class/梯形波/recall,1.0,C:\Users\aaa\Desktop\test\outputs\20260831_evidence_registry\20260831T163625\q1_snapshot\model_comparison.json,real_run_or_direct_audit
q1_comparison,/validation_metrics/rbf_svm/per_class/梯形波/f1,1.0,C:\Users\aaa\Desktop\test\outputs\20260831_evidence_registry\20260831T163625\q1_snapshot\model_comparison.json,real_run_or_direct_audit
q1_comparison,/validation_metrics/rbf_svm/per_class/梯形波/support,680,C:\Users\aaa\Desktop\test\outputs\20260831_evidence_registry\20260831T163625\q1_snapshot\model_comparison.json,real_run_or_direct_audit
q1_comparison,/validation_metrics/rbf_svm/fit_seconds,0.2318533000034222,C:\Users\aaa\Desktop\test\outputs\20260831_evidence_registry\20260831T163625\q1_snapshot\model_comparison.json,real_run_or_direct_audit
q1_comparison,/validation_metrics/rbf_svm/predict_seconds,0.018724900000961497,C:\Users\aaa\Desktop\test\outputs\20260831_evidence_registry\20260831T163625\q1_snapshot\model_comparison.json,real_run_or_direct_audit
q1_comparison,/validation_metrics/random_forest/accuracy,1.0,C:\Users\aaa\Desktop\test\outputs\20260831_evidence_registry\20260831T163625\q1_snapshot\model_comparison.json,real_run_or_direct_audit
q1_comparison,/validation_metrics/random_forest/macro_f1,1.0,C:\Users\aaa\Desktop\test\outputs\20260831_evidence_registry\20260831T163625\q1_snapshot\model_comparison.json,real_run_or_direct_audit
q1_comparison,/validation_metrics/random_forest/confusion_matrix_rows_true_cols_pred/0/0,811,C:\Users\aaa\Desktop\test\outputs\20260831_evidence_registry\20260831T163625\q1_snapshot\model_comparison.json,real_run_or_direct_audit
q1_comparison,/validation_metrics/random_forest/confusion_matrix_rows_true_cols_pred/0/1,0,C:\Users\aaa\Desktop\test\outputs\20260831_evidence_registry\20260831T163625\q1_snapshot\model_comparison.json,real_run_or_direct_audit
q1_comparison,/validation_metrics/random_forest/confusion_matrix_rows_true_cols_pred/0/2,0,C:\Users\aaa\Desktop\test\outputs\20260831_evidence_registry\20260831T163625\q1_snapshot\model_comparison.json,real_run_or_direct_audit
q1_comparison,/validation_metrics/random_forest/confusion_matrix_rows_true_cols_pred/1/0,0,C:\Users\aaa\Desktop\test\outputs\20260831_evidence_registry\20260831T163625\q1_snapshot\model_comparison.json,real_run_or_direct_audit
q1_comparison,/validation_metrics/random_forest/confusion_matrix_rows_true_cols_pred/1/1,990,C:\Users\aaa\Desktop\test\outputs\20260831_evidence_registry\20260831T163625\q1_snapshot\model_comparison.json,real_run_or_direct_audit
q1_comparison,/validation_metrics/random_forest/confusion_matrix_rows_true_cols_pred/1/2,0,C:\Users\aaa\Desktop\test\outputs\20260831_evidence_registry\20260831T163625\q1_snapshot\model_comparison.json,real_run_or_direct_audit
q1_comparison,/validation_metrics/random_forest/confusion_matrix_rows_true_cols_pred/2/0,0,C:\Users\aaa\Desktop\test\outputs\20260831_evidence_registry\20260831T163625\q1_snapshot\model_comparison.json,real_run_or_direct_audit
q1_comparison,/validation_metrics/random_forest/confusion_matrix_rows_true_cols_pred/2/1,0,C:\Users\aaa\Desktop\test\outputs\20260831_evidence_registry\20260831T163625\q1_snapshot\model_comparison.json,real_run_or_direct_audit
q1_comparison,/validation_metrics/random_forest/confusion_matrix_rows_true_cols_pred/2/2,680,C:\Users\aaa\Desktop\test\outputs\20260831_evidence_registry\20260831T163625\q1_snapshot\model_comparison.json,real_run_or_direct_audit
q1_comparison,/validation_metrics/random_forest/per_class/正弦波/precision,1.0,C:\Users\aaa\Desktop\test\outputs\20260831_evidence_registry\20260831T163625\q1_snapshot\model_comparison.json,real_run_or_direct_audit
q1_comparison,/validation_metrics/random_forest/per_class/正弦波/recall,1.0,C:\Users\aaa\Desktop\test\outputs\20260831_evidence_registry\20260831T163625\q1_snapshot\model_comparison.json,real_run_or_direct_audit
q1_comparison,/validation_metrics/random_forest/per_class/正弦波/f1,1.0,C:\Users\aaa\Desktop\test\outputs\20260831_evidence_registry\20260831T163625\q1_snapshot\model_comparison.json,real_run_or_direct_audit
q1_comparison,/validation_metrics/random_forest/per_class/正弦波/support,811,C:\Users\aaa\Desktop\test\outputs\20260831_evidence_registry\20260831T163625\q1_snapshot\model_comparison.json,real_run_or_direct_audit
q1_comparison,/validation_metrics/random_forest/per_class/三角波/precision,1.0,C:\Users\aaa\Desktop\test\outputs\20260831_evidence_registry\20260831T163625\q1_snapshot\model_comparison.json,real_run_or_direct_audit
q1_comparison,/validation_metrics/random_forest/per_class/三角波/recall,1.0,C:\Users\aaa\Desktop\test\outputs\20260831_evidence_registry\20260831T163625\q1_snapshot\model_comparison.json,real_run_or_direct_audit
q1_comparison,/validation_metrics/random_forest/per_class/三角波/f1,1.0,C:\Users\aaa\Desktop\test\outputs\20260831_evidence_registry\20260831T163625\q1_snapshot\model_comparison.json,real_run_or_direct_audit
q1_comparison,/validation_metrics/random_forest/per_class/三角波/support,990,C:\Users\aaa\Desktop\test\outputs\20260831_evidence_registry\20260831T163625\q1_snapshot\model_comparison.json,real_run_or_direct_audit
q1_comparison,/validation_metrics/random_forest/per_class/梯形波/precision,1.0,C:\Users\aaa\Desktop\test\outputs\20260831_evidence_registry\20260831T163625\q1_snapshot\model_comparison.json,real_run_or_direct_audit
q1_comparison,/validation_metrics/random_forest/per_class/梯形波/recall,1.0,C:\Users\aaa\Desktop\test\outputs\20260831_evidence_registry\20260831T163625\q1_snapshot\model_comparison.json,real_run_or_direct_audit
q1_comparison,/validation_metrics/random_forest/per_class/梯形波/f1,1.0,C:\Users\aaa\Desktop\test\outputs\20260831_evidence_registry\20260831T163625\q1_snapshot\model_comparison.json,real_run_or_direct_audit
q1_comparison,/validation_metrics/random_forest/per_class/梯形波/support,680,C:\Users\aaa\Desktop\test\outputs\20260831_evidence_registry\20260831T163625\q1_snapshot\model_comparison.json,real_run_or_direct_audit
q1_comparison,/validation_metrics/random_forest/fit_seconds,2.092859700002009,C:\Users\aaa\Desktop\test\outputs\20260831_evidence_registry\20260831T163625\q1_snapshot\model_comparison.json,real_run_or_direct_audit
q1_comparison,/validation_metrics/random_forest/predict_seconds,0.22436399999787682,C:\Users\aaa\Desktop\test\outputs\20260831_evidence_registry\20260831T163625\q1_snapshot\model_comparison.json,real_run_or_direct_audit
q1_comparison,/leave_one_material_out_metrics/rbf_svm/folds/材料1/accuracy,1.0,C:\Users\aaa\Desktop\test\outputs\20260831_evidence_registry\20260831T163625\q1_snapshot\model_comparison.json,real_run_or_direct_audit
q1_comparison,/leave_one_material_out_metrics/rbf_svm/folds/材料1/macro_f1,1.0,C:\Users\aaa\Desktop\test\outputs\20260831_evidence_registry\20260831T163625\q1_snapshot\model_comparison.json,real_run_or_direct_audit
q1_comparison,/leave_one_material_out_metrics/rbf_svm/folds/材料1/confusion_matrix_rows_true_cols_pred/0/0,1067,C:\Users\aaa\Desktop\test\outputs\20260831_evidence_registry\20260831T163625\q1_snapshot\model_comparison.json,real_run_or_direct_audit
q1_comparison,/leave_one_material_out_metrics/rbf_svm/folds/材料1/confusion_matrix_rows_true_cols_pred/0/1,0,C:\Users\aaa\Desktop\test\outputs\20260831_evidence_registry\20260831T163625\q1_snapshot\model_comparison.json,real_run_or_direct_audit
q1_comparison,/leave_one_material_out_metrics/rbf_svm/folds/材料1/confusion_matrix_rows_true_cols_pred/0/2,0,C:\Users\aaa\Desktop\test\outputs\20260831_evidence_registry\20260831T163625\q1_snapshot\model_comparison.json,real_run_or_direct_audit
q1_comparison,/leave_one_material_out_metrics/rbf_svm/folds/材料1/confusion_matrix_rows_true_cols_pred/1/0,0,C:\Users\aaa\Desktop\test\outputs\20260831_evidence_registry\20260831T163625\q1_snapshot\model_comparison.json,real_run_or_direct_audit
q1_comparison,/leave_one_material_out_metrics/rbf_svm/folds/材料1/confusion_matrix_rows_true_cols_pred/1/1,1412,C:\Users\aaa\Desktop\test\outputs\20260831_evidence_registry\20260831T163625\q1_snapshot\model_comparison.json,real_run_or_direct_audit
q1_comparison,/leave_one_material_out_metrics/rbf_svm/folds/材料1/confusion_matrix_rows_true_cols_pred/1/2,0,C:\Users\aaa\Desktop\test\outputs\20260831_evidence_registry\20260831T163625\q1_snapshot\model_comparison.json,real_run_or_direct_audit
q1_comparison,/leave_one_material_out_metrics/rbf_svm/folds/材料1/confusion_matrix_rows_true_cols_pred/2/0,0,C:\Users\aaa\Desktop\test\outputs\20260831_evidence_registry\20260831T163625\q1_snapshot\model_comparison.json,real_run_or_direct_audit
q1_comparison,/leave_one_material_out_metrics/rbf_svm/folds/材料1/confusion_matrix_rows_true_cols_pred/2/1,0,C:\Users\aaa\Desktop\test\outputs\20260831_evidence_registry\20260831T163625\q1_snapshot\model_comparison.json,real_run_or_direct_audit
q1_comparison,/leave_one_material_out_metrics/rbf_svm/folds/材料1/confusion_matrix_rows_true_cols_pred/2/2,921,C:\Users\aaa\Desktop\test\outputs\20260831_evidence_registry\20260831T163625\q1_snapshot\model_comparison.json,real_run_or_direct_audit
q1_comparison,/leave_one_material_out_metrics/rbf_svm/folds/材料1/per_class/正弦波/precision,1.0,C:\Users\aaa\Desktop\test\outputs\20260831_evidence_registry\20260831T163625\q1_snapshot\model_comparison.json,real_run_or_direct_audit
q1_comparison,/leave_one_material_out_metrics/rbf_svm/folds/材料1/per_class/正弦波/recall,1.0,C:\Users\aaa\Desktop\test\outputs\20260831_evidence_registry\20260831T163625\q1_snapshot\model_comparison.json,real_run_or_direct_audit
q1_comparison,/leave_one_material_out_metrics/rbf_svm/folds/材料1/per_class/正弦波/f1,1.0,C:\Users\aaa\Desktop\test\outputs\20260831_evidence_registry\20260831T163625\q1_snapshot\model_comparison.json,real_run_or_direct_audit
q1_comparison,/leave_one_material_out_metrics/rbf_svm/folds/材料1/per_class/正弦波/support,1067,C:\Users\aaa\Desktop\test\outputs\20260831_evidence_registry\20260831T163625\q1_snapshot\model_comparison.json,real_run_or_direct_audit
q1_comparison,/leave_one_material_out_metrics/rbf_svm/folds/材料1/per_class/三角波/precision,1.0,C:\Users\aaa\Desktop\test\outputs\20260831_evidence_registry\20260831T163625\q1_snapshot\model_comparison.json,real_run_or_direct_audit
q1_comparison,/leave_one_material_out_metrics/rbf_svm/folds/材料1/per_class/三角波/recall,1.0,C:\Users\aaa\Desktop\test\outputs\20260831_evidence_registry\20260831T163625\q1_snapshot\model_comparison.json,real_run_or_direct_audit
q1_comparison,/leave_one_material_out_metrics/rbf_svm/folds/材料1/per_class/三角波/f1,1.0,C:\Users\aaa\Desktop\test\outputs\20260831_evidence_registry\20260831T163625\q1_snapshot\model_comparison.json,real_run_or_direct_audit
q1_comparison,/leave_one_material_out_metrics/rbf_svm/folds/材料1/per_class/三角波/support,1412,C:\Users\aaa\Desktop\test\outputs\20260831_evidence_registry\20260831T163625\q1_snapshot\model_comparison.json,real_run_or_direct_audit
q1_comparison,/leave_one_material_out_metrics/rbf_svm/folds/材料1/per_class/梯形波/precision,1.0,C:\Users\aaa\Desktop\test\outputs\20260831_evidence_registry\20260831T163625\q1_snapshot\model_comparison.json,real_run_or_direct_audit
q1_comparison,/leave_one_material_out_metrics/rbf_svm/folds/材料1/per_class/梯形波/recall,1.0,C:\Users\aaa\Desktop\test\outputs\20260831_evidence_registry\20260831T163625\q1_snapshot\model_comparison.json,real_run_or_direct_audit
q1_comparison,/leave_one_material_out_metrics/rbf_svm/folds/材料1/per_class/梯形波/f1,1.0,C:\Users\aaa\Desktop\test\outputs\20260831_evidence_registry\20260831T163625\q1_snapshot\model_comparison.json,real_run_or_direct_audit
q1_comparison,/leave_one_material_out_metrics/rbf_svm/folds/材料1/per_class/梯形波/support,921,C:\Users\aaa\Desktop\test\outputs\20260831_evidence_registry\20260831T163625\q1_snapshot\model_comparison.json,real_run_or_direct_audit
q1_comparison,/leave_one_material_out_metrics/rbf_svm/folds/材料2/accuracy,1.0,C:\Users\aaa\Desktop\test\outputs\20260831_evidence_registry\20260831T163625\q1_snapshot\model_comparison.json,real_run_or_direct_audit
q1_comparison,/leave_one_material_out_metrics/rbf_svm/folds/材料2/macro_f1,1.0,C:\Users\aaa\Desktop\test\outputs\20260831_evidence_registry\20260831T163625\q1_snapshot\model_comparison.json,real_run_or_direct_audit
q1_comparison,/leave_one_material_out_metrics/rbf_svm/folds/材料2/confusion_matrix_rows_true_cols_pred/0/0,1097,C:\Users\aaa\Desktop\test\outputs\20260831_evidence_registry\20260831T163625\q1_snapshot\model_comparison.json,real_run_or_direct_audit
q1_comparison,/leave_one_material_out_metrics/rbf_svm/folds/材料2/confusion_matrix_rows_true_cols_pred/0/1,0,C:\Users\aaa\Desktop\test\outputs\20260831_evidence_registry\20260831T163625\q1_snapshot\model_comparison.json,real_run_or_direct_audit
q1_comparison,/leave_one_material_out_metrics/rbf_svm/folds/材料2/confusion_matrix_rows_true_cols_pred/0/2,0,C:\Users\aaa\Desktop\test\outputs\20260831_evidence_registry\20260831T163625\q1_snapshot\model_comparison.json,real_run_or_direct_audit
q1_comparison,/leave_one_material_out_metrics/rbf_svm/folds/材料2/confusion_matrix_rows_true_cols_pred/1/0,0,C:\Users\aaa\Desktop\test\outputs\20260831_evidence_registry\20260831T163625\q1_snapshot\model_comparison.json,real_run_or_direct_audit
q1_comparison,/leave_one_material_out_metrics/rbf_svm/folds/材料2/confusion_matrix_rows_true_cols_pred/1/1,1003,C:\Users\aaa\Desktop\test\outputs\20260831_evidence_registry\20260831T163625\q1_snapshot\model_comparison.json,real_run_or_direct_audit
q1_comparison,/leave_one_material_out_metrics/rbf_svm/folds/材料2/confusion_matrix_rows_true_cols_pred/1/2,0,C:\Users\aaa\Desktop\test\outputs\20260831_evidence_registry\20260831T163625\q1_snapshot\model_comparison.json,real_run_or_direct_audit
q1_comparison,/leave_one_material_out_metrics/rbf_svm/folds/材料2/confusion_matrix_rows_true_cols_pred/2/0,0,C:\Users\aaa\Desktop\test\outputs\20260831_evidence_registry\20260831T163625\q1_snapshot\model_comparison.json,real_run_or_direct_audit
q1_comparison,/leave_one_material_out_metrics/rbf_svm/folds/材料2/confusion_matrix_rows_true_cols_pred/2/1,0,C:\Users\aaa\Desktop\test\outputs\20260831_evidence_registry\20260831T163625\q1_snapshot\model_comparison.json,real_run_or_direct_audit
q1_comparison,/leave_one_material_out_metrics/rbf_svm/folds/材料2/confusion_matrix_rows_true_cols_pred/2/2,900,C:\Users\aaa\Desktop\test\outputs\20260831_evidence_registry\20260831T163625\q1_snapshot\model_comparison.json,real_run_or_direct_audit
q1_comparison,/leave_one_material_out_metrics/rbf_svm/folds/材料2/per_class/正弦波/precision,1.0,C:\Users\aaa\Desktop\test\outputs\20260831_evidence_registry\20260831T163625\q1_snapshot\model_comparison.json,real_run_or_direct_audit
q1_comparison,/leave_one_material_out_metrics/rbf_svm/folds/材料2/per_class/正弦波/recall,1.0,C:\Users\aaa\Desktop\test\outputs\20260831_evidence_registry\20260831T163625\q1_snapshot\model_comparison.json,real_run_or_direct_audit
q1_comparison,/leave_one_material_out_metrics/rbf_svm/folds/材料2/per_class/正弦波/f1,1.0,C:\Users\aaa\Desktop\test\outputs\20260831_evidence_registry\20260831T163625\q1_snapshot\model_comparison.json,real_run_or_direct_audit
q1_comparison,/leave_one_material_out_metrics/rbf_svm/folds/材料2/per_class/正弦波/support,1097,C:\Users\aaa\Desktop\test\outputs\20260831_evidence_registry\20260831T163625\q1_snapshot\model_comparison.json,real_run_or_direct_audit
q1_comparison,/leave_one_material_out_metrics/rbf_svm/folds/材料2/per_class/三角波/precision,1.0,C:\Users\aaa\Desktop\test\outputs\20260831_evidence_registry\20260831T163625\q1_snapshot\model_comparison.json,real_run_or_direct_audit
q1_comparison,/leave_one_material_out_metrics/rbf_svm/folds/材料2/per_class/三角波/recall,1.0,C:\Users\aaa\Desktop\test\outputs\20260831_evidence_registry\20260831T163625\q1_snapshot\model_comparison.json,real_run_or_direct_audit
q1_comparison,/leave_one_material_out_metrics/rbf_svm/folds/材料2/per_class/三角波/f1,1.0,C:\Users\aaa\Desktop\test\outputs\20260831_evidence_registry\20260831T163625\q1_snapshot\model_comparison.json,real_run_or_direct_audit
q1_comparison,/leave_one_material_out_metrics/rbf_svm/folds/材料2/per_class/三角波/support,1003,C:\Users\aaa\Desktop\test\outputs\20260831_evidence_registry\20260831T163625\q1_snapshot\model_comparison.json,real_run_or_direct_audit
q1_comparison,/leave_one_material_out_metrics/rbf_svm/folds/材料2/per_class/梯形波/precision,1.0,C:\Users\aaa\Desktop\test\outputs\20260831_evidence_registry\20260831T163625\q1_snapshot\model_comparison.json,real_run_or_direct_audit
q1_comparison,/leave_one_material_out_metrics/rbf_svm/folds/材料2/per_class/梯形波/recall,1.0,C:\Users\aaa\Desktop\test\outputs\20260831_evidence_registry\20260831T163625\q1_snapshot\model_comparison.json,real_run_or_direct_audit
q1_comparison,/leave_one_material_out_metrics/rbf_svm/folds/材料2/per_class/梯形波/f1,1.0,C:\Users\aaa\Desktop\test\outputs\20260831_evidence_registry\20260831T163625\q1_snapshot\model_comparison.json,real_run_or_direct_audit
q1_comparison,/leave_one_material_out_metrics/rbf_svm/folds/材料2/per_class/梯形波/support,900,C:\Users\aaa\Desktop\test\outputs\20260831_evidence_registry\20260831T163625\q1_snapshot\model_comparison.json,real_run_or_direct_audit
q1_comparison,/leave_one_material_out_metrics/rbf_svm/folds/材料3/accuracy,1.0,C:\Users\aaa\Desktop\test\outputs\20260831_evidence_registry\20260831T163625\q1_snapshot\model_comparison.json,real_run_or_direct_audit
q1_comparison,/leave_one_material_out_metrics/rbf_svm/folds/材料3/macro_f1,1.0,C:\Users\aaa\Desktop\test\outputs\20260831_evidence_registry\20260831T163625\q1_snapshot\model_comparison.json,real_run_or_direct_audit
q1_comparison,/leave_one_material_out_metrics/rbf_svm/folds/材料3/confusion_matrix_rows_true_cols_pred/0/0,1009,C:\Users\aaa\Desktop\test\outputs\20260831_evidence_registry\20260831T163625\q1_snapshot\model_comparison.json,real_run_or_direct_audit
q1_comparison,/leave_one_material_out_metrics/rbf_svm/folds/材料3/confusion_matrix_rows_true_cols_pred/0/1,0,C:\Users\aaa\Desktop\test\outputs\20260831_evidence_registry\20260831T163625\q1_snapshot\model_comparison.json,real_run_or_direct_audit
q1_comparison,/leave_one_material_out_metrics/rbf_svm/folds/材料3/confusion_matrix_rows_true_cols_pred/0/2,0,C:\Users\aaa\Desktop\test\outputs\20260831_evidence_registry\20260831T163625\q1_snapshot\model_comparison.json,real_run_or_direct_audit
q1_comparison,/leave_one_material_out_metrics/rbf_svm/folds/材料3/confusion_matrix_rows_true_cols_pred/1/0,0,C:\Users\aaa\Desktop\test\outputs\20260831_evidence_registry\20260831T163625\q1_snapshot\model_comparison.json,real_run_or_direct_audit
q1_comparison,/leave_one_material_out_metrics/rbf_svm/folds/材料3/confusion_matrix_rows_true_cols_pred/1/1,1078,C:\Users\aaa\Desktop\test\outputs\20260831_evidence_registry\20260831T163625\q1_snapshot\model_comparison.json,real_run_or_direct_audit
q1_comparison,/leave_one_material_out_metrics/rbf_svm/folds/材料3/confusion_matrix_rows_true_cols_pred/1/2,0,C:\Users\aaa\Desktop\test\outputs\20260831_evidence_registry\20260831T163625\q1_snapshot\model_comparison.json,real_run_or_direct_audit
q1_comparison,/leave_one_material_out_metrics/rbf_svm/folds/材料3/confusion_matrix_rows_true_cols_pred/2/0,0,C:\Users\aaa\Desktop\test\outputs\20260831_evidence_registry\20260831T163625\q1_snapshot\model_comparison.json,real_run_or_direct_audit
q1_comparison,/leave_one_material_out_metrics/rbf_svm/folds/材料3/confusion_matrix_rows_true_cols_pred/2/1,0,C:\Users\aaa\Desktop\test\outputs\20260831_evidence_registry\20260831T163625\q1_snapshot\model_comparison.json,real_run_or_direct_audit
q1_comparison,/leave_one_material_out_metrics/rbf_svm/folds/材料3/confusion_matrix_rows_true_cols_pred/2/2,1112,C:\Users\aaa\Desktop\test\outputs\20260831_evidence_registry\20260831T163625\q1_snapshot\model_comparison.json,real_run_or_direct_audit
q1_comparison,/leave_one_material_out_metrics/rbf_svm/folds/材料3/per_class/正弦波/precision,1.0,C:\Users\aaa\Desktop\test\outputs\20260831_evidence_registry\20260831T163625\q1_snapshot\model_comparison.json,real_run_or_direct_audit
q1_comparison,/leave_one_material_out_metrics/rbf_svm/folds/材料3/per_class/正弦波/recall,1.0,C:\Users\aaa\Desktop\test\outputs\20260831_evidence_registry\20260831T163625\q1_snapshot\model_comparison.json,real_run_or_direct_audit
q1_comparison,/leave_one_material_out_metrics/rbf_svm/folds/材料3/per_class/正弦波/f1,1.0,C:\Users\aaa\Desktop\test\outputs\20260831_evidence_registry\20260831T163625\q1_snapshot\model_comparison.json,real_run_or_direct_audit
q1_comparison,/leave_one_material_out_metrics/rbf_svm/folds/材料3/per_class/正弦波/support,1009,C:\Users\aaa\Desktop\test\outputs\20260831_evidence_registry\20260831T163625\q1_snapshot\model_comparison.json,real_run_or_direct_audit
q1_comparison,/leave_one_material_out_metrics/rbf_svm/folds/材料3/per_class/三角波/precision,1.0,C:\Users\aaa\Desktop\test\outputs\20260831_evidence_registry\20260831T163625\q1_snapshot\model_comparison.json,real_run_or_direct_audit
q1_comparison,/leave_one_material_out_metrics/rbf_svm/folds/材料3/per_class/三角波/recall,1.0,C:\Users\aaa\Desktop\test\outputs\20260831_evidence_registry\20260831T163625\q1_snapshot\model_comparison.json,real_run_or_direct_audit
q1_comparison,/leave_one_material_out_metrics/rbf_svm/folds/材料3/per_class/三角波/f1,1.0,C:\Users\aaa\Desktop\test\outputs\20260831_evidence_registry\20260831T163625\q1_snapshot\model_comparison.json,real_run_or_direct_audit
q1_comparison,/leave_one_material_out_metrics/rbf_svm/folds/材料3/per_class/三角波/support,1078,C:\Users\aaa\Desktop\test\outputs\20260831_evidence_registry\20260831T163625\q1_snapshot\model_comparison.json,real_run_or_direct_audit
q1_comparison,/leave_one_material_out_metrics/rbf_svm/folds/材料3/per_class/梯形波/precision,1.0,C:\Users\aaa\Desktop\test\outputs\20260831_evidence_registry\20260831T163625\q1_snapshot\model_comparison.json,real_run_or_direct_audit
q1_comparison,/leave_one_material_out_metrics/rbf_svm/folds/材料3/per_class/梯形波/recall,1.0,C:\Users\aaa\Desktop\test\outputs\20260831_evidence_registry\20260831T163625\q1_snapshot\model_comparison.json,real_run_or_direct_audit
q1_comparison,/leave_one_material_out_metrics/rbf_svm/folds/材料3/per_class/梯形波/f1,1.0,C:\Users\aaa\Desktop\test\outputs\20260831_evidence_registry\20260831T163625\q1_snapshot\model_comparison.json,real_run_or_direct_audit
q1_comparison,/leave_one_material_out_metrics/rbf_svm/folds/材料3/per_class/梯形波/support,1112,C:\Users\aaa\Desktop\test\outputs\20260831_evidence_registry\20260831T163625\q1_snapshot\model_comparison.json,real_run_or_direct_audit
q1_comparison,/leave_one_material_out_metrics/rbf_svm/folds/材料4/accuracy,1.0,C:\Users\aaa\Desktop\test\outputs\20260831_evidence_registry\20260831T163625\q1_snapshot\model_comparison.json,real_run_or_direct_audit
q1_comparison,/leave_one_material_out_metrics/rbf_svm/folds/材料4/macro_f1,1.0,C:\Users\aaa\Desktop\test\outputs\20260831_evidence_registry\20260831T163625\q1_snapshot\model_comparison.json,real_run_or_direct_audit
q1_comparison,/leave_one_material_out_metrics/rbf_svm/folds/材料4/confusion_matrix_rows_true_cols_pred/0/0,880,C:\Users\aaa\Desktop\test\outputs\20260831_evidence_registry\20260831T163625\q1_snapshot\model_comparison.json,real_run_or_direct_audit
q1_comparison,/leave_one_material_out_metrics/rbf_svm/folds/材料4/confusion_matrix_rows_true_cols_pred/0/1,0,C:\Users\aaa\Desktop\test\outputs\20260831_evidence_registry\20260831T163625\q1_snapshot\model_comparison.json,real_run_or_direct_audit
q1_comparison,/leave_one_material_out_metrics/rbf_svm/folds/材料4/confusion_matrix_rows_true_cols_pred/0/2,0,C:\Users\aaa\Desktop\test\outputs\20260831_evidence_registry\20260831T163625\q1_snapshot\model_comparison.json,real_run_or_direct_audit
q1_comparison,/leave_one_material_out_metrics/rbf_svm/folds/材料4/confusion_matrix_rows_true_cols_pred/1/0,0,C:\Users\aaa\Desktop\test\outputs\20260831_evidence_registry\20260831T163625\q1_snapshot\model_comparison.json,real_run_or_direct_audit
q1_comparison,/leave_one_material_out_metrics/rbf_svm/folds/材料4/confusion_matrix_rows_true_cols_pred/1/1,1455,C:\Users\aaa\Desktop\test\outputs\20260831_evidence_registry\20260831T163625\q1_snapshot\model_comparison.json,real_run_or_direct_audit
q1_comparison,/leave_one_material_out_metrics/rbf_svm/folds/材料4/confusion_matrix_rows_true_cols_pred/1/2,0,C:\Users\aaa\Desktop\test\outputs\20260831_evidence_registry\20260831T163625\q1_snapshot\model_comparison.json,real_run_or_direct_audit
q1_comparison,/leave_one_material_out_metrics/rbf_svm/folds/材料4/confusion_matrix_rows_true_cols_pred/2/0,0,C:\Users\aaa\Desktop\test\outputs\20260831_evidence_registry\20260831T163625\q1_snapshot\model_comparison.json,real_run_or_direct_audit
q1_comparison,/leave_one_material_out_metrics/rbf_svm/folds/材料4/confusion_matrix_rows_true_cols_pred/2/1,0,C:\Users\aaa\Desktop\test\outputs\20260831_evidence_registry\20260831T163625\q1_snapshot\model_comparison.json,real_run_or_direct_audit
q1_comparison,/leave_one_material_out_metrics/rbf_svm/folds/材料4/confusion_matrix_rows_true_cols_pred/2/2,465,C:\Users\aaa\Desktop\test\outputs\20260831_evidence_registry\20260831T163625\q1_snapshot\model_comparison.json,real_run_or_direct_audit
q1_comparison,/leave_one_material_out_metrics/rbf_svm/folds/材料4/per_class/正弦波/precision,1.0,C:\Users\aaa\Desktop\test\outputs\20260831_evidence_registry\20260831T163625\q1_snapshot\model_comparison.json,real_run_or_direct_audit
q1_comparison,/leave_one_material_out_metrics/rbf_svm/folds/材料4/per_class/正弦波/recall,1.0,C:\Users\aaa\Desktop\test\outputs\20260831_evidence_registry\20260831T163625\q1_snapshot\model_comparison.json,real_run_or_direct_audit
q1_comparison,/leave_one_material_out_metrics/rbf_svm/folds/材料4/per_class/正弦波/f1,1.0,C:\Users\aaa\Desktop\test\outputs\20260831_evidence_registry\20260831T163625\q1_snapshot\model_comparison.json,real_run_or_direct_audit
q1_comparison,/leave_one_material_out_metrics/rbf_svm/folds/材料4/per_class/正弦波/support,880,C:\Users\aaa\Desktop\test\outputs\20260831_evidence_registry\20260831T163625\q1_snapshot\model_comparison.json,real_run_or_direct_audit
q1_comparison,/leave_one_material_out_metrics/rbf_svm/folds/材料4/per_class/三角波/precision,1.0,C:\Users\aaa\Desktop\test\outputs\20260831_evidence_registry\20260831T163625\q1_snapshot\model_comparison.json,real_run_or_direct_audit
q1_comparison,/leave_one_material_out_metrics/rbf_svm/folds/材料4/per_class/三角波/recall,1.0,C:\Users\aaa\Desktop\test\outputs\20260831_evidence_registry\20260831T163625\q1_snapshot\model_comparison.json,real_run_or_direct_audit
q1_comparison,/leave_one_material_out_metrics/rbf_svm/folds/材料4/per_class/三角波/f1,1.0,C:\Users\aaa\Desktop\test\outputs\20260831_evidence_registry\20260831T163625\q1_snapshot\model_comparison.json,real_run_or_direct_audit
q1_comparison,/leave_one_material_out_metrics/rbf_svm/folds/材料4/per_class/三角波/support,1455,C:\Users\aaa\Desktop\test\outputs\20260831_evidence_registry\20260831T163625\q1_snapshot\model_comparison.json,real_run_or_direct_audit
q1_comparison,/leave_one_material_out_metrics/rbf_svm/folds/材料4/per_class/梯形波/precision,1.0,C:\Users\aaa\Desktop\test\outputs\20260831_evidence_registry\20260831T163625\q1_snapshot\model_comparison.json,real_run_or_direct_audit
q1_comparison,/leave_one_material_out_metrics/rbf_svm/folds/材料4/per_class/梯形波/recall,1.0,C:\Users\aaa\Desktop\test\outputs\20260831_evidence_registry\20260831T163625\q1_snapshot\model_comparison.json,real_run_or_direct_audit
q1_comparison,/leave_one_material_out_metrics/rbf_svm/folds/材料4/per_class/梯形波/f1,1.0,C:\Users\aaa\Desktop\test\outputs\20260831_evidence_registry\20260831T163625\q1_snapshot\model_comparison.json,real_run_or_direct_audit
q1_comparison,/leave_one_material_out_metrics/rbf_svm/folds/材料4/per_class/梯形波/support,465,C:\Users\aaa\Desktop\test\outputs\20260831_evidence_registry\20260831T163625\q1_snapshot\model_comparison.json,real_run_or_direct_audit
q1_comparison,/leave_one_material_out_metrics/rbf_svm/aggregate/accuracy,1.0,C:\Users\aaa\Desktop\test\outputs\20260831_evidence_registry\20260831T163625\q1_snapshot\model_comparison.json,real_run_or_direct_audit
q1_comparison,/leave_one_material_out_metrics/rbf_svm/aggregate/macro_f1,1.0,C:\Users\aaa\Desktop\test\outputs\20260831_evidence_registry\20260831T163625\q1_snapshot\model_comparison.json,real_run_or_direct_audit
q1_comparison,/leave_one_material_out_metrics/rbf_svm/aggregate/confusion_matrix_rows_true_cols_pred/0/0,4053,C:\Users\aaa\Desktop\test\outputs\20260831_evidence_registry\20260831T163625\q1_snapshot\model_comparison.json,real_run_or_direct_audit
q1_comparison,/leave_one_material_out_metrics/rbf_svm/aggregate/confusion_matrix_rows_true_cols_pred/0/1,0,C:\Users\aaa\Desktop\test\outputs\20260831_evidence_registry\20260831T163625\q1_snapshot\model_comparison.json,real_run_or_direct_audit
q1_comparison,/leave_one_material_out_metrics/rbf_svm/aggregate/confusion_matrix_rows_true_cols_pred/0/2,0,C:\Users\aaa\Desktop\test\outputs\20260831_evidence_registry\20260831T163625\q1_snapshot\model_comparison.json,real_run_or_direct_audit
q1_comparison,/leave_one_material_out_metrics/rbf_svm/aggregate/confusion_matrix_rows_true_cols_pred/1/0,0,C:\Users\aaa\Desktop\test\outputs\20260831_evidence_registry\20260831T163625\q1_snapshot\model_comparison.json,real_run_or_direct_audit
q1_comparison,/leave_one_material_out_metrics/rbf_svm/aggregate/confusion_matrix_rows_true_cols_pred/1/1,4948,C:\Users\aaa\Desktop\test\outputs\20260831_evidence_registry\20260831T163625\q1_snapshot\model_comparison.json,real_run_or_direct_audit
q1_comparison,/leave_one_material_out_metrics/rbf_svm/aggregate/confusion_matrix_rows_true_cols_pred/1/2,0,C:\Users\aaa\Desktop\test\outputs\20260831_evidence_registry\20260831T163625\q1_snapshot\model_comparison.json,real_run_or_direct_audit
q1_comparison,/leave_one_material_out_metrics/rbf_svm/aggregate/confusion_matrix_rows_true_cols_pred/2/0,0,C:\Users\aaa\Desktop\test\outputs\20260831_evidence_registry\20260831T163625\q1_snapshot\model_comparison.json,real_run_or_direct_audit
q1_comparison,/leave_one_material_out_metrics/rbf_svm/aggregate/confusion_matrix_rows_true_cols_pred/2/1,0,C:\Users\aaa\Desktop\test\outputs\20260831_evidence_registry\20260831T163625\q1_snapshot\model_comparison.json,real_run_or_direct_audit
q1_comparison,/leave_one_material_out_metrics/rbf_svm/aggregate/confusion_matrix_rows_true_cols_pred/2/2,3398,C:\Users\aaa\Desktop\test\outputs\20260831_evidence_registry\20260831T163625\q1_snapshot\model_comparison.json,real_run_or_direct_audit
q1_comparison,/leave_one_material_out_metrics/rbf_svm/aggregate/per_class/正弦波/precision,1.0,C:\Users\aaa\Desktop\test\outputs\20260831_evidence_registry\20260831T163625\q1_snapshot\model_comparison.json,real_run_or_direct_audit
q1_comparison,/leave_one_material_out_metrics/rbf_svm/aggregate/per_class/正弦波/recall,1.0,C:\Users\aaa\Desktop\test\outputs\20260831_evidence_registry\20260831T163625\q1_snapshot\model_comparison.json,real_run_or_direct_audit
q1_comparison,/leave_one_material_out_metrics/rbf_svm/aggregate/per_class/正弦波/f1,1.0,C:\Users\aaa\Desktop\test\outputs\20260831_evidence_registry\20260831T163625\q1_snapshot\model_comparison.json,real_run_or_direct_audit
q1_comparison,/leave_one_material_out_metrics/rbf_svm/aggregate/per_class/正弦波/support,4053,C:\Users\aaa\Desktop\test\outputs\20260831_evidence_registry\20260831T163625\q1_snapshot\model_comparison.json,real_run_or_direct_audit
q1_comparison,/leave_one_material_out_metrics/rbf_svm/aggregate/per_class/三角波/precision,1.0,C:\Users\aaa\Desktop\test\outputs\20260831_evidence_registry\20260831T163625\q1_snapshot\model_comparison.json,real_run_or_direct_audit
q1_comparison,/leave_one_material_out_metrics/rbf_svm/aggregate/per_class/三角波/recall,1.0,C:\Users\aaa\Desktop\test\outputs\20260831_evidence_registry\20260831T163625\q1_snapshot\model_comparison.json,real_run_or_direct_audit
q1_comparison,/leave_one_material_out_metrics/rbf_svm/aggregate/per_class/三角波/f1,1.0,C:\Users\aaa\Desktop\test\outputs\20260831_evidence_registry\20260831T163625\q1_snapshot\model_comparison.json,real_run_or_direct_audit
q1_comparison,/leave_one_material_out_metrics/rbf_svm/aggregate/per_class/三角波/support,4948,C:\Users\aaa\Desktop\test\outputs\20260831_evidence_registry\20260831T163625\q1_snapshot\model_comparison.json,real_run_or_direct_audit
q1_comparison,/leave_one_material_out_metrics/rbf_svm/aggregate/per_class/梯形波/precision,1.0,C:\Users\aaa\Desktop\test\outputs\20260831_evidence_registry\20260831T163625\q1_snapshot\model_comparison.json,real_run_or_direct_audit
q1_comparison,/leave_one_material_out_metrics/rbf_svm/aggregate/per_class/梯形波/recall,1.0,C:\Users\aaa\Desktop\test\outputs\20260831_evidence_registry\20260831T163625\q1_snapshot\model_comparison.json,real_run_or_direct_audit
q1_comparison,/leave_one_material_out_metrics/rbf_svm/aggregate/per_class/梯形波/f1,1.0,C:\Users\aaa\Desktop\test\outputs\20260831_evidence_registry\20260831T163625\q1_snapshot\model_comparison.json,real_run_or_direct_audit
q1_comparison,/leave_one_material_out_metrics/rbf_svm/aggregate/per_class/梯形波/support,3398,C:\Users\aaa\Desktop\test\outputs\20260831_evidence_registry\20260831T163625\q1_snapshot\model_comparison.json,real_run_or_direct_audit
q1_comparison,/leave_one_material_out_metrics/rbf_svm/aggregate/fit_seconds,0.6933728999974846,C:\Users\aaa\Desktop\test\outputs\20260831_evidence_registry\20260831T163625\q1_snapshot\model_comparison.json,real_run_or_direct_audit
q1_comparison,/leave_one_material_out_metrics/rbf_svm/aggregate/predict_seconds,0.11488850000023376,C:\Users\aaa\Desktop\test\outputs\20260831_evidence_registry\20260831T163625\q1_snapshot\model_comparison.json,real_run_or_direct_audit
q1_comparison,/leave_one_material_out_metrics/random_forest/folds/材料1/accuracy,1.0,C:\Users\aaa\Desktop\test\outputs\20260831_evidence_registry\20260831T163625\q1_snapshot\model_comparison.json,real_run_or_direct_audit
q1_comparison,/leave_one_material_out_metrics/random_forest/folds/材料1/macro_f1,1.0,C:\Users\aaa\Desktop\test\outputs\20260831_evidence_registry\20260831T163625\q1_snapshot\model_comparison.json,real_run_or_direct_audit
q1_comparison,/leave_one_material_out_metrics/random_forest/folds/材料1/confusion_matrix_rows_true_cols_pred/0/0,1067,C:\Users\aaa\Desktop\test\outputs\20260831_evidence_registry\20260831T163625\q1_snapshot\model_comparison.json,real_run_or_direct_audit
q1_comparison,/leave_one_material_out_metrics/random_forest/folds/材料1/confusion_matrix_rows_true_cols_pred/0/1,0,C:\Users\aaa\Desktop\test\outputs\20260831_evidence_registry\20260831T163625\q1_snapshot\model_comparison.json,real_run_or_direct_audit
q1_comparison,/leave_one_material_out_metrics/random_forest/folds/材料1/confusion_matrix_rows_true_cols_pred/0/2,0,C:\Users\aaa\Desktop\test\outputs\20260831_evidence_registry\20260831T163625\q1_snapshot\model_comparison.json,real_run_or_direct_audit
q1_comparison,/leave_one_material_out_metrics/random_forest/folds/材料1/confusion_matrix_rows_true_cols_pred/1/0,0,C:\Users\aaa\Desktop\test\outputs\20260831_evidence_registry\20260831T163625\q1_snapshot\model_comparison.json,real_run_or_direct_audit
q1_comparison,/leave_one_material_out_metrics/random_forest/folds/材料1/confusion_matrix_rows_true_cols_pred/1/1,1412,C:\Users\aaa\Desktop\test\outputs\20260831_evidence_registry\20260831T163625\q1_snapshot\model_comparison.json,real_run_or_direct_audit
q1_comparison,/leave_one_material_out_metrics/random_forest/folds/材料1/confusion_matrix_rows_true_cols_pred/1/2,0,C:\Users\aaa\Desktop\test\outputs\20260831_evidence_registry\20260831T163625\q1_snapshot\model_comparison.json,real_run_or_direct_audit
q1_comparison,/leave_one_material_out_metrics/random_forest/folds/材料1/confusion_matrix_rows_true_cols_pred/2/0,0,C:\Users\aaa\Desktop\test\outputs\20260831_evidence_registry\20260831T163625\q1_snapshot\model_comparison.json,real_run_or_direct_audit
q1_comparison,/leave_one_material_out_metrics/random_forest/folds/材料1/confusion_matrix_rows_true_cols_pred/2/1,0,C:\Users\aaa\Desktop\test\outputs\20260831_evidence_registry\20260831T163625\q1_snapshot\model_comparison.json,real_run_or_direct_audit
q1_comparison,/leave_one_material_out_metrics/random_forest/folds/材料1/confusion_matrix_rows_true_cols_pred/2/2,921,C:\Users\aaa\Desktop\test\outputs\20260831_evidence_registry\20260831T163625\q1_snapshot\model_comparison.json,real_run_or_direct_audit
q1_comparison,/leave_one_material_out_metrics/random_forest/folds/材料1/per_class/正弦波/precision,1.0,C:\Users\aaa\Desktop\test\outputs\20260831_evidence_registry\20260831T163625\q1_snapshot\model_comparison.json,real_run_or_direct_audit
q1_comparison,/leave_one_material_out_metrics/random_forest/folds/材料1/per_class/正弦波/recall,1.0,C:\Users\aaa\Desktop\test\outputs\20260831_evidence_registry\20260831T163625\q1_snapshot\model_comparison.json,real_run_or_direct_audit
q1_comparison,/leave_one_material_out_metrics/random_forest/folds/材料1/per_class/正弦波/f1,1.0,C:\Users\aaa\Desktop\test\outputs\20260831_evidence_registry\20260831T163625\q1_snapshot\model_comparison.json,real_run_or_direct_audit
q1_comparison,/leave_one_material_out_metrics/random_forest/folds/材料1/per_class/正弦波/support,1067,C:\Users\aaa\Desktop\test\outputs\20260831_evidence_registry\20260831T163625\q1_snapshot\model_comparison.json,real_run_or_direct_audit
q1_comparison,/leave_one_material_out_metrics/random_forest/folds/材料1/per_class/三角波/precision,1.0,C:\Users\aaa\Desktop\test\outputs\20260831_evidence_registry\20260831T163625\q1_snapshot\model_comparison.json,real_run_or_direct_audit
q1_comparison,/leave_one_material_out_metrics/random_forest/folds/材料1/per_class/三角波/recall,1.0,C:\Users\aaa\Desktop\test\outputs\20260831_evidence_registry\20260831T163625\q1_snapshot\model_comparison.json,real_run_or_direct_audit
q1_comparison,/leave_one_material_out_metrics/random_forest/folds/材料1/per_class/三角波/f1,1.0,C:\Users\aaa\Desktop\test\outputs\20260831_evidence_registry\20260831T163625\q1_snapshot\model_comparison.json,real_run_or_direct_audit
q1_comparison,/leave_one_material_out_metrics/random_forest/folds/材料1/per_class/三角波/support,1412,C:\Users\aaa\Desktop\test\outputs\20260831_evidence_registry\20260831T163625\q1_snapshot\model_comparison.json,real_run_or_direct_audit
q1_comparison,/leave_one_material_out_metrics/random_forest/folds/材料1/per_class/梯形波/precision,1.0,C:\Users\aaa\Desktop\test\outputs\20260831_evidence_registry\20260831T163625\q1_snapshot\model_comparison.json,real_run_or_direct_audit
q1_comparison,/leave_one_material_out_metrics/random_forest/folds/材料1/per_class/梯形波/recall,1.0,C:\Users\aaa\Desktop\test\outputs\20260831_evidence_registry\20260831T163625\q1_snapshot\model_comparison.json,real_run_or_direct_audit
q1_comparison,/leave_one_material_out_metrics/random_forest/folds/材料1/per_class/梯形波/f1,1.0,C:\Users\aaa\Desktop\test\outputs\20260831_evidence_registry\20260831T163625\q1_snapshot\model_comparison.json,real_run_or_direct_audit
q1_comparison,/leave_one_material_out_metrics/random_forest/folds/材料1/per_class/梯形波/support,921,C:\Users\aaa\Desktop\test\outputs\20260831_evidence_registry\20260831T163625\q1_snapshot\model_comparison.json,real_run_or_direct_audit
q1_comparison,/leave_one_material_out_metrics/random_forest/folds/材料2/accuracy,1.0,C:\Users\aaa\Desktop\test\outputs\20260831_evidence_registry\20260831T163625\q1_snapshot\model_comparison.json,real_run_or_direct_audit
q1_comparison,/leave_one_material_out_metrics/random_forest/folds/材料2/macro_f1,1.0,C:\Users\aaa\Desktop\test\outputs\20260831_evidence_registry\20260831T163625\q1_snapshot\model_comparison.json,real_run_or_direct_audit
q1_comparison,/leave_one_material_out_metrics/random_forest/folds/材料2/confusion_matrix_rows_true_cols_pred/0/0,1097,C:\Users\aaa\Desktop\test\outputs\20260831_evidence_registry\20260831T163625\q1_snapshot\model_comparison.json,real_run_or_direct_audit
q1_comparison,/leave_one_material_out_metrics/random_forest/folds/材料2/confusion_matrix_rows_true_cols_pred/0/1,0,C:\Users\aaa\Desktop\test\outputs\20260831_evidence_registry\20260831T163625\q1_snapshot\model_comparison.json,real_run_or_direct_audit
q1_comparison,/leave_one_material_out_metrics/random_forest/folds/材料2/confusion_matrix_rows_true_cols_pred/0/2,0,C:\Users\aaa\Desktop\test\outputs\20260831_evidence_registry\20260831T163625\q1_snapshot\model_comparison.json,real_run_or_direct_audit
q1_comparison,/leave_one_material_out_metrics/random_forest/folds/材料2/confusion_matrix_rows_true_cols_pred/1/0,0,C:\Users\aaa\Desktop\test\outputs\20260831_evidence_registry\20260831T163625\q1_snapshot\model_comparison.json,real_run_or_direct_audit
q1_comparison,/leave_one_material_out_metrics/random_forest/folds/材料2/confusion_matrix_rows_true_cols_pred/1/1,1003,C:\Users\aaa\Desktop\test\outputs\20260831_evidence_registry\20260831T163625\q1_snapshot\model_comparison.json,real_run_or_direct_audit
q1_comparison,/leave_one_material_out_metrics/random_forest/folds/材料2/confusion_matrix_rows_true_cols_pred/1/2,0,C:\Users\aaa\Desktop\test\outputs\20260831_evidence_registry\20260831T163625\q1_snapshot\model_comparison.json,real_run_or_direct_audit
q1_comparison,/leave_one_material_out_metrics/random_forest/folds/材料2/confusion_matrix_rows_true_cols_pred/2/0,0,C:\Users\aaa\Desktop\test\outputs\20260831_evidence_registry\20260831T163625\q1_snapshot\model_comparison.json,real_run_or_direct_audit
q1_comparison,/leave_one_material_out_metrics/random_forest/folds/材料2/confusion_matrix_rows_true_cols_pred/2/1,0,C:\Users\aaa\Desktop\test\outputs\20260831_evidence_registry\20260831T163625\q1_snapshot\model_comparison.json,real_run_or_direct_audit
q1_comparison,/leave_one_material_out_metrics/random_forest/folds/材料2/confusion_matrix_rows_true_cols_pred/2/2,900,C:\Users\aaa\Desktop\test\outputs\20260831_evidence_registry\20260831T163625\q1_snapshot\model_comparison.json,real_run_or_direct_audit
q1_comparison,/leave_one_material_out_metrics/random_forest/folds/材料2/per_class/正弦波/precision,1.0,C:\Users\aaa\Desktop\test\outputs\20260831_evidence_registry\20260831T163625\q1_snapshot\model_comparison.json,real_run_or_direct_audit
q1_comparison,/leave_one_material_out_metrics/random_forest/folds/材料2/per_class/正弦波/recall,1.0,C:\Users\aaa\Desktop\test\outputs\20260831_evidence_registry\20260831T163625\q1_snapshot\model_comparison.json,real_run_or_direct_audit
q1_comparison,/leave_one_material_out_metrics/random_forest/folds/材料2/per_class/正弦波/f1,1.0,C:\Users\aaa\Desktop\test\outputs\20260831_evidence_registry\20260831T163625\q1_snapshot\model_comparison.json,real_run_or_direct_audit
q1_comparison,/leave_one_material_out_metrics/random_forest/folds/材料2/per_class/正弦波/support,1097,C:\Users\aaa\Desktop\test\outputs\20260831_evidence_registry\20260831T163625\q1_snapshot\model_comparison.json,real_run_or_direct_audit
q1_comparison,/leave_one_material_out_metrics/random_forest/folds/材料2/per_class/三角波/precision,1.0,C:\Users\aaa\Desktop\test\outputs\20260831_evidence_registry\20260831T163625\q1_snapshot\model_comparison.json,real_run_or_direct_audit
q1_comparison,/leave_one_material_out_metrics/random_forest/folds/材料2/per_class/三角波/recall,1.0,C:\Users\aaa\Desktop\test\outputs\20260831_evidence_registry\20260831T163625\q1_snapshot\model_comparison.json,real_run_or_direct_audit
q1_comparison,/leave_one_material_out_metrics/random_forest/folds/材料2/per_class/三角波/f1,1.0,C:\Users\aaa\Desktop\test\outputs\20260831_evidence_registry\20260831T163625\q1_snapshot\model_comparison.json,real_run_or_direct_audit
q1_comparison,/leave_one_material_out_metrics/random_forest/folds/材料2/per_class/三角波/support,1003,C:\Users\aaa\Desktop\test\outputs\20260831_evidence_registry\20260831T163625\q1_snapshot\model_comparison.json,real_run_or_direct_audit
q1_comparison,/leave_one_material_out_metrics/random_forest/folds/材料2/per_class/梯形波/precision,1.0,C:\Users\aaa\Desktop\test\outputs\20260831_evidence_registry\20260831T163625\q1_snapshot\model_comparison.json,real_run_or_direct_audit
q1_comparison,/leave_one_material_out_metrics/random_forest/folds/材料2/per_class/梯形波/recall,1.0,C:\Users\aaa\Desktop\test\outputs\20260831_evidence_registry\20260831T163625\q1_snapshot\model_comparison.json,real_run_or_direct_audit
q1_comparison,/leave_one_material_out_metrics/random_forest/folds/材料2/per_class/梯形波/f1,1.0,C:\Users\aaa\Desktop\test\outputs\20260831_evidence_registry\20260831T163625\q1_snapshot\model_comparison.json,real_run_or_direct_audit
q1_comparison,/leave_one_material_out_metrics/random_forest/folds/材料2/per_class/梯形波/support,900,C:\Users\aaa\Desktop\test\outputs\20260831_evidence_registry\20260831T163625\q1_snapshot\model_comparison.json,real_run_or_direct_audit
q1_comparison,/leave_one_material_out_metrics/random_forest/folds/材料3/accuracy,1.0,C:\Users\aaa\Desktop\test\outputs\20260831_evidence_registry\20260831T163625\q1_snapshot\model_comparison.json,real_run_or_direct_audit
q1_comparison,/leave_one_material_out_metrics/random_forest/folds/材料3/macro_f1,1.0,C:\Users\aaa\Desktop\test\outputs\20260831_evidence_registry\20260831T163625\q1_snapshot\model_comparison.json,real_run_or_direct_audit
q1_comparison,/leave_one_material_out_metrics/random_forest/folds/材料3/confusion_matrix_rows_true_cols_pred/0/0,1009,C:\Users\aaa\Desktop\test\outputs\20260831_evidence_registry\20260831T163625\q1_snapshot\model_comparison.json,real_run_or_direct_audit
q1_comparison,/leave_one_material_out_metrics/random_forest/folds/材料3/confusion_matrix_rows_true_cols_pred/0/1,0,C:\Users\aaa\Desktop\test\outputs\20260831_evidence_registry\20260831T163625\q1_snapshot\model_comparison.json,real_run_or_direct_audit
q1_comparison,/leave_one_material_out_metrics/random_forest/folds/材料3/confusion_matrix_rows_true_cols_pred/0/2,0,C:\Users\aaa\Desktop\test\outputs\20260831_evidence_registry\20260831T163625\q1_snapshot\model_comparison.json,real_run_or_direct_audit
q1_comparison,/leave_one_material_out_metrics/random_forest/folds/材料3/confusion_matrix_rows_true_cols_pred/1/0,0,C:\Users\aaa\Desktop\test\outputs\20260831_evidence_registry\20260831T163625\q1_snapshot\model_comparison.json,real_run_or_direct_audit
q1_comparison,/leave_one_material_out_metrics/random_forest/folds/材料3/confusion_matrix_rows_true_cols_pred/1/1,1078,C:\Users\aaa\Desktop\test\outputs\20260831_evidence_registry\20260831T163625\q1_snapshot\model_comparison.json,real_run_or_direct_audit
q1_comparison,/leave_one_material_out_metrics/random_forest/folds/材料3/confusion_matrix_rows_true_cols_pred/1/2,0,C:\Users\aaa\Desktop\test\outputs\20260831_evidence_registry\20260831T163625\q1_snapshot\model_comparison.json,real_run_or_direct_audit
q1_comparison,/leave_one_material_out_metrics/random_forest/folds/材料3/confusion_matrix_rows_true_cols_pred/2/0,0,C:\Users\aaa\Desktop\test\outputs\20260831_evidence_registry\20260831T163625\q1_snapshot\model_comparison.json,real_run_or_direct_audit
q1_comparison,/leave_one_material_out_metrics/random_forest/folds/材料3/confusion_matrix_rows_true_cols_pred/2/1,0,C:\Users\aaa\Desktop\test\outputs\20260831_evidence_registry\20260831T163625\q1_snapshot\model_comparison.json,real_run_or_direct_audit
q1_comparison,/leave_one_material_out_metrics/random_forest/folds/材料3/confusion_matrix_rows_true_cols_pred/2/2,1112,C:\Users\aaa\Desktop\test\outputs\20260831_evidence_registry\20260831T163625\q1_snapshot\model_comparison.json,real_run_or_direct_audit
q1_comparison,/leave_one_material_out_metrics/random_forest/folds/材料3/per_class/正弦波/precision,1.0,C:\Users\aaa\Desktop\test\outputs\20260831_evidence_registry\20260831T163625\q1_snapshot\model_comparison.json,real_run_or_direct_audit
q1_comparison,/leave_one_material_out_metrics/random_forest/folds/材料3/per_class/正弦波/recall,1.0,C:\Users\aaa\Desktop\test\outputs\20260831_evidence_registry\20260831T163625\q1_snapshot\model_comparison.json,real_run_or_direct_audit
q1_comparison,/leave_one_material_out_metrics/random_forest/folds/材料3/per_class/正弦波/f1,1.0,C:\Users\aaa\Desktop\test\outputs\20260831_evidence_registry\20260831T163625\q1_snapshot\model_comparison.json,real_run_or_direct_audit
q1_comparison,/leave_one_material_out_metrics/random_forest/folds/材料3/per_class/正弦波/support,1009,C:\Users\aaa\Desktop\test\outputs\20260831_evidence_registry\20260831T163625\q1_snapshot\model_comparison.json,real_run_or_direct_audit
q1_comparison,/leave_one_material_out_metrics/random_forest/folds/材料3/per_class/三角波/precision,1.0,C:\Users\aaa\Desktop\test\outputs\20260831_evidence_registry\20260831T163625\q1_snapshot\model_comparison.json,real_run_or_direct_audit
q1_comparison,/leave_one_material_out_metrics/random_forest/folds/材料3/per_class/三角波/recall,1.0,C:\Users\aaa\Desktop\test\outputs\20260831_evidence_registry\20260831T163625\q1_snapshot\model_comparison.json,real_run_or_direct_audit
q1_comparison,/leave_one_material_out_metrics/random_forest/folds/材料3/per_class/三角波/f1,1.0,C:\Users\aaa\Desktop\test\outputs\20260831_evidence_registry\20260831T163625\q1_snapshot\model_comparison.json,real_run_or_direct_audit
q1_comparison,/leave_one_material_out_metrics/random_forest/folds/材料3/per_class/三角波/support,1078,C:\Users\aaa\Desktop\test\outputs\20260831_evidence_registry\20260831T163625\q1_snapshot\model_comparison.json,real_run_or_direct_audit
q1_comparison,/leave_one_material_out_metrics/random_forest/folds/材料3/per_class/梯形波/precision,1.0,C:\Users\aaa\Desktop\test\outputs\20260831_evidence_registry\20260831T163625\q1_snapshot\model_comparison.json,real_run_or_direct_audit
q1_comparison,/leave_one_material_out_metrics/random_forest/folds/材料3/per_class/梯形波/recall,1.0,C:\Users\aaa\Desktop\test\outputs\20260831_evidence_registry\20260831T163625\q1_snapshot\model_comparison.json,real_run_or_direct_audit
q1_comparison,/leave_one_material_out_metrics/random_forest/folds/材料3/per_class/梯形波/f1,1.0,C:\Users\aaa\Desktop\test\outputs\20260831_evidence_registry\20260831T163625\q1_snapshot\model_comparison.json,real_run_or_direct_audit
q1_comparison,/leave_one_material_out_metrics/random_forest/folds/材料3/per_class/梯形波/support,1112,C:\Users\aaa\Desktop\test\outputs\20260831_evidence_registry\20260831T163625\q1_snapshot\model_comparison.json,real_run_or_direct_audit
q1_comparison,/leave_one_material_out_metrics/random_forest/folds/材料4/accuracy,1.0,C:\Users\aaa\Desktop\test\outputs\20260831_evidence_registry\20260831T163625\q1_snapshot\model_comparison.json,real_run_or_direct_audit
q1_comparison,/leave_one_material_out_metrics/random_forest/folds/材料4/macro_f1,1.0,C:\Users\aaa\Desktop\test\outputs\20260831_evidence_registry\20260831T163625\q1_snapshot\model_comparison.json,real_run_or_direct_audit
q1_comparison,/leave_one_material_out_metrics/random_forest/folds/材料4/confusion_matrix_rows_true_cols_pred/0/0,880,C:\Users\aaa\Desktop\test\outputs\20260831_evidence_registry\20260831T163625\q1_snapshot\model_comparison.json,real_run_or_direct_audit
q1_comparison,/leave_one_material_out_metrics/random_forest/folds/材料4/confusion_matrix_rows_true_cols_pred/0/1,0,C:\Users\aaa\Desktop\test\outputs\20260831_evidence_registry\20260831T163625\q1_snapshot\model_comparison.json,real_run_or_direct_audit
q1_comparison,/leave_one_material_out_metrics/random_forest/folds/材料4/confusion_matrix_rows_true_cols_pred/0/2,0,C:\Users\aaa\Desktop\test\outputs\20260831_evidence_registry\20260831T163625\q1_snapshot\model_comparison.json,real_run_or_direct_audit
q1_comparison,/leave_one_material_out_metrics/random_forest/folds/材料4/confusion_matrix_rows_true_cols_pred/1/0,0,C:\Users\aaa\Desktop\test\outputs\20260831_evidence_registry\20260831T163625\q1_snapshot\model_comparison.json,real_run_or_direct_audit
q1_comparison,/leave_one_material_out_metrics/random_forest/folds/材料4/confusion_matrix_rows_true_cols_pred/1/1,1455,C:\Users\aaa\Desktop\test\outputs\20260831_evidence_registry\20260831T163625\q1_snapshot\model_comparison.json,real_run_or_direct_audit
q1_comparison,/leave_one_material_out_metrics/random_forest/folds/材料4/confusion_matrix_rows_true_cols_pred/1/2,0,C:\Users\aaa\Desktop\test\outputs\20260831_evidence_registry\20260831T163625\q1_snapshot\model_comparison.json,real_run_or_direct_audit
q1_comparison,/leave_one_material_out_metrics/random_forest/folds/材料4/confusion_matrix_rows_true_cols_pred/2/0,0,C:\Users\aaa\Desktop\test\outputs\20260831_evidence_registry\20260831T163625\q1_snapshot\model_comparison.json,real_run_or_direct_audit
q1_comparison,/leave_one_material_out_metrics/random_forest/folds/材料4/confusion_matrix_rows_true_cols_pred/2/1,0,C:\Users\aaa\Desktop\test\outputs\20260831_evidence_registry\20260831T163625\q1_snapshot\model_comparison.json,real_run_or_direct_audit
q1_comparison,/leave_one_material_out_metrics/random_forest/folds/材料4/confusion_matrix_rows_true_cols_pred/2/2,465,C:\Users\aaa\Desktop\test\outputs\20260831_evidence_registry\20260831T163625\q1_snapshot\model_comparison.json,real_run_or_direct_audit
q1_comparison,/leave_one_material_out_metrics/random_forest/folds/材料4/per_class/正弦波/precision,1.0,C:\Users\aaa\Desktop\test\outputs\20260831_evidence_registry\20260831T163625\q1_snapshot\model_comparison.json,real_run_or_direct_audit
q1_comparison,/leave_one_material_out_metrics/random_forest/folds/材料4/per_class/正弦波/recall,1.0,C:\Users\aaa\Desktop\test\outputs\20260831_evidence_registry\20260831T163625\q1_snapshot\model_comparison.json,real_run_or_direct_audit
q1_comparison,/leave_one_material_out_metrics/random_forest/folds/材料4/per_class/正弦波/f1,1.0,C:\Users\aaa\Desktop\test\outputs\20260831_evidence_registry\20260831T163625\q1_snapshot\model_comparison.json,real_run_or_direct_audit
q1_comparison,/leave_one_material_out_metrics/random_forest/folds/材料4/per_class/正弦波/support,880,C:\Users\aaa\Desktop\test\outputs\20260831_evidence_registry\20260831T163625\q1_snapshot\model_comparison.json,real_run_or_direct_audit
q1_comparison,/leave_one_material_out_metrics/random_forest/folds/材料4/per_class/三角波/precision,1.0,C:\Users\aaa\Desktop\test\outputs\20260831_evidence_registry\20260831T163625\q1_snapshot\model_comparison.json,real_run_or_direct_audit
q1_comparison,/leave_one_material_out_metrics/random_forest/folds/材料4/per_class/三角波/recall,1.0,C:\Users\aaa\Desktop\test\outputs\20260831_evidence_registry\20260831T163625\q1_snapshot\model_comparison.json,real_run_or_direct_audit
q1_comparison,/leave_one_material_out_metrics/random_forest/folds/材料4/per_class/三角波/f1,1.0,C:\Users\aaa\Desktop\test\outputs\20260831_evidence_registry\20260831T163625\q1_snapshot\model_comparison.json,real_run_or_direct_audit
q1_comparison,/leave_one_material_out_metrics/random_forest/folds/材料4/per_class/三角波/support,1455,C:\Users\aaa\Desktop\test\outputs\20260831_evidence_registry\20260831T163625\q1_snapshot\model_comparison.json,real_run_or_direct_audit
q1_comparison,/leave_one_material_out_metrics/random_forest/folds/材料4/per_class/梯形波/precision,1.0,C:\Users\aaa\Desktop\test\outputs\20260831_evidence_registry\20260831T163625\q1_snapshot\model_comparison.json,real_run_or_direct_audit
q1_comparison,/leave_one_material_out_metrics/random_forest/folds/材料4/per_class/梯形波/recall,1.0,C:\Users\aaa\Desktop\test\outputs\20260831_evidence_registry\20260831T163625\q1_snapshot\model_comparison.json,real_run_or_direct_audit
q1_comparison,/leave_one_material_out_metrics/random_forest/folds/材料4/per_class/梯形波/f1,1.0,C:\Users\aaa\Desktop\test\outputs\20260831_evidence_registry\20260831T163625\q1_snapshot\model_comparison.json,real_run_or_direct_audit
q1_comparison,/leave_one_material_out_metrics/random_forest/folds/材料4/per_class/梯形波/support,465,C:\Users\aaa\Desktop\test\outputs\20260831_evidence_registry\20260831T163625\q1_snapshot\model_comparison.json,real_run_or_direct_audit
q1_comparison,/leave_one_material_out_metrics/random_forest/aggregate/accuracy,1.0,C:\Users\aaa\Desktop\test\outputs\20260831_evidence_registry\20260831T163625\q1_snapshot\model_comparison.json,real_run_or_direct_audit
q1_comparison,/leave_one_material_out_metrics/random_forest/aggregate/macro_f1,1.0,C:\Users\aaa\Desktop\test\outputs\20260831_evidence_registry\20260831T163625\q1_snapshot\model_comparison.json,real_run_or_direct_audit
q1_comparison,/leave_one_material_out_metrics/random_forest/aggregate/confusion_matrix_rows_true_cols_pred/0/0,4053,C:\Users\aaa\Desktop\test\outputs\20260831_evidence_registry\20260831T163625\q1_snapshot\model_comparison.json,real_run_or_direct_audit
q1_comparison,/leave_one_material_out_metrics/random_forest/aggregate/confusion_matrix_rows_true_cols_pred/0/1,0,C:\Users\aaa\Desktop\test\outputs\20260831_evidence_registry\20260831T163625\q1_snapshot\model_comparison.json,real_run_or_direct_audit
q1_comparison,/leave_one_material_out_metrics/random_forest/aggregate/confusion_matrix_rows_true_cols_pred/0/2,0,C:\Users\aaa\Desktop\test\outputs\20260831_evidence_registry\20260831T163625\q1_snapshot\model_comparison.json,real_run_or_direct_audit
q1_comparison,/leave_one_material_out_metrics/random_forest/aggregate/confusion_matrix_rows_true_cols_pred/1/0,0,C:\Users\aaa\Desktop\test\outputs\20260831_evidence_registry\20260831T163625\q1_snapshot\model_comparison.json,real_run_or_direct_audit
q1_comparison,/leave_one_material_out_metrics/random_forest/aggregate/confusion_matrix_rows_true_cols_pred/1/1,4948,C:\Users\aaa\Desktop\test\outputs\20260831_evidence_registry\20260831T163625\q1_snapshot\model_comparison.json,real_run_or_direct_audit
q1_comparison,/leave_one_material_out_metrics/random_forest/aggregate/confusion_matrix_rows_true_cols_pred/1/2,0,C:\Users\aaa\Desktop\test\outputs\20260831_evidence_registry\20260831T163625\q1_snapshot\model_comparison.json,real_run_or_direct_audit
q1_comparison,/leave_one_material_out_metrics/random_forest/aggregate/confusion_matrix_rows_true_cols_pred/2/0,0,C:\Users\aaa\Desktop\test\outputs\20260831_evidence_registry\20260831T163625\q1_snapshot\model_comparison.json,real_run_or_direct_audit
q1_comparison,/leave_one_material_out_metrics/random_forest/aggregate/confusion_matrix_rows_true_cols_pred/2/1,0,C:\Users\aaa\Desktop\test\outputs\20260831_evidence_registry\20260831T163625\q1_snapshot\model_comparison.json,real_run_or_direct_audit
q1_comparison,/leave_one_material_out_metrics/random_forest/aggregate/confusion_matrix_rows_true_cols_pred/2/2,3398,C:\Users\aaa\Desktop\test\outputs\20260831_evidence_registry\20260831T163625\q1_snapshot\model_comparison.json,real_run_or_direct_audit
q1_comparison,/leave_one_material_out_metrics/random_forest/aggregate/per_class/正弦波/precision,1.0,C:\Users\aaa\Desktop\test\outputs\20260831_evidence_registry\20260831T163625\q1_snapshot\model_comparison.json,real_run_or_direct_audit
q1_comparison,/leave_one_material_out_metrics/random_forest/aggregate/per_class/正弦波/recall,1.0,C:\Users\aaa\Desktop\test\outputs\20260831_evidence_registry\20260831T163625\q1_snapshot\model_comparison.json,real_run_or_direct_audit
q1_comparison,/leave_one_material_out_metrics/random_forest/aggregate/per_class/正弦波/f1,1.0,C:\Users\aaa\Desktop\test\outputs\20260831_evidence_registry\20260831T163625\q1_snapshot\model_comparison.json,real_run_or_direct_audit
q1_comparison,/leave_one_material_out_metrics/random_forest/aggregate/per_class/正弦波/support,4053,C:\Users\aaa\Desktop\test\outputs\20260831_evidence_registry\20260831T163625\q1_snapshot\model_comparison.json,real_run_or_direct_audit
q1_comparison,/leave_one_material_out_metrics/random_forest/aggregate/per_class/三角波/precision,1.0,C:\Users\aaa\Desktop\test\outputs\20260831_evidence_registry\20260831T163625\q1_snapshot\model_comparison.json,real_run_or_direct_audit
q1_comparison,/leave_one_material_out_metrics/random_forest/aggregate/per_class/三角波/recall,1.0,C:\Users\aaa\Desktop\test\outputs\20260831_evidence_registry\20260831T163625\q1_snapshot\model_comparison.json,real_run_or_direct_audit
q1_comparison,/leave_one_material_out_metrics/random_forest/aggregate/per_class/三角波/f1,1.0,C:\Users\aaa\Desktop\test\outputs\20260831_evidence_registry\20260831T163625\q1_snapshot\model_comparison.json,real_run_or_direct_audit
q1_comparison,/leave_one_material_out_metrics/random_forest/aggregate/per_class/三角波/support,4948,C:\Users\aaa\Desktop\test\outputs\20260831_evidence_registry\20260831T163625\q1_snapshot\model_comparison.json,real_run_or_direct_audit
q1_comparison,/leave_one_material_out_metrics/random_forest/aggregate/per_class/梯形波/precision,1.0,C:\Users\aaa\Desktop\test\outputs\20260831_evidence_registry\20260831T163625\q1_snapshot\model_comparison.json,real_run_or_direct_audit
q1_comparison,/leave_one_material_out_metrics/random_forest/aggregate/per_class/梯形波/recall,1.0,C:\Users\aaa\Desktop\test\outputs\20260831_evidence_registry\20260831T163625\q1_snapshot\model_comparison.json,real_run_or_direct_audit
q1_comparison,/leave_one_material_out_metrics/random_forest/aggregate/per_class/梯形波/f1,1.0,C:\Users\aaa\Desktop\test\outputs\20260831_evidence_registry\20260831T163625\q1_snapshot\model_comparison.json,real_run_or_direct_audit
q1_comparison,/leave_one_material_out_metrics/random_forest/aggregate/per_class/梯形波/support,3398,C:\Users\aaa\Desktop\test\outputs\20260831_evidence_registry\20260831T163625\q1_snapshot\model_comparison.json,real_run_or_direct_audit
q1_comparison,/leave_one_material_out_metrics/random_forest/aggregate/fit_seconds,8.136858199999551,C:\Users\aaa\Desktop\test\outputs\20260831_evidence_registry\20260831T163625\q1_snapshot\model_comparison.json,real_run_or_direct_audit
q1_comparison,/leave_one_material_out_metrics/random_forest/aggregate/predict_seconds,0.9973828999973193,C:\Users\aaa\Desktop\test\outputs\20260831_evidence_registry\20260831T163625\q1_snapshot\model_comparison.json,real_run_or_direct_audit
q1_comparison,/test_prediction_counts/rbf_svm/正弦波,20,C:\Users\aaa\Desktop\test\outputs\20260831_evidence_registry\20260831T163625\q1_snapshot\model_comparison.json,real_run_or_direct_audit
q1_comparison,/test_prediction_counts/rbf_svm/三角波,44,C:\Users\aaa\Desktop\test\outputs\20260831_evidence_registry\20260831T163625\q1_snapshot\model_comparison.json,real_run_or_direct_audit
q1_comparison,/test_prediction_counts/rbf_svm/梯形波,16,C:\Users\aaa\Desktop\test\outputs\20260831_evidence_registry\20260831T163625\q1_snapshot\model_comparison.json,real_run_or_direct_audit
q1_comparison,/test_prediction_counts/random_forest/正弦波,20,C:\Users\aaa\Desktop\test\outputs\20260831_evidence_registry\20260831T163625\q1_snapshot\model_comparison.json,real_run_or_direct_audit
q1_comparison,/test_prediction_counts/random_forest/三角波,44,C:\Users\aaa\Desktop\test\outputs\20260831_evidence_registry\20260831T163625\q1_snapshot\model_comparison.json,real_run_or_direct_audit
q1_comparison,/test_prediction_counts/random_forest/梯形波,16,C:\Users\aaa\Desktop\test\outputs\20260831_evidence_registry\20260831T163625\q1_snapshot\model_comparison.json,real_run_or_direct_audit
q1_comparison,/test_agreement/rbf_svm/with_gaussian_naive_bayes,1.0,C:\Users\aaa\Desktop\test\outputs\20260831_evidence_registry\20260831T163625\q1_snapshot\model_comparison.json,real_run_or_direct_audit
q1_comparison,/test_agreement/rbf_svm/disagreements,0,C:\Users\aaa\Desktop\test\outputs\20260831_evidence_registry\20260831T163625\q1_snapshot\model_comparison.json,real_run_or_direct_audit
q1_comparison,/test_agreement/rbf_svm/with_other_candidate,1.0,C:\Users\aaa\Desktop\test\outputs\20260831_evidence_registry\20260831T163625\q1_snapshot\model_comparison.json,real_run_or_direct_audit
q1_comparison,/test_agreement/random_forest/with_gaussian_naive_bayes,1.0,C:\Users\aaa\Desktop\test\outputs\20260831_evidence_registry\20260831T163625\q1_snapshot\model_comparison.json,real_run_or_direct_audit
q1_comparison,/test_agreement/random_forest/disagreements,0,C:\Users\aaa\Desktop\test\outputs\20260831_evidence_registry\20260831T163625\q1_snapshot\model_comparison.json,real_run_or_direct_audit
q1_comparison,/test_agreement/random_forest/with_other_candidate,1.0,C:\Users\aaa\Desktop\test\outputs\20260831_evidence_registry\20260831T163625\q1_snapshot\model_comparison.json,real_run_or_direct_audit
q2,/seed,20240827,C:\Users\aaa\Desktop\test\outputs\20260831_evidence_registry\20260831T163625\q2_validation.json,real_run_or_direct_audit
q2,/sample_count,1067,C:\Users\aaa\Desktop\test\outputs\20260831_evidence_registry\20260831T163625\q2_validation.json,real_run_or_direct_audit
q2,/temperature_counts/25,271,C:\Users\aaa\Desktop\test\outputs\20260831_evidence_registry\20260831T163625\q2_validation.json,real_run_or_direct_audit
q2,/temperature_counts/50,256,C:\Users\aaa\Desktop\test\outputs\20260831_evidence_registry\20260831T163625\q2_validation.json,real_run_or_direct_audit
q2,/temperature_counts/70,265,C:\Users\aaa\Desktop\test\outputs\20260831_evidence_registry\20260831T163625\q2_validation.json,real_run_or_direct_audit
q2,/temperature_counts/90,275,C:\Users\aaa\Desktop\test\outputs\20260831_evidence_registry\20260831T163625\q2_validation.json,real_run_or_direct_audit
q2,/frequency_range/0,50020.0,C:\Users\aaa\Desktop\test\outputs\20260831_evidence_registry\20260831T163625\q2_validation.json,real_run_or_direct_audit
q2,/frequency_range/1,316230.0,C:\Users\aaa\Desktop\test\outputs\20260831_evidence_registry\20260831T163625\q2_validation.json,real_run_or_direct_audit
q2,/Bm_half_range/0,0.012289567000000001,C:\Users\aaa\Desktop\test\outputs\20260831_evidence_registry\20260831T163625\q2_validation.json,real_run_or_direct_audit
q2,/Bm_half_range/1,0.2762642245,C:\Users\aaa\Desktop\test\outputs\20260831_evidence_registry\20260831T163625\q2_validation.json,real_run_or_direct_audit
q2,/loss_range/0,684.0462375,C:\Users\aaa\Desktop\test\outputs\20260831_evidence_registry\20260831T163625\q2_validation.json,real_run_or_direct_audit
q2,/loss_range/1,1223675.078,C:\Users\aaa\Desktop\test\outputs\20260831_evidence_registry\20260831T163625\q2_validation.json,real_run_or_direct_audit
q2,/Bm_definition_relative_difference/median,0.0015641285638175364,C:\Users\aaa\Desktop\test\outputs\20260831_evidence_registry\20260831T163625\q2_validation.json,real_run_or_direct_audit
q2,/Bm_definition_relative_difference/max,0.010712499522593767,C:\Users\aaa\Desktop\test\outputs\20260831_evidence_registry\20260831T163625\q2_validation.json,real_run_or_direct_audit
q2,/random_stratified_50_repeats/SE/MAPE/mean,0.3291511436035553,C:\Users\aaa\Desktop\test\outputs\20260831_evidence_registry\20260831T163625\q2_validation.json,real_run_or_direct_audit
q2,/random_stratified_50_repeats/SE/MAPE/sd,0.013670082361118377,C:\Users\aaa\Desktop\test\outputs\20260831_evidence_registry\20260831T163625\q2_validation.json,real_run_or_direct_audit
q2,/random_stratified_50_repeats/SE/MAPE/min,0.3030571990181331,C:\Users\aaa\Desktop\test\outputs\20260831_evidence_registry\20260831T163625\q2_validation.json,real_run_or_direct_audit
q2,/random_stratified_50_repeats/SE/MAPE/max,0.3599098869975659,C:\Users\aaa\Desktop\test\outputs\20260831_evidence_registry\20260831T163625\q2_validation.json,real_run_or_direct_audit
q2,/random_stratified_50_repeats/SE/MdAPE/mean,0.2560645695693892,C:\Users\aaa\Desktop\test\outputs\20260831_evidence_registry\20260831T163625\q2_validation.json,real_run_or_direct_audit
q2,/random_stratified_50_repeats/SE/MdAPE/sd,0.012124682004305245,C:\Users\aaa\Desktop\test\outputs\20260831_evidence_registry\20260831T163625\q2_validation.json,real_run_or_direct_audit
q2,/random_stratified_50_repeats/SE/MdAPE/min,0.2362771603229622,C:\Users\aaa\Desktop\test\outputs\20260831_evidence_registry\20260831T163625\q2_validation.json,real_run_or_direct_audit
q2,/random_stratified_50_repeats/SE/MdAPE/max,0.2925142460873731,C:\Users\aaa\Desktop\test\outputs\20260831_evidence_registry\20260831T163625\q2_validation.json,real_run_or_direct_audit
q2,/random_stratified_50_repeats/SE/RMSE_log/mean,0.3632747210205622,C:\Users\aaa\Desktop\test\outputs\20260831_evidence_registry\20260831T163625\q2_validation.json,real_run_or_direct_audit
q2,/random_stratified_50_repeats/SE/RMSE_log/sd,0.009496631417875023,C:\Users\aaa\Desktop\test\outputs\20260831_evidence_registry\20260831T163625\q2_validation.json,real_run_or_direct_audit
q2,/random_stratified_50_repeats/SE/RMSE_log/min,0.3411700406565336,C:\Users\aaa\Desktop\test\outputs\20260831_evidence_registry\20260831T163625\q2_validation.json,real_run_or_direct_audit
q2,/random_stratified_50_repeats/SE/RMSE_log/max,0.3905931985151279,C:\Users\aaa\Desktop\test\outputs\20260831_evidence_registry\20260831T163625\q2_validation.json,real_run_or_direct_audit
q2,/random_stratified_50_repeats/SE/NRMSE_mean/mean,0.4104060043002628,C:\Users\aaa\Desktop\test\outputs\20260831_evidence_registry\20260831T163625\q2_validation.json,real_run_or_direct_audit
q2,/random_stratified_50_repeats/SE/NRMSE_mean/sd,0.028630128234262402,C:\Users\aaa\Desktop\test\outputs\20260831_evidence_registry\20260831T163625\q2_validation.json,real_run_or_direct_audit
q2,/random_stratified_50_repeats/SE/NRMSE_mean/min,0.36046833410976636,C:\Users\aaa\Desktop\test\outputs\20260831_evidence_registry\20260831T163625\q2_validation.json,real_run_or_direct_audit
q2,/random_stratified_50_repeats/SE/NRMSE_mean/max,0.48310839616398443,C:\Users\aaa\Desktop\test\outputs\20260831_evidence_registry\20260831T163625\q2_validation.json,real_run_or_direct_audit
q2,/random_stratified_50_repeats/linearT/MAPE/mean,0.1687979253107534,C:\Users\aaa\Desktop\test\outputs\20260831_evidence_registry\20260831T163625\q2_validation.json,real_run_or_direct_audit
q2,/random_stratified_50_repeats/linearT/MAPE/sd,0.006231510990147576,C:\Users\aaa\Desktop\test\outputs\20260831_evidence_registry\20260831T163625\q2_validation.json,real_run_or_direct_audit
q2,/random_stratified_50_repeats/linearT/MAPE/min,0.15643364462252815,C:\Users\aaa\Desktop\test\outputs\20260831_evidence_registry\20260831T163625\q2_validation.json,real_run_or_direct_audit
q2,/random_stratified_50_repeats/linearT/MAPE/max,0.18259638272785053,C:\Users\aaa\Desktop\test\outputs\20260831_evidence_registry\20260831T163625\q2_validation.json,real_run_or_direct_audit
q2,/random_stratified_50_repeats/linearT/MdAPE/mean,0.14338879952141148,C:\Users\aaa\Desktop\test\outputs\20260831_evidence_registry\20260831T163625\q2_validation.json,real_run_or_direct_audit
q2,/random_stratified_50_repeats/linearT/MdAPE/sd,0.006988482731667131,C:\Users\aaa\Desktop\test\outputs\20260831_evidence_registry\20260831T163625\q2_validation.json,real_run_or_direct_audit
q2,/random_stratified_50_repeats/linearT/MdAPE/min,0.12898070364916672,C:\Users\aaa\Desktop\test\outputs\20260831_evidence_registry\20260831T163625\q2_validation.json,real_run_or_direct_audit
q2,/random_stratified_50_repeats/linearT/MdAPE/max,0.1584898512213034,C:\Users\aaa\Desktop\test\outputs\20260831_evidence_registry\20260831T163625\q2_validation.json,real_run_or_direct_audit
q2,/random_stratified_50_repeats/linearT/RMSE_log/mean,0.20652641096382543,C:\Users\aaa\Desktop\test\outputs\20260831_evidence_registry\20260831T163625\q2_validation.json,real_run_or_direct_audit
q2,/random_stratified_50_repeats/linearT/RMSE_log/sd,0.00830784936345314,C:\Users\aaa\Desktop\test\outputs\20260831_evidence_registry\20260831T163625\q2_validation.json,real_run_or_direct_audit
q2,/random_stratified_50_repeats/linearT/RMSE_log/min,0.1856615719910026,C:\Users\aaa\Desktop\test\outputs\20260831_evidence_registry\20260831T163625\q2_validation.json,real_run_or_direct_audit
q2,/random_stratified_50_repeats/linearT/RMSE_log/max,0.22430280735347807,C:\Users\aaa\Desktop\test\outputs\20260831_evidence_registry\20260831T163625\q2_validation.json,real_run_or_direct_audit
q2,/random_stratified_50_repeats/linearT/NRMSE_mean/mean,0.25526853132651356,C:\Users\aaa\Desktop\test\outputs\20260831_evidence_registry\20260831T163625\q2_validation.json,real_run_or_direct_audit
q2,/random_stratified_50_repeats/linearT/NRMSE_mean/sd,0.02944295323256667,C:\Users\aaa\Desktop\test\outputs\20260831_evidence_registry\20260831T163625\q2_validation.json,real_run_or_direct_audit
q2,/random_stratified_50_repeats/linearT/NRMSE_mean/min,0.1971241347802848,C:\Users\aaa\Desktop\test\outputs\20260831_evidence_registry\20260831T163625\q2_validation.json,real_run_or_direct_audit
q2,/random_stratified_50_repeats/linearT/NRMSE_mean/max,0.33140526184338226,C:\Users\aaa\Desktop\test\outputs\20260831_evidence_registry\20260831T163625\q2_validation.json,real_run_or_direct_audit
q2,/random_stratified_50_repeats/quadraticT/MAPE/mean,0.16164447236535204,C:\Users\aaa\Desktop\test\outputs\20260831_evidence_registry\20260831T163625\q2_validation.json,real_run_or_direct_audit
q2,/random_stratified_50_repeats/quadraticT/MAPE/sd,0.005714027462568453,C:\Users\aaa\Desktop\test\outputs\20260831_evidence_registry\20260831T163625\q2_validation.json,real_run_or_direct_audit
q2,/random_stratified_50_repeats/quadraticT/MAPE/min,0.14859389183639876,C:\Users\aaa\Desktop\test\outputs\20260831_evidence_registry\20260831T163625\q2_validation.json,real_run_or_direct_audit
q2,/random_stratified_50_repeats/quadraticT/MAPE/max,0.17354199947899512,C:\Users\aaa\Desktop\test\outputs\20260831_evidence_registry\20260831T163625\q2_validation.json,real_run_or_direct_audit
q2,/random_stratified_50_repeats/quadraticT/MdAPE/mean,0.14395297126736928,C:\Users\aaa\Desktop\test\outputs\20260831_evidence_registry\20260831T163625\q2_validation.json,real_run_or_direct_audit
q2,/random_stratified_50_repeats/quadraticT/MdAPE/sd,0.009969003936875618,C:\Users\aaa\Desktop\test\outputs\20260831_evidence_registry\20260831T163625\q2_validation.json,real_run_or_direct_audit
q2,/random_stratified_50_repeats/quadraticT/MdAPE/min,0.12100897531189646,C:\Users\aaa\Desktop\test\outputs\20260831_evidence_registry\20260831T163625\q2_validation.json,real_run_or_direct_audit
q2,/random_stratified_50_repeats/quadraticT/MdAPE/max,0.15984871631387484,C:\Users\aaa\Desktop\test\outputs\20260831_evidence_registry\20260831T163625\q2_validation.json,real_run_or_direct_audit
q2,/random_stratified_50_repeats/quadraticT/RMSE_log/mean,0.1995514117293251,C:\Users\aaa\Desktop\test\outputs\20260831_evidence_registry\20260831T163625\q2_validation.json,real_run_or_direct_audit
q2,/random_stratified_50_repeats/quadraticT/RMSE_log/sd,0.008054451852503077,C:\Users\aaa\Desktop\test\outputs\20260831_evidence_registry\20260831T163625\q2_validation.json,real_run_or_direct_audit
q2,/random_stratified_50_repeats/quadraticT/RMSE_log/min,0.17836475039197813,C:\Users\aaa\Desktop\test\outputs\20260831_evidence_registry\20260831T163625\q2_validation.json,real_run_or_direct_audit
q2,/random_stratified_50_repeats/quadraticT/RMSE_log/max,0.21662404373420568,C:\Users\aaa\Desktop\test\outputs\20260831_evidence_registry\20260831T163625\q2_validation.json,real_run_or_direct_audit
q2,/random_stratified_50_repeats/quadraticT/NRMSE_mean/mean,0.2607265923502624,C:\Users\aaa\Desktop\test\outputs\20260831_evidence_registry\20260831T163625\q2_validation.json,real_run_or_direct_audit
q2,/random_stratified_50_repeats/quadraticT/NRMSE_mean/sd,0.05112949164040691,C:\Users\aaa\Desktop\test\outputs\20260831_evidence_registry\20260831T163625\q2_validation.json,real_run_or_direct_audit
q2,/random_stratified_50_repeats/quadraticT/NRMSE_mean/min,0.16694912837673268,C:\Users\aaa\Desktop\test\outputs\20260831_evidence_registry\20260831T163625\q2_validation.json,real_run_or_direct_audit
q2,/random_stratified_50_repeats/quadraticT/NRMSE_mean/max,0.3922894357689087,C:\Users\aaa\Desktop\test\outputs\20260831_evidence_registry\20260831T163625\q2_validation.json,real_run_or_direct_audit
q2,/random_stratified_50_repeats/interactions/MAPE/mean,0.12926035908793332,C:\Users\aaa\Desktop\test\outputs\20260831_evidence_registry\20260831T163625\q2_validation.json,real_run_or_direct_audit
q2,/random_stratified_50_repeats/interactions/MAPE/sd,0.005913917987361522,C:\Users\aaa\Desktop\test\outputs\20260831_evidence_registry\20260831T163625\q2_validation.json,real_run_or_direct_audit
q2,/random_stratified_50_repeats/interactions/MAPE/min,0.1149684931980443,C:\Users\aaa\Desktop\test\outputs\20260831_evidence_registry\20260831T163625\q2_validation.json,real_run_or_direct_audit
q2,/random_stratified_50_repeats/interactions/MAPE/max,0.14071686398693026,C:\Users\aaa\Desktop\test\outputs\20260831_evidence_registry\20260831T163625\q2_validation.json,real_run_or_direct_audit
q2,/random_stratified_50_repeats/interactions/MdAPE/mean,0.10117007590743599,C:\Users\aaa\Desktop\test\outputs\20260831_evidence_registry\20260831T163625\q2_validation.json,real_run_or_direct_audit
q2,/random_stratified_50_repeats/interactions/MdAPE/sd,0.00735882079171665,C:\Users\aaa\Desktop\test\outputs\20260831_evidence_registry\20260831T163625\q2_validation.json,real_run_or_direct_audit
q2,/random_stratified_50_repeats/interactions/MdAPE/min,0.08599408635815127,C:\Users\aaa\Desktop\test\outputs\20260831_evidence_registry\20260831T163625\q2_validation.json,real_run_or_direct_audit
q2,/random_stratified_50_repeats/interactions/MdAPE/max,0.116887829053586,C:\Users\aaa\Desktop\test\outputs\20260831_evidence_registry\20260831T163625\q2_validation.json,real_run_or_direct_audit
q2,/random_stratified_50_repeats/interactions/RMSE_log/mean,0.16542349999236006,C:\Users\aaa\Desktop\test\outputs\20260831_evidence_registry\20260831T163625\q2_validation.json,real_run_or_direct_audit
q2,/random_stratified_50_repeats/interactions/RMSE_log/sd,0.008147903738229248,C:\Users\aaa\Desktop\test\outputs\20260831_evidence_registry\20260831T163625\q2_validation.json,real_run_or_direct_audit
q2,/random_stratified_50_repeats/interactions/RMSE_log/min,0.14841770674047175,C:\Users\aaa\Desktop\test\outputs\20260831_evidence_registry\20260831T163625\q2_validation.json,real_run_or_direct_audit
q2,/random_stratified_50_repeats/interactions/RMSE_log/max,0.18095219074595414,C:\Users\aaa\Desktop\test\outputs\20260831_evidence_registry\20260831T163625\q2_validation.json,real_run_or_direct_audit
q2,/random_stratified_50_repeats/interactions/NRMSE_mean/mean,0.2067823076963165,C:\Users\aaa\Desktop\test\outputs\20260831_evidence_registry\20260831T163625\q2_validation.json,real_run_or_direct_audit
q2,/random_stratified_50_repeats/interactions/NRMSE_mean/sd,0.02318255188403682,C:\Users\aaa\Desktop\test\outputs\20260831_evidence_registry\20260831T163625\q2_validation.json,real_run_or_direct_audit
q2,/random_stratified_50_repeats/interactions/NRMSE_mean/min,0.16725066132340174,C:\Users\aaa\Desktop\test\outputs\20260831_evidence_registry\20260831T163625\q2_validation.json,real_run_or_direct_audit
q2,/random_stratified_50_repeats/interactions/NRMSE_mean/max,0.2803641563073879,C:\Users\aaa\Desktop\test\outputs\20260831_evidence_registry\20260831T163625\q2_validation.json,real_run_or_direct_audit
q2,/leave_one_temperature_out/25/SE/n,271,C:\Users\aaa\Desktop\test\outputs\20260831_evidence_registry\20260831T163625\q2_validation.json,real_run_or_direct_audit
q2,/leave_one_temperature_out/25/SE/MAPE,0.4314085161808704,C:\Users\aaa\Desktop\test\outputs\20260831_evidence_registry\20260831T163625\q2_validation.json,real_run_or_direct_audit
q2,/leave_one_temperature_out/25/SE/MdAPE,0.40950950180184265,C:\Users\aaa\Desktop\test\outputs\20260831_evidence_registry\20260831T163625\q2_validation.json,real_run_or_direct_audit
q2,/leave_one_temperature_out/25/SE/RMSE_log,0.6272381036857347,C:\Users\aaa\Desktop\test\outputs\20260831_evidence_registry\20260831T163625\q2_validation.json,real_run_or_direct_audit
q2,/leave_one_temperature_out/25/SE/NRMSE_mean,0.6969285670909467,C:\Users\aaa\Desktop\test\outputs\20260831_evidence_registry\20260831T163625\q2_validation.json,real_run_or_direct_audit
q2,/leave_one_temperature_out/25/SE/beta/0,-3.256856338158487,C:\Users\aaa\Desktop\test\outputs\20260831_evidence_registry\20260831T163625\q2_validation.json,real_run_or_direct_audit
q2,/leave_one_temperature_out/25/SE/beta/1,1.7342509108101833,C:\Users\aaa\Desktop\test\outputs\20260831_evidence_registry\20260831T163625\q2_validation.json,real_run_or_direct_audit
q2,/leave_one_temperature_out/25/SE/beta/2,2.5272825000132215,C:\Users\aaa\Desktop\test\outputs\20260831_evidence_registry\20260831T163625\q2_validation.json,real_run_or_direct_audit
q2,/leave_one_temperature_out/25/SE/smear,1.0305460285748944,C:\Users\aaa\Desktop\test\outputs\20260831_evidence_registry\20260831T163625\q2_validation.json,real_run_or_direct_audit
q2,/leave_one_temperature_out/25/linearT/n,271,C:\Users\aaa\Desktop\test\outputs\20260831_evidence_registry\20260831T163625\q2_validation.json,real_run_or_direct_audit
q2,/leave_one_temperature_out/25/linearT/MAPE,0.17729428841135061,C:\Users\aaa\Desktop\test\outputs\20260831_evidence_registry\20260831T163625\q2_validation.json,real_run_or_direct_audit
q2,/leave_one_temperature_out/25/linearT/MdAPE,0.11830616385967314,C:\Users\aaa\Desktop\test\outputs\20260831_evidence_registry\20260831T163625\q2_validation.json,real_run_or_direct_audit
q2,/leave_one_temperature_out/25/linearT/RMSE_log,0.3005345993007454,C:\Users\aaa\Desktop\test\outputs\20260831_evidence_registry\20260831T163625\q2_validation.json,real_run_or_direct_audit
q2,/leave_one_temperature_out/25/linearT/NRMSE_mean,0.2253245175768866,C:\Users\aaa\Desktop\test\outputs\20260831_evidence_registry\20260831T163625\q2_validation.json,real_run_or_direct_audit
q2,/leave_one_temperature_out/25/linearT/beta/0,-3.024445179076363,C:\Users\aaa\Desktop\test\outputs\20260831_evidence_registry\20260831T163625\q2_validation.json,real_run_or_direct_audit
q2,/leave_one_temperature_out/25/linearT/beta/1,1.7516437507642477,C:\Users\aaa\Desktop\test\outputs\20260831_evidence_registry\20260831T163625\q2_validation.json,real_run_or_direct_audit
q2,/leave_one_temperature_out/25/linearT/beta/2,2.53983523778695,C:\Users\aaa\Desktop\test\outputs\20260831_evidence_registry\20260831T163625\q2_validation.json,real_run_or_direct_audit
q2,/leave_one_temperature_out/25/linearT/beta/3,-0.5724191564392956,C:\Users\aaa\Desktop\test\outputs\20260831_evidence_registry\20260831T163625\q2_validation.json,real_run_or_direct_audit
q2,/leave_one_temperature_out/25/linearT/smear,1.0210599408659486,C:\Users\aaa\Desktop\test\outputs\20260831_evidence_registry\20260831T163625\q2_validation.json,real_run_or_direct_audit
q2,/leave_one_temperature_out/25/quadraticT/n,271,C:\Users\aaa\Desktop\test\outputs\20260831_evidence_registry\20260831T163625\q2_validation.json,real_run_or_direct_audit
q2,/leave_one_temperature_out/25/quadraticT/MAPE,0.18594188410607135,C:\Users\aaa\Desktop\test\outputs\20260831_evidence_registry\20260831T163625\q2_validation.json,real_run_or_direct_audit
q2,/leave_one_temperature_out/25/quadraticT/MdAPE,0.19232147591913656,C:\Users\aaa\Desktop\test\outputs\20260831_evidence_registry\20260831T163625\q2_validation.json,real_run_or_direct_audit
q2,/leave_one_temperature_out/25/quadraticT/RMSE_log,0.22797350316836423,C:\Users\aaa\Desktop\test\outputs\20260831_evidence_registry\20260831T163625\q2_validation.json,real_run_or_direct_audit
q2,/leave_one_temperature_out/25/quadraticT/NRMSE_mean,0.35058216635059863,C:\Users\aaa\Desktop\test\outputs\20260831_evidence_registry\20260831T163625\q2_validation.json,real_run_or_direct_audit
q2,/leave_one_temperature_out/25/quadraticT/beta/0,-2.8542880229269456,C:\Users\aaa\Desktop\test\outputs\20260831_evidence_registry\20260831T163625\q2_validation.json,real_run_or_direct_audit
q2,/leave_one_temperature_out/25/quadraticT/beta/1,1.752137079734646,C:\Users\aaa\Desktop\test\outputs\20260831_evidence_registry\20260831T163625\q2_validation.json,real_run_or_direct_audit
q2,/leave_one_temperature_out/25/quadraticT/beta/2,2.5396291534245736,C:\Users\aaa\Desktop\test\outputs\20260831_evidence_registry\20260831T163625\q2_validation.json,real_run_or_direct_audit
q2,/leave_one_temperature_out/25/quadraticT/beta/3,-1.1577181743632758,C:\Users\aaa\Desktop\test\outputs\20260831_evidence_registry\20260831T163625\q2_validation.json,real_run_or_direct_audit
q2,/leave_one_temperature_out/25/quadraticT/beta/4,0.42159466498789216,C:\Users\aaa\Desktop\test\outputs\20260831_evidence_registry\20260831T163625\q2_validation.json,real_run_or_direct_audit
q2,/leave_one_temperature_out/25/quadraticT/smear,1.0208411105993027,C:\Users\aaa\Desktop\test\outputs\20260831_evidence_registry\20260831T163625\q2_validation.json,real_run_or_direct_audit
q2,/leave_one_temperature_out/25/interactions/n,271,C:\Users\aaa\Desktop\test\outputs\20260831_evidence_registry\20260831T163625\q2_validation.json,real_run_or_direct_audit
q2,/leave_one_temperature_out/25/interactions/MAPE,0.16649823643126932,C:\Users\aaa\Desktop\test\outputs\20260831_evidence_registry\20260831T163625\q2_validation.json,real_run_or_direct_audit
q2,/leave_one_temperature_out/25/interactions/MdAPE,0.16995571652731423,C:\Users\aaa\Desktop\test\outputs\20260831_evidence_registry\20260831T163625\q2_validation.json,real_run_or_direct_audit
q2,/leave_one_temperature_out/25/interactions/RMSE_log,0.20856387107836896,C:\Users\aaa\Desktop\test\outputs\20260831_evidence_registry\20260831T163625\q2_validation.json,real_run_or_direct_audit
q2,/leave_one_temperature_out/25/interactions/NRMSE_mean,0.23531408732063713,C:\Users\aaa\Desktop\test\outputs\20260831_evidence_registry\20260831T163625\q2_validation.json,real_run_or_direct_audit
q2,/leave_one_temperature_out/25/interactions/beta/0,10.23877840531212,C:\Users\aaa\Desktop\test\outputs\20260831_evidence_registry\20260831T163625\q2_validation.json,real_run_or_direct_audit
q2,/leave_one_temperature_out/25/interactions/beta/1,1.231650646081683,C:\Users\aaa\Desktop\test\outputs\20260831_evidence_registry\20260831T163625\q2_validation.json,real_run_or_direct_audit
q2,/leave_one_temperature_out/25/interactions/beta/2,2.480093308311874,C:\Users\aaa\Desktop\test\outputs\20260831_evidence_registry\20260831T163625\q2_validation.json,real_run_or_direct_audit
q2,/leave_one_temperature_out/25/interactions/beta/3,-0.5764592034597563,C:\Users\aaa\Desktop\test\outputs\20260831_evidence_registry\20260831T163625\q2_validation.json,real_run_or_direct_audit
q2,/leave_one_temperature_out/25/interactions/beta/4,0.7345148718808939,C:\Users\aaa\Desktop\test\outputs\20260831_evidence_registry\20260831T163625\q2_validation.json,real_run_or_direct_audit
q2,/leave_one_temperature_out/25/interactions/beta/5,0.0926168605658985,C:\Users\aaa\Desktop\test\outputs\20260831_evidence_registry\20260831T163625\q2_validation.json,real_run_or_direct_audit
q2,/leave_one_temperature_out/25/interactions/smear,1.016573518022226,C:\Users\aaa\Desktop\test\outputs\20260831_evidence_registry\20260831T163625\q2_validation.json,real_run_or_direct_audit
q2,/leave_one_temperature_out/50/SE/n,256,C:\Users\aaa\Desktop\test\outputs\20260831_evidence_registry\20260831T163625\q2_validation.json,real_run_or_direct_audit
q2,/leave_one_temperature_out/50/SE/MAPE,0.11515027334931134,C:\Users\aaa\Desktop\test\outputs\20260831_evidence_registry\20260831T163625\q2_validation.json,real_run_or_direct_audit
q2,/leave_one_temperature_out/50/SE/MdAPE,0.09811080356407931,C:\Users\aaa\Desktop\test\outputs\20260831_evidence_registry\20260831T163625\q2_validation.json,real_run_or_direct_audit
q2,/leave_one_temperature_out/50/SE/RMSE_log,0.13449072091519865,C:\Users\aaa\Desktop\test\outputs\20260831_evidence_registry\20260831T163625\q2_validation.json,real_run_or_direct_audit
q2,/leave_one_temperature_out/50/SE/NRMSE_mean,0.11846181635075594,C:\Users\aaa\Desktop\test\outputs\20260831_evidence_registry\20260831T163625\q2_validation.json,real_run_or_direct_audit
q2,/leave_one_temperature_out/50/SE/beta/0,-2.107499748974401,C:\Users\aaa\Desktop\test\outputs\20260831_evidence_registry\20260831T163625\q2_validation.json,real_run_or_direct_audit
q2,/leave_one_temperature_out/50/SE/beta/1,1.6410316192322285,C:\Users\aaa\Desktop\test\outputs\20260831_evidence_registry\20260831T163625\q2_validation.json,real_run_or_direct_audit
q2,/leave_one_temperature_out/50/SE/beta/2,2.496242972742973,C:\Users\aaa\Desktop\test\outputs\20260831_evidence_registry\20260831T163625\q2_validation.json,real_run_or_direct_audit
q2,/leave_one_temperature_out/50/SE/smear,1.0851266485467665,C:\Users\aaa\Desktop\test\outputs\20260831_evidence_registry\20260831T163625\q2_validation.json,real_run_or_direct_audit
q2,/leave_one_temperature_out/50/linearT/n,256,C:\Users\aaa\Desktop\test\outputs\20260831_evidence_registry\20260831T163625\q2_validation.json,real_run_or_direct_audit
q2,/leave_one_temperature_out/50/linearT/MAPE,0.18099403575152948,C:\Users\aaa\Desktop\test\outputs\20260831_evidence_registry\20260831T163625\q2_validation.json,real_run_or_direct_audit
q2,/leave_one_temperature_out/50/linearT/MdAPE,0.17276046642411164,C:\Users\aaa\Desktop\test\outputs\20260831_evidence_registry\20260831T163625\q2_validation.json,real_run_or_direct_audit
q2,/leave_one_temperature_out/50/linearT/RMSE_log,0.18570025874151588,C:\Users\aaa\Desktop\test\outputs\20260831_evidence_registry\20260831T163625\q2_validation.json,real_run_or_direct_audit
q2,/leave_one_temperature_out/50/linearT/NRMSE_mean,0.32670673489146534,C:\Users\aaa\Desktop\test\outputs\20260831_evidence_registry\20260831T163625\q2_validation.json,real_run_or_direct_audit
q2,/leave_one_temperature_out/50/linearT/beta/0,-2.1277614018052313,C:\Users\aaa\Desktop\test\outputs\20260831_evidence_registry\20260831T163625\q2_validation.json,real_run_or_direct_audit
q2,/leave_one_temperature_out/50/linearT/beta/1,1.6868717326494183,C:\Users\aaa\Desktop\test\outputs\20260831_evidence_registry\20260831T163625\q2_validation.json,real_run_or_direct_audit
q2,/leave_one_temperature_out/50/linearT/beta/2,2.519655525345855,C:\Users\aaa\Desktop\test\outputs\20260831_evidence_registry\20260831T163625\q2_validation.json,real_run_or_direct_audit
q2,/leave_one_temperature_out/50/linearT/beta/3,-0.7964896714721502,C:\Users\aaa\Desktop\test\outputs\20260831_evidence_registry\20260831T163625\q2_validation.json,real_run_or_direct_audit
q2,/leave_one_temperature_out/50/linearT/smear,1.0261045726054614,C:\Users\aaa\Desktop\test\outputs\20260831_evidence_registry\20260831T163625\q2_validation.json,real_run_or_direct_audit
q2,/leave_one_temperature_out/50/quadraticT/n,256,C:\Users\aaa\Desktop\test\outputs\20260831_evidence_registry\20260831T163625\q2_validation.json,real_run_or_direct_audit
q2,/leave_one_temperature_out/50/quadraticT/MAPE,0.12558310787200827,C:\Users\aaa\Desktop\test\outputs\20260831_evidence_registry\20260831T163625\q2_validation.json,real_run_or_direct_audit
q2,/leave_one_temperature_out/50/quadraticT/MdAPE,0.1127629236594648,C:\Users\aaa\Desktop\test\outputs\20260831_evidence_registry\20260831T163625\q2_validation.json,real_run_or_direct_audit
q2,/leave_one_temperature_out/50/quadraticT/RMSE_log,0.14382470561837046,C:\Users\aaa\Desktop\test\outputs\20260831_evidence_registry\20260831T163625\q2_validation.json,real_run_or_direct_audit
q2,/leave_one_temperature_out/50/quadraticT/NRMSE_mean,0.16720673361715008,C:\Users\aaa\Desktop\test\outputs\20260831_evidence_registry\20260831T163625\q2_validation.json,real_run_or_direct_audit
q2,/leave_one_temperature_out/50/quadraticT/beta/0,-2.1133325456717533,C:\Users\aaa\Desktop\test\outputs\20260831_evidence_registry\20260831T163625\q2_validation.json,real_run_or_direct_audit
q2,/leave_one_temperature_out/50/quadraticT/beta/1,1.686942091917912,C:\Users\aaa\Desktop\test\outputs\20260831_evidence_registry\20260831T163625\q2_validation.json,real_run_or_direct_audit
q2,/leave_one_temperature_out/50/quadraticT/beta/2,2.518038418768068,C:\Users\aaa\Desktop\test\outputs\20260831_evidence_registry\20260831T163625\q2_validation.json,real_run_or_direct_audit
q2,/leave_one_temperature_out/50/quadraticT/beta/3,-1.254734899999938,C:\Users\aaa\Desktop\test\outputs\20260831_evidence_registry\20260831T163625\q2_validation.json,real_run_or_direct_audit
q2,/leave_one_temperature_out/50/quadraticT/beta/4,0.48255324850518255,C:\Users\aaa\Desktop\test\outputs\20260831_evidence_registry\20260831T163625\q2_validation.json,real_run_or_direct_audit
q2,/leave_one_temperature_out/50/quadraticT/smear,1.0247166045371772,C:\Users\aaa\Desktop\test\outputs\20260831_evidence_registry\20260831T163625\q2_validation.json,real_run_or_direct_audit
q2,/leave_one_temperature_out/50/interactions/n,256,C:\Users\aaa\Desktop\test\outputs\20260831_evidence_registry\20260831T163625\q2_validation.json,real_run_or_direct_audit
q2,/leave_one_temperature_out/50/interactions/MAPE,0.14002568546580135,C:\Users\aaa\Desktop\test\outputs\20260831_evidence_registry\20260831T163625\q2_validation.json,real_run_or_direct_audit
q2,/leave_one_temperature_out/50/interactions/MdAPE,0.11507694993689696,C:\Users\aaa\Desktop\test\outputs\20260831_evidence_registry\20260831T163625\q2_validation.json,real_run_or_direct_audit
q2,/leave_one_temperature_out/50/interactions/RMSE_log,0.15192130500300566,C:\Users\aaa\Desktop\test\outputs\20260831_evidence_registry\20260831T163625\q2_validation.json,real_run_or_direct_audit
q2,/leave_one_temperature_out/50/interactions/NRMSE_mean,0.20133933355145145,C:\Users\aaa\Desktop\test\outputs\20260831_evidence_registry\20260831T163625\q2_validation.json,real_run_or_direct_audit
q2,/leave_one_temperature_out/50/interactions/beta/0,10.425272334617464,C:\Users\aaa\Desktop\test\outputs\20260831_evidence_registry\20260831T163625\q2_validation.json,real_run_or_direct_audit
q2,/leave_one_temperature_out/50/interactions/beta/1,1.3127714253199656,C:\Users\aaa\Desktop\test\outputs\20260831_evidence_registry\20260831T163625\q2_validation.json,real_run_or_direct_audit
q2,/leave_one_temperature_out/50/interactions/beta/2,2.4534068751787546,C:\Users\aaa\Desktop\test\outputs\20260831_evidence_registry\20260831T163625\q2_validation.json,real_run_or_direct_audit
q2,/leave_one_temperature_out/50/interactions/beta/3,-0.7922546866851906,C:\Users\aaa\Desktop\test\outputs\20260831_evidence_registry\20260831T163625\q2_validation.json,real_run_or_direct_audit
q2,/leave_one_temperature_out/50/interactions/beta/4,0.6486201795768247,C:\Users\aaa\Desktop\test\outputs\20260831_evidence_registry\20260831T163625\q2_validation.json,real_run_or_direct_audit
q2,/leave_one_temperature_out/50/interactions/beta/5,0.12358859097232905,C:\Users\aaa\Desktop\test\outputs\20260831_evidence_registry\20260831T163625\q2_validation.json,real_run_or_direct_audit
q2,/leave_one_temperature_out/50/interactions/smear,1.0164645939889965,C:\Users\aaa\Desktop\test\outputs\20260831_evidence_registry\20260831T163625\q2_validation.json,real_run_or_direct_audit
q2,/leave_one_temperature_out/70/SE/n,265,C:\Users\aaa\Desktop\test\outputs\20260831_evidence_registry\20260831T163625\q2_validation.json,real_run_or_direct_audit
q2,/leave_one_temperature_out/70/SE/MAPE,0.40881152011802396,C:\Users\aaa\Desktop\test\outputs\20260831_evidence_registry\20260831T163625\q2_validation.json,real_run_or_direct_audit
q2,/leave_one_temperature_out/70/SE/MdAPE,0.3910710297670685,C:\Users\aaa\Desktop\test\outputs\20260831_evidence_registry\20260831T163625\q2_validation.json,real_run_or_direct_audit
q2,/leave_one_temperature_out/70/SE/RMSE_log,0.3682948775312308,C:\Users\aaa\Desktop\test\outputs\20260831_evidence_registry\20260831T163625\q2_validation.json,real_run_or_direct_audit
q2,/leave_one_temperature_out/70/SE/NRMSE_mean,0.46595380438354383,C:\Users\aaa\Desktop\test\outputs\20260831_evidence_registry\20260831T163625\q2_validation.json,real_run_or_direct_audit
q2,/leave_one_temperature_out/70/SE/beta/0,-1.0564877680916458,C:\Users\aaa\Desktop\test\outputs\20260831_evidence_registry\20260831T163625\q2_validation.json,real_run_or_direct_audit
q2,/leave_one_temperature_out/70/SE/beta/1,1.5565530479026901,C:\Users\aaa\Desktop\test\outputs\20260831_evidence_registry\20260831T163625\q2_validation.json,real_run_or_direct_audit
q2,/leave_one_temperature_out/70/SE/beta/2,2.493933411773095,C:\Users\aaa\Desktop\test\outputs\20260831_evidence_registry\20260831T163625\q2_validation.json,real_run_or_direct_audit
q2,/leave_one_temperature_out/70/SE/smear,1.0689422258852208,C:\Users\aaa\Desktop\test\outputs\20260831_evidence_registry\20260831T163625\q2_validation.json,real_run_or_direct_audit
q2,/leave_one_temperature_out/70/linearT/n,265,C:\Users\aaa\Desktop\test\outputs\20260831_evidence_registry\20260831T163625\q2_validation.json,real_run_or_direct_audit
q2,/leave_one_temperature_out/70/linearT/MAPE,0.19125821751221803,C:\Users\aaa\Desktop\test\outputs\20260831_evidence_registry\20260831T163625\q2_validation.json,real_run_or_direct_audit
q2,/leave_one_temperature_out/70/linearT/MdAPE,0.16673586136756127,C:\Users\aaa\Desktop\test\outputs\20260831_evidence_registry\20260831T163625\q2_validation.json,real_run_or_direct_audit
q2,/leave_one_temperature_out/70/linearT/RMSE_log,0.2224771543353359,C:\Users\aaa\Desktop\test\outputs\20260831_evidence_registry\20260831T163625\q2_validation.json,real_run_or_direct_audit
q2,/leave_one_temperature_out/70/linearT/NRMSE_mean,0.1189691056359359,C:\Users\aaa\Desktop\test\outputs\20260831_evidence_registry\20260831T163625\q2_validation.json,real_run_or_direct_audit
q2,/leave_one_temperature_out/70/linearT/beta/0,-1.1555353528850356,C:\Users\aaa\Desktop\test\outputs\20260831_evidence_registry\20260831T163625\q2_validation.json,real_run_or_direct_audit
q2,/leave_one_temperature_out/70/linearT/beta/1,1.6009010513642448,C:\Users\aaa\Desktop\test\outputs\20260831_evidence_registry\20260831T163625\q2_validation.json,real_run_or_direct_audit
q2,/leave_one_temperature_out/70/linearT/beta/2,2.519083043296862,C:\Users\aaa\Desktop\test\outputs\20260831_evidence_registry\20260831T163625\q2_validation.json,real_run_or_direct_audit
q2,/leave_one_temperature_out/70/linearT/beta/3,-0.7478568246984296,C:\Users\aaa\Desktop\test\outputs\20260831_evidence_registry\20260831T163625\q2_validation.json,real_run_or_direct_audit
q2,/leave_one_temperature_out/70/linearT/smear,1.0232098930314535,C:\Users\aaa\Desktop\test\outputs\20260831_evidence_registry\20260831T163625\q2_validation.json,real_run_or_direct_audit
q2,/leave_one_temperature_out/70/quadraticT/n,265,C:\Users\aaa\Desktop\test\outputs\20260831_evidence_registry\20260831T163625\q2_validation.json,real_run_or_direct_audit
q2,/leave_one_temperature_out/70/quadraticT/MAPE,0.15082856600141212,C:\Users\aaa\Desktop\test\outputs\20260831_evidence_registry\20260831T163625\q2_validation.json,real_run_or_direct_audit
q2,/leave_one_temperature_out/70/quadraticT/MdAPE,0.12054938802075195,C:\Users\aaa\Desktop\test\outputs\20260831_evidence_registry\20260831T163625\q2_validation.json,real_run_or_direct_audit
q2,/leave_one_temperature_out/70/quadraticT/RMSE_log,0.20482398879141586,C:\Users\aaa\Desktop\test\outputs\20260831_evidence_registry\20260831T163625\q2_validation.json,real_run_or_direct_audit
q2,/leave_one_temperature_out/70/quadraticT/NRMSE_mean,0.15334173789003086,C:\Users\aaa\Desktop\test\outputs\20260831_evidence_registry\20260831T163625\q2_validation.json,real_run_or_direct_audit
q2,/leave_one_temperature_out/70/quadraticT/beta/0,-1.0816045075496235,C:\Users\aaa\Desktop\test\outputs\20260831_evidence_registry\20260831T163625\q2_validation.json,real_run_or_direct_audit
q2,/leave_one_temperature_out/70/quadraticT/beta/1,1.598148247608906,C:\Users\aaa\Desktop\test\outputs\20260831_evidence_registry\20260831T163625\q2_validation.json,real_run_or_direct_audit
q2,/leave_one_temperature_out/70/quadraticT/beta/2,2.516284214392063,C:\Users\aaa\Desktop\test\outputs\20260831_evidence_registry\20260831T163625\q2_validation.json,real_run_or_direct_audit
q2,/leave_one_temperature_out/70/quadraticT/beta/3,-1.3086739208740883,C:\Users\aaa\Desktop\test\outputs\20260831_evidence_registry\20260831T163625\q2_validation.json,real_run_or_direct_audit
q2,/leave_one_temperature_out/70/quadraticT/beta/4,0.5420523778702551,C:\Users\aaa\Desktop\test\outputs\20260831_evidence_registry\20260831T163625\q2_validation.json,real_run_or_direct_audit
q2,/leave_one_temperature_out/70/quadraticT/smear,1.020940542447228,C:\Users\aaa\Desktop\test\outputs\20260831_evidence_registry\20260831T163625\q2_validation.json,real_run_or_direct_audit
q2,/leave_one_temperature_out/70/interactions/n,265,C:\Users\aaa\Desktop\test\outputs\20260831_evidence_registry\20260831T163625\q2_validation.json,real_run_or_direct_audit
q2,/leave_one_temperature_out/70/interactions/MAPE,0.17125783934555544,C:\Users\aaa\Desktop\test\outputs\20260831_evidence_registry\20260831T163625\q2_validation.json,real_run_or_direct_audit
q2,/leave_one_temperature_out/70/interactions/MdAPE,0.1400875004757493,C:\Users\aaa\Desktop\test\outputs\20260831_evidence_registry\20260831T163625\q2_validation.json,real_run_or_direct_audit
q2,/leave_one_temperature_out/70/interactions/RMSE_log,0.1984979510769866,C:\Users\aaa\Desktop\test\outputs\20260831_evidence_registry\20260831T163625\q2_validation.json,real_run_or_direct_audit
q2,/leave_one_temperature_out/70/interactions/NRMSE_mean,0.19801763917584003,C:\Users\aaa\Desktop\test\outputs\20260831_evidence_registry\20260831T163625\q2_validation.json,real_run_or_direct_audit
q2,/leave_one_temperature_out/70/interactions/beta/0,10.3967836094531,C:\Users\aaa\Desktop\test\outputs\20260831_evidence_registry\20260831T163625\q2_validation.json,real_run_or_direct_audit
q2,/leave_one_temperature_out/70/interactions/beta/1,1.2865052222881543,C:\Users\aaa\Desktop\test\outputs\20260831_evidence_registry\20260831T163625\q2_validation.json,real_run_or_direct_audit
q2,/leave_one_temperature_out/70/interactions/beta/2,2.4657416620508728,C:\Users\aaa\Desktop\test\outputs\20260831_evidence_registry\20260831T163625\q2_validation.json,real_run_or_direct_audit
q2,/leave_one_temperature_out/70/interactions/beta/3,-0.7525746852013462,C:\Users\aaa\Desktop\test\outputs\20260831_evidence_registry\20260831T163625\q2_validation.json,real_run_or_direct_audit
q2,/leave_one_temperature_out/70/interactions/beta/4,0.6583678823428488,C:\Users\aaa\Desktop\test\outputs\20260831_evidence_registry\20260831T163625\q2_validation.json,real_run_or_direct_audit
q2,/leave_one_temperature_out/70/interactions/beta/5,0.12550309313726687,C:\Users\aaa\Desktop\test\outputs\20260831_evidence_registry\20260831T163625\q2_validation.json,real_run_or_direct_audit
q2,/leave_one_temperature_out/70/interactions/smear,1.0131871746241694,C:\Users\aaa\Desktop\test\outputs\20260831_evidence_registry\20260831T163625\q2_validation.json,real_run_or_direct_audit
q2,/leave_one_temperature_out/90/SE/n,275,C:\Users\aaa\Desktop\test\outputs\20260831_evidence_registry\20260831T163625\q2_validation.json,real_run_or_direct_audit
q2,/leave_one_temperature_out/90/SE/MAPE,0.6849967123053167,C:\Users\aaa\Desktop\test\outputs\20260831_evidence_registry\20260831T163625\q2_validation.json,real_run_or_direct_audit
q2,/leave_one_temperature_out/90/SE/MdAPE,0.588087575848946,C:\Users\aaa\Desktop\test\outputs\20260831_evidence_registry\20260831T163625\q2_validation.json,real_run_or_direct_audit
q2,/leave_one_temperature_out/90/SE/RMSE_log,0.555596878150367,C:\Users\aaa\Desktop\test\outputs\20260831_evidence_registry\20260831T163625\q2_validation.json,real_run_or_direct_audit
q2,/leave_one_temperature_out/90/SE/NRMSE_mean,0.6920449169128786,C:\Users\aaa\Desktop\test\outputs\20260831_evidence_registry\20260831T163625\q2_validation.json,real_run_or_direct_audit
q2,/leave_one_temperature_out/90/SE/beta/0,-0.4631697093186366,C:\Users\aaa\Desktop\test\outputs\20260831_evidence_registry\20260831T163625\q2_validation.json,real_run_or_direct_audit
q2,/leave_one_temperature_out/90/SE/beta/1,1.5112184225373284,C:\Users\aaa\Desktop\test\outputs\20260831_evidence_registry\20260831T163625\q2_validation.json,real_run_or_direct_audit
q2,/leave_one_temperature_out/90/SE/beta/2,2.4988126106102984,C:\Users\aaa\Desktop\test\outputs\20260831_evidence_registry\20260831T163625\q2_validation.json,real_run_or_direct_audit
q2,/leave_one_temperature_out/90/SE/smear,1.0487084409176826,C:\Users\aaa\Desktop\test\outputs\20260831_evidence_registry\20260831T163625\q2_validation.json,real_run_or_direct_audit
q2,/leave_one_temperature_out/90/linearT/n,275,C:\Users\aaa\Desktop\test\outputs\20260831_evidence_registry\20260831T163625\q2_validation.json,real_run_or_direct_audit
q2,/leave_one_temperature_out/90/linearT/MAPE,0.2375788172846139,C:\Users\aaa\Desktop\test\outputs\20260831_evidence_registry\20260831T163625\q2_validation.json,real_run_or_direct_audit
q2,/leave_one_temperature_out/90/linearT/MdAPE,0.23585210877505694,C:\Users\aaa\Desktop\test\outputs\20260831_evidence_registry\20260831T163625\q2_validation.json,real_run_or_direct_audit
q2,/leave_one_temperature_out/90/linearT/RMSE_log,0.34175558946393986,C:\Users\aaa\Desktop\test\outputs\20260831_evidence_registry\20260831T163625\q2_validation.json,real_run_or_direct_audit
q2,/leave_one_temperature_out/90/linearT/NRMSE_mean,0.5333486594225785,C:\Users\aaa\Desktop\test\outputs\20260831_evidence_registry\20260831T163625\q2_validation.json,real_run_or_direct_audit
q2,/leave_one_temperature_out/90/linearT/beta/0,-0.40891867918445524,C:\Users\aaa\Desktop\test\outputs\20260831_evidence_registry\20260831T163625\q2_validation.json,real_run_or_direct_audit
q2,/leave_one_temperature_out/90/linearT/beta/1,1.5356066664272505,C:\Users\aaa\Desktop\test\outputs\20260831_evidence_registry\20260831T163625\q2_validation.json,real_run_or_direct_audit
q2,/leave_one_temperature_out/90/linearT/beta/2,2.5034281801494003,C:\Users\aaa\Desktop\test\outputs\20260831_evidence_registry\20260831T163625\q2_validation.json,real_run_or_direct_audit
q2,/leave_one_temperature_out/90/linearT/beta/3,-0.9166891654552648,C:\Users\aaa\Desktop\test\outputs\20260831_evidence_registry\20260831T163625\q2_validation.json,real_run_or_direct_audit
q2,/leave_one_temperature_out/90/linearT/smear,1.0146254349210917,C:\Users\aaa\Desktop\test\outputs\20260831_evidence_registry\20260831T163625\q2_validation.json,real_run_or_direct_audit
q2,/leave_one_temperature_out/90/quadraticT/n,275,C:\Users\aaa\Desktop\test\outputs\20260831_evidence_registry\20260831T163625\q2_validation.json,real_run_or_direct_audit
q2,/leave_one_temperature_out/90/quadraticT/MAPE,0.2702737023376211,C:\Users\aaa\Desktop\test\outputs\20260831_evidence_registry\20260831T163625\q2_validation.json,real_run_or_direct_audit
q2,/leave_one_temperature_out/90/quadraticT/MdAPE,0.2291432207685402,C:\Users\aaa\Desktop\test\outputs\20260831_evidence_registry\20260831T163625\q2_validation.json,real_run_or_direct_audit
q2,/leave_one_temperature_out/90/quadraticT/RMSE_log,0.3074851062966434,C:\Users\aaa\Desktop\test\outputs\20260831_evidence_registry\20260831T163625\q2_validation.json,real_run_or_direct_audit
q2,/leave_one_temperature_out/90/quadraticT/NRMSE_mean,0.22551821663603203,C:\Users\aaa\Desktop\test\outputs\20260831_evidence_registry\20260831T163625\q2_validation.json,real_run_or_direct_audit
q2,/leave_one_temperature_out/90/quadraticT/beta/0,-0.3716511183203892,C:\Users\aaa\Desktop\test\outputs\20260831_evidence_registry\20260831T163625\q2_validation.json,real_run_or_direct_audit
q2,/leave_one_temperature_out/90/quadraticT/beta/1,1.5339621741408158,C:\Users\aaa\Desktop\test\outputs\20260831_evidence_registry\20260831T163625\q2_validation.json,real_run_or_direct_audit
q2,/leave_one_temperature_out/90/quadraticT/beta/2,2.502494884316319,C:\Users\aaa\Desktop\test\outputs\20260831_evidence_registry\20260831T163625\q2_validation.json,real_run_or_direct_audit
q2,/leave_one_temperature_out/90/quadraticT/beta/3,-1.3375841791328213,C:\Users\aaa\Desktop\test\outputs\20260831_evidence_registry\20260831T163625\q2_validation.json,real_run_or_direct_audit
q2,/leave_one_temperature_out/90/quadraticT/beta/4,0.6201880551215495,C:\Users\aaa\Desktop\test\outputs\20260831_evidence_registry\20260831T163625\q2_validation.json,real_run_or_direct_audit
q2,/leave_one_temperature_out/90/quadraticT/smear,1.0138150472843588,C:\Users\aaa\Desktop\test\outputs\20260831_evidence_registry\20260831T163625\q2_validation.json,real_run_or_direct_audit
q2,/leave_one_temperature_out/90/interactions/n,275,C:\Users\aaa\Desktop\test\outputs\20260831_evidence_registry\20260831T163625\q2_validation.json,real_run_or_direct_audit
q2,/leave_one_temperature_out/90/interactions/MAPE,0.16977893709518777,C:\Users\aaa\Desktop\test\outputs\20260831_evidence_registry\20260831T163625\q2_validation.json,real_run_or_direct_audit
q2,/leave_one_temperature_out/90/interactions/MdAPE,0.1338037121796069,C:\Users\aaa\Desktop\test\outputs\20260831_evidence_registry\20260831T163625\q2_validation.json,real_run_or_direct_audit
q2,/leave_one_temperature_out/90/interactions/RMSE_log,0.26616892947529947,C:\Users\aaa\Desktop\test\outputs\20260831_evidence_registry\20260831T163625\q2_validation.json,real_run_or_direct_audit
q2,/leave_one_temperature_out/90/interactions/NRMSE_mean,0.46617992447304635,C:\Users\aaa\Desktop\test\outputs\20260831_evidence_registry\20260831T163625\q2_validation.json,real_run_or_direct_audit
q2,/leave_one_temperature_out/90/interactions/beta/0,10.423752452824642,C:\Users\aaa\Desktop\test\outputs\20260831_evidence_registry\20260831T163625\q2_validation.json,real_run_or_direct_audit
q2,/leave_one_temperature_out/90/interactions/beta/1,1.2907000533908013,C:\Users\aaa\Desktop\test\outputs\20260831_evidence_registry\20260831T163625\q2_validation.json,real_run_or_direct_audit
q2,/leave_one_temperature_out/90/interactions/beta/2,2.4662624261609825,C:\Users\aaa\Desktop\test\outputs\20260831_evidence_registry\20260831T163625\q2_validation.json,real_run_or_direct_audit
q2,/leave_one_temperature_out/90/interactions/beta/3,-0.9105443241002806,C:\Users\aaa\Desktop\test\outputs\20260831_evidence_registry\20260831T163625\q2_validation.json,real_run_or_direct_audit
q2,/leave_one_temperature_out/90/interactions/beta/4,0.6714807259572131,C:\Users\aaa\Desktop\test\outputs\20260831_evidence_registry\20260831T163625\q2_validation.json,real_run_or_direct_audit
q2,/leave_one_temperature_out/90/interactions/beta/5,0.1042561547162079,C:\Users\aaa\Desktop\test\outputs\20260831_evidence_registry\20260831T163625\q2_validation.json,real_run_or_direct_audit
q2,/leave_one_temperature_out/90/interactions/smear,1.0093887952245595,C:\Users\aaa\Desktop\test\outputs\20260831_evidence_registry\20260831T163625\q2_validation.json,real_run_or_direct_audit
q2,/excel_order_last20_stress_not_time_split/meta/train_temperature_counts/25,271,C:\Users\aaa\Desktop\test\outputs\20260831_evidence_registry\20260831T163625\q2_validation.json,real_run_or_direct_audit
q2,/excel_order_last20_stress_not_time_split/meta/train_temperature_counts/50,256,C:\Users\aaa\Desktop\test\outputs\20260831_evidence_registry\20260831T163625\q2_validation.json,real_run_or_direct_audit
q2,/excel_order_last20_stress_not_time_split/meta/train_temperature_counts/70,265,C:\Users\aaa\Desktop\test\outputs\20260831_evidence_registry\20260831T163625\q2_validation.json,real_run_or_direct_audit
q2,/excel_order_last20_stress_not_time_split/meta/train_temperature_counts/90,62,C:\Users\aaa\Desktop\test\outputs\20260831_evidence_registry\20260831T163625\q2_validation.json,real_run_or_direct_audit
q2,/excel_order_last20_stress_not_time_split/meta/test_temperature_counts/25,0,C:\Users\aaa\Desktop\test\outputs\20260831_evidence_registry\20260831T163625\q2_validation.json,real_run_or_direct_audit
q2,/excel_order_last20_stress_not_time_split/meta/test_temperature_counts/50,0,C:\Users\aaa\Desktop\test\outputs\20260831_evidence_registry\20260831T163625\q2_validation.json,real_run_or_direct_audit
q2,/excel_order_last20_stress_not_time_split/meta/test_temperature_counts/70,0,C:\Users\aaa\Desktop\test\outputs\20260831_evidence_registry\20260831T163625\q2_validation.json,real_run_or_direct_audit
q2,/excel_order_last20_stress_not_time_split/meta/test_temperature_counts/90,213,C:\Users\aaa\Desktop\test\outputs\20260831_evidence_registry\20260831T163625\q2_validation.json,real_run_or_direct_audit
q2,/excel_order_last20_stress_not_time_split/meta/test_frequency_range/0,79460.0,C:\Users\aaa\Desktop\test\outputs\20260831_evidence_registry\20260831T163625\q2_validation.json,real_run_or_direct_audit
q2,/excel_order_last20_stress_not_time_split/meta/test_frequency_range/1,316230.0,C:\Users\aaa\Desktop\test\outputs\20260831_evidence_registry\20260831T163625\q2_validation.json,real_run_or_direct_audit
q2,/excel_order_last20_stress_not_time_split/meta/test_Bm_range/0,0.012289567000000001,C:\Users\aaa\Desktop\test\outputs\20260831_evidence_registry\20260831T163625\q2_validation.json,real_run_or_direct_audit
q2,/excel_order_last20_stress_not_time_split/meta/test_Bm_range/1,0.2714668125,C:\Users\aaa\Desktop\test\outputs\20260831_evidence_registry\20260831T163625\q2_validation.json,real_run_or_direct_audit
q2,/excel_order_last20_stress_not_time_split/metrics/SE/n,213,C:\Users\aaa\Desktop\test\outputs\20260831_evidence_registry\20260831T163625\q2_validation.json,real_run_or_direct_audit
q2,/excel_order_last20_stress_not_time_split/metrics/SE/MAPE,0.5948243333090854,C:\Users\aaa\Desktop\test\outputs\20260831_evidence_registry\20260831T163625\q2_validation.json,real_run_or_direct_audit
q2,/excel_order_last20_stress_not_time_split/metrics/SE/MdAPE,0.5094685814264179,C:\Users\aaa\Desktop\test\outputs\20260831_evidence_registry\20260831T163625\q2_validation.json,real_run_or_direct_audit
q2,/excel_order_last20_stress_not_time_split/metrics/SE/RMSE_log,0.5003352055885435,C:\Users\aaa\Desktop\test\outputs\20260831_evidence_registry\20260831T163625\q2_validation.json,real_run_or_direct_audit
q2,/excel_order_last20_stress_not_time_split/metrics/SE/NRMSE_mean,0.6992273323964582,C:\Users\aaa\Desktop\test\outputs\20260831_evidence_registry\20260831T163625\q2_validation.json,real_run_or_direct_audit
q2,/excel_order_last20_stress_not_time_split/metrics/SE/beta/0,-1.6393429003528697,C:\Users\aaa\Desktop\test\outputs\20260831_evidence_registry\20260831T163625\q2_validation.json,real_run_or_direct_audit
q2,/excel_order_last20_stress_not_time_split/metrics/SE/beta/1,1.6126285433546572,C:\Users\aaa\Desktop\test\outputs\20260831_evidence_registry\20260831T163625\q2_validation.json,real_run_or_direct_audit
q2,/excel_order_last20_stress_not_time_split/metrics/SE/beta/2,2.515243339845824,C:\Users\aaa\Desktop\test\outputs\20260831_evidence_registry\20260831T163625\q2_validation.json,real_run_or_direct_audit
q2,/excel_order_last20_stress_not_time_split/metrics/SE/smear,1.058074062040587,C:\Users\aaa\Desktop\test\outputs\20260831_evidence_registry\20260831T163625\q2_validation.json,real_run_or_direct_audit
q2,/excel_order_last20_stress_not_time_split/metrics/linearT/n,213,C:\Users\aaa\Desktop\test\outputs\20260831_evidence_registry\20260831T163625\q2_validation.json,real_run_or_direct_audit
q2,/excel_order_last20_stress_not_time_split/metrics/linearT/MAPE,0.24488366094892383,C:\Users\aaa\Desktop\test\outputs\20260831_evidence_registry\20260831T163625\q2_validation.json,real_run_or_direct_audit
q2,/excel_order_last20_stress_not_time_split/metrics/linearT/MdAPE,0.23674981831636346,C:\Users\aaa\Desktop\test\outputs\20260831_evidence_registry\20260831T163625\q2_validation.json,real_run_or_direct_audit
q2,/excel_order_last20_stress_not_time_split/metrics/linearT/RMSE_log,0.3642701415709467,C:\Users\aaa\Desktop\test\outputs\20260831_evidence_registry\20260831T163625\q2_validation.json,real_run_or_direct_audit
q2,/excel_order_last20_stress_not_time_split/metrics/linearT/NRMSE_mean,0.4744477377986753,C:\Users\aaa\Desktop\test\outputs\20260831_evidence_registry\20260831T163625\q2_validation.json,real_run_or_direct_audit
q2,/excel_order_last20_stress_not_time_split/metrics/linearT/beta/0,-0.4137055149959964,C:\Users\aaa\Desktop\test\outputs\20260831_evidence_registry\20260831T163625\q2_validation.json,real_run_or_direct_audit
q2,/excel_order_last20_stress_not_time_split/metrics/linearT/beta/1,1.5402265963042672,C:\Users\aaa\Desktop\test\outputs\20260831_evidence_registry\20260831T163625\q2_validation.json,real_run_or_direct_audit
q2,/excel_order_last20_stress_not_time_split/metrics/linearT/beta/2,2.5214763530289614,C:\Users\aaa\Desktop\test\outputs\20260831_evidence_registry\20260831T163625\q2_validation.json,real_run_or_direct_audit
q2,/excel_order_last20_stress_not_time_split/metrics/linearT/beta/3,-0.9052778126015624,C:\Users\aaa\Desktop\test\outputs\20260831_evidence_registry\20260831T163625\q2_validation.json,real_run_or_direct_audit
q2,/excel_order_last20_stress_not_time_split/metrics/linearT/smear,1.0156174636634527,C:\Users\aaa\Desktop\test\outputs\20260831_evidence_registry\20260831T163625\q2_validation.json,real_run_or_direct_audit
q2,/excel_order_last20_stress_not_time_split/metrics/quadraticT/n,213,C:\Users\aaa\Desktop\test\outputs\20260831_evidence_registry\20260831T163625\q2_validation.json,real_run_or_direct_audit
q2,/excel_order_last20_stress_not_time_split/metrics/quadraticT/MAPE,0.23544445289812768,C:\Users\aaa\Desktop\test\outputs\20260831_evidence_registry\20260831T163625\q2_validation.json,real_run_or_direct_audit
q2,/excel_order_last20_stress_not_time_split/metrics/quadraticT/MdAPE,0.2169318564939359,C:\Users\aaa\Desktop\test\outputs\20260831_evidence_registry\20260831T163625\q2_validation.json,real_run_or_direct_audit
q2,/excel_order_last20_stress_not_time_split/metrics/quadraticT/RMSE_log,0.32975934933379064,C:\Users\aaa\Desktop\test\outputs\20260831_evidence_registry\20260831T163625\q2_validation.json,real_run_or_direct_audit
q2,/excel_order_last20_stress_not_time_split/metrics/quadraticT/NRMSE_mean,0.3818712873554897,C:\Users\aaa\Desktop\test\outputs\20260831_evidence_registry\20260831T163625\q2_validation.json,real_run_or_direct_audit
q2,/excel_order_last20_stress_not_time_split/metrics/quadraticT/beta/0,-0.5320832035682418,C:\Users\aaa\Desktop\test\outputs\20260831_evidence_registry\20260831T163625\q2_validation.json,real_run_or_direct_audit
q2,/excel_order_last20_stress_not_time_split/metrics/quadraticT/beta/1,1.5517171066036926,C:\Users\aaa\Desktop\test\outputs\20260831_evidence_registry\20260831T163625\q2_validation.json,real_run_or_direct_audit
q2,/excel_order_last20_stress_not_time_split/metrics/quadraticT/beta/2,2.521052920867097,C:\Users\aaa\Desktop\test\outputs\20260831_evidence_registry\20260831T163625\q2_validation.json,real_run_or_direct_audit
q2,/excel_order_last20_stress_not_time_split/metrics/quadraticT/beta/3,-1.120341570082616,C:\Users\aaa\Desktop\test\outputs\20260831_evidence_registry\20260831T163625\q2_validation.json,real_run_or_direct_audit
q2,/excel_order_last20_stress_not_time_split/metrics/quadraticT/beta/4,0.2632631657985926,C:\Users\aaa\Desktop\test\outputs\20260831_evidence_registry\20260831T163625\q2_validation.json,real_run_or_direct_audit
q2,/excel_order_last20_stress_not_time_split/metrics/quadraticT/smear,1.0152093910571458,C:\Users\aaa\Desktop\test\outputs\20260831_evidence_registry\20260831T163625\q2_validation.json,real_run_or_direct_audit
q2,/excel_order_last20_stress_not_time_split/metrics/interactions/n,213,C:\Users\aaa\Desktop\test\outputs\20260831_evidence_registry\20260831T163625\q2_validation.json,real_run_or_direct_audit
q2,/excel_order_last20_stress_not_time_split/metrics/interactions/MAPE,0.17101598621899913,C:\Users\aaa\Desktop\test\outputs\20260831_evidence_registry\20260831T163625\q2_validation.json,real_run_or_direct_audit
q2,/excel_order_last20_stress_not_time_split/metrics/interactions/MdAPE,0.14006736262349456,C:\Users\aaa\Desktop\test\outputs\20260831_evidence_registry\20260831T163625\q2_validation.json,real_run_or_direct_audit
q2,/excel_order_last20_stress_not_time_split/metrics/interactions/RMSE_log,0.2679582764920332,C:\Users\aaa\Desktop\test\outputs\20260831_evidence_registry\20260831T163625\q2_validation.json,real_run_or_direct_audit
q2,/excel_order_last20_stress_not_time_split/metrics/interactions/NRMSE_mean,0.1837315962102841,C:\Users\aaa\Desktop\test\outputs\20260831_evidence_registry\20260831T163625\q2_validation.json,real_run_or_direct_audit
q2,/excel_order_last20_stress_not_time_split/metrics/interactions/beta/0,10.406335250540662,C:\Users\aaa\Desktop\test\outputs\20260831_evidence_registry\20260831T163625\q2_validation.json,real_run_or_direct_audit
q2,/excel_order_last20_stress_not_time_split/metrics/interactions/beta/1,1.3272071833999917,C:\Users\aaa\Desktop\test\outputs\20260831_evidence_registry\20260831T163625\q2_validation.json,real_run_or_direct_audit
q2,/excel_order_last20_stress_not_time_split/metrics/interactions/beta/2,2.44577860684037,C:\Users\aaa\Desktop\test\outputs\20260831_evidence_registry\20260831T163625\q2_validation.json,real_run_or_direct_audit
q2,/excel_order_last20_stress_not_time_split/metrics/interactions/beta/3,-0.8306683709377478,C:\Users\aaa\Desktop\test\outputs\20260831_evidence_registry\20260831T163625\q2_validation.json,real_run_or_direct_audit
q2,/excel_order_last20_stress_not_time_split/metrics/interactions/beta/4,0.5093066695353039,C:\Users\aaa\Desktop\test\outputs\20260831_evidence_registry\20260831T163625\q2_validation.json,real_run_or_direct_audit
q2,/excel_order_last20_stress_not_time_split/metrics/interactions/beta/5,0.19424621687839716,C:\Users\aaa\Desktop\test\outputs\20260831_evidence_registry\20260831T163625\q2_validation.json,real_run_or_direct_audit
q2,/excel_order_last20_stress_not_time_split/metrics/interactions/smear,1.011638223145677,C:\Users\aaa\Desktop\test\outputs\20260831_evidence_registry\20260831T163625\q2_validation.json,real_run_or_direct_audit
q2,/unseen_frequency_group_cv/SE/MAPE/mean,0.32473914538513265,C:\Users\aaa\Desktop\test\outputs\20260831_evidence_registry\20260831T163625\q2_validation.json,real_run_or_direct_audit
q2,/unseen_frequency_group_cv/SE/MAPE/sd,0.05374943552240865,C:\Users\aaa\Desktop\test\outputs\20260831_evidence_registry\20260831T163625\q2_validation.json,real_run_or_direct_audit
q2,/unseen_frequency_group_cv/SE/MAPE/min,0.2531911744925169,C:\Users\aaa\Desktop\test\outputs\20260831_evidence_registry\20260831T163625\q2_validation.json,real_run_or_direct_audit
q2,/unseen_frequency_group_cv/SE/MAPE/max,0.39173809993049646,C:\Users\aaa\Desktop\test\outputs\20260831_evidence_registry\20260831T163625\q2_validation.json,real_run_or_direct_audit
q2,/unseen_frequency_group_cv/SE/MdAPE/mean,0.26722328881509416,C:\Users\aaa\Desktop\test\outputs\20260831_evidence_registry\20260831T163625\q2_validation.json,real_run_or_direct_audit
q2,/unseen_frequency_group_cv/SE/MdAPE/sd,0.04231005203031005,C:\Users\aaa\Desktop\test\outputs\20260831_evidence_registry\20260831T163625\q2_validation.json,real_run_or_direct_audit
q2,/unseen_frequency_group_cv/SE/MdAPE/min,0.22945798531687867,C:\Users\aaa\Desktop\test\outputs\20260831_evidence_registry\20260831T163625\q2_validation.json,real_run_or_direct_audit
q2,/unseen_frequency_group_cv/SE/MdAPE/max,0.32711253462736106,C:\Users\aaa\Desktop\test\outputs\20260831_evidence_registry\20260831T163625\q2_validation.json,real_run_or_direct_audit
q2,/unseen_frequency_group_cv/SE/RMSE_log/mean,0.3597953189703211,C:\Users\aaa\Desktop\test\outputs\20260831_evidence_registry\20260831T163625\q2_validation.json,real_run_or_direct_audit
q2,/unseen_frequency_group_cv/SE/RMSE_log/sd,0.05346381312731045,C:\Users\aaa\Desktop\test\outputs\20260831_evidence_registry\20260831T163625\q2_validation.json,real_run_or_direct_audit
q2,/unseen_frequency_group_cv/SE/RMSE_log/min,0.278447859481591,C:\Users\aaa\Desktop\test\outputs\20260831_evidence_registry\20260831T163625\q2_validation.json,real_run_or_direct_audit
q2,/unseen_frequency_group_cv/SE/RMSE_log/max,0.41491580354316043,C:\Users\aaa\Desktop\test\outputs\20260831_evidence_registry\20260831T163625\q2_validation.json,real_run_or_direct_audit
q2,/unseen_frequency_group_cv/SE/NRMSE_mean/mean,0.40677163020776985,C:\Users\aaa\Desktop\test\outputs\20260831_evidence_registry\20260831T163625\q2_validation.json,real_run_or_direct_audit
q2,/unseen_frequency_group_cv/SE/NRMSE_mean/sd,0.015889355943629994,C:\Users\aaa\Desktop\test\outputs\20260831_evidence_registry\20260831T163625\q2_validation.json,real_run_or_direct_audit
q2,/unseen_frequency_group_cv/SE/NRMSE_mean/min,0.38803069825123404,C:\Users\aaa\Desktop\test\outputs\20260831_evidence_registry\20260831T163625\q2_validation.json,real_run_or_direct_audit
q2,/unseen_frequency_group_cv/SE/NRMSE_mean/max,0.42717580113275805,C:\Users\aaa\Desktop\test\outputs\20260831_evidence_registry\20260831T163625\q2_validation.json,real_run_or_direct_audit
q2,/unseen_frequency_group_cv/linearT/MAPE/mean,0.17513120856552475,C:\Users\aaa\Desktop\test\outputs\20260831_evidence_registry\20260831T163625\q2_validation.json,real_run_or_direct_audit
q2,/unseen_frequency_group_cv/linearT/MAPE/sd,0.009302602244343882,C:\Users\aaa\Desktop\test\outputs\20260831_evidence_registry\20260831T163625\q2_validation.json,real_run_or_direct_audit
q2,/unseen_frequency_group_cv/linearT/MAPE/min,0.16267508474177392,C:\Users\aaa\Desktop\test\outputs\20260831_evidence_registry\20260831T163625\q2_validation.json,real_run_or_direct_audit
q2,/unseen_frequency_group_cv/linearT/MAPE/max,0.18390138869287742,C:\Users\aaa\Desktop\test\outputs\20260831_evidence_registry\20260831T163625\q2_validation.json,real_run_or_direct_audit
q2,/unseen_frequency_group_cv/linearT/MdAPE/mean,0.15415291564068911,C:\Users\aaa\Desktop\test\outputs\20260831_evidence_registry\20260831T163625\q2_validation.json,real_run_or_direct_audit
q2,/unseen_frequency_group_cv/linearT/MdAPE/sd,0.011587967568914687,C:\Users\aaa\Desktop\test\outputs\20260831_evidence_registry\20260831T163625\q2_validation.json,real_run_or_direct_audit
q2,/unseen_frequency_group_cv/linearT/MdAPE/min,0.1385747834966966,C:\Users\aaa\Desktop\test\outputs\20260831_evidence_registry\20260831T163625\q2_validation.json,real_run_or_direct_audit
q2,/unseen_frequency_group_cv/linearT/MdAPE/max,0.16812545352521654,C:\Users\aaa\Desktop\test\outputs\20260831_evidence_registry\20260831T163625\q2_validation.json,real_run_or_direct_audit
q2,/unseen_frequency_group_cv/linearT/RMSE_log/mean,0.2216000458089502,C:\Users\aaa\Desktop\test\outputs\20260831_evidence_registry\20260831T163625\q2_validation.json,real_run_or_direct_audit
q2,/unseen_frequency_group_cv/linearT/RMSE_log/sd,0.03189456812906997,C:\Users\aaa\Desktop\test\outputs\20260831_evidence_registry\20260831T163625\q2_validation.json,real_run_or_direct_audit
q2,/unseen_frequency_group_cv/linearT/RMSE_log/min,0.19888356472437302,C:\Users\aaa\Desktop\test\outputs\20260831_evidence_registry\20260831T163625\q2_validation.json,real_run_or_direct_audit
q2,/unseen_frequency_group_cv/linearT/RMSE_log/max,0.2775781347728851,C:\Users\aaa\Desktop\test\outputs\20260831_evidence_registry\20260831T163625\q2_validation.json,real_run_or_direct_audit
q2,/unseen_frequency_group_cv/linearT/NRMSE_mean/mean,0.2568617067235267,C:\Users\aaa\Desktop\test\outputs\20260831_evidence_registry\20260831T163625\q2_validation.json,real_run_or_direct_audit
q2,/unseen_frequency_group_cv/linearT/NRMSE_mean/sd,0.0326204970163001,C:\Users\aaa\Desktop\test\outputs\20260831_evidence_registry\20260831T163625\q2_validation.json,real_run_or_direct_audit
q2,/unseen_frequency_group_cv/linearT/NRMSE_mean/min,0.21947950063079755,C:\Users\aaa\Desktop\test\outputs\20260831_evidence_registry\20260831T163625\q2_validation.json,real_run_or_direct_audit
q2,/unseen_frequency_group_cv/linearT/NRMSE_mean/max,0.2987094880835585,C:\Users\aaa\Desktop\test\outputs\20260831_evidence_registry\20260831T163625\q2_validation.json,real_run_or_direct_audit
q2,/unseen_frequency_group_cv/quadraticT/MAPE/mean,0.16833749139761212,C:\Users\aaa\Desktop\test\outputs\20260831_evidence_registry\20260831T163625\q2_validation.json,real_run_or_direct_audit
q2,/unseen_frequency_group_cv/quadraticT/MAPE/sd,0.007066396194261628,C:\Users\aaa\Desktop\test\outputs\20260831_evidence_registry\20260831T163625\q2_validation.json,real_run_or_direct_audit
q2,/unseen_frequency_group_cv/quadraticT/MAPE/min,0.1612291616680653,C:\Users\aaa\Desktop\test\outputs\20260831_evidence_registry\20260831T163625\q2_validation.json,real_run_or_direct_audit
q2,/unseen_frequency_group_cv/quadraticT/MAPE/max,0.17975378485969531,C:\Users\aaa\Desktop\test\outputs\20260831_evidence_registry\20260831T163625\q2_validation.json,real_run_or_direct_audit
q2,/unseen_frequency_group_cv/quadraticT/MdAPE/mean,0.1425829717009017,C:\Users\aaa\Desktop\test\outputs\20260831_evidence_registry\20260831T163625\q2_validation.json,real_run_or_direct_audit
q2,/unseen_frequency_group_cv/quadraticT/MdAPE/sd,0.016714744858350446,C:\Users\aaa\Desktop\test\outputs\20260831_evidence_registry\20260831T163625\q2_validation.json,real_run_or_direct_audit
q2,/unseen_frequency_group_cv/quadraticT/MdAPE/min,0.11859347589158628,C:\Users\aaa\Desktop\test\outputs\20260831_evidence_registry\20260831T163625\q2_validation.json,real_run_or_direct_audit
q2,/unseen_frequency_group_cv/quadraticT/MdAPE/max,0.16400764401510384,C:\Users\aaa\Desktop\test\outputs\20260831_evidence_registry\20260831T163625\q2_validation.json,real_run_or_direct_audit
q2,/unseen_frequency_group_cv/quadraticT/RMSE_log/mean,0.21340428209925927,C:\Users\aaa\Desktop\test\outputs\20260831_evidence_registry\20260831T163625\q2_validation.json,real_run_or_direct_audit
q2,/unseen_frequency_group_cv/quadraticT/RMSE_log/sd,0.0314846267031935,C:\Users\aaa\Desktop\test\outputs\20260831_evidence_registry\20260831T163625\q2_validation.json,real_run_or_direct_audit
q2,/unseen_frequency_group_cv/quadraticT/RMSE_log/min,0.18813758315143936,C:\Users\aaa\Desktop\test\outputs\20260831_evidence_registry\20260831T163625\q2_validation.json,real_run_or_direct_audit
q2,/unseen_frequency_group_cv/quadraticT/RMSE_log/max,0.26765950322867765,C:\Users\aaa\Desktop\test\outputs\20260831_evidence_registry\20260831T163625\q2_validation.json,real_run_or_direct_audit
q2,/unseen_frequency_group_cv/quadraticT/NRMSE_mean/mean,0.254040868546494,C:\Users\aaa\Desktop\test\outputs\20260831_evidence_registry\20260831T163625\q2_validation.json,real_run_or_direct_audit
q2,/unseen_frequency_group_cv/quadraticT/NRMSE_mean/sd,0.04854928216307325,C:\Users\aaa\Desktop\test\outputs\20260831_evidence_registry\20260831T163625\q2_validation.json,real_run_or_direct_audit
q2,/unseen_frequency_group_cv/quadraticT/NRMSE_mean/min,0.21236960724393167,C:\Users\aaa\Desktop\test\outputs\20260831_evidence_registry\20260831T163625\q2_validation.json,real_run_or_direct_audit
q2,/unseen_frequency_group_cv/quadraticT/NRMSE_mean/max,0.3215968736891412,C:\Users\aaa\Desktop\test\outputs\20260831_evidence_registry\20260831T163625\q2_validation.json,real_run_or_direct_audit
q2,/unseen_frequency_group_cv/interactions/MAPE/mean,0.137945023104263,C:\Users\aaa\Desktop\test\outputs\20260831_evidence_registry\20260831T163625\q2_validation.json,real_run_or_direct_audit
q2,/unseen_frequency_group_cv/interactions/MAPE/sd,0.01665530286252924,C:\Users\aaa\Desktop\test\outputs\20260831_evidence_registry\20260831T163625\q2_validation.json,real_run_or_direct_audit
q2,/unseen_frequency_group_cv/interactions/MAPE/min,0.11452620084721434,C:\Users\aaa\Desktop\test\outputs\20260831_evidence_registry\20260831T163625\q2_validation.json,real_run_or_direct_audit
q2,/unseen_frequency_group_cv/interactions/MAPE/max,0.15630553957651697,C:\Users\aaa\Desktop\test\outputs\20260831_evidence_registry\20260831T163625\q2_validation.json,real_run_or_direct_audit
q2,/unseen_frequency_group_cv/interactions/MdAPE/mean,0.11027536527710105,C:\Users\aaa\Desktop\test\outputs\20260831_evidence_registry\20260831T163625\q2_validation.json,real_run_or_direct_audit
q2,/unseen_frequency_group_cv/interactions/MdAPE/sd,0.017961489469170585,C:\Users\aaa\Desktop\test\outputs\20260831_evidence_registry\20260831T163625\q2_validation.json,real_run_or_direct_audit
q2,/unseen_frequency_group_cv/interactions/MdAPE/min,0.0849917012006066,C:\Users\aaa\Desktop\test\outputs\20260831_evidence_registry\20260831T163625\q2_validation.json,real_run_or_direct_audit
q2,/unseen_frequency_group_cv/interactions/MdAPE/max,0.12649978886043883,C:\Users\aaa\Desktop\test\outputs\20260831_evidence_registry\20260831T163625\q2_validation.json,real_run_or_direct_audit
q2,/unseen_frequency_group_cv/interactions/RMSE_log/mean,0.1812219392395131,C:\Users\aaa\Desktop\test\outputs\20260831_evidence_registry\20260831T163625\q2_validation.json,real_run_or_direct_audit
q2,/unseen_frequency_group_cv/interactions/RMSE_log/sd,0.02524677520343107,C:\Users\aaa\Desktop\test\outputs\20260831_evidence_registry\20260831T163625\q2_validation.json,real_run_or_direct_audit
q2,/unseen_frequency_group_cv/interactions/RMSE_log/min,0.162257637952636,C:\Users\aaa\Desktop\test\outputs\20260831_evidence_registry\20260831T163625\q2_validation.json,real_run_or_direct_audit
q2,/unseen_frequency_group_cv/interactions/RMSE_log/max,0.22479808784615038,C:\Users\aaa\Desktop\test\outputs\20260831_evidence_registry\20260831T163625\q2_validation.json,real_run_or_direct_audit
q2,/unseen_frequency_group_cv/interactions/NRMSE_mean/mean,0.22525997343730397,C:\Users\aaa\Desktop\test\outputs\20260831_evidence_registry\20260831T163625\q2_validation.json,real_run_or_direct_audit
q2,/unseen_frequency_group_cv/interactions/NRMSE_mean/sd,0.04577837365908109,C:\Users\aaa\Desktop\test\outputs\20260831_evidence_registry\20260831T163625\q2_validation.json,real_run_or_direct_audit
q2,/unseen_frequency_group_cv/interactions/NRMSE_mean/min,0.17875888339035612,C:\Users\aaa\Desktop\test\outputs\20260831_evidence_registry\20260831T163625\q2_validation.json,real_run_or_direct_audit
q2,/unseen_frequency_group_cv/interactions/NRMSE_mean/max,0.27673909428288845,C:\Users\aaa\Desktop\test\outputs\20260831_evidence_registry\20260831T163625\q2_validation.json,real_run_or_direct_audit
q2,/full_fit/half_range/SE/n,1067,C:\Users\aaa\Desktop\test\outputs\20260831_evidence_registry\20260831T163625\q2_validation.json,real_run_or_direct_audit
q2,/full_fit/half_range/SE/MAPE,0.32462570290691295,C:\Users\aaa\Desktop\test\outputs\20260831_evidence_registry\20260831T163625\q2_validation.json,real_run_or_direct_audit
q2,/full_fit/half_range/SE/MdAPE,0.2552415677146405,C:\Users\aaa\Desktop\test\outputs\20260831_evidence_registry\20260831T163625\q2_validation.json,real_run_or_direct_audit
q2,/full_fit/half_range/SE/RMSE_log,0.3600635430242267,C:\Users\aaa\Desktop\test\outputs\20260831_evidence_registry\20260831T163625\q2_validation.json,real_run_or_direct_audit
q2,/full_fit/half_range/SE/NRMSE_mean,0.4123266280171309,C:\Users\aaa\Desktop\test\outputs\20260831_evidence_registry\20260831T163625\q2_validation.json,real_run_or_direct_audit
q2,/full_fit/half_range/SE/beta/0,-1.6944259750678377,C:\Users\aaa\Desktop\test\outputs\20260831_evidence_registry\20260831T163625\q2_validation.json,real_run_or_direct_audit
q2,/full_fit/half_range/SE/beta/1,1.608006625799382,C:\Users\aaa\Desktop\test\outputs\20260831_evidence_registry\20260831T163625\q2_validation.json,real_run_or_direct_audit
q2,/full_fit/half_range/SE/beta/2,2.5018289825434517,C:\Users\aaa\Desktop\test\outputs\20260831_evidence_registry\20260831T163625\q2_validation.json,real_run_or_direct_audit
q2,/full_fit/half_range/SE/smear,1.0655358692842334,C:\Users\aaa\Desktop\test\outputs\20260831_evidence_registry\20260831T163625\q2_validation.json,real_run_or_direct_audit
q2,/full_fit/half_range/linearT/n,1067,C:\Users\aaa\Desktop\test\outputs\20260831_evidence_registry\20260831T163625\q2_validation.json,real_run_or_direct_audit
q2,/full_fit/half_range/linearT/MAPE,0.1690311480103844,C:\Users\aaa\Desktop\test\outputs\20260831_evidence_registry\20260831T163625\q2_validation.json,real_run_or_direct_audit
q2,/full_fit/half_range/linearT/MdAPE,0.14430837940207192,C:\Users\aaa\Desktop\test\outputs\20260831_evidence_registry\20260831T163625\q2_validation.json,real_run_or_direct_audit
q2,/full_fit/half_range/linearT/RMSE_log,0.208570981392288,C:\Users\aaa\Desktop\test\outputs\20260831_evidence_registry\20260831T163625\q2_validation.json,real_run_or_direct_audit
q2,/full_fit/half_range/linearT/NRMSE_mean,0.25750239072449227,C:\Users\aaa\Desktop\test\outputs\20260831_evidence_registry\20260831T163625\q2_validation.json,real_run_or_direct_audit
q2,/full_fit/half_range/linearT/beta/0,-1.6783021085242245,C:\Users\aaa\Desktop\test\outputs\20260831_evidence_registry\20260831T163625\q2_validation.json,real_run_or_direct_audit
q2,/full_fit/half_range/linearT/beta/1,1.6457228100820704,C:\Users\aaa\Desktop\test\outputs\20260831_evidence_registry\20260831T163625\q2_validation.json,real_run_or_direct_audit
q2,/full_fit/half_range/linearT/beta/2,2.521272706736199,C:\Users\aaa\Desktop\test\outputs\20260831_evidence_registry\20260831T163625\q2_validation.json,real_run_or_direct_audit
q2,/full_fit/half_range/linearT/beta/3,-0.7707091965360928,C:\Users\aaa\Desktop\test\outputs\20260831_evidence_registry\20260831T163625\q2_validation.json,real_run_or_direct_audit
q2,/full_fit/half_range/linearT/smear,1.023169379032144,C:\Users\aaa\Desktop\test\outputs\20260831_evidence_registry\20260831T163625\q2_validation.json,real_run_or_direct_audit
q2,/full_fit/half_range/quadraticT/n,1067,C:\Users\aaa\Desktop\test\outputs\20260831_evidence_registry\20260831T163625\q2_validation.json,real_run_or_direct_audit
q2,/full_fit/half_range/quadraticT/MAPE,0.16068497514810362,C:\Users\aaa\Desktop\test\outputs\20260831_evidence_registry\20260831T163625\q2_validation.json,real_run_or_direct_audit
q2,/full_fit/half_range/quadraticT/MdAPE,0.14461139570762796,C:\Users\aaa\Desktop\test\outputs\20260831_evidence_registry\20260831T163625\q2_validation.json,real_run_or_direct_audit
q2,/full_fit/half_range/quadraticT/RMSE_log,0.2001719897006851,C:\Users\aaa\Desktop\test\outputs\20260831_evidence_registry\20260831T163625\q2_validation.json,real_run_or_direct_audit
q2,/full_fit/half_range/quadraticT/NRMSE_mean,0.26685658782767124,C:\Users\aaa\Desktop\test\outputs\20260831_evidence_registry\20260831T163625\q2_validation.json,real_run_or_direct_audit
q2,/full_fit/half_range/quadraticT/beta/0,-1.6142385857535881,C:\Users\aaa\Desktop\test\outputs\20260831_evidence_registry\20260831T163625\q2_validation.json,real_run_or_direct_audit
q2,/full_fit/half_range/quadraticT/beta/1,1.644228882119545,C:\Users\aaa\Desktop\test\outputs\20260831_evidence_registry\20260831T163625\q2_validation.json,real_run_or_direct_audit
q2,/full_fit/half_range/quadraticT/beta/2,2.5187028204439925,C:\Users\aaa\Desktop\test\outputs\20260831_evidence_registry\20260831T163625\q2_validation.json,real_run_or_direct_audit
q2,/full_fit/half_range/quadraticT/beta/3,-1.2798937394608563,C:\Users\aaa\Desktop\test\outputs\20260831_evidence_registry\20260831T163625\q2_validation.json,real_run_or_direct_audit
q2,/full_fit/half_range/quadraticT/beta/4,0.5139184551457874,C:\Users\aaa\Desktop\test\outputs\20260831_evidence_registry\20260831T163625\q2_validation.json,real_run_or_direct_audit
q2,/full_fit/half_range/quadraticT/smear,1.0210352245411258,C:\Users\aaa\Desktop\test\outputs\20260831_evidence_registry\20260831T163625\q2_validation.json,real_run_or_direct_audit
q2,/full_fit/half_range/interactions/n,1067,C:\Users\aaa\Desktop\test\outputs\20260831_evidence_registry\20260831T163625\q2_validation.json,real_run_or_direct_audit
q2,/full_fit/half_range/interactions/MAPE,0.12955855253200885,C:\Users\aaa\Desktop\test\outputs\20260831_evidence_registry\20260831T163625\q2_validation.json,real_run_or_direct_audit
q2,/full_fit/half_range/interactions/MdAPE,0.10261491194207749,C:\Users\aaa\Desktop\test\outputs\20260831_evidence_registry\20260831T163625\q2_validation.json,real_run_or_direct_audit
q2,/full_fit/half_range/interactions/RMSE_log,0.1672790724925979,C:\Users\aaa\Desktop\test\outputs\20260831_evidence_registry\20260831T163625\q2_validation.json,real_run_or_direct_audit
q2,/full_fit/half_range/interactions/NRMSE_mean,0.2115685717041932,C:\Users\aaa\Desktop\test\outputs\20260831_evidence_registry\20260831T163625\q2_validation.json,real_run_or_direct_audit
q2,/full_fit/half_range/interactions/beta/0,10.391489311466811,C:\Users\aaa\Desktop\test\outputs\20260831_evidence_registry\20260831T163625\q2_validation.json,real_run_or_direct_audit
q2,/full_fit/half_range/interactions/beta/1,1.2883125795981227,C:\Users\aaa\Desktop\test\outputs\20260831_evidence_registry\20260831T163625\q2_validation.json,real_run_or_direct_audit
q2,/full_fit/half_range/interactions/beta/2,2.4623697528518718,C:\Users\aaa\Desktop\test\outputs\20260831_evidence_registry\20260831T163625\q2_validation.json,real_run_or_direct_audit
q2,/full_fit/half_range/interactions/beta/3,-0.7700577410551296,C:\Users\aaa\Desktop\test\outputs\20260831_evidence_registry\20260831T163625\q2_validation.json,real_run_or_direct_audit
q2,/full_fit/half_range/interactions/beta/4,0.6703028216398565,C:\Users\aaa\Desktop\test\outputs\20260831_evidence_registry\20260831T163625\q2_validation.json,real_run_or_direct_audit
q2,/full_fit/half_range/interactions/beta/5,0.12006179769101091,C:\Users\aaa\Desktop\test\outputs\20260831_evidence_registry\20260831T163625\q2_validation.json,real_run_or_direct_audit
q2,/full_fit/half_range/interactions/smear,1.014700789599753,C:\Users\aaa\Desktop\test\outputs\20260831_evidence_registry\20260831T163625\q2_validation.json,real_run_or_direct_audit
q2,/full_fit/max_abs/SE/n,1067,C:\Users\aaa\Desktop\test\outputs\20260831_evidence_registry\20260831T163625\q2_validation.json,real_run_or_direct_audit
q2,/full_fit/max_abs/SE/MAPE,0.3236333748027099,C:\Users\aaa\Desktop\test\outputs\20260831_evidence_registry\20260831T163625\q2_validation.json,real_run_or_direct_audit
q2,/full_fit/max_abs/SE/MdAPE,0.25431298652560386,C:\Users\aaa\Desktop\test\outputs\20260831_evidence_registry\20260831T163625\q2_validation.json,real_run_or_direct_audit
q2,/full_fit/max_abs/SE/RMSE_log,0.3592599696083026,C:\Users\aaa\Desktop\test\outputs\20260831_evidence_registry\20260831T163625\q2_validation.json,real_run_or_direct_audit
q2,/full_fit/max_abs/SE/NRMSE_mean,0.41000122882754975,C:\Users\aaa\Desktop\test\outputs\20260831_evidence_registry\20260831T163625\q2_validation.json,real_run_or_direct_audit
q2,/full_fit/max_abs/SE/beta/0,-1.7382015337802514,C:\Users\aaa\Desktop\test\outputs\20260831_evidence_registry\20260831T163625\q2_validation.json,real_run_or_direct_audit
q2,/full_fit/max_abs/SE/beta/1,1.6101146541002496,C:\Users\aaa\Desktop\test\outputs\20260831_evidence_registry\20260831T163625\q2_validation.json,real_run_or_direct_audit
q2,/full_fit/max_abs/SE/beta/2,2.497115101680507,C:\Users\aaa\Desktop\test\outputs\20260831_evidence_registry\20260831T163625\q2_validation.json,real_run_or_direct_audit
q2,/full_fit/max_abs/SE/smear,1.0652694663982007,C:\Users\aaa\Desktop\test\outputs\20260831_evidence_registry\20260831T163625\q2_validation.json,real_run_or_direct_audit
q2,/full_fit/max_abs/linearT/n,1067,C:\Users\aaa\Desktop\test\outputs\20260831_evidence_registry\20260831T163625\q2_validation.json,real_run_or_direct_audit
q2,/full_fit/max_abs/linearT/MAPE,0.16822081936123787,C:\Users\aaa\Desktop\test\outputs\20260831_evidence_registry\20260831T163625\q2_validation.json,real_run_or_direct_audit
q2,/full_fit/max_abs/linearT/MdAPE,0.14470360462341697,C:\Users\aaa\Desktop\test\outputs\20260831_evidence_registry\20260831T163625\q2_validation.json,real_run_or_direct_audit
q2,/full_fit/max_abs/linearT/RMSE_log,0.2078037986665121,C:\Users\aaa\Desktop\test\outputs\20260831_evidence_registry\20260831T163625\q2_validation.json,real_run_or_direct_audit
q2,/full_fit/max_abs/linearT/NRMSE_mean,0.25721485301982266,C:\Users\aaa\Desktop\test\outputs\20260831_evidence_registry\20260831T163625\q2_validation.json,real_run_or_direct_audit
q2,/full_fit/max_abs/linearT/beta/0,-1.7221040356401636,C:\Users\aaa\Desktop\test\outputs\20260831_evidence_registry\20260831T163625\q2_validation.json,real_run_or_direct_audit
q2,/full_fit/max_abs/linearT/beta/1,1.647744671760746,C:\Users\aaa\Desktop\test\outputs\20260831_evidence_registry\20260831T163625\q2_validation.json,real_run_or_direct_audit
q2,/full_fit/max_abs/linearT/beta/2,2.516413363154616,C:\Users\aaa\Desktop\test\outputs\20260831_evidence_registry\20260831T163625\q2_validation.json,real_run_or_direct_audit
q2,/full_fit/max_abs/linearT/beta/3,-0.7696042857184072,C:\Users\aaa\Desktop\test\outputs\20260831_evidence_registry\20260831T163625\q2_validation.json,real_run_or_direct_audit
q2,/full_fit/max_abs/linearT/smear,1.022989354698256,C:\Users\aaa\Desktop\test\outputs\20260831_evidence_registry\20260831T163625\q2_validation.json,real_run_or_direct_audit
q2,/full_fit/max_abs/quadraticT/n,1067,C:\Users\aaa\Desktop\test\outputs\20260831_evidence_registry\20260831T163625\q2_validation.json,real_run_or_direct_audit
q2,/full_fit/max_abs/quadraticT/MAPE,0.15998440973292347,C:\Users\aaa\Desktop\test\outputs\20260831_evidence_registry\20260831T163625\q2_validation.json,real_run_or_direct_audit
q2,/full_fit/max_abs/quadraticT/MdAPE,0.142161770848902,C:\Users\aaa\Desktop\test\outputs\20260831_evidence_registry\20260831T163625\q2_validation.json,real_run_or_direct_audit
q2,/full_fit/max_abs/quadraticT/RMSE_log,0.1994464584403214,C:\Users\aaa\Desktop\test\outputs\20260831_evidence_registry\20260831T163625\q2_validation.json,real_run_or_direct_audit
q2,/full_fit/max_abs/quadraticT/NRMSE_mean,0.2672636820394527,C:\Users\aaa\Desktop\test\outputs\20260831_evidence_registry\20260831T163625\q2_validation.json,real_run_or_direct_audit
q2,/full_fit/max_abs/quadraticT/beta/0,-1.6582273236854255,C:\Users\aaa\Desktop\test\outputs\20260831_evidence_registry\20260831T163625\q2_validation.json,real_run_or_direct_audit
q2,/full_fit/max_abs/quadraticT/beta/1,1.6462494655220414,C:\Users\aaa\Desktop\test\outputs\20260831_evidence_registry\20260831T163625\q2_validation.json,real_run_or_direct_audit
q2,/full_fit/max_abs/quadraticT/beta/2,2.513850062682882,C:\Users\aaa\Desktop\test\outputs\20260831_evidence_registry\20260831T163625\q2_validation.json,real_run_or_direct_audit
q2,/full_fit/max_abs/quadraticT/beta/3,-1.276649961440083,C:\Users\aaa\Desktop\test\outputs\20260831_evidence_registry\20260831T163625\q2_validation.json,real_run_or_direct_audit
q2,/full_fit/max_abs/quadraticT/beta/4,0.5117595606149196,C:\Users\aaa\Desktop\test\outputs\20260831_evidence_registry\20260831T163625\q2_validation.json,real_run_or_direct_audit
q2,/full_fit/max_abs/quadraticT/smear,1.0208733624951978,C:\Users\aaa\Desktop\test\outputs\20260831_evidence_registry\20260831T163625\q2_validation.json,real_run_or_direct_audit
q2,/full_fit/max_abs/interactions/n,1067,C:\Users\aaa\Desktop\test\outputs\20260831_evidence_registry\20260831T163625\q2_validation.json,real_run_or_direct_audit
q2,/full_fit/max_abs/interactions/MAPE,0.1292426714661685,C:\Users\aaa\Desktop\test\outputs\20260831_evidence_registry\20260831T163625\q2_validation.json,real_run_or_direct_audit
q2,/full_fit/max_abs/interactions/MdAPE,0.10205442513371356,C:\Users\aaa\Desktop\test\outputs\20260831_evidence_registry\20260831T163625\q2_validation.json,real_run_or_direct_audit
q2,/full_fit/max_abs/interactions/RMSE_log,0.16646678195885783,C:\Users\aaa\Desktop\test\outputs\20260831_evidence_registry\20260831T163625\q2_validation.json,real_run_or_direct_audit
q2,/full_fit/max_abs/interactions/NRMSE_mean,0.21170218530581716,C:\Users\aaa\Desktop\test\outputs\20260831_evidence_registry\20260831T163625\q2_validation.json,real_run_or_direct_audit
q2,/full_fit/max_abs/interactions/beta/0,10.390934817068427,C:\Users\aaa\Desktop\test\outputs\20260831_evidence_registry\20260831T163625\q2_validation.json,real_run_or_direct_audit
q2,/full_fit/max_abs/interactions/beta/1,1.2906993237531132,C:\Users\aaa\Desktop\test\outputs\20260831_evidence_registry\20260831T163625\q2_validation.json,real_run_or_direct_audit
q2,/full_fit/max_abs/interactions/beta/2,2.4571470438431335,C:\Users\aaa\Desktop\test\outputs\20260831_evidence_registry\20260831T163625\q2_validation.json,real_run_or_direct_audit
q2,/full_fit/max_abs/interactions/beta/3,-0.768983779608784,C:\Users\aaa\Desktop\test\outputs\20260831_evidence_registry\20260831T163625\q2_validation.json,real_run_or_direct_audit
q2,/full_fit/max_abs/interactions/beta/4,0.6696482684851592,C:\Users\aaa\Desktop\test\outputs\20260831_evidence_registry\20260831T163625\q2_validation.json,real_run_or_direct_audit
q2,/full_fit/max_abs/interactions/beta/5,0.1207422776004761,C:\Users\aaa\Desktop\test\outputs\20260831_evidence_registry\20260831T163625\q2_validation.json,real_run_or_direct_audit
q2,/full_fit/max_abs/interactions/smear,1.0145477781944547,C:\Users\aaa\Desktop\test\outputs\20260831_evidence_registry\20260831T163625\q2_validation.json,real_run_or_direct_audit
q2,/linear_temperature_inference/beta/0,-1.6783021085242245,C:\Users\aaa\Desktop\test\outputs\20260831_evidence_registry\20260831T163625\q2_validation.json,real_run_or_direct_audit
q2,/linear_temperature_inference/beta/1,1.6457228100820704,C:\Users\aaa\Desktop\test\outputs\20260831_evidence_registry\20260831T163625\q2_validation.json,real_run_or_direct_audit
q2,/linear_temperature_inference/beta/2,2.521272706736199,C:\Users\aaa\Desktop\test\outputs\20260831_evidence_registry\20260831T163625\q2_validation.json,real_run_or_direct_audit
q2,/linear_temperature_inference/beta/3,-0.7707091965360928,C:\Users\aaa\Desktop\test\outputs\20260831_evidence_registry\20260831T163625\q2_validation.json,real_run_or_direct_audit
q2,/linear_temperature_inference/gamma_per_C,-0.011857064562093735,C:\Users\aaa\Desktop\test\outputs\20260831_evidence_registry\20260831T163625\q2_validation.json,real_run_or_direct_audit
q2,/linear_temperature_inference/factor_90_vs_25,0.4626848174579582,C:\Users\aaa\Desktop\test\outputs\20260831_evidence_registry\20260831T163625\q2_validation.json,real_run_or_direct_audit
q2,/linear_temperature_inference/HC3_95CI_gamma_per_C/0,-0.012411077575998686,C:\Users\aaa\Desktop\test\outputs\20260831_evidence_registry\20260831T163625\q2_validation.json,real_run_or_direct_audit
q2,/linear_temperature_inference/HC3_95CI_gamma_per_C/1,-0.011303051548188786,C:\Users\aaa\Desktop\test\outputs\20260831_evidence_registry\20260831T163625\q2_validation.json,real_run_or_direct_audit
q2,/linear_temperature_inference/frequency_cluster_95CI_gamma_per_C/0,-0.013970968194416636,C:\Users\aaa\Desktop\test\outputs\20260831_evidence_registry\20260831T163625\q2_validation.json,real_run_or_direct_audit
q2,/linear_temperature_inference/frequency_cluster_95CI_gamma_per_C/1,-0.009743160929770836,C:\Users\aaa\Desktop\test\outputs\20260831_evidence_registry\20260831T163625\q2_validation.json,real_run_or_direct_audit
q2,/linear_temperature_inference/frequency_cluster_count,35,C:\Users\aaa\Desktop\test\outputs\20260831_evidence_registry\20260831T163625\q2_validation.json,real_run_or_direct_audit
q2,/sensitivity_gamma_per_C/max_abs_Bm,-0.011840065934129342,C:\Users\aaa\Desktop\test\outputs\20260831_evidence_registry\20260831T163625\q2_validation.json,real_run_or_direct_audit
q2,/sensitivity_gamma_per_C/trim_largest_1pct_log_residuals,-0.012237436449354658,C:\Users\aaa\Desktop\test\outputs\20260831_evidence_registry\20260831T163625\q2_validation.json,real_run_or_direct_audit
q2,/sensitivity_gamma_per_C/Huber,-0.012390690008380221,C:\Users\aaa\Desktop\test\outputs\20260831_evidence_registry\20260831T163625\q2_validation.json,real_run_or_direct_audit
q2,/categorical_temperature_factors_vs_25/50,0.6546418759959844,C:\Users\aaa\Desktop\test\outputs\20260831_evidence_registry\20260831T163625\q2_validation.json,real_run_or_direct_audit
q2,/categorical_temperature_factors_vs_25/70,0.5299635618746825,C:\Users\aaa\Desktop\test\outputs\20260831_evidence_registry\20260831T163625\q2_validation.json,real_run_or_direct_audit
q2,/categorical_temperature_factors_vs_25/90,0.4631978485877376,C:\Users\aaa\Desktop\test\outputs\20260831_evidence_registry\20260831T163625\q2_validation.json,real_run_or_direct_audit
q3,/raw_total_rows,12400,C:\Users\aaa\Desktop\test\outputs\20260831_evidence_registry\20260831T163625\q3_data_design_audit.json,real_run_or_direct_audit
q3,/clean_total_rows,12399,C:\Users\aaa\Desktop\test\outputs\20260831_evidence_registry\20260831T163625\q3_data_design_audit.json,real_run_or_direct_audit
q3,/duplicate_rows/0/row,908,C:\Users\aaa\Desktop\test\outputs\20260831_evidence_registry\20260831T163625\q3_data_design_audit.json,real_run_or_direct_audit
q3,/duplicate_rows/0/duplicates_row,432,C:\Users\aaa\Desktop\test\outputs\20260831_evidence_registry\20260831T163625\q3_data_design_audit.json,real_run_or_direct_audit
q3,/temperatures/0,25,C:\Users\aaa\Desktop\test\outputs\20260831_evidence_registry\20260831T163625\q3_data_design_audit.json,real_run_or_direct_audit
q3,/temperatures/1,50,C:\Users\aaa\Desktop\test\outputs\20260831_evidence_registry\20260831T163625\q3_data_design_audit.json,real_run_or_direct_audit
q3,/temperatures/2,70,C:\Users\aaa\Desktop\test\outputs\20260831_evidence_registry\20260831T163625\q3_data_design_audit.json,real_run_or_direct_audit
q3,/temperatures/3,90,C:\Users\aaa\Desktop\test\outputs\20260831_evidence_registry\20260831T163625\q3_data_design_audit.json,real_run_or_direct_audit
q3,/expected_factor_cells,48,C:\Users\aaa\Desktop\test\outputs\20260831_evidence_registry\20260831T163625\q3_data_design_audit.json,real_run_or_direct_audit
q3,/observed_factor_cells_raw,48,C:\Users\aaa\Desktop\test\outputs\20260831_evidence_registry\20260831T163625\q3_data_design_audit.json,real_run_or_direct_audit
q3,/raw_cell_count_minmax/0,63,C:\Users\aaa\Desktop\test\outputs\20260831_evidence_registry\20260831T163625\q3_data_design_audit.json,real_run_or_direct_audit
q3,/raw_cell_count_minmax/1,445,C:\Users\aaa\Desktop\test\outputs\20260831_evidence_registry\20260831T163625\q3_data_design_audit.json,real_run_or_direct_audit
q3,/clean_cell_count_minmax/0,63,C:\Users\aaa\Desktop\test\outputs\20260831_evidence_registry\20260831T163625\q3_data_design_audit.json,real_run_or_direct_audit
q3,/clean_cell_count_minmax/1,445,C:\Users\aaa\Desktop\test\outputs\20260831_evidence_registry\20260831T163625\q3_data_design_audit.json,real_run_or_direct_audit
q3,/raw_cell_counts/材料1|25|三角波,370,C:\Users\aaa\Desktop\test\outputs\20260831_evidence_registry\20260831T163625\q3_data_design_audit.json,real_run_or_direct_audit
q3,/raw_cell_counts/材料1|25|梯形波,220,C:\Users\aaa\Desktop\test\outputs\20260831_evidence_registry\20260831T163625\q3_data_design_audit.json,real_run_or_direct_audit
q3,/raw_cell_counts/材料1|25|正弦波,271,C:\Users\aaa\Desktop\test\outputs\20260831_evidence_registry\20260831T163625\q3_data_design_audit.json,real_run_or_direct_audit
q3,/raw_cell_counts/材料1|50|三角波,357,C:\Users\aaa\Desktop\test\outputs\20260831_evidence_registry\20260831T163625\q3_data_design_audit.json,real_run_or_direct_audit
q3,/raw_cell_counts/材料1|50|梯形波,232,C:\Users\aaa\Desktop\test\outputs\20260831_evidence_registry\20260831T163625\q3_data_design_audit.json,real_run_or_direct_audit
q3,/raw_cell_counts/材料1|50|正弦波,256,C:\Users\aaa\Desktop\test\outputs\20260831_evidence_registry\20260831T163625\q3_data_design_audit.json,real_run_or_direct_audit
q3,/raw_cell_counts/材料1|70|三角波,341,C:\Users\aaa\Desktop\test\outputs\20260831_evidence_registry\20260831T163625\q3_data_design_audit.json,real_run_or_direct_audit
q3,/raw_cell_counts/材料1|70|梯形波,237,C:\Users\aaa\Desktop\test\outputs\20260831_evidence_registry\20260831T163625\q3_data_design_audit.json,real_run_or_direct_audit
q3,/raw_cell_counts/材料1|70|正弦波,265,C:\Users\aaa\Desktop\test\outputs\20260831_evidence_registry\20260831T163625\q3_data_design_audit.json,real_run_or_direct_audit
q3,/raw_cell_counts/材料1|90|三角波,344,C:\Users\aaa\Desktop\test\outputs\20260831_evidence_registry\20260831T163625\q3_data_design_audit.json,real_run_or_direct_audit
q3,/raw_cell_counts/材料1|90|梯形波,232,C:\Users\aaa\Desktop\test\outputs\20260831_evidence_registry\20260831T163625\q3_data_design_audit.json,real_run_or_direct_audit
q3,/raw_cell_counts/材料1|90|正弦波,275,C:\Users\aaa\Desktop\test\outputs\20260831_evidence_registry\20260831T163625\q3_data_design_audit.json,real_run_or_direct_audit
q3,/raw_cell_counts/材料2|25|三角波,244,C:\Users\aaa\Desktop\test\outputs\20260831_evidence_registry\20260831T163625\q3_data_design_audit.json,real_run_or_direct_audit
q3,/raw_cell_counts/材料2|25|梯形波,216,C:\Users\aaa\Desktop\test\outputs\20260831_evidence_registry\20260831T163625\q3_data_design_audit.json,real_run_or_direct_audit
q3,/raw_cell_counts/材料2|25|正弦波,353,C:\Users\aaa\Desktop\test\outputs\20260831_evidence_registry\20260831T163625\q3_data_design_audit.json,real_run_or_direct_audit
q3,/raw_cell_counts/材料2|50|三角波,255,C:\Users\aaa\Desktop\test\outputs\20260831_evidence_registry\20260831T163625\q3_data_design_audit.json,real_run_or_direct_audit
q3,/raw_cell_counts/材料2|50|梯形波,224,C:\Users\aaa\Desktop\test\outputs\20260831_evidence_registry\20260831T163625\q3_data_design_audit.json,real_run_or_direct_audit
q3,/raw_cell_counts/材料2|50|正弦波,248,C:\Users\aaa\Desktop\test\outputs\20260831_evidence_registry\20260831T163625\q3_data_design_audit.json,real_run_or_direct_audit
q3,/raw_cell_counts/材料2|70|三角波,252,C:\Users\aaa\Desktop\test\outputs\20260831_evidence_registry\20260831T163625\q3_data_design_audit.json,real_run_or_direct_audit
q3,/raw_cell_counts/材料2|70|梯形波,233,C:\Users\aaa\Desktop\test\outputs\20260831_evidence_registry\20260831T163625\q3_data_design_audit.json,real_run_or_direct_audit
q3,/raw_cell_counts/材料2|70|正弦波,261,C:\Users\aaa\Desktop\test\outputs\20260831_evidence_registry\20260831T163625\q3_data_design_audit.json,real_run_or_direct_audit
q3,/raw_cell_counts/材料2|90|三角波,252,C:\Users\aaa\Desktop\test\outputs\20260831_evidence_registry\20260831T163625\q3_data_design_audit.json,real_run_or_direct_audit
q3,/raw_cell_counts/材料2|90|梯形波,227,C:\Users\aaa\Desktop\test\outputs\20260831_evidence_registry\20260831T163625\q3_data_design_audit.json,real_run_or_direct_audit
q3,/raw_cell_counts/材料2|90|正弦波,235,C:\Users\aaa\Desktop\test\outputs\20260831_evidence_registry\20260831T163625\q3_data_design_audit.json,real_run_or_direct_audit
q3,/raw_cell_counts/材料3|25|三角波,279,C:\Users\aaa\Desktop\test\outputs\20260831_evidence_registry\20260831T163625\q3_data_design_audit.json,real_run_or_direct_audit
q3,/raw_cell_counts/材料3|25|梯形波,277,C:\Users\aaa\Desktop\test\outputs\20260831_evidence_registry\20260831T163625\q3_data_design_audit.json,real_run_or_direct_audit
q3,/raw_cell_counts/材料3|25|正弦波,294,C:\Users\aaa\Desktop\test\outputs\20260831_evidence_registry\20260831T163625\q3_data_design_audit.json,real_run_or_direct_audit
q3,/raw_cell_counts/材料3|50|三角波,258,C:\Users\aaa\Desktop\test\outputs\20260831_evidence_registry\20260831T163625\q3_data_design_audit.json,real_run_or_direct_audit
q3,/raw_cell_counts/材料3|50|梯形波,279,C:\Users\aaa\Desktop\test\outputs\20260831_evidence_registry\20260831T163625\q3_data_design_audit.json,real_run_or_direct_audit
q3,/raw_cell_counts/材料3|50|正弦波,264,C:\Users\aaa\Desktop\test\outputs\20260831_evidence_registry\20260831T163625\q3_data_design_audit.json,real_run_or_direct_audit
q3,/raw_cell_counts/材料3|70|三角波,260,C:\Users\aaa\Desktop\test\outputs\20260831_evidence_registry\20260831T163625\q3_data_design_audit.json,real_run_or_direct_audit
q3,/raw_cell_counts/材料3|70|梯形波,277,C:\Users\aaa\Desktop\test\outputs\20260831_evidence_registry\20260831T163625\q3_data_design_audit.json,real_run_or_direct_audit
q3,/raw_cell_counts/材料3|70|正弦波,217,C:\Users\aaa\Desktop\test\outputs\20260831_evidence_registry\20260831T163625\q3_data_design_audit.json,real_run_or_direct_audit
q3,/raw_cell_counts/材料3|90|三角波,281,C:\Users\aaa\Desktop\test\outputs\20260831_evidence_registry\20260831T163625\q3_data_design_audit.json,real_run_or_direct_audit
q3,/raw_cell_counts/材料3|90|梯形波,279,C:\Users\aaa\Desktop\test\outputs\20260831_evidence_registry\20260831T163625\q3_data_design_audit.json,real_run_or_direct_audit
q3,/raw_cell_counts/材料3|90|正弦波,235,C:\Users\aaa\Desktop\test\outputs\20260831_evidence_registry\20260831T163625\q3_data_design_audit.json,real_run_or_direct_audit
q3,/raw_cell_counts/材料4|25|三角波,445,C:\Users\aaa\Desktop\test\outputs\20260831_evidence_registry\20260831T163625\q3_data_design_audit.json,real_run_or_direct_audit
q3,/raw_cell_counts/材料4|25|梯形波,63,C:\Users\aaa\Desktop\test\outputs\20260831_evidence_registry\20260831T163625\q3_data_design_audit.json,real_run_or_direct_audit
q3,/raw_cell_counts/材料4|25|正弦波,212,C:\Users\aaa\Desktop\test\outputs\20260831_evidence_registry\20260831T163625\q3_data_design_audit.json,real_run_or_direct_audit
q3,/raw_cell_counts/材料4|50|三角波,345,C:\Users\aaa\Desktop\test\outputs\20260831_evidence_registry\20260831T163625\q3_data_design_audit.json,real_run_or_direct_audit
q3,/raw_cell_counts/材料4|50|梯形波,121,C:\Users\aaa\Desktop\test\outputs\20260831_evidence_registry\20260831T163625\q3_data_design_audit.json,real_run_or_direct_audit
q3,/raw_cell_counts/材料4|50|正弦波,231,C:\Users\aaa\Desktop\test\outputs\20260831_evidence_registry\20260831T163625\q3_data_design_audit.json,real_run_or_direct_audit
q3,/raw_cell_counts/材料4|70|三角波,342,C:\Users\aaa\Desktop\test\outputs\20260831_evidence_registry\20260831T163625\q3_data_design_audit.json,real_run_or_direct_audit
q3,/raw_cell_counts/材料4|70|梯形波,124,C:\Users\aaa\Desktop\test\outputs\20260831_evidence_registry\20260831T163625\q3_data_design_audit.json,real_run_or_direct_audit
q3,/raw_cell_counts/材料4|70|正弦波,221,C:\Users\aaa\Desktop\test\outputs\20260831_evidence_registry\20260831T163625\q3_data_design_audit.json,real_run_or_direct_audit
q3,/raw_cell_counts/材料4|90|三角波,323,C:\Users\aaa\Desktop\test\outputs\20260831_evidence_registry\20260831T163625\q3_data_design_audit.json,real_run_or_direct_audit
q3,/raw_cell_counts/材料4|90|梯形波,157,C:\Users\aaa\Desktop\test\outputs\20260831_evidence_registry\20260831T163625\q3_data_design_audit.json,real_run_or_direct_audit
q3,/raw_cell_counts/材料4|90|正弦波,216,C:\Users\aaa\Desktop\test\outputs\20260831_evidence_registry\20260831T163625\q3_data_design_audit.json,real_run_or_direct_audit
q4_alignment,/attachment3_rows,400,C:\Users\aaa\Desktop\test\outputs\20260831_evidence_registry\20260831T163625\q4_alignment_audit.json,real_run_or_direct_audit
q4_alignment,/attachment4_rows,400,C:\Users\aaa\Desktop\test\outputs\20260831_evidence_registry\20260831T163625\q4_alignment_audit.json,real_run_or_direct_audit
q4_alignment,/attachment4_original_col2_nonblank,0,C:\Users\aaa\Desktop\test\outputs\20260831_evidence_registry\20260831T163625\q4_alignment_audit.json,real_run_or_direct_audit
q4_alignment,/attachment4_original_col3_nonblank,0,C:\Users\aaa\Desktop\test\outputs\20260831_evidence_registry\20260831T163625\q4_alignment_audit.json,real_run_or_direct_audit
q4_alignment,/q1_result_col2_nonblank,80,C:\Users\aaa\Desktop\test\outputs\20260831_evidence_registry\20260831T163625\q4_alignment_audit.json,real_run_or_direct_audit
q4_alignment,/q1_result_col3_nonblank,0,C:\Users\aaa\Desktop\test\outputs\20260831_evidence_registry\20260831T163625\q4_alignment_audit.json,real_run_or_direct_audit
q4_alignment,/sequence_formula_first5/0,1,C:\Users\aaa\Desktop\test\outputs\20260831_evidence_registry\20260831T163625\q4_alignment_audit.json,real_run_or_direct_audit
q4_alignment,/special_mapping/0/sample_id,16,C:\Users\aaa\Desktop\test\outputs\20260831_evidence_registry\20260831T163625\q4_alignment_audit.json,real_run_or_direct_audit
q4_alignment,/special_mapping/0/excel_row,17,C:\Users\aaa\Desktop\test\outputs\20260831_evidence_registry\20260831T163625\q4_alignment_audit.json,real_run_or_direct_audit
q4_alignment,/special_mapping/0/temperature,50,C:\Users\aaa\Desktop\test\outputs\20260831_evidence_registry\20260831T163625\q4_alignment_audit.json,real_run_or_direct_audit
q4_alignment,/special_mapping/0/frequency,199500,C:\Users\aaa\Desktop\test\outputs\20260831_evidence_registry\20260831T163625\q4_alignment_audit.json,real_run_or_direct_audit
q4_alignment,/special_mapping/1/sample_id,76,C:\Users\aaa\Desktop\test\outputs\20260831_evidence_registry\20260831T163625\q4_alignment_audit.json,real_run_or_direct_audit
q4_alignment,/special_mapping/1/excel_row,77,C:\Users\aaa\Desktop\test\outputs\20260831_evidence_registry\20260831T163625\q4_alignment_audit.json,real_run_or_direct_audit
q4_alignment,/special_mapping/1/temperature,25,C:\Users\aaa\Desktop\test\outputs\20260831_evidence_registry\20260831T163625\q4_alignment_audit.json,real_run_or_direct_audit
q4_alignment,/special_mapping/1/frequency,158750,C:\Users\aaa\Desktop\test\outputs\20260831_evidence_registry\20260831T163625\q4_alignment_audit.json,real_run_or_direct_audit
q4_alignment,/special_mapping/2/sample_id,98,C:\Users\aaa\Desktop\test\outputs\20260831_evidence_registry\20260831T163625\q4_alignment_audit.json,real_run_or_direct_audit
q4_alignment,/special_mapping/2/excel_row,99,C:\Users\aaa\Desktop\test\outputs\20260831_evidence_registry\20260831T163625\q4_alignment_audit.json,real_run_or_direct_audit
q4_alignment,/special_mapping/2/temperature,90,C:\Users\aaa\Desktop\test\outputs\20260831_evidence_registry\20260831T163625\q4_alignment_audit.json,real_run_or_direct_audit
q4_alignment,/special_mapping/2/frequency,112180,C:\Users\aaa\Desktop\test\outputs\20260831_evidence_registry\20260831T163625\q4_alignment_audit.json,real_run_or_direct_audit
q4_alignment,/special_mapping/3/sample_id,126,C:\Users\aaa\Desktop\test\outputs\20260831_evidence_registry\20260831T163625\q4_alignment_audit.json,real_run_or_direct_audit
q4_alignment,/special_mapping/3/excel_row,127,C:\Users\aaa\Desktop\test\outputs\20260831_evidence_registry\20260831T163625\q4_alignment_audit.json,real_run_or_direct_audit
q4_alignment,/special_mapping/3/temperature,70,C:\Users\aaa\Desktop\test\outputs\20260831_evidence_registry\20260831T163625\q4_alignment_audit.json,real_run_or_direct_audit
q4_alignment,/special_mapping/3/frequency,158510,C:\Users\aaa\Desktop\test\outputs\20260831_evidence_registry\20260831T163625\q4_alignment_audit.json,real_run_or_direct_audit
q4_alignment,/special_mapping/4/sample_id,168,C:\Users\aaa\Desktop\test\outputs\20260831_evidence_registry\20260831T163625\q4_alignment_audit.json,real_run_or_direct_audit
q4_alignment,/special_mapping/4/excel_row,169,C:\Users\aaa\Desktop\test\outputs\20260831_evidence_registry\20260831T163625\q4_alignment_audit.json,real_run_or_direct_audit
q4_alignment,/special_mapping/4/temperature,25,C:\Users\aaa\Desktop\test\outputs\20260831_evidence_registry\20260831T163625\q4_alignment_audit.json,real_run_or_direct_audit
q4_alignment,/special_mapping/4/frequency,396820,C:\Users\aaa\Desktop\test\outputs\20260831_evidence_registry\20260831T163625\q4_alignment_audit.json,real_run_or_direct_audit
q4_alignment,/special_mapping/5/sample_id,230,C:\Users\aaa\Desktop\test\outputs\20260831_evidence_registry\20260831T163625\q4_alignment_audit.json,real_run_or_direct_audit
q4_alignment,/special_mapping/5/excel_row,231,C:\Users\aaa\Desktop\test\outputs\20260831_evidence_registry\20260831T163625\q4_alignment_audit.json,real_run_or_direct_audit
q4_alignment,/special_mapping/5/temperature,25,C:\Users\aaa\Desktop\test\outputs\20260831_evidence_registry\20260831T163625\q4_alignment_audit.json,real_run_or_direct_audit
q4_alignment,/special_mapping/5/frequency,50020,C:\Users\aaa\Desktop\test\outputs\20260831_evidence_registry\20260831T163625\q4_alignment_audit.json,real_run_or_direct_audit
q4_alignment,/special_mapping/6/sample_id,271,C:\Users\aaa\Desktop\test\outputs\20260831_evidence_registry\20260831T163625\q4_alignment_audit.json,real_run_or_direct_audit
q4_alignment,/special_mapping/6/excel_row,272,C:\Users\aaa\Desktop\test\outputs\20260831_evidence_registry\20260831T163625\q4_alignment_audit.json,real_run_or_direct_audit
q4_alignment,/special_mapping/6/temperature,90,C:\Users\aaa\Desktop\test\outputs\20260831_evidence_registry\20260831T163625\q4_alignment_audit.json,real_run_or_direct_audit
q4_alignment,/special_mapping/6/frequency,125890,C:\Users\aaa\Desktop\test\outputs\20260831_evidence_registry\20260831T163625\q4_alignment_audit.json,real_run_or_direct_audit
q4_alignment,/special_mapping/7/sample_id,338,C:\Users\aaa\Desktop\test\outputs\20260831_evidence_registry\20260831T163625\q4_alignment_audit.json,real_run_or_direct_audit
q4_alignment,/special_mapping/7/excel_row,339,C:\Users\aaa\Desktop\test\outputs\20260831_evidence_registry\20260831T163625\q4_alignment_audit.json,real_run_or_direct_audit
q4_alignment,/special_mapping/7/temperature,25,C:\Users\aaa\Desktop\test\outputs\20260831_evidence_registry\20260831T163625\q4_alignment_audit.json,real_run_or_direct_audit
q4_alignment,/special_mapping/7/frequency,70780,C:\Users\aaa\Desktop\test\outputs\20260831_evidence_registry\20260831T163625\q4_alignment_audit.json,real_run_or_direct_audit
q4_alignment,/special_mapping/8/sample_id,348,C:\Users\aaa\Desktop\test\outputs\20260831_evidence_registry\20260831T163625\q4_alignment_audit.json,real_run_or_direct_audit
q4_alignment,/special_mapping/8/excel_row,349,C:\Users\aaa\Desktop\test\outputs\20260831_evidence_registry\20260831T163625\q4_alignment_audit.json,real_run_or_direct_audit
q4_alignment,/special_mapping/8/temperature,50,C:\Users\aaa\Desktop\test\outputs\20260831_evidence_registry\20260831T163625\q4_alignment_audit.json,real_run_or_direct_audit
q4_alignment,/special_mapping/8/frequency,89200,C:\Users\aaa\Desktop\test\outputs\20260831_evidence_registry\20260831T163625\q4_alignment_audit.json,real_run_or_direct_audit
q4_alignment,/special_mapping/9/sample_id,379,C:\Users\aaa\Desktop\test\outputs\20260831_evidence_registry\20260831T163625\q4_alignment_audit.json,real_run_or_direct_audit
q4_alignment,/special_mapping/9/excel_row,380,C:\Users\aaa\Desktop\test\outputs\20260831_evidence_registry\20260831T163625\q4_alignment_audit.json,real_run_or_direct_audit
q4_alignment,/special_mapping/9/temperature,50,C:\Users\aaa\Desktop\test\outputs\20260831_evidence_registry\20260831T163625\q4_alignment_audit.json,real_run_or_direct_audit
q4_alignment,/special_mapping/9/frequency,89210,C:\Users\aaa\Desktop\test\outputs\20260831_evidence_registry\20260831T163625\q4_alignment_audit.json,real_run_or_direct_audit
